# Blender 4.4.1
# www.blender.org
mtllib ground.mtl
o 平面.005
v -37.000000 -1.059767 37.000000
v 37.000000 -1.059767 37.000000
v -37.000000 -1.059767 -37.000000
v 37.000000 -1.059767 -37.000000
v -37.000000 -1.059767 -34.757576
v -37.000000 -1.059767 -32.515152
v -37.000000 -1.059767 -30.272728
v -37.000000 -1.059767 -28.030302
v -37.000000 -1.059767 -25.787878
v -37.000000 -1.059767 -23.545454
v -37.000000 -1.059767 -21.303030
v -37.000000 -1.059767 -19.060606
v -37.000000 -1.059767 -16.818182
v -37.000000 -1.059767 -14.575757
v -37.000000 -1.059767 -12.333333
v -37.000000 -1.059767 -10.090908
v -37.000000 -1.059767 -7.848484
v -37.000000 -1.059767 -5.606060
v -37.000000 -1.059767 -3.363635
v -37.000000 -1.059767 -1.121211
v -37.000000 -1.059767 1.121213
v -37.000000 -1.059767 3.363637
v -37.000000 -1.059767 5.606061
v -37.000000 -1.059767 7.848485
v -37.000000 -1.059767 10.090909
v -37.000000 -1.059767 12.333334
v -37.000000 -1.059767 14.575758
v -37.000000 -1.059767 16.818182
v -37.000000 -1.059767 19.060606
v -37.000000 -1.059767 21.303030
v -37.000000 -1.059767 23.545454
v -37.000000 -1.059767 25.787878
v -37.000000 -1.059767 28.030302
v -37.000000 -1.059767 30.272728
v -37.000000 -1.059767 32.515152
v -37.000000 -1.059767 34.757576
v 37.000000 -1.059767 34.757576
v 37.000000 -1.059767 32.515152
v 37.000000 -1.059767 30.272728
v 37.000000 -1.059767 28.030302
v 37.000000 -1.059767 25.787878
v 37.000000 -1.059767 23.545454
v 37.000000 -1.059767 21.303030
v 37.000000 -1.059767 19.060606
v 37.000000 -1.059767 16.818182
v 37.000000 -1.059767 14.575757
v 37.000000 -1.059767 12.333333
v 37.000000 -1.059767 10.090908
v 37.000000 -1.059767 7.848484
v 37.000000 -1.059767 5.606060
v 37.000000 -1.059767 3.363635
v 37.000000 -1.059767 1.121211
v 37.000000 -1.059767 -1.121213
v 37.000000 -1.059767 -3.363637
v 37.000000 -1.059767 -5.606061
v 37.000000 -1.059767 -7.848485
v 37.000000 -1.059767 -10.090909
v 37.000000 -1.059767 -12.333334
v 37.000000 -1.059767 -14.575758
v 37.000000 -1.059767 -16.818182
v 37.000000 -1.059767 -19.060606
v 37.000000 -1.059767 -21.303030
v 37.000000 -1.059767 -23.545454
v 37.000000 -1.059767 -25.787878
v 37.000000 -1.059767 -28.030302
v 37.000000 -1.059767 -30.272728
v 37.000000 -1.059767 -32.515152
v 37.000000 -1.059767 -34.757576
v -34.757576 -1.059767 37.000000
v -32.515152 -1.059767 37.000000
v -30.272728 -1.059767 37.000000
v -28.030302 -1.059767 37.000000
v -25.787878 -1.059767 37.000000
v -23.545454 -1.059767 37.000000
v -21.303030 -1.059767 37.000000
v -19.060606 -1.059767 37.000000
v -16.818182 -1.059767 37.000000
v -14.575757 -1.059767 37.000000
v -12.333333 -1.059767 37.000000
v -10.090908 -1.059767 37.000000
v -7.848484 -1.059767 37.000000
v -5.606060 -1.059767 37.000000
v -3.363635 -1.059767 37.000000
v -1.121211 -1.059767 37.000000
v 1.121213 -1.059767 37.000000
v 3.363637 -1.059767 37.000000
v 5.606061 -1.059767 37.000000
v 7.848485 -1.059767 37.000000
v 10.090909 -1.059767 37.000000
v 12.333334 -1.059767 37.000000
v 14.575758 -1.059767 37.000000
v 16.818182 -1.059767 37.000000
v 19.060606 -1.059767 37.000000
v 21.303030 -1.059767 37.000000
v 23.545454 -1.059767 37.000000
v 25.787878 -1.059767 37.000000
v 28.030302 -1.059767 37.000000
v 30.272728 -1.059767 37.000000
v 32.515152 -1.059767 37.000000
v 34.757576 -1.059767 37.000000
v 34.757576 -1.059767 -37.000000
v 32.515152 -1.059767 -37.000000
v 30.272728 -1.059767 -37.000000
v 28.030302 -1.059767 -37.000000
v 25.787878 -1.059767 -37.000000
v 23.545454 -1.059767 -37.000000
v 21.303030 -1.059767 -37.000000
v 19.060606 -1.059767 -37.000000
v 16.818182 -1.059767 -37.000000
v 14.575757 -1.059767 -37.000000
v 12.333333 -1.059767 -37.000000
v 10.090908 -1.059767 -37.000000
v 7.848484 -1.059767 -37.000000
v 5.606060 -1.059767 -37.000000
v 3.363635 -1.059767 -37.000000
v 1.121211 -1.059767 -37.000000
v -1.121213 -1.059767 -37.000000
v -3.363637 -1.059767 -37.000000
v -5.606061 -1.059767 -37.000000
v -7.848485 -1.059767 -37.000000
v -10.090909 -1.059767 -37.000000
v -12.333334 -1.059767 -37.000000
v -14.575758 -1.059767 -37.000000
v -16.818182 -1.059767 -37.000000
v -19.060606 -1.059767 -37.000000
v -21.303030 -1.059767 -37.000000
v -23.545454 -1.059767 -37.000000
v -25.787878 -1.059767 -37.000000
v -28.030302 -1.059767 -37.000000
v -30.272728 -1.059767 -37.000000
v -32.515152 -1.059767 -37.000000
v -34.757576 -1.059767 -37.000000
v 34.757576 -1.059767 34.757576
v 32.515152 -1.059767 34.757576
v 30.272728 -1.059767 34.757576
v 28.030302 -1.059767 34.757576
v 25.787878 -1.059767 34.757576
v 23.545454 -1.059767 34.757576
v 21.303030 -1.059767 34.757576
v 19.060606 -1.059767 34.757576
v 16.818182 -1.059767 34.757576
v 14.575757 -1.059767 34.757576
v 12.333333 -1.059767 34.757576
v 10.090908 -1.059767 34.757576
v 7.848484 -1.059767 34.757576
v 5.606060 -1.059767 34.757576
v 3.363635 -1.059767 34.757576
v 1.121211 -1.059767 34.757576
v -1.121213 -1.059767 34.757576
v -3.363637 -1.059767 34.757576
v -5.606061 -1.059767 34.757576
v -7.848485 -1.059767 34.757576
v -10.090909 -1.059767 34.757576
v -12.333334 -1.059767 34.757576
v -14.575758 -1.059767 34.757576
v -16.818182 -1.059767 34.757576
v -19.060606 -1.059767 34.757576
v -21.303030 -1.059767 34.757576
v -23.545454 -1.059767 34.757576
v -25.787878 -1.059767 34.757576
v -28.030302 -1.059767 34.757576
v -30.272728 -1.059767 34.757576
v -32.515152 -1.059767 34.757576
v -34.757576 -1.059767 34.757576
v 34.757576 -1.059767 32.515152
v 32.515152 -1.059767 32.515152
v 30.272728 -1.059767 32.515152
v 28.030302 -1.059767 32.515152
v 25.787878 -1.059767 32.515152
v 23.545454 -1.059767 32.515152
v 21.303030 -1.059767 32.515152
v 19.060606 -1.059767 32.515152
v 16.818182 -1.059767 32.515152
v 14.575757 -1.059767 32.515152
v 12.333333 -1.059767 32.515152
v 10.090908 -1.059767 32.515152
v 7.848484 -1.059767 32.515152
v 5.606060 -1.059767 32.515152
v 3.363635 -1.059767 32.515152
v 1.121211 -1.059767 32.515152
v -1.121213 -1.059767 32.515152
v -3.363637 -1.059767 32.515152
v -5.606061 -1.059767 32.515152
v -7.848485 -1.059767 32.515152
v -10.090909 -1.059767 32.515152
v -12.333334 -1.059767 32.515152
v -14.575758 -1.059767 32.515152
v -16.818182 -1.059767 32.515152
v -19.060606 -1.059767 32.515152
v -21.303030 -1.059767 32.515152
v -23.545454 -1.059767 32.515152
v -25.787878 -1.059767 32.515152
v -28.030302 -1.059767 32.515152
v -30.272728 -1.059767 32.515152
v -32.515152 -1.059767 32.515152
v -34.757576 -1.059767 32.515152
v 34.757576 -1.059767 30.272728
v 32.515152 -1.059767 30.272728
v 30.272728 -1.059767 30.272728
v 28.030302 -1.059767 30.272728
v 25.787878 -1.059767 30.272728
v 23.545454 -1.059767 30.272728
v 21.303030 -1.059767 30.272728
v 19.060606 -1.059767 30.272728
v 16.818182 -1.059767 30.272728
v 14.575757 -1.059767 30.272728
v 12.333333 -1.059767 30.272728
v 10.090908 -1.059767 30.272728
v 7.848484 -1.059767 30.272728
v 5.606060 -1.059767 30.272728
v 3.363635 -1.059767 30.272728
v 1.121211 -1.059767 30.272728
v -1.121213 -1.059767 30.272728
v -3.363637 -1.059767 30.272728
v -5.606061 -1.059767 30.272728
v -7.848485 -1.059767 30.272728
v -10.090909 -1.059767 30.272728
v -12.333334 -1.059767 30.272728
v -14.575758 -1.059767 30.272728
v -16.818182 -1.059767 30.272728
v -19.060606 -1.059767 30.272728
v -21.303030 -1.059767 30.272728
v -23.545454 -1.059767 30.272728
v -25.787878 -1.059767 30.272728
v -28.030302 -1.059767 30.272728
v -30.272728 -1.059767 30.272728
v -32.515152 -1.059767 30.272728
v -34.757576 -1.059767 30.272728
v 34.757576 -1.059767 28.030302
v 32.515152 -1.059767 28.030302
v 30.272728 -1.059767 28.030302
v 28.030302 -1.059767 28.030302
v 25.787878 -1.059767 28.030302
v 23.545454 -1.059767 28.030302
v 21.303030 -1.059767 28.030302
v 19.060606 -1.059767 28.030302
v 16.818182 -1.059767 28.030302
v 14.575757 -1.059767 28.030302
v 12.333333 -1.059767 28.030302
v 10.090908 -1.059767 28.030302
v 7.848484 -1.059767 28.030302
v 5.606060 -1.059767 28.030302
v 3.363635 -1.059767 28.030302
v 1.121211 -1.059767 28.030302
v -1.121213 -1.059767 28.030302
v -3.363637 -1.059767 28.030302
v -5.606061 -1.059767 28.030302
v -7.848485 -1.059767 28.030302
v -10.090909 -1.059767 28.030302
v -12.333334 -1.059767 28.030302
v -14.575758 -1.059767 28.030302
v -16.818182 -1.059767 28.030302
v -19.060606 -1.059767 28.030302
v -21.303030 -1.059767 28.030302
v -23.545454 -1.059767 28.030302
v -25.787878 -1.059767 28.030302
v -28.030302 -1.059767 28.030302
v -30.272728 -1.059767 28.030302
v -32.515152 -1.059767 28.030302
v -34.757576 -1.059767 28.030302
v 34.757576 -1.059767 25.787878
v 32.515152 -1.059767 25.787878
v 30.272728 -1.059767 25.787878
v 28.030302 -1.059767 25.787878
v 25.787878 -1.059767 25.787878
v 23.545454 -1.059767 25.787878
v 21.303030 -1.059767 25.787878
v 19.060606 -1.059767 25.787878
v 16.818182 -1.059767 25.787878
v 14.575757 -1.059767 25.787878
v 12.333333 -1.059767 25.787878
v 10.090908 -1.059767 25.787878
v 7.848484 -1.059767 25.787878
v 5.606060 -1.059767 25.787878
v 3.363635 -1.059767 25.787878
v 1.121211 -1.059767 25.787878
v -1.121213 -1.059767 25.787878
v -3.363637 -1.059767 25.787878
v -5.606061 -1.059767 25.787878
v -7.848485 -1.059767 25.787878
v -10.090909 -1.059767 25.787878
v -12.333334 -1.059767 25.787878
v -14.575758 -1.059767 25.787878
v -16.818182 -1.059767 25.787878
v -19.060606 -1.059767 25.787878
v -21.303030 -1.059767 25.787878
v -23.545454 -1.059767 25.787878
v -25.787878 -1.059767 25.787878
v -28.030302 -1.059767 25.787878
v -30.272728 -1.059767 25.787878
v -32.515152 -1.059767 25.787878
v -34.757576 -1.059767 25.787878
v 34.757576 -1.059767 23.545454
v 32.515152 -1.059767 23.545454
v 30.272728 -1.059767 23.545454
v 28.030302 -1.059767 23.545454
v 25.787878 -1.059767 23.545454
v 23.545454 -1.059767 23.545454
v 21.303030 -1.059767 23.545454
v 19.060606 -1.059767 23.545454
v 16.818182 -1.059767 23.545454
v 14.575757 -1.059767 23.545454
v 12.333333 -1.059767 23.545454
v 10.090908 -1.059767 23.545454
v 7.848484 -1.059767 23.545454
v 5.606060 -1.059767 23.545454
v 3.363635 -1.059767 23.545454
v 1.121211 -1.059767 23.545454
v -1.121213 -1.059767 23.545454
v -3.363637 -1.059767 23.545454
v -5.606061 -1.059767 23.545454
v -7.848485 -1.059767 23.545454
v -10.090909 -1.059767 23.545454
v -12.333334 -1.059767 23.545454
v -14.575758 -1.059767 23.545454
v -16.818182 -1.059767 23.545454
v -19.060606 -1.059767 23.545454
v -21.303030 -1.059767 23.545454
v -23.545454 -1.059767 23.545454
v -25.787878 -1.059767 23.545454
v -28.030302 -1.059767 23.545454
v -30.272728 -1.059767 23.545454
v -32.515152 -1.059767 23.545454
v -34.757576 -1.059767 23.545454
v 34.757576 -1.059767 21.303030
v 32.515152 -1.059767 21.303030
v 30.272728 -1.059767 21.303030
v 28.030302 -1.059767 21.303030
v 25.787878 -1.059767 21.303030
v 23.545454 -1.059767 21.303030
v 21.303030 -1.059767 21.303030
v 19.060606 -1.059767 21.303030
v 16.818182 -1.059767 21.303030
v 14.575757 -1.059767 21.303030
v 12.333333 -1.059767 21.303030
v 10.090908 -1.059767 21.303030
v 7.848484 -1.059767 21.303030
v 5.606060 -1.059767 21.303030
v 3.363635 -1.059767 21.303030
v 1.121211 -1.059767 21.303030
v -1.121213 -1.059767 21.303030
v -3.363637 -1.059767 21.303030
v -5.606061 -1.059767 21.303030
v -7.848485 -1.059767 21.303030
v -10.090909 -1.059767 21.303030
v -12.333334 -1.059767 21.303030
v -14.575758 -1.059767 21.303030
v -16.818182 -1.059767 21.303030
v -19.060606 -1.059767 21.303030
v -21.303030 -1.059767 21.303030
v -23.545454 -1.059767 21.303030
v -25.787878 -1.059767 21.303030
v -28.030302 -1.059767 21.303030
v -30.272728 -1.059767 21.303030
v -32.515152 -1.059767 21.303030
v -34.757576 -1.059767 21.303030
v 34.757576 -1.059767 19.060606
v 32.515152 -1.059767 19.060606
v 30.272728 -1.059767 19.060606
v 28.030302 -1.059767 19.060606
v 25.787878 -1.059767 19.060606
v 23.545454 -1.059767 19.060606
v 21.303030 -1.059767 19.060606
v 19.060606 -1.059767 19.060606
v 16.818182 -1.059767 19.060606
v 14.575757 -1.059767 19.060606
v 12.333333 -1.059767 19.060606
v 10.090908 -1.059767 19.060606
v 7.848484 -1.059767 19.060606
v 5.606060 -1.059767 19.060606
v 3.363635 -1.059767 19.060606
v 1.121211 -1.059767 19.060606
v -1.121213 -1.059767 19.060606
v -3.363637 -1.059767 19.060606
v -5.606061 -1.059767 19.060606
v -7.848485 -1.059767 19.060606
v -10.090909 -1.059767 19.060606
v -12.333334 -1.059767 19.060606
v -14.575758 -1.059767 19.060606
v -16.818182 -1.059767 19.060606
v -19.060606 -1.059767 19.060606
v -21.303030 -1.059767 19.060606
v -23.545454 -1.059767 19.060606
v -25.787878 -1.059767 19.060606
v -28.030302 -1.059767 19.060606
v -30.272728 -1.059767 19.060606
v -32.515152 -1.059767 19.060606
v -34.757576 -1.059767 19.060606
v 34.757576 -1.059767 16.818182
v 32.515152 -1.059767 16.818182
v 30.272728 -1.059767 16.818182
v 28.030302 -1.059767 16.818182
v 25.787878 -1.059767 16.818182
v 23.545454 -1.059767 16.818182
v 21.303030 -1.059767 16.818182
v 19.060606 -1.059767 16.818182
v 16.818182 -1.059767 16.818182
v 14.575757 -1.059767 16.818182
v 12.333333 -1.059767 16.818182
v 10.090908 -1.059767 16.818182
v 7.848484 -1.059767 16.818182
v 5.606060 -1.059767 16.818182
v 3.363635 -1.059767 16.818182
v 1.121211 -1.059767 16.818182
v -1.121213 -1.059767 16.818182
v -3.363637 -1.059767 16.818182
v -5.606061 -1.059767 16.818182
v -7.848485 -1.059767 16.818182
v -10.090909 -1.059767 16.818182
v -12.333334 -1.059767 16.818182
v -14.575758 -1.059767 16.818182
v -16.818182 -1.059767 16.818182
v -19.060606 -1.059767 16.818182
v -21.303030 -1.059767 16.818182
v -23.545454 -1.059767 16.818182
v -25.787878 -1.059767 16.818182
v -28.030302 -1.059767 16.818182
v -30.272728 -1.059767 16.818182
v -32.515152 -1.059767 16.818182
v -34.757576 -1.059767 16.818182
v 34.757576 -1.059767 14.575757
v 32.515152 -1.059767 14.575757
v 30.272728 -1.059767 14.575757
v 28.030302 -1.059767 14.575757
v 25.787878 -1.059767 14.575757
v 23.545454 -1.059767 14.575757
v 21.303030 -1.059767 14.575757
v 19.060606 -1.059767 14.575757
v 16.818182 -1.059767 14.575757
v 14.575757 -1.059767 14.575757
v 12.333333 -1.059767 14.575757
v 10.090908 -1.059767 14.575757
v 7.848484 -1.059767 14.575757
v 5.606060 -1.059767 14.575757
v 3.363635 -1.059767 14.575757
v 1.121211 -1.059767 14.575757
v -1.121213 -1.059767 14.575757
v -3.363637 -1.059767 14.575757
v -5.606061 -1.059767 14.575757
v -7.848485 -1.059767 14.575757
v -10.090909 -1.059767 14.575757
v -12.333334 -1.059767 14.575757
v -14.575758 -1.059767 14.575757
v -16.818182 -1.059767 14.575757
v -19.060606 -1.059767 14.575757
v -21.303030 -1.059767 14.575757
v -23.545454 -1.059767 14.575757
v -25.787878 -1.059767 14.575757
v -28.030302 -1.059767 14.575757
v -30.272728 -1.059767 14.575757
v -32.515152 -1.059767 14.575757
v -34.757576 -1.059767 14.575757
v 34.757576 -1.059767 12.333333
v 32.515152 -1.059767 12.333333
v 30.272728 -1.059767 12.333333
v 28.030302 -1.059767 12.333333
v 25.787878 -1.059767 12.333333
v 23.545454 -1.059767 12.333333
v 21.303030 -1.059767 12.333333
v 19.060606 -1.059767 12.333333
v 16.818182 -1.059767 12.333333
v 14.575757 -1.059767 12.333333
v 12.333333 -1.059767 12.333333
v 10.090908 -1.059767 12.333333
v 7.848484 -1.059767 12.333333
v 5.606060 -1.059767 12.333333
v 3.363635 -1.059767 12.333333
v 1.121211 -1.059767 12.333333
v -1.121213 -1.059767 12.333333
v -3.363637 -1.059767 12.333333
v -5.606061 -1.059767 12.333333
v -7.848485 -1.059767 12.333333
v -10.090909 -1.059767 12.333333
v -12.333334 -1.059767 12.333333
v -14.575758 -1.059767 12.333333
v -16.818182 -1.059767 12.333333
v -19.060606 -1.059767 12.333333
v -21.303030 -1.059767 12.333333
v -23.545454 -1.059767 12.333333
v -25.787878 -1.059767 12.333333
v -28.030302 -1.059767 12.333333
v -30.272728 -1.059767 12.333333
v -32.515152 -1.059767 12.333333
v -34.757576 -1.059767 12.333333
v 34.757576 -1.059767 10.090908
v 32.515152 -1.059767 10.090908
v 30.272728 -1.059767 10.090908
v 28.030302 -1.059767 10.090908
v 25.787878 -1.059767 10.090908
v 23.545454 -1.059767 10.090908
v 21.303030 -1.059767 10.090908
v 19.060606 -1.059767 10.090908
v 16.818182 -1.059767 10.090908
v 14.575757 -1.059767 10.090908
v 12.333333 -1.059767 10.090908
v 10.090908 -1.059767 10.090908
v 7.848484 -1.059767 10.090908
v 5.606060 -1.059767 10.090908
v 3.363635 -1.059767 10.090908
v 1.121211 -1.059767 10.090908
v -1.121213 -1.059767 10.090908
v -3.363637 -1.059767 10.090908
v -5.606061 -1.059767 10.090908
v -7.848485 -1.059767 10.090908
v -10.090909 -1.059767 10.090908
v -12.333334 -1.059767 10.090908
v -14.575758 -1.059767 10.090908
v -16.818182 -1.059767 10.090908
v -19.060606 -1.059767 10.090908
v -21.303030 -1.059767 10.090908
v -23.545454 -1.059767 10.090908
v -25.787878 -1.059767 10.090908
v -28.030302 -1.059767 10.090908
v -30.272728 -1.059767 10.090908
v -32.515152 -1.059767 10.090908
v -34.757576 -1.059767 10.090908
v 34.757576 -1.059767 7.848484
v 32.515152 -1.059767 7.848484
v 30.272728 -1.059767 7.848484
v 28.030302 -1.059767 7.848484
v 25.787878 -1.059767 7.848484
v 23.545454 -1.059767 7.848484
v 21.303030 -1.059767 7.848484
v 19.060606 -1.059767 7.848484
v 16.818182 -1.059767 7.848484
v 14.575757 -1.059767 7.848484
v 12.333333 -1.059767 7.848484
v 10.090908 -1.059767 7.848484
v 7.848484 -1.059767 7.848484
v 5.606060 -1.059767 7.848484
v 3.363635 -1.059767 7.848484
v 1.121211 -1.059767 7.848484
v -1.121213 -1.059767 7.848484
v -3.363637 -1.059767 7.848484
v -5.606061 -1.059767 7.848484
v -7.848485 -1.059767 7.848484
v -10.090909 -1.059767 7.848484
v -12.333334 -1.059767 7.848484
v -14.575758 -1.059767 7.848484
v -16.818182 -1.059767 7.848484
v -19.060606 -1.059767 7.848484
v -21.303030 -1.059767 7.848484
v -23.545454 -1.059767 7.848484
v -25.787878 -1.059767 7.848484
v -28.030302 -1.059767 7.848485
v -30.272728 -1.059767 7.848485
v -32.515152 -1.059767 7.848485
v -34.757576 -1.059767 7.848485
v 34.757576 -1.059767 5.606060
v 32.515152 -1.059767 5.606060
v 30.272728 -1.059767 5.606060
v 28.030302 -1.059767 5.606060
v 25.787878 -1.059767 5.606060
v 23.545454 -1.059767 5.606060
v 21.303030 -1.059767 5.606060
v 19.060606 -1.059767 5.606060
v 16.818182 -1.059767 5.606060
v 14.575757 -1.059767 5.606060
v 12.333333 -1.059767 5.606060
v 10.090908 -1.059767 5.606060
v 7.848484 -1.059767 5.606060
v 5.606060 -1.059767 5.606060
v 3.363635 -1.059767 5.606060
v 1.121211 -1.059767 5.606060
v -1.121213 -1.059767 5.606060
v -3.363637 -1.059767 5.606060
v -5.606061 -1.059767 5.606060
v -7.848485 -1.059767 5.606060
v -10.090909 -1.059767 5.606060
v -12.333334 -1.059767 5.606060
v -14.575758 -1.059767 5.606060
v -16.818182 -1.059767 5.606060
v -19.060606 -1.059767 5.606060
v -21.303030 -1.059767 5.606060
v -23.545454 -1.059767 5.606060
v -25.787878 -1.059767 5.606060
v -28.030302 -1.059767 5.606060
v -30.272728 -1.059767 5.606061
v -32.515152 -1.059767 5.606061
v -34.757576 -1.059767 5.606061
v 34.757576 -1.059767 3.363635
v 32.515152 -1.059767 3.363635
v 30.272728 -1.059767 3.363635
v 28.030302 -1.059767 3.363635
v 25.787878 -1.059767 3.363635
v 23.545454 -1.059767 3.363635
v 21.303030 -1.059767 3.363635
v 19.060606 -1.059767 3.363635
v 16.818182 -1.059767 3.363635
v 14.575757 -1.059767 3.363635
v 12.333333 -1.059767 3.363635
v 10.090908 -1.059767 3.363635
v 7.848484 -1.059767 3.363635
v 5.606060 -1.059767 3.363635
v 3.363635 -1.059767 3.363635
v 1.121211 -1.059767 3.363635
v -1.121213 -1.059767 3.363635
v -3.363637 -1.059767 3.363635
v -5.606061 -1.059767 3.363635
v -7.848485 -1.059767 3.363635
v -10.090909 -1.059767 3.363635
v -12.333334 -1.059767 3.363635
v -14.575758 -1.059767 3.363636
v -16.818182 -1.059767 3.363636
v -19.060606 -1.059767 3.363636
v -21.303030 -1.059767 3.363636
v -23.545454 -1.059767 3.363636
v -25.787878 -1.059767 3.363636
v -28.030302 -1.059767 3.363636
v -30.272728 -1.059767 3.363636
v -32.515152 -1.059767 3.363637
v -34.757576 -1.059767 3.363637
v 34.757576 -1.059767 1.121211
v 32.515152 -1.059767 1.121211
v 30.272728 -1.059767 1.121212
v 28.030302 -1.059767 1.121212
v 25.787878 -1.059767 1.121212
v 23.545454 -1.059767 1.121212
v 21.303030 -1.059767 1.121212
v 19.060606 -1.059767 1.121212
v 16.818182 -1.059767 1.121212
v 14.575757 -1.059767 1.121212
v 12.333333 -1.059767 1.121212
v 10.090908 -1.059767 1.121212
v 7.848484 -1.059767 1.121212
v 5.606060 -1.059767 1.121212
v 3.363635 -1.059767 1.121212
v 1.121211 -1.059767 1.121212
v -1.121213 -1.059767 1.121212
v -3.363637 -1.059767 1.121212
v -5.606061 -1.059767 1.121212
v -7.848485 -1.059767 1.121212
v -10.090909 -1.059767 1.121212
v -12.333334 -1.059767 1.121212
v -14.575758 -1.059767 1.121212
v -16.818182 -1.059767 1.121213
v -19.060606 -1.059767 1.121213
v -21.303030 -1.059767 1.121213
v -23.545454 -1.059767 1.121213
v -25.787878 -1.059767 1.121213
v -28.030302 -1.059767 1.121213
v -30.272728 -1.059767 1.121213
v -32.515152 -1.059767 1.121213
v -34.757576 -1.059767 1.121213
v 34.757576 -1.059767 -1.121213
v 32.515152 -1.059767 -1.121213
v 30.272728 -1.059767 -1.121213
v 28.030302 -1.059767 -1.121213
v 25.787878 -1.059767 -1.121212
v 23.545454 -1.059767 -1.121212
v 21.303030 -1.059767 -1.121212
v 19.060606 -1.059767 -1.121212
v 16.818182 -1.059767 -1.121212
v 14.575757 -1.059767 -1.121212
v 12.333333 -1.059767 -1.121212
v 10.090908 -1.059767 -1.121212
v 7.848484 -1.059767 -1.121212
v 5.606060 -1.059767 -1.121212
v 3.363635 -1.059767 -1.121212
v 1.121211 -1.059767 -1.121212
v -1.121213 -1.059767 -1.121212
v -3.363637 -1.059767 -1.121212
v -5.606061 -1.059767 -1.121212
v -7.848485 -1.059767 -1.121212
v -10.090909 -1.059767 -1.121212
v -12.333334 -1.059767 -1.121212
v -14.575758 -1.059767 -1.121212
v -16.818182 -1.059767 -1.121212
v -19.060606 -1.059767 -1.121212
v -21.303030 -1.059767 -1.121212
v -23.545454 -1.059767 -1.121212
v -25.787878 -1.059767 -1.121211
v -28.030302 -1.059767 -1.121211
v -30.272728 -1.059767 -1.121211
v -32.515152 -1.059767 -1.121211
v -34.757576 -1.059767 -1.121211
v 34.757576 -1.059767 -3.363637
v 32.515152 -1.059767 -3.363637
v 30.272728 -1.059767 -3.363637
v 28.030302 -1.059767 -3.363637
v 25.787878 -1.059767 -3.363637
v 23.545454 -1.059767 -3.363637
v 21.303030 -1.059767 -3.363637
v 19.060606 -1.059767 -3.363637
v 16.818182 -1.059767 -3.363637
v 14.575757 -1.059767 -3.363637
v 12.333333 -1.059767 -3.363637
v 10.090908 -1.059767 -3.363637
v 7.848484 -1.059767 -3.363637
v 5.606060 -1.059767 -3.363637
v 3.363635 -1.059767 -3.363637
v 1.121211 -1.059767 -3.363637
v -1.121213 -1.059767 -3.363637
v -3.363637 -1.059767 -3.363637
v -5.606061 -1.059767 -3.363637
v -7.848485 -1.059767 -3.363637
v -10.090909 -1.059767 -3.363637
v -12.333334 -1.059767 -3.363637
v -14.575758 -1.059767 -3.363637
v -16.818182 -1.059767 -3.363636
v -19.060606 -1.059767 -3.363636
v -21.303030 -1.059767 -3.363636
v -23.545454 -1.059767 -3.363636
v -25.787878 -1.059767 -3.363636
v -28.030302 -1.059767 -3.363636
v -30.272728 -1.059767 -3.363636
v -32.515152 -1.059767 -3.363636
v -34.757576 -1.059767 -3.363635
v 34.757576 -1.059767 -5.606061
v 32.515152 -1.059767 -5.606061
v 30.272728 -1.059767 -5.606061
v 28.030302 -1.059767 -5.606061
v 25.787878 -1.059767 -5.606061
v 23.545454 -1.059767 -5.606061
v 21.303030 -1.059767 -5.606061
v 19.060606 -1.059767 -5.606061
v 16.818182 -1.059767 -5.606061
v 14.575757 -1.059767 -5.606061
v 12.333333 -1.059767 -5.606061
v 10.090908 -1.059767 -5.606061
v 7.848484 -1.059767 -5.606061
v 5.606060 -1.059767 -5.606061
v 3.363635 -1.059767 -5.606061
v 1.121211 -1.059767 -5.606061
v -1.121213 -1.059767 -5.606061
v -3.363637 -1.059767 -5.606061
v -5.606061 -1.059767 -5.606061
v -7.848485 -1.059767 -5.606061
v -10.090909 -1.059767 -5.606061
v -12.333334 -1.059767 -5.606061
v -14.575758 -1.059767 -5.606061
v -16.818182 -1.059767 -5.606061
v -19.060606 -1.059767 -5.606061
v -21.303030 -1.059767 -5.606061
v -23.545454 -1.059767 -5.606061
v -25.787878 -1.059767 -5.606061
v -28.030302 -1.059767 -5.606061
v -30.272728 -1.059767 -5.606061
v -32.515152 -1.059767 -5.606060
v -34.757576 -1.059767 -5.606060
v 34.757576 -1.059767 -7.848485
v 32.515152 -1.059767 -7.848485
v 30.272728 -1.059767 -7.848485
v 28.030302 -1.059767 -7.848485
v 25.787878 -1.059767 -7.848485
v 23.545454 -1.059767 -7.848485
v 21.303030 -1.059767 -7.848485
v 19.060606 -1.059767 -7.848485
v 16.818182 -1.059767 -7.848485
v 14.575757 -1.059767 -7.848485
v 12.333333 -1.059767 -7.848485
v 10.090908 -1.059767 -7.848485
v 7.848484 -1.059767 -7.848485
v 5.606060 -1.059767 -7.848485
v 3.363635 -1.059767 -7.848485
v 1.121211 -1.059767 -7.848485
v -1.121213 -1.059767 -7.848485
v -3.363637 -1.059767 -7.848485
v -5.606061 -1.059767 -7.848485
v -7.848485 -1.059767 -7.848485
v -10.090909 -1.059767 -7.848485
v -12.333334 -1.059767 -7.848485
v -14.575758 -1.059767 -7.848485
v -16.818182 -1.059767 -7.848485
v -19.060606 -1.059767 -7.848485
v -21.303030 -1.059767 -7.848485
v -23.545454 -1.059767 -7.848485
v -25.787878 -1.059767 -7.848485
v -28.030302 -1.059767 -7.848485
v -30.272728 -1.059767 -7.848485
v -32.515152 -1.059767 -7.848485
v -34.757576 -1.059767 -7.848484
v 34.757576 -1.059767 -10.090909
v 32.515152 -1.059767 -10.090909
v 30.272728 -1.059767 -10.090909
v 28.030302 -1.059767 -10.090909
v 25.787878 -1.059767 -10.090909
v 23.545454 -1.059767 -10.090909
v 21.303030 -1.059767 -10.090909
v 19.060606 -1.059767 -10.090909
v 16.818182 -1.059767 -10.090909
v 14.575757 -1.059767 -10.090909
v 12.333333 -1.059767 -10.090909
v 10.090908 -1.059767 -10.090909
v 7.848484 -1.059767 -10.090909
v 5.606060 -1.059767 -10.090909
v 3.363635 -1.059767 -10.090909
v 1.121211 -1.059767 -10.090909
v -1.121213 -1.059767 -10.090909
v -3.363637 -1.059767 -10.090909
v -5.606061 -1.059767 -10.090909
v -7.848485 -1.059767 -10.090909
v -10.090909 -1.059767 -10.090909
v -12.333334 -1.059767 -10.090909
v -14.575758 -1.059767 -10.090909
v -16.818182 -1.059767 -10.090909
v -19.060606 -1.059767 -10.090909
v -21.303030 -1.059767 -10.090909
v -23.545454 -1.059767 -10.090909
v -25.787878 -1.059767 -10.090909
v -28.030302 -1.059767 -10.090909
v -30.272728 -1.059767 -10.090909
v -32.515152 -1.059767 -10.090909
v -34.757576 -1.059767 -10.090908
v 34.757576 -1.059767 -12.333334
v 32.515152 -1.059767 -12.333334
v 30.272728 -1.059767 -12.333334
v 28.030302 -1.059767 -12.333334
v 25.787878 -1.059767 -12.333334
v 23.545454 -1.059767 -12.333334
v 21.303030 -1.059767 -12.333334
v 19.060606 -1.059767 -12.333334
v 16.818182 -1.059767 -12.333334
v 14.575757 -1.059767 -12.333334
v 12.333333 -1.059767 -12.333334
v 10.090908 -1.059767 -12.333334
v 7.848484 -1.059767 -12.333334
v 5.606060 -1.059767 -12.333334
v 3.363635 -1.059767 -12.333334
v 1.121211 -1.059767 -12.333334
v -1.121213 -1.059767 -12.333334
v -3.363637 -1.059767 -12.333334
v -5.606061 -1.059767 -12.333334
v -7.848485 -1.059767 -12.333334
v -10.090909 -1.059767 -12.333334
v -12.333334 -1.059767 -12.333334
v -14.575758 -1.059767 -12.333334
v -16.818182 -1.059767 -12.333334
v -19.060606 -1.059767 -12.333334
v -21.303030 -1.059767 -12.333334
v -23.545454 -1.059767 -12.333334
v -25.787878 -1.059767 -12.333334
v -28.030302 -1.059767 -12.333334
v -30.272728 -1.059767 -12.333334
v -32.515152 -1.059767 -12.333334
v -34.757576 -1.059767 -12.333333
v 34.757576 -1.059767 -14.575758
v 32.515152 -1.059767 -14.575758
v 30.272728 -1.059767 -14.575758
v 28.030302 -1.059767 -14.575758
v 25.787878 -1.059767 -14.575758
v 23.545454 -1.059767 -14.575758
v 21.303030 -1.059767 -14.575758
v 19.060606 -1.059767 -14.575758
v 16.818182 -1.059767 -14.575758
v 14.575757 -1.059767 -14.575758
v 12.333333 -1.059767 -14.575758
v 10.090908 -1.059767 -14.575758
v 7.848484 -1.059767 -14.575758
v 5.606060 -1.059767 -14.575758
v 3.363635 -1.059767 -14.575758
v 1.121211 -1.059767 -14.575758
v -1.121213 -1.059767 -14.575758
v -3.363637 -1.059767 -14.575758
v -5.606061 -1.059767 -14.575758
v -7.848485 -1.059767 -14.575758
v -10.090909 -1.059767 -14.575758
v -12.333334 -1.059767 -14.575758
v -14.575758 -1.059767 -14.575758
v -16.818182 -1.059767 -14.575758
v -19.060606 -1.059767 -14.575758
v -21.303030 -1.059767 -14.575758
v -23.545454 -1.059767 -14.575758
v -25.787878 -1.059767 -14.575758
v -28.030302 -1.059767 -14.575758
v -30.272728 -1.059767 -14.575758
v -32.515152 -1.059767 -14.575758
v -34.757576 -1.059767 -14.575757
v 34.757576 -1.059767 -16.818182
v 32.515152 -1.059767 -16.818182
v 30.272728 -1.059767 -16.818182
v 28.030302 -1.059767 -16.818182
v 25.787878 -1.059767 -16.818182
v 23.545454 -1.059767 -16.818182
v 21.303030 -1.059767 -16.818182
v 19.060606 -1.059767 -16.818182
v 16.818182 -1.059767 -16.818182
v 14.575757 -1.059767 -16.818182
v 12.333333 -1.059767 -16.818182
v 10.090908 -1.059767 -16.818182
v 7.848484 -1.059767 -16.818182
v 5.606060 -1.059767 -16.818182
v 3.363635 -1.059767 -16.818182
v 1.121211 -1.059767 -16.818182
v -1.121213 -1.059767 -16.818182
v -3.363637 -1.059767 -16.818182
v -5.606061 -1.059767 -16.818182
v -7.848485 -1.059767 -16.818182
v -10.090909 -1.059767 -16.818182
v -12.333334 -1.059767 -16.818182
v -14.575758 -1.059767 -16.818182
v -16.818182 -1.059767 -16.818182
v -19.060606 -1.059767 -16.818182
v -21.303030 -1.059767 -16.818182
v -23.545454 -1.059767 -16.818182
v -25.787878 -1.059767 -16.818182
v -28.030302 -1.059767 -16.818182
v -30.272728 -1.059767 -16.818182
v -32.515152 -1.059767 -16.818182
v -34.757576 -1.059767 -16.818182
v 34.757576 -1.059767 -19.060606
v 32.515152 -1.059767 -19.060606
v 30.272728 -1.059767 -19.060606
v 28.030302 -1.059767 -19.060606
v 25.787878 -1.059767 -19.060606
v 23.545454 -1.059767 -19.060606
v 21.303030 -1.059767 -19.060606
v 19.060606 -1.059767 -19.060606
v 16.818182 -1.059767 -19.060606
v 14.575757 -1.059767 -19.060606
v 12.333333 -1.059767 -19.060606
v 10.090908 -1.059767 -19.060606
v 7.848484 -1.059767 -19.060606
v 5.606060 -1.059767 -19.060606
v 3.363635 -1.059767 -19.060606
v 1.121211 -1.059767 -19.060606
v -1.121213 -1.059767 -19.060606
v -3.363637 -1.059767 -19.060606
v -5.606061 -1.059767 -19.060606
v -7.848485 -1.059767 -19.060606
v -10.090909 -1.059767 -19.060606
v -12.333334 -1.059767 -19.060606
v -14.575758 -1.059767 -19.060606
v -16.818182 -1.059767 -19.060606
v -19.060606 -1.059767 -19.060606
v -21.303030 -1.059767 -19.060606
v -23.545454 -1.059767 -19.060606
v -25.787878 -1.059767 -19.060606
v -28.030302 -1.059767 -19.060606
v -30.272728 -1.059767 -19.060606
v -32.515152 -1.059767 -19.060606
v -34.757576 -1.059767 -19.060606
v 34.757576 -1.059767 -21.303030
v 32.515152 -1.059767 -21.303030
v 30.272728 -1.059767 -21.303030
v 28.030302 -1.059767 -21.303030
v 25.787878 -1.059767 -21.303030
v 23.545454 -1.059767 -21.303030
v 21.303030 -1.059767 -21.303030
v 19.060606 -1.059767 -21.303030
v 16.818182 -1.059767 -21.303030
v 14.575757 -1.059767 -21.303030
v 12.333333 -1.059767 -21.303030
v 10.090908 -1.059767 -21.303030
v 7.848484 -1.059767 -21.303030
v 5.606060 -1.059767 -21.303030
v 3.363635 -1.059767 -21.303030
v 1.121211 -1.059767 -21.303030
v -1.121213 -1.059767 -21.303030
v -3.363637 -1.059767 -21.303030
v -5.606061 -1.059767 -21.303030
v -7.848485 -1.059767 -21.303030
v -10.090909 -1.059767 -21.303030
v -12.333334 -1.059767 -21.303030
v -14.575758 -1.059767 -21.303030
v -16.818182 -1.059767 -21.303030
v -19.060606 -1.059767 -21.303030
v -21.303030 -1.059767 -21.303030
v -23.545454 -1.059767 -21.303030
v -25.787878 -1.059767 -21.303030
v -28.030302 -1.059767 -21.303030
v -30.272728 -1.059767 -21.303030
v -32.515152 -1.059767 -21.303030
v -34.757576 -1.059767 -21.303030
v 34.757576 -1.059767 -23.545454
v 32.515152 -1.059767 -23.545454
v 30.272728 -1.059767 -23.545454
v 28.030302 -1.059767 -23.545454
v 25.787878 -1.059767 -23.545454
v 23.545454 -1.059767 -23.545454
v 21.303030 -1.059767 -23.545454
v 19.060606 -1.059767 -23.545454
v 16.818182 -1.059767 -23.545454
v 14.575757 -1.059767 -23.545454
v 12.333333 -1.059767 -23.545454
v 10.090908 -1.059767 -23.545454
v 7.848484 -1.059767 -23.545454
v 5.606060 -1.059767 -23.545454
v 3.363635 -1.059767 -23.545454
v 1.121211 -1.059767 -23.545454
v -1.121213 -1.059767 -23.545454
v -3.363637 -1.059767 -23.545454
v -5.606061 -1.059767 -23.545454
v -7.848485 -1.059767 -23.545454
v -10.090909 -1.059767 -23.545454
v -12.333334 -1.059767 -23.545454
v -14.575758 -1.059767 -23.545454
v -16.818182 -1.059767 -23.545454
v -19.060606 -1.059767 -23.545454
v -21.303030 -1.059767 -23.545454
v -23.545454 -1.059767 -23.545454
v -25.787878 -1.059767 -23.545454
v -28.030302 -1.059767 -23.545454
v -30.272728 -1.059767 -23.545454
v -32.515152 -1.059767 -23.545454
v -34.757576 -1.059767 -23.545454
v 34.757576 -1.059767 -25.787878
v 32.515152 -1.059767 -25.787878
v 30.272728 -1.059767 -25.787878
v 28.030302 -1.059767 -25.787878
v 25.787878 -1.059767 -25.787878
v 23.545454 -1.059767 -25.787878
v 21.303030 -1.059767 -25.787878
v 19.060606 -1.059767 -25.787878
v 16.818182 -1.059767 -25.787878
v 14.575757 -1.059767 -25.787878
v 12.333333 -1.059767 -25.787878
v 10.090908 -1.059767 -25.787878
v 7.848484 -1.059767 -25.787878
v 5.606060 -1.059767 -25.787878
v 3.363635 -1.059767 -25.787878
v 1.121211 -1.059767 -25.787878
v -1.121213 -1.059767 -25.787878
v -3.363637 -1.059767 -25.787878
v -5.606061 -1.059767 -25.787878
v -7.848485 -1.059767 -25.787878
v -10.090909 -1.059767 -25.787878
v -12.333334 -1.059767 -25.787878
v -14.575758 -1.059767 -25.787878
v -16.818182 -1.059767 -25.787878
v -19.060606 -1.059767 -25.787878
v -21.303030 -1.059767 -25.787878
v -23.545454 -1.059767 -25.787878
v -25.787878 -1.059767 -25.787878
v -28.030302 -1.059767 -25.787878
v -30.272728 -1.059767 -25.787878
v -32.515152 -1.059767 -25.787878
v -34.757576 -1.059767 -25.787878
v 34.757576 -1.059767 -28.030302
v 32.515152 -1.059767 -28.030302
v 30.272728 -1.059767 -28.030302
v 28.030302 -1.059767 -28.030302
v 25.787878 -1.059767 -28.030302
v 23.545454 -1.059767 -28.030302
v 21.303030 -1.059767 -28.030302
v 19.060606 -1.059767 -28.030302
v 16.818182 -1.059767 -28.030302
v 14.575757 -1.059767 -28.030302
v 12.333333 -1.059767 -28.030302
v 10.090908 -1.059767 -28.030302
v 7.848484 -1.059767 -28.030302
v 5.606060 -1.059767 -28.030302
v 3.363635 -1.059767 -28.030302
v 1.121211 -1.059767 -28.030302
v -1.121213 -1.059767 -28.030302
v -3.363637 -1.059767 -28.030302
v -5.606061 -1.059767 -28.030302
v -7.848485 -1.059767 -28.030302
v -10.090909 -1.059767 -28.030302
v -12.333334 -1.059767 -28.030302
v -14.575758 -1.059767 -28.030302
v -16.818182 -1.059767 -28.030302
v -19.060606 -1.059767 -28.030302
v -21.303030 -1.059767 -28.030302
v -23.545454 -1.059767 -28.030302
v -25.787878 -1.059767 -28.030302
v -28.030302 -1.059767 -28.030302
v -30.272728 -1.059767 -28.030302
v -32.515152 -1.059767 -28.030302
v -34.757576 -1.059767 -28.030302
v 34.757576 -1.059767 -30.272728
v 32.515152 -1.059767 -30.272728
v 30.272728 -1.059767 -30.272728
v 28.030302 -1.059767 -30.272728
v 25.787878 -1.059767 -30.272728
v 23.545454 -1.059767 -30.272728
v 21.303030 -1.059767 -30.272728
v 19.060606 -1.059767 -30.272728
v 16.818182 -1.059767 -30.272728
v 14.575757 -1.059767 -30.272728
v 12.333333 -1.059767 -30.272728
v 10.090908 -1.059767 -30.272728
v 7.848484 -1.059767 -30.272728
v 5.606060 -1.059767 -30.272728
v 3.363635 -1.059767 -30.272728
v 1.121211 -1.059767 -30.272728
v -1.121213 -1.059767 -30.272728
v -3.363637 -1.059767 -30.272728
v -5.606061 -1.059767 -30.272728
v -7.848485 -1.059767 -30.272728
v -10.090909 -1.059767 -30.272728
v -12.333334 -1.059767 -30.272728
v -14.575758 -1.059767 -30.272728
v -16.818182 -1.059767 -30.272728
v -19.060606 -1.059767 -30.272728
v -21.303030 -1.059767 -30.272728
v -23.545454 -1.059767 -30.272728
v -25.787878 -1.059767 -30.272728
v -28.030302 -1.059767 -30.272728
v -30.272728 -1.059767 -30.272728
v -32.515152 -1.059767 -30.272728
v -34.757576 -1.059767 -30.272728
v 34.757576 -1.059767 -32.515152
v 32.515152 -1.059767 -32.515152
v 30.272728 -1.059767 -32.515152
v 28.030302 -1.059767 -32.515152
v 25.787878 -1.059767 -32.515152
v 23.545454 -1.059767 -32.515152
v 21.303030 -1.059767 -32.515152
v 19.060606 -1.059767 -32.515152
v 16.818182 -1.059767 -32.515152
v 14.575757 -1.059767 -32.515152
v 12.333333 -1.059767 -32.515152
v 10.090908 -1.059767 -32.515152
v 7.848484 -1.059767 -32.515152
v 5.606060 -1.059767 -32.515152
v 3.363635 -1.059767 -32.515152
v 1.121211 -1.059767 -32.515152
v -1.121213 -1.059767 -32.515152
v -3.363637 -1.059767 -32.515152
v -5.606061 -1.059767 -32.515152
v -7.848485 -1.059767 -32.515152
v -10.090909 -1.059767 -32.515152
v -12.333334 -1.059767 -32.515152
v -14.575758 -1.059767 -32.515152
v -16.818182 -1.059767 -32.515152
v -19.060606 -1.059767 -32.515152
v -21.303030 -1.059767 -32.515152
v -23.545454 -1.059767 -32.515152
v -25.787878 -1.059767 -32.515152
v -28.030302 -1.059767 -32.515152
v -30.272728 -1.059767 -32.515152
v -32.515152 -1.059767 -32.515152
v -34.757576 -1.059767 -32.515152
v 34.757576 -1.059767 -34.757576
v 32.515152 -1.059767 -34.757576
v 30.272728 -1.059767 -34.757576
v 28.030302 -1.059767 -34.757576
v 25.787878 -1.059767 -34.757576
v 23.545454 -1.059767 -34.757576
v 21.303030 -1.059767 -34.757576
v 19.060606 -1.059767 -34.757576
v 16.818182 -1.059767 -34.757576
v 14.575757 -1.059767 -34.757576
v 12.333333 -1.059767 -34.757576
v 10.090908 -1.059767 -34.757576
v 7.848484 -1.059767 -34.757576
v 5.606060 -1.059767 -34.757576
v 3.363635 -1.059767 -34.757576
v 1.121211 -1.059767 -34.757576
v -1.121213 -1.059767 -34.757576
v -3.363637 -1.059767 -34.757576
v -5.606061 -1.059767 -34.757576
v -7.848485 -1.059767 -34.757576
v -10.090909 -1.059767 -34.757576
v -12.333334 -1.059767 -34.757576
v -14.575758 -1.059767 -34.757576
v -16.818182 -1.059767 -34.757576
v -19.060606 -1.059767 -34.757576
v -21.303030 -1.059767 -34.757576
v -23.545454 -1.059767 -34.757576
v -25.787878 -1.059767 -34.757576
v -28.030302 -1.059767 -34.757576
v -30.272728 -1.059767 -34.757576
v -32.515152 -1.059767 -34.757576
v -34.757576 -1.059767 -34.757576
vn -0.0000 1.0000 -0.0000
vt 0.969697 0.969697
vt 1.000000 0.969697
vt 1.000000 1.000000
vt 0.969697 1.000000
vt 0.969697 0.000000
vt 1.000000 0.000000
vt 1.000000 0.030303
vt 0.969697 0.030303
vt 1.000000 0.060606
vt 0.969697 0.060606
vt 1.000000 0.090909
vt 0.969697 0.090909
vt 1.000000 0.121212
vt 0.969697 0.121212
vt 1.000000 0.151515
vt 0.969697 0.151515
vt 1.000000 0.181818
vt 0.969697 0.181818
vt 1.000000 0.212121
vt 0.969697 0.212121
vt 1.000000 0.242424
vt 0.969697 0.242424
vt 1.000000 0.272727
vt 0.969697 0.272727
vt 1.000000 0.303030
vt 0.969697 0.303030
vt 1.000000 0.333333
vt 0.969697 0.333333
vt 1.000000 0.363636
vt 0.969697 0.363636
vt 1.000000 0.393939
vt 0.969697 0.393939
vt 1.000000 0.424242
vt 0.969697 0.424242
vt 1.000000 0.454545
vt 0.969697 0.454545
vt 1.000000 0.484848
vt 0.969697 0.484848
vt 1.000000 0.515152
vt 0.969697 0.515152
vt 1.000000 0.545455
vt 0.969697 0.545455
vt 1.000000 0.575758
vt 0.969697 0.575758
vt 1.000000 0.606061
vt 0.969697 0.606061
vt 1.000000 0.636364
vt 0.969697 0.636364
vt 1.000000 0.666667
vt 0.969697 0.666667
vt 1.000000 0.696970
vt 0.969697 0.696970
vt 1.000000 0.727273
vt 0.969697 0.727273
vt 1.000000 0.757576
vt 0.969697 0.757576
vt 1.000000 0.787879
vt 0.969697 0.787879
vt 1.000000 0.818182
vt 0.969697 0.818182
vt 1.000000 0.848485
vt 0.969697 0.848485
vt 1.000000 0.878788
vt 0.969697 0.878788
vt 1.000000 0.909091
vt 0.969697 0.909091
vt 1.000000 0.939394
vt 0.969697 0.939394
vt 0.000000 0.939394
vt 0.030303 0.939394
vt 0.030303 0.969697
vt 0.000000 0.969697
vt 0.060606 0.939394
vt 0.060606 0.969697
vt 0.090909 0.939394
vt 0.090909 0.969697
vt 0.121212 0.939394
vt 0.121212 0.969697
vt 0.151515 0.939394
vt 0.151515 0.969697
vt 0.181818 0.939394
vt 0.181818 0.969697
vt 0.212121 0.939394
vt 0.212121 0.969697
vt 0.242424 0.939394
vt 0.242424 0.969697
vt 0.272727 0.939394
vt 0.272727 0.969697
vt 0.303030 0.939394
vt 0.303030 0.969697
vt 0.333333 0.939394
vt 0.333333 0.969697
vt 0.363636 0.939394
vt 0.363636 0.969697
vt 0.393939 0.939394
vt 0.393939 0.969697
vt 0.424242 0.939394
vt 0.424242 0.969697
vt 0.454545 0.939394
vt 0.454545 0.969697
vt 0.484848 0.939394
vt 0.484848 0.969697
vt 0.515152 0.939394
vt 0.515152 0.969697
vt 0.545455 0.939394
vt 0.545455 0.969697
vt 0.575758 0.939394
vt 0.575758 0.969697
vt 0.606061 0.939394
vt 0.606061 0.969697
vt 0.636364 0.939394
vt 0.636364 0.969697
vt 0.666667 0.939394
vt 0.666667 0.969697
vt 0.696970 0.939394
vt 0.696970 0.969697
vt 0.727273 0.939394
vt 0.727273 0.969697
vt 0.757576 0.939394
vt 0.757576 0.969697
vt 0.787879 0.939394
vt 0.787879 0.969697
vt 0.818182 0.939394
vt 0.818182 0.969697
vt 0.848485 0.939394
vt 0.848485 0.969697
vt 0.878788 0.939394
vt 0.878788 0.969697
vt 0.909091 0.939394
vt 0.909091 0.969697
vt 0.939394 0.939394
vt 0.939394 0.969697
vt 0.000000 0.909091
vt 0.030303 0.909091
vt 0.060606 0.909091
vt 0.090909 0.909091
vt 0.121212 0.909091
vt 0.151515 0.909091
vt 0.181818 0.909091
vt 0.212121 0.909091
vt 0.242424 0.909091
vt 0.272727 0.909091
vt 0.303030 0.909091
vt 0.333333 0.909091
vt 0.363636 0.909091
vt 0.393939 0.909091
vt 0.424242 0.909091
vt 0.454545 0.909091
vt 0.484848 0.909091
vt 0.515152 0.909091
vt 0.545455 0.909091
vt 0.575758 0.909091
vt 0.606061 0.909091
vt 0.636364 0.909091
vt 0.666667 0.909091
vt 0.696970 0.909091
vt 0.727273 0.909091
vt 0.757576 0.909091
vt 0.787879 0.909091
vt 0.818182 0.909091
vt 0.848485 0.909091
vt 0.878788 0.909091
vt 0.909091 0.909091
vt 0.939394 0.909091
vt 0.000000 0.878788
vt 0.030303 0.878788
vt 0.060606 0.878788
vt 0.090909 0.878788
vt 0.121212 0.878788
vt 0.151515 0.878788
vt 0.181818 0.878788
vt 0.212121 0.878788
vt 0.242424 0.878788
vt 0.272727 0.878788
vt 0.303030 0.878788
vt 0.333333 0.878788
vt 0.363636 0.878788
vt 0.393939 0.878788
vt 0.424242 0.878788
vt 0.454545 0.878788
vt 0.484848 0.878788
vt 0.515152 0.878788
vt 0.545455 0.878788
vt 0.575758 0.878788
vt 0.606061 0.878788
vt 0.636364 0.878788
vt 0.666667 0.878788
vt 0.696970 0.878788
vt 0.727273 0.878788
vt 0.757576 0.878788
vt 0.787879 0.878788
vt 0.818182 0.878788
vt 0.848485 0.878788
vt 0.878788 0.878788
vt 0.909091 0.878788
vt 0.939394 0.878788
vt 0.000000 0.848485
vt 0.030303 0.848485
vt 0.060606 0.848485
vt 0.090909 0.848485
vt 0.121212 0.848485
vt 0.151515 0.848485
vt 0.181818 0.848485
vt 0.212121 0.848485
vt 0.242424 0.848485
vt 0.272727 0.848485
vt 0.303030 0.848485
vt 0.333333 0.848485
vt 0.363636 0.848485
vt 0.393939 0.848485
vt 0.424242 0.848485
vt 0.454545 0.848485
vt 0.484848 0.848485
vt 0.515152 0.848485
vt 0.545455 0.848485
vt 0.575758 0.848485
vt 0.606061 0.848485
vt 0.636364 0.848485
vt 0.666667 0.848485
vt 0.696970 0.848485
vt 0.727273 0.848485
vt 0.757576 0.848485
vt 0.787879 0.848485
vt 0.818182 0.848485
vt 0.848485 0.848485
vt 0.878788 0.848485
vt 0.909091 0.848485
vt 0.939394 0.848485
vt 0.000000 0.818182
vt 0.030303 0.818182
vt 0.060606 0.818182
vt 0.090909 0.818182
vt 0.121212 0.818182
vt 0.151515 0.818182
vt 0.181818 0.818182
vt 0.212121 0.818182
vt 0.242424 0.818182
vt 0.272727 0.818182
vt 0.303030 0.818182
vt 0.333333 0.818182
vt 0.363636 0.818182
vt 0.393939 0.818182
vt 0.424242 0.818182
vt 0.454545 0.818182
vt 0.484848 0.818182
vt 0.515152 0.818182
vt 0.545455 0.818182
vt 0.575758 0.818182
vt 0.606061 0.818182
vt 0.636364 0.818182
vt 0.666667 0.818182
vt 0.696970 0.818182
vt 0.727273 0.818182
vt 0.757576 0.818182
vt 0.787879 0.818182
vt 0.818182 0.818182
vt 0.848485 0.818182
vt 0.878788 0.818182
vt 0.909091 0.818182
vt 0.939394 0.818182
vt 0.000000 0.787879
vt 0.030303 0.787879
vt 0.060606 0.787879
vt 0.090909 0.787879
vt 0.121212 0.787879
vt 0.151515 0.787879
vt 0.181818 0.787879
vt 0.212121 0.787879
vt 0.242424 0.787879
vt 0.272727 0.787879
vt 0.303030 0.787879
vt 0.333333 0.787879
vt 0.363636 0.787879
vt 0.393939 0.787879
vt 0.424242 0.787879
vt 0.454545 0.787879
vt 0.484848 0.787879
vt 0.515152 0.787879
vt 0.545455 0.787879
vt 0.575758 0.787879
vt 0.606061 0.787879
vt 0.636364 0.787879
vt 0.666667 0.787879
vt 0.696970 0.787879
vt 0.727273 0.787879
vt 0.757576 0.787879
vt 0.787879 0.787879
vt 0.818182 0.787879
vt 0.848485 0.787879
vt 0.878788 0.787879
vt 0.909091 0.787879
vt 0.939394 0.787879
vt 0.000000 0.757576
vt 0.030303 0.757576
vt 0.060606 0.757576
vt 0.090909 0.757576
vt 0.121212 0.757576
vt 0.151515 0.757576
vt 0.181818 0.757576
vt 0.212121 0.757576
vt 0.242424 0.757576
vt 0.272727 0.757576
vt 0.303030 0.757576
vt 0.333333 0.757576
vt 0.363636 0.757576
vt 0.393939 0.757576
vt 0.424242 0.757576
vt 0.454545 0.757576
vt 0.484848 0.757576
vt 0.515152 0.757576
vt 0.545455 0.757576
vt 0.575758 0.757576
vt 0.606061 0.757576
vt 0.636364 0.757576
vt 0.666667 0.757576
vt 0.696970 0.757576
vt 0.727273 0.757576
vt 0.757576 0.757576
vt 0.787879 0.757576
vt 0.818182 0.757576
vt 0.848485 0.757576
vt 0.878788 0.757576
vt 0.909091 0.757576
vt 0.939394 0.757576
vt 0.000000 0.727273
vt 0.030303 0.727273
vt 0.060606 0.727273
vt 0.090909 0.727273
vt 0.121212 0.727273
vt 0.151515 0.727273
vt 0.181818 0.727273
vt 0.212121 0.727273
vt 0.242424 0.727273
vt 0.272727 0.727273
vt 0.303030 0.727273
vt 0.333333 0.727273
vt 0.363636 0.727273
vt 0.393939 0.727273
vt 0.424242 0.727273
vt 0.454545 0.727273
vt 0.484848 0.727273
vt 0.515152 0.727273
vt 0.545455 0.727273
vt 0.575758 0.727273
vt 0.606061 0.727273
vt 0.636364 0.727273
vt 0.666667 0.727273
vt 0.696970 0.727273
vt 0.727273 0.727273
vt 0.757576 0.727273
vt 0.787879 0.727273
vt 0.818182 0.727273
vt 0.848485 0.727273
vt 0.878788 0.727273
vt 0.909091 0.727273
vt 0.939394 0.727273
vt 0.000000 0.696970
vt 0.030303 0.696970
vt 0.060606 0.696970
vt 0.090909 0.696970
vt 0.121212 0.696970
vt 0.151515 0.696970
vt 0.181818 0.696970
vt 0.212121 0.696970
vt 0.242424 0.696970
vt 0.272727 0.696970
vt 0.303030 0.696970
vt 0.333333 0.696970
vt 0.363636 0.696970
vt 0.393939 0.696970
vt 0.424242 0.696970
vt 0.454545 0.696970
vt 0.484848 0.696970
vt 0.515152 0.696970
vt 0.545455 0.696970
vt 0.575758 0.696970
vt 0.606061 0.696970
vt 0.636364 0.696970
vt 0.666667 0.696970
vt 0.696970 0.696970
vt 0.727273 0.696970
vt 0.757576 0.696970
vt 0.787879 0.696970
vt 0.818182 0.696970
vt 0.848485 0.696970
vt 0.878788 0.696970
vt 0.909091 0.696970
vt 0.939394 0.696970
vt 0.000000 0.666667
vt 0.030303 0.666667
vt 0.060606 0.666667
vt 0.090909 0.666667
vt 0.121212 0.666667
vt 0.151515 0.666667
vt 0.181818 0.666667
vt 0.212121 0.666667
vt 0.242424 0.666667
vt 0.272727 0.666667
vt 0.303030 0.666667
vt 0.333333 0.666667
vt 0.363636 0.666667
vt 0.393939 0.666667
vt 0.424242 0.666667
vt 0.454545 0.666667
vt 0.484848 0.666667
vt 0.515152 0.666667
vt 0.545455 0.666667
vt 0.575758 0.666667
vt 0.606061 0.666667
vt 0.636364 0.666667
vt 0.666667 0.666667
vt 0.696970 0.666667
vt 0.727273 0.666667
vt 0.757576 0.666667
vt 0.787879 0.666667
vt 0.818182 0.666667
vt 0.848485 0.666667
vt 0.878788 0.666667
vt 0.909091 0.666667
vt 0.939394 0.666667
vt 0.000000 0.636364
vt 0.030303 0.636364
vt 0.060606 0.636364
vt 0.090909 0.636364
vt 0.121212 0.636364
vt 0.151515 0.636364
vt 0.181818 0.636364
vt 0.212121 0.636364
vt 0.242424 0.636364
vt 0.272727 0.636364
vt 0.303030 0.636364
vt 0.333333 0.636364
vt 0.363636 0.636364
vt 0.393939 0.636364
vt 0.424242 0.636364
vt 0.454545 0.636364
vt 0.484848 0.636364
vt 0.515152 0.636364
vt 0.545455 0.636364
vt 0.575758 0.636364
vt 0.606061 0.636364
vt 0.636364 0.636364
vt 0.666667 0.636364
vt 0.696970 0.636364
vt 0.727273 0.636364
vt 0.757576 0.636364
vt 0.787879 0.636364
vt 0.818182 0.636364
vt 0.848485 0.636364
vt 0.878788 0.636364
vt 0.909091 0.636364
vt 0.939394 0.636364
vt 0.000000 0.606061
vt 0.030303 0.606061
vt 0.060606 0.606061
vt 0.090909 0.606061
vt 0.121212 0.606061
vt 0.151515 0.606061
vt 0.181818 0.606061
vt 0.212121 0.606061
vt 0.242424 0.606061
vt 0.272727 0.606061
vt 0.303030 0.606061
vt 0.333333 0.606061
vt 0.363636 0.606061
vt 0.393939 0.606060
vt 0.424242 0.606061
vt 0.454545 0.606061
vt 0.484848 0.606060
vt 0.515152 0.606060
vt 0.545455 0.606061
vt 0.575758 0.606061
vt 0.606061 0.606061
vt 0.636364 0.606061
vt 0.666667 0.606061
vt 0.696970 0.606061
vt 0.727273 0.606061
vt 0.757576 0.606061
vt 0.787879 0.606061
vt 0.818182 0.606061
vt 0.848485 0.606061
vt 0.878788 0.606061
vt 0.909091 0.606061
vt 0.939394 0.606061
vt 0.000000 0.575758
vt 0.030303 0.575758
vt 0.060606 0.575758
vt 0.090909 0.575758
vt 0.121212 0.575758
vt 0.151515 0.575758
vt 0.181818 0.575758
vt 0.212121 0.575758
vt 0.242424 0.575758
vt 0.272727 0.575758
vt 0.303030 0.575758
vt 0.333333 0.575758
vt 0.363636 0.575758
vt 0.393939 0.575758
vt 0.424242 0.575758
vt 0.454545 0.575758
vt 0.484848 0.575757
vt 0.515152 0.575757
vt 0.545455 0.575757
vt 0.575758 0.575757
vt 0.606061 0.575757
vt 0.636364 0.575757
vt 0.666667 0.575757
vt 0.696970 0.575757
vt 0.727273 0.575757
vt 0.757576 0.575758
vt 0.787879 0.575758
vt 0.818182 0.575758
vt 0.848485 0.575758
vt 0.878788 0.575758
vt 0.909091 0.575758
vt 0.939394 0.575758
vt 0.000000 0.545455
vt 0.030303 0.545455
vt 0.060606 0.545455
vt 0.090909 0.545455
vt 0.121212 0.545455
vt 0.151515 0.545455
vt 0.181818 0.545455
vt 0.212121 0.545455
vt 0.242424 0.545455
vt 0.272727 0.545455
vt 0.303030 0.545455
vt 0.333333 0.545455
vt 0.363636 0.545455
vt 0.393939 0.545455
vt 0.424242 0.545455
vt 0.454545 0.545455
vt 0.484848 0.545455
vt 0.515152 0.545455
vt 0.545455 0.545455
vt 0.575758 0.545454
vt 0.606061 0.545455
vt 0.636364 0.545455
vt 0.666667 0.545455
vt 0.696970 0.545454
vt 0.727273 0.545454
vt 0.757576 0.545455
vt 0.787879 0.545455
vt 0.818182 0.545454
vt 0.848485 0.545454
vt 0.878788 0.545454
vt 0.909091 0.545455
vt 0.939394 0.545455
vt 0.000000 0.515152
vt 0.030303 0.515151
vt 0.060606 0.515152
vt 0.090909 0.515152
vt 0.121212 0.515152
vt 0.151515 0.515152
vt 0.181818 0.515152
vt 0.212121 0.515152
vt 0.242424 0.515152
vt 0.272727 0.515152
vt 0.303030 0.515152
vt 0.333333 0.515152
vt 0.363636 0.515152
vt 0.393939 0.515152
vt 0.424242 0.515152
vt 0.454545 0.515152
vt 0.484848 0.515152
vt 0.515152 0.515152
vt 0.545455 0.515152
vt 0.575758 0.515152
vt 0.606061 0.515152
vt 0.636364 0.515152
vt 0.666667 0.515152
vt 0.696970 0.515152
vt 0.727273 0.515152
vt 0.757576 0.515152
vt 0.787879 0.515152
vt 0.818182 0.515152
vt 0.848485 0.515152
vt 0.878788 0.515152
vt 0.909091 0.515152
vt 0.939394 0.515152
vt 0.000000 0.484848
vt 0.030303 0.484849
vt 0.060606 0.484848
vt 0.090909 0.484849
vt 0.121212 0.484848
vt 0.151515 0.484848
vt 0.181818 0.484848
vt 0.212121 0.484848
vt 0.242424 0.484848
vt 0.272727 0.484848
vt 0.303030 0.484848
vt 0.333333 0.484848
vt 0.363636 0.484848
vt 0.393939 0.484848
vt 0.424242 0.484848
vt 0.454545 0.484848
vt 0.484848 0.484848
vt 0.515152 0.484848
vt 0.545455 0.484848
vt 0.575758 0.484848
vt 0.606061 0.484848
vt 0.636364 0.484848
vt 0.666667 0.484848
vt 0.696970 0.484848
vt 0.727273 0.484848
vt 0.757576 0.484848
vt 0.787879 0.484848
vt 0.818182 0.484848
vt 0.848485 0.484848
vt 0.878788 0.484848
vt 0.909091 0.484848
vt 0.939394 0.484848
vt 0.000000 0.454545
vt 0.030303 0.454545
vt 0.060606 0.454545
vt 0.090909 0.454545
vt 0.121212 0.454545
vt 0.151515 0.454545
vt 0.181818 0.454545
vt 0.212121 0.454545
vt 0.242424 0.454545
vt 0.272727 0.454545
vt 0.303030 0.454545
vt 0.333333 0.454545
vt 0.363636 0.454545
vt 0.393939 0.454545
vt 0.424242 0.454545
vt 0.454545 0.454545
vt 0.484848 0.454545
vt 0.515152 0.454545
vt 0.545455 0.454545
vt 0.575758 0.454545
vt 0.606061 0.454545
vt 0.636364 0.454545
vt 0.666667 0.454545
vt 0.696970 0.454545
vt 0.727273 0.454545
vt 0.757576 0.454545
vt 0.787879 0.454545
vt 0.818182 0.454545
vt 0.848485 0.454545
vt 0.878788 0.454545
vt 0.909091 0.454545
vt 0.939394 0.454545
vt 0.000000 0.424242
vt 0.030303 0.424242
vt 0.060606 0.424242
vt 0.090909 0.424242
vt 0.121212 0.424242
vt 0.151515 0.424242
vt 0.181818 0.424242
vt 0.212121 0.424242
vt 0.242424 0.424242
vt 0.272727 0.424242
vt 0.303030 0.424242
vt 0.333333 0.424242
vt 0.363636 0.424242
vt 0.393939 0.424242
vt 0.424242 0.424242
vt 0.454545 0.424242
vt 0.484848 0.424242
vt 0.515152 0.424242
vt 0.545455 0.424242
vt 0.575758 0.424242
vt 0.606061 0.424242
vt 0.636364 0.424242
vt 0.666667 0.424242
vt 0.696970 0.424242
vt 0.727273 0.424242
vt 0.757576 0.424242
vt 0.787879 0.424242
vt 0.818182 0.424242
vt 0.848485 0.424242
vt 0.878788 0.424242
vt 0.909091 0.424242
vt 0.939394 0.424242
vt 0.000000 0.393939
vt 0.030303 0.393939
vt 0.060606 0.393939
vt 0.090909 0.393939
vt 0.121212 0.393939
vt 0.151515 0.393939
vt 0.181818 0.393939
vt 0.212121 0.393939
vt 0.242424 0.393939
vt 0.272727 0.393939
vt 0.303030 0.393939
vt 0.333333 0.393939
vt 0.363636 0.393939
vt 0.393939 0.393939
vt 0.424242 0.393939
vt 0.454545 0.393939
vt 0.484848 0.393939
vt 0.515152 0.393939
vt 0.545455 0.393939
vt 0.575758 0.393939
vt 0.606061 0.393939
vt 0.636364 0.393939
vt 0.666667 0.393939
vt 0.696970 0.393939
vt 0.727273 0.393939
vt 0.757576 0.393939
vt 0.787879 0.393939
vt 0.818182 0.393939
vt 0.848485 0.393939
vt 0.878788 0.393939
vt 0.909091 0.393939
vt 0.939394 0.393939
vt 0.000000 0.363636
vt 0.030303 0.363636
vt 0.060606 0.363636
vt 0.090909 0.363636
vt 0.121212 0.363636
vt 0.151515 0.363636
vt 0.181818 0.363636
vt 0.212121 0.363636
vt 0.242424 0.363636
vt 0.272727 0.363636
vt 0.303030 0.363636
vt 0.333333 0.363636
vt 0.363636 0.363636
vt 0.393939 0.363636
vt 0.424242 0.363636
vt 0.454545 0.363636
vt 0.484848 0.363636
vt 0.515152 0.363636
vt 0.545455 0.363636
vt 0.575758 0.363636
vt 0.606061 0.363636
vt 0.636364 0.363636
vt 0.666667 0.363636
vt 0.696970 0.363636
vt 0.727273 0.363636
vt 0.757576 0.363636
vt 0.787879 0.363636
vt 0.818182 0.363636
vt 0.848485 0.363636
vt 0.878788 0.363636
vt 0.909091 0.363636
vt 0.939394 0.363636
vt 0.000000 0.333333
vt 0.030303 0.333333
vt 0.060606 0.333333
vt 0.090909 0.333333
vt 0.121212 0.333333
vt 0.151515 0.333333
vt 0.181818 0.333333
vt 0.212121 0.333333
vt 0.242424 0.333333
vt 0.272727 0.333333
vt 0.303030 0.333333
vt 0.333333 0.333333
vt 0.363636 0.333333
vt 0.393939 0.333333
vt 0.424242 0.333333
vt 0.454545 0.333333
vt 0.484848 0.333333
vt 0.515152 0.333333
vt 0.545455 0.333333
vt 0.575758 0.333333
vt 0.606061 0.333333
vt 0.636364 0.333333
vt 0.666667 0.333333
vt 0.696970 0.333333
vt 0.727273 0.333333
vt 0.757576 0.333333
vt 0.787879 0.333333
vt 0.818182 0.333333
vt 0.848485 0.333333
vt 0.878788 0.333333
vt 0.909091 0.333333
vt 0.939394 0.333333
vt 0.000000 0.303030
vt 0.030303 0.303030
vt 0.060606 0.303030
vt 0.090909 0.303030
vt 0.121212 0.303030
vt 0.151515 0.303030
vt 0.181818 0.303030
vt 0.212121 0.303030
vt 0.242424 0.303030
vt 0.272727 0.303030
vt 0.303030 0.303030
vt 0.333333 0.303030
vt 0.363636 0.303030
vt 0.393939 0.303030
vt 0.424242 0.303030
vt 0.454545 0.303030
vt 0.484848 0.303030
vt 0.515152 0.303030
vt 0.545455 0.303030
vt 0.575758 0.303030
vt 0.606061 0.303030
vt 0.636364 0.303030
vt 0.666667 0.303030
vt 0.696970 0.303030
vt 0.727273 0.303030
vt 0.757576 0.303030
vt 0.787879 0.303030
vt 0.818182 0.303030
vt 0.848485 0.303030
vt 0.878788 0.303030
vt 0.909091 0.303030
vt 0.939394 0.303030
vt 0.000000 0.272727
vt 0.030303 0.272727
vt 0.060606 0.272727
vt 0.090909 0.272727
vt 0.121212 0.272727
vt 0.151515 0.272727
vt 0.181818 0.272727
vt 0.212121 0.272727
vt 0.242424 0.272727
vt 0.272727 0.272727
vt 0.303030 0.272727
vt 0.333333 0.272727
vt 0.363636 0.272727
vt 0.393939 0.272727
vt 0.424242 0.272727
vt 0.454545 0.272727
vt 0.484848 0.272727
vt 0.515152 0.272727
vt 0.545455 0.272727
vt 0.575758 0.272727
vt 0.606061 0.272727
vt 0.636364 0.272727
vt 0.666667 0.272727
vt 0.696970 0.272727
vt 0.727273 0.272727
vt 0.757576 0.272727
vt 0.787879 0.272727
vt 0.818182 0.272727
vt 0.848485 0.272727
vt 0.878788 0.272727
vt 0.909091 0.272727
vt 0.939394 0.272727
vt 0.000000 0.242424
vt 0.030303 0.242424
vt 0.060606 0.242424
vt 0.090909 0.242424
vt 0.121212 0.242424
vt 0.151515 0.242424
vt 0.181818 0.242424
vt 0.212121 0.242424
vt 0.242424 0.242424
vt 0.272727 0.242424
vt 0.303030 0.242424
vt 0.333333 0.242424
vt 0.363636 0.242424
vt 0.393939 0.242424
vt 0.424242 0.242424
vt 0.454545 0.242424
vt 0.484848 0.242424
vt 0.515152 0.242424
vt 0.545455 0.242424
vt 0.575758 0.242424
vt 0.606061 0.242424
vt 0.636364 0.242424
vt 0.666667 0.242424
vt 0.696970 0.242424
vt 0.727273 0.242424
vt 0.757576 0.242424
vt 0.787879 0.242424
vt 0.818182 0.242424
vt 0.848485 0.242424
vt 0.878788 0.242424
vt 0.909091 0.242424
vt 0.939394 0.242424
vt 0.000000 0.212121
vt 0.030303 0.212121
vt 0.060606 0.212121
vt 0.090909 0.212121
vt 0.121212 0.212121
vt 0.151515 0.212121
vt 0.181818 0.212121
vt 0.212121 0.212121
vt 0.242424 0.212121
vt 0.272727 0.212121
vt 0.303030 0.212121
vt 0.333333 0.212121
vt 0.363636 0.212121
vt 0.393939 0.212121
vt 0.424242 0.212121
vt 0.454545 0.212121
vt 0.484848 0.212121
vt 0.515152 0.212121
vt 0.545455 0.212121
vt 0.575758 0.212121
vt 0.606061 0.212121
vt 0.636364 0.212121
vt 0.666667 0.212121
vt 0.696970 0.212121
vt 0.727273 0.212121
vt 0.757576 0.212121
vt 0.787879 0.212121
vt 0.818182 0.212121
vt 0.848485 0.212121
vt 0.878788 0.212121
vt 0.909091 0.212121
vt 0.939394 0.212121
vt 0.000000 0.181818
vt 0.030303 0.181818
vt 0.060606 0.181818
vt 0.090909 0.181818
vt 0.121212 0.181818
vt 0.151515 0.181818
vt 0.181818 0.181818
vt 0.212121 0.181818
vt 0.242424 0.181818
vt 0.272727 0.181818
vt 0.303030 0.181818
vt 0.333333 0.181818
vt 0.363636 0.181818
vt 0.393939 0.181818
vt 0.424242 0.181818
vt 0.454545 0.181818
vt 0.484848 0.181818
vt 0.515152 0.181818
vt 0.545455 0.181818
vt 0.575758 0.181818
vt 0.606061 0.181818
vt 0.636364 0.181818
vt 0.666667 0.181818
vt 0.696970 0.181818
vt 0.727273 0.181818
vt 0.757576 0.181818
vt 0.787879 0.181818
vt 0.818182 0.181818
vt 0.848485 0.181818
vt 0.878788 0.181818
vt 0.909091 0.181818
vt 0.939394 0.181818
vt 0.000000 0.151515
vt 0.030303 0.151515
vt 0.060606 0.151515
vt 0.090909 0.151515
vt 0.121212 0.151515
vt 0.151515 0.151515
vt 0.181818 0.151515
vt 0.212121 0.151515
vt 0.242424 0.151515
vt 0.272727 0.151515
vt 0.303030 0.151515
vt 0.333333 0.151515
vt 0.363636 0.151515
vt 0.393939 0.151515
vt 0.424242 0.151515
vt 0.454545 0.151515
vt 0.484848 0.151515
vt 0.515152 0.151515
vt 0.545455 0.151515
vt 0.575758 0.151515
vt 0.606061 0.151515
vt 0.636364 0.151515
vt 0.666667 0.151515
vt 0.696970 0.151515
vt 0.727273 0.151515
vt 0.757576 0.151515
vt 0.787879 0.151515
vt 0.818182 0.151515
vt 0.848485 0.151515
vt 0.878788 0.151515
vt 0.909091 0.151515
vt 0.939394 0.151515
vt 0.000000 0.121212
vt 0.030303 0.121212
vt 0.060606 0.121212
vt 0.090909 0.121212
vt 0.121212 0.121212
vt 0.151515 0.121212
vt 0.181818 0.121212
vt 0.212121 0.121212
vt 0.242424 0.121212
vt 0.272727 0.121212
vt 0.303030 0.121212
vt 0.333333 0.121212
vt 0.363636 0.121212
vt 0.393939 0.121212
vt 0.424242 0.121212
vt 0.454545 0.121212
vt 0.484848 0.121212
vt 0.515152 0.121212
vt 0.545455 0.121212
vt 0.575758 0.121212
vt 0.606061 0.121212
vt 0.636364 0.121212
vt 0.666667 0.121212
vt 0.696970 0.121212
vt 0.727273 0.121212
vt 0.757576 0.121212
vt 0.787879 0.121212
vt 0.818182 0.121212
vt 0.848485 0.121212
vt 0.878788 0.121212
vt 0.909091 0.121212
vt 0.939394 0.121212
vt 0.000000 0.090909
vt 0.030303 0.090909
vt 0.060606 0.090909
vt 0.090909 0.090909
vt 0.121212 0.090909
vt 0.151515 0.090909
vt 0.181818 0.090909
vt 0.212121 0.090909
vt 0.242424 0.090909
vt 0.272727 0.090909
vt 0.303030 0.090909
vt 0.333333 0.090909
vt 0.363636 0.090909
vt 0.393939 0.090909
vt 0.424242 0.090909
vt 0.454545 0.090909
vt 0.484848 0.090909
vt 0.515152 0.090909
vt 0.545455 0.090909
vt 0.575758 0.090909
vt 0.606061 0.090909
vt 0.636364 0.090909
vt 0.666667 0.090909
vt 0.696970 0.090909
vt 0.727273 0.090909
vt 0.757576 0.090909
vt 0.787879 0.090909
vt 0.818182 0.090909
vt 0.848485 0.090909
vt 0.878788 0.090909
vt 0.909091 0.090909
vt 0.939394 0.090909
vt 0.000000 0.060606
vt 0.030303 0.060606
vt 0.060606 0.060606
vt 0.090909 0.060606
vt 0.121212 0.060606
vt 0.151515 0.060606
vt 0.181818 0.060606
vt 0.212121 0.060606
vt 0.242424 0.060606
vt 0.272727 0.060606
vt 0.303030 0.060606
vt 0.333333 0.060606
vt 0.363636 0.060606
vt 0.393939 0.060606
vt 0.424242 0.060606
vt 0.454545 0.060606
vt 0.484848 0.060606
vt 0.515152 0.060606
vt 0.545455 0.060606
vt 0.575758 0.060606
vt 0.606061 0.060606
vt 0.636364 0.060606
vt 0.666667 0.060606
vt 0.696970 0.060606
vt 0.727273 0.060606
vt 0.757576 0.060606
vt 0.787879 0.060606
vt 0.818182 0.060606
vt 0.848485 0.060606
vt 0.878788 0.060606
vt 0.909091 0.060606
vt 0.939394 0.060606
vt 0.000000 0.030303
vt 0.030303 0.030303
vt 0.060606 0.030303
vt 0.090909 0.030303
vt 0.121212 0.030303
vt 0.151515 0.030303
vt 0.181818 0.030303
vt 0.212121 0.030303
vt 0.242424 0.030303
vt 0.272727 0.030303
vt 0.303030 0.030303
vt 0.333333 0.030303
vt 0.363636 0.030303
vt 0.393939 0.030303
vt 0.424242 0.030303
vt 0.454545 0.030303
vt 0.484848 0.030303
vt 0.515152 0.030303
vt 0.545455 0.030303
vt 0.575758 0.030303
vt 0.606061 0.030303
vt 0.636364 0.030303
vt 0.666667 0.030303
vt 0.696970 0.030303
vt 0.727273 0.030303
vt 0.757576 0.030303
vt 0.787879 0.030303
vt 0.818182 0.030303
vt 0.848485 0.030303
vt 0.878788 0.030303
vt 0.909091 0.030303
vt 0.939394 0.030303
vt 0.000000 0.000000
vt 0.030303 0.000000
vt 0.060606 0.000000
vt 0.090909 0.000000
vt 0.121212 0.000000
vt 0.151515 0.000000
vt 0.181818 0.000000
vt 0.212121 0.000000
vt 0.242424 0.000000
vt 0.272727 0.000000
vt 0.303030 0.000000
vt 0.333333 0.000000
vt 0.363636 0.000000
vt 0.393939 0.000000
vt 0.424242 0.000000
vt 0.454545 0.000000
vt 0.484848 0.000000
vt 0.515152 0.000000
vt 0.545455 0.000000
vt 0.575758 0.000000
vt 0.606061 0.000000
vt 0.636364 0.000000
vt 0.666667 0.000000
vt 0.696970 0.000000
vt 0.727273 0.000000
vt 0.757576 0.000000
vt 0.787879 0.000000
vt 0.818182 0.000000
vt 0.848485 0.000000
vt 0.878788 0.000000
vt 0.909091 0.000000
vt 0.939394 0.000000
vt 0.030303 1.000000
vt 0.000000 1.000000
vt 0.060606 1.000000
vt 0.090909 1.000000
vt 0.121212 1.000000
vt 0.151515 1.000000
vt 0.181818 1.000000
vt 0.212121 1.000000
vt 0.242424 1.000000
vt 0.272727 1.000000
vt 0.303030 1.000000
vt 0.333333 1.000000
vt 0.363636 1.000000
vt 0.393939 1.000000
vt 0.424242 1.000000
vt 0.454545 1.000000
vt 0.484848 1.000000
vt 0.515152 1.000000
vt 0.545455 1.000000
vt 0.575758 1.000000
vt 0.606061 1.000000
vt 0.636364 1.000000
vt 0.666667 1.000000
vt 0.696970 1.000000
vt 0.727273 1.000000
vt 0.757576 1.000000
vt 0.787879 1.000000
vt 0.818182 1.000000
vt 0.848485 1.000000
vt 0.878788 1.000000
vt 0.909091 1.000000
vt 0.939394 1.000000
s 0
usemtl マテリアル.113
f 1125/1/1 68/2/1 4/3/1 101/4/1
f 100/5/1 2/6/1 37/7/1 133/8/1
f 133/8/1 37/7/1 38/9/1 165/10/1
f 165/10/1 38/9/1 39/11/1 197/12/1
f 197/12/1 39/11/1 40/13/1 229/14/1
f 229/14/1 40/13/1 41/15/1 261/16/1
f 261/16/1 41/15/1 42/17/1 293/18/1
f 293/18/1 42/17/1 43/19/1 325/20/1
f 325/20/1 43/19/1 44/21/1 357/22/1
f 357/22/1 44/21/1 45/23/1 389/24/1
f 389/24/1 45/23/1 46/25/1 421/26/1
f 421/26/1 46/25/1 47/27/1 453/28/1
f 453/28/1 47/27/1 48/29/1 485/30/1
f 485/30/1 48/29/1 49/31/1 517/32/1
f 517/32/1 49/31/1 50/33/1 549/34/1
f 549/34/1 50/33/1 51/35/1 581/36/1
f 581/36/1 51/35/1 52/37/1 613/38/1
f 613/38/1 52/37/1 53/39/1 645/40/1
f 645/40/1 53/39/1 54/41/1 677/42/1
f 677/42/1 54/41/1 55/43/1 709/44/1
f 709/44/1 55/43/1 56/45/1 741/46/1
f 741/46/1 56/45/1 57/47/1 773/48/1
f 773/48/1 57/47/1 58/49/1 805/50/1
f 805/50/1 58/49/1 59/51/1 837/52/1
f 837/52/1 59/51/1 60/53/1 869/54/1
f 869/54/1 60/53/1 61/55/1 901/56/1
f 901/56/1 61/55/1 62/57/1 933/58/1
f 933/58/1 62/57/1 63/59/1 965/60/1
f 965/60/1 63/59/1 64/61/1 997/62/1
f 997/62/1 64/61/1 65/63/1 1029/64/1
f 1029/64/1 65/63/1 66/65/1 1061/66/1
f 1061/66/1 66/65/1 67/67/1 1093/68/1
f 1093/68/1 67/67/1 68/2/1 1125/1/1
f 6/69/1 1124/70/1 1156/71/1 5/72/1
f 1124/70/1 1123/73/1 1155/74/1 1156/71/1
f 1123/73/1 1122/75/1 1154/76/1 1155/74/1
f 1122/75/1 1121/77/1 1153/78/1 1154/76/1
f 1121/77/1 1120/79/1 1152/80/1 1153/78/1
f 1120/79/1 1119/81/1 1151/82/1 1152/80/1
f 1119/81/1 1118/83/1 1150/84/1 1151/82/1
f 1118/83/1 1117/85/1 1149/86/1 1150/84/1
f 1117/85/1 1116/87/1 1148/88/1 1149/86/1
f 1116/87/1 1115/89/1 1147/90/1 1148/88/1
f 1115/89/1 1114/91/1 1146/92/1 1147/90/1
f 1114/91/1 1113/93/1 1145/94/1 1146/92/1
f 1113/93/1 1112/95/1 1144/96/1 1145/94/1
f 1112/95/1 1111/97/1 1143/98/1 1144/96/1
f 1111/97/1 1110/99/1 1142/100/1 1143/98/1
f 1110/99/1 1109/101/1 1141/102/1 1142/100/1
f 1109/101/1 1108/103/1 1140/104/1 1141/102/1
f 1108/103/1 1107/105/1 1139/106/1 1140/104/1
f 1107/105/1 1106/107/1 1138/108/1 1139/106/1
f 1106/107/1 1105/109/1 1137/110/1 1138/108/1
f 1105/109/1 1104/111/1 1136/112/1 1137/110/1
f 1104/111/1 1103/113/1 1135/114/1 1136/112/1
f 1103/113/1 1102/115/1 1134/116/1 1135/114/1
f 1102/115/1 1101/117/1 1133/118/1 1134/116/1
f 1101/117/1 1100/119/1 1132/120/1 1133/118/1
f 1100/119/1 1099/121/1 1131/122/1 1132/120/1
f 1099/121/1 1098/123/1 1130/124/1 1131/122/1
f 1098/123/1 1097/125/1 1129/126/1 1130/124/1
f 1097/125/1 1096/127/1 1128/128/1 1129/126/1
f 1096/127/1 1095/129/1 1127/130/1 1128/128/1
f 1095/129/1 1094/131/1 1126/132/1 1127/130/1
f 1094/131/1 1093/68/1 1125/1/1 1126/132/1
f 7/133/1 1092/134/1 1124/70/1 6/69/1
f 1092/134/1 1091/135/1 1123/73/1 1124/70/1
f 1091/135/1 1090/136/1 1122/75/1 1123/73/1
f 1090/136/1 1089/137/1 1121/77/1 1122/75/1
f 1089/137/1 1088/138/1 1120/79/1 1121/77/1
f 1088/138/1 1087/139/1 1119/81/1 1120/79/1
f 1087/139/1 1086/140/1 1118/83/1 1119/81/1
f 1086/140/1 1085/141/1 1117/85/1 1118/83/1
f 1085/141/1 1084/142/1 1116/87/1 1117/85/1
f 1084/142/1 1083/143/1 1115/89/1 1116/87/1
f 1083/143/1 1082/144/1 1114/91/1 1115/89/1
f 1082/144/1 1081/145/1 1113/93/1 1114/91/1
f 1081/145/1 1080/146/1 1112/95/1 1113/93/1
f 1080/146/1 1079/147/1 1111/97/1 1112/95/1
f 1079/147/1 1078/148/1 1110/99/1 1111/97/1
f 1078/148/1 1077/149/1 1109/101/1 1110/99/1
f 1077/149/1 1076/150/1 1108/103/1 1109/101/1
f 1076/150/1 1075/151/1 1107/105/1 1108/103/1
f 1075/151/1 1074/152/1 1106/107/1 1107/105/1
f 1074/152/1 1073/153/1 1105/109/1 1106/107/1
f 1073/153/1 1072/154/1 1104/111/1 1105/109/1
f 1072/154/1 1071/155/1 1103/113/1 1104/111/1
f 1071/155/1 1070/156/1 1102/115/1 1103/113/1
f 1070/156/1 1069/157/1 1101/117/1 1102/115/1
f 1069/157/1 1068/158/1 1100/119/1 1101/117/1
f 1068/158/1 1067/159/1 1099/121/1 1100/119/1
f 1067/159/1 1066/160/1 1098/123/1 1099/121/1
f 1066/160/1 1065/161/1 1097/125/1 1098/123/1
f 1065/161/1 1064/162/1 1096/127/1 1097/125/1
f 1064/162/1 1063/163/1 1095/129/1 1096/127/1
f 1063/163/1 1062/164/1 1094/131/1 1095/129/1
f 1062/164/1 1061/66/1 1093/68/1 1094/131/1
f 8/165/1 1060/166/1 1092/134/1 7/133/1
f 1060/166/1 1059/167/1 1091/135/1 1092/134/1
f 1059/167/1 1058/168/1 1090/136/1 1091/135/1
f 1058/168/1 1057/169/1 1089/137/1 1090/136/1
f 1057/169/1 1056/170/1 1088/138/1 1089/137/1
f 1056/170/1 1055/171/1 1087/139/1 1088/138/1
f 1055/171/1 1054/172/1 1086/140/1 1087/139/1
f 1054/172/1 1053/173/1 1085/141/1 1086/140/1
f 1053/173/1 1052/174/1 1084/142/1 1085/141/1
f 1052/174/1 1051/175/1 1083/143/1 1084/142/1
f 1051/175/1 1050/176/1 1082/144/1 1083/143/1
f 1050/176/1 1049/177/1 1081/145/1 1082/144/1
f 1049/177/1 1048/178/1 1080/146/1 1081/145/1
f 1048/178/1 1047/179/1 1079/147/1 1080/146/1
f 1047/179/1 1046/180/1 1078/148/1 1079/147/1
f 1046/180/1 1045/181/1 1077/149/1 1078/148/1
f 1045/181/1 1044/182/1 1076/150/1 1077/149/1
f 1044/182/1 1043/183/1 1075/151/1 1076/150/1
f 1043/183/1 1042/184/1 1074/152/1 1075/151/1
f 1042/184/1 1041/185/1 1073/153/1 1074/152/1
f 1041/185/1 1040/186/1 1072/154/1 1073/153/1
f 1040/186/1 1039/187/1 1071/155/1 1072/154/1
f 1039/187/1 1038/188/1 1070/156/1 1071/155/1
f 1038/188/1 1037/189/1 1069/157/1 1070/156/1
f 1037/189/1 1036/190/1 1068/158/1 1069/157/1
f 1036/190/1 1035/191/1 1067/159/1 1068/158/1
f 1035/191/1 1034/192/1 1066/160/1 1067/159/1
f 1034/192/1 1033/193/1 1065/161/1 1066/160/1
f 1033/193/1 1032/194/1 1064/162/1 1065/161/1
f 1032/194/1 1031/195/1 1063/163/1 1064/162/1
f 1031/195/1 1030/196/1 1062/164/1 1063/163/1
f 1030/196/1 1029/64/1 1061/66/1 1062/164/1
f 9/197/1 1028/198/1 1060/166/1 8/165/1
f 1028/198/1 1027/199/1 1059/167/1 1060/166/1
f 1027/199/1 1026/200/1 1058/168/1 1059/167/1
f 1026/200/1 1025/201/1 1057/169/1 1058/168/1
f 1025/201/1 1024/202/1 1056/170/1 1057/169/1
f 1024/202/1 1023/203/1 1055/171/1 1056/170/1
f 1023/203/1 1022/204/1 1054/172/1 1055/171/1
f 1022/204/1 1021/205/1 1053/173/1 1054/172/1
f 1021/205/1 1020/206/1 1052/174/1 1053/173/1
f 1020/206/1 1019/207/1 1051/175/1 1052/174/1
f 1019/207/1 1018/208/1 1050/176/1 1051/175/1
f 1018/208/1 1017/209/1 1049/177/1 1050/176/1
f 1017/209/1 1016/210/1 1048/178/1 1049/177/1
f 1016/210/1 1015/211/1 1047/179/1 1048/178/1
f 1015/211/1 1014/212/1 1046/180/1 1047/179/1
f 1014/212/1 1013/213/1 1045/181/1 1046/180/1
f 1013/213/1 1012/214/1 1044/182/1 1045/181/1
f 1012/214/1 1011/215/1 1043/183/1 1044/182/1
f 1011/215/1 1010/216/1 1042/184/1 1043/183/1
f 1010/216/1 1009/217/1 1041/185/1 1042/184/1
f 1009/217/1 1008/218/1 1040/186/1 1041/185/1
f 1008/218/1 1007/219/1 1039/187/1 1040/186/1
f 1007/219/1 1006/220/1 1038/188/1 1039/187/1
f 1006/220/1 1005/221/1 1037/189/1 1038/188/1
f 1005/221/1 1004/222/1 1036/190/1 1037/189/1
f 1004/222/1 1003/223/1 1035/191/1 1036/190/1
f 1003/223/1 1002/224/1 1034/192/1 1035/191/1
f 1002/224/1 1001/225/1 1033/193/1 1034/192/1
f 1001/225/1 1000/226/1 1032/194/1 1033/193/1
f 1000/226/1 999/227/1 1031/195/1 1032/194/1
f 999/227/1 998/228/1 1030/196/1 1031/195/1
f 998/228/1 997/62/1 1029/64/1 1030/196/1
f 10/229/1 996/230/1 1028/198/1 9/197/1
f 996/230/1 995/231/1 1027/199/1 1028/198/1
f 995/231/1 994/232/1 1026/200/1 1027/199/1
f 994/232/1 993/233/1 1025/201/1 1026/200/1
f 993/233/1 992/234/1 1024/202/1 1025/201/1
f 992/234/1 991/235/1 1023/203/1 1024/202/1
f 991/235/1 990/236/1 1022/204/1 1023/203/1
f 990/236/1 989/237/1 1021/205/1 1022/204/1
f 989/237/1 988/238/1 1020/206/1 1021/205/1
f 988/238/1 987/239/1 1019/207/1 1020/206/1
f 987/239/1 986/240/1 1018/208/1 1019/207/1
f 986/240/1 985/241/1 1017/209/1 1018/208/1
f 985/241/1 984/242/1 1016/210/1 1017/209/1
f 984/242/1 983/243/1 1015/211/1 1016/210/1
f 983/243/1 982/244/1 1014/212/1 1015/211/1
f 982/244/1 981/245/1 1013/213/1 1014/212/1
f 981/245/1 980/246/1 1012/214/1 1013/213/1
f 980/246/1 979/247/1 1011/215/1 1012/214/1
f 979/247/1 978/248/1 1010/216/1 1011/215/1
f 978/248/1 977/249/1 1009/217/1 1010/216/1
f 977/249/1 976/250/1 1008/218/1 1009/217/1
f 976/250/1 975/251/1 1007/219/1 1008/218/1
f 975/251/1 974/252/1 1006/220/1 1007/219/1
f 974/252/1 973/253/1 1005/221/1 1006/220/1
f 973/253/1 972/254/1 1004/222/1 1005/221/1
f 972/254/1 971/255/1 1003/223/1 1004/222/1
f 971/255/1 970/256/1 1002/224/1 1003/223/1
f 970/256/1 969/257/1 1001/225/1 1002/224/1
f 969/257/1 968/258/1 1000/226/1 1001/225/1
f 968/258/1 967/259/1 999/227/1 1000/226/1
f 967/259/1 966/260/1 998/228/1 999/227/1
f 966/260/1 965/60/1 997/62/1 998/228/1
f 11/261/1 964/262/1 996/230/1 10/229/1
f 964/262/1 963/263/1 995/231/1 996/230/1
f 963/263/1 962/264/1 994/232/1 995/231/1
f 962/264/1 961/265/1 993/233/1 994/232/1
f 961/265/1 960/266/1 992/234/1 993/233/1
f 960/266/1 959/267/1 991/235/1 992/234/1
f 959/267/1 958/268/1 990/236/1 991/235/1
f 958/268/1 957/269/1 989/237/1 990/236/1
f 957/269/1 956/270/1 988/238/1 989/237/1
f 956/270/1 955/271/1 987/239/1 988/238/1
f 955/271/1 954/272/1 986/240/1 987/239/1
f 954/272/1 953/273/1 985/241/1 986/240/1
f 953/273/1 952/274/1 984/242/1 985/241/1
f 952/274/1 951/275/1 983/243/1 984/242/1
f 951/275/1 950/276/1 982/244/1 983/243/1
f 950/276/1 949/277/1 981/245/1 982/244/1
f 949/277/1 948/278/1 980/246/1 981/245/1
f 948/278/1 947/279/1 979/247/1 980/246/1
f 947/279/1 946/280/1 978/248/1 979/247/1
f 946/280/1 945/281/1 977/249/1 978/248/1
f 945/281/1 944/282/1 976/250/1 977/249/1
f 944/282/1 943/283/1 975/251/1 976/250/1
f 943/283/1 942/284/1 974/252/1 975/251/1
f 942/284/1 941/285/1 973/253/1 974/252/1
f 941/285/1 940/286/1 972/254/1 973/253/1
f 940/286/1 939/287/1 971/255/1 972/254/1
f 939/287/1 938/288/1 970/256/1 971/255/1
f 938/288/1 937/289/1 969/257/1 970/256/1
f 937/289/1 936/290/1 968/258/1 969/257/1
f 936/290/1 935/291/1 967/259/1 968/258/1
f 935/291/1 934/292/1 966/260/1 967/259/1
f 934/292/1 933/58/1 965/60/1 966/260/1
f 12/293/1 932/294/1 964/262/1 11/261/1
f 932/294/1 931/295/1 963/263/1 964/262/1
f 931/295/1 930/296/1 962/264/1 963/263/1
f 930/296/1 929/297/1 961/265/1 962/264/1
f 929/297/1 928/298/1 960/266/1 961/265/1
f 928/298/1 927/299/1 959/267/1 960/266/1
f 927/299/1 926/300/1 958/268/1 959/267/1
f 926/300/1 925/301/1 957/269/1 958/268/1
f 925/301/1 924/302/1 956/270/1 957/269/1
f 924/302/1 923/303/1 955/271/1 956/270/1
f 923/303/1 922/304/1 954/272/1 955/271/1
f 922/304/1 921/305/1 953/273/1 954/272/1
f 921/305/1 920/306/1 952/274/1 953/273/1
f 920/306/1 919/307/1 951/275/1 952/274/1
f 919/307/1 918/308/1 950/276/1 951/275/1
f 918/308/1 917/309/1 949/277/1 950/276/1
f 917/309/1 916/310/1 948/278/1 949/277/1
f 916/310/1 915/311/1 947/279/1 948/278/1
f 915/311/1 914/312/1 946/280/1 947/279/1
f 914/312/1 913/313/1 945/281/1 946/280/1
f 913/313/1 912/314/1 944/282/1 945/281/1
f 912/314/1 911/315/1 943/283/1 944/282/1
f 911/315/1 910/316/1 942/284/1 943/283/1
f 910/316/1 909/317/1 941/285/1 942/284/1
f 909/317/1 908/318/1 940/286/1 941/285/1
f 908/318/1 907/319/1 939/287/1 940/286/1
f 907/319/1 906/320/1 938/288/1 939/287/1
f 906/320/1 905/321/1 937/289/1 938/288/1
f 905/321/1 904/322/1 936/290/1 937/289/1
f 904/322/1 903/323/1 935/291/1 936/290/1
f 903/323/1 902/324/1 934/292/1 935/291/1
f 902/324/1 901/56/1 933/58/1 934/292/1
f 13/325/1 900/326/1 932/294/1 12/293/1
f 900/326/1 899/327/1 931/295/1 932/294/1
f 899/327/1 898/328/1 930/296/1 931/295/1
f 898/328/1 897/329/1 929/297/1 930/296/1
f 897/329/1 896/330/1 928/298/1 929/297/1
f 896/330/1 895/331/1 927/299/1 928/298/1
f 895/331/1 894/332/1 926/300/1 927/299/1
f 894/332/1 893/333/1 925/301/1 926/300/1
f 893/333/1 892/334/1 924/302/1 925/301/1
f 892/334/1 891/335/1 923/303/1 924/302/1
f 891/335/1 890/336/1 922/304/1 923/303/1
f 890/336/1 889/337/1 921/305/1 922/304/1
f 889/337/1 888/338/1 920/306/1 921/305/1
f 888/338/1 887/339/1 919/307/1 920/306/1
f 887/339/1 886/340/1 918/308/1 919/307/1
f 886/340/1 885/341/1 917/309/1 918/308/1
f 885/341/1 884/342/1 916/310/1 917/309/1
f 884/342/1 883/343/1 915/311/1 916/310/1
f 883/343/1 882/344/1 914/312/1 915/311/1
f 882/344/1 881/345/1 913/313/1 914/312/1
f 881/345/1 880/346/1 912/314/1 913/313/1
f 880/346/1 879/347/1 911/315/1 912/314/1
f 879/347/1 878/348/1 910/316/1 911/315/1
f 878/348/1 877/349/1 909/317/1 910/316/1
f 877/349/1 876/350/1 908/318/1 909/317/1
f 876/350/1 875/351/1 907/319/1 908/318/1
f 875/351/1 874/352/1 906/320/1 907/319/1
f 874/352/1 873/353/1 905/321/1 906/320/1
f 873/353/1 872/354/1 904/322/1 905/321/1
f 872/354/1 871/355/1 903/323/1 904/322/1
f 871/355/1 870/356/1 902/324/1 903/323/1
f 870/356/1 869/54/1 901/56/1 902/324/1
f 14/357/1 868/358/1 900/326/1 13/325/1
f 868/358/1 867/359/1 899/327/1 900/326/1
f 867/359/1 866/360/1 898/328/1 899/327/1
f 866/360/1 865/361/1 897/329/1 898/328/1
f 865/361/1 864/362/1 896/330/1 897/329/1
f 864/362/1 863/363/1 895/331/1 896/330/1
f 863/363/1 862/364/1 894/332/1 895/331/1
f 862/364/1 861/365/1 893/333/1 894/332/1
f 861/365/1 860/366/1 892/334/1 893/333/1
f 860/366/1 859/367/1 891/335/1 892/334/1
f 859/367/1 858/368/1 890/336/1 891/335/1
f 858/368/1 857/369/1 889/337/1 890/336/1
f 857/369/1 856/370/1 888/338/1 889/337/1
f 856/370/1 855/371/1 887/339/1 888/338/1
f 855/371/1 854/372/1 886/340/1 887/339/1
f 854/372/1 853/373/1 885/341/1 886/340/1
f 853/373/1 852/374/1 884/342/1 885/341/1
f 852/374/1 851/375/1 883/343/1 884/342/1
f 851/375/1 850/376/1 882/344/1 883/343/1
f 850/376/1 849/377/1 881/345/1 882/344/1
f 849/377/1 848/378/1 880/346/1 881/345/1
f 848/378/1 847/379/1 879/347/1 880/346/1
f 847/379/1 846/380/1 878/348/1 879/347/1
f 846/380/1 845/381/1 877/349/1 878/348/1
f 845/381/1 844/382/1 876/350/1 877/349/1
f 844/382/1 843/383/1 875/351/1 876/350/1
f 843/383/1 842/384/1 874/352/1 875/351/1
f 842/384/1 841/385/1 873/353/1 874/352/1
f 841/385/1 840/386/1 872/354/1 873/353/1
f 840/386/1 839/387/1 871/355/1 872/354/1
f 839/387/1 838/388/1 870/356/1 871/355/1
f 838/388/1 837/52/1 869/54/1 870/356/1
f 15/389/1 836/390/1 868/358/1 14/357/1
f 836/390/1 835/391/1 867/359/1 868/358/1
f 835/391/1 834/392/1 866/360/1 867/359/1
f 834/392/1 833/393/1 865/361/1 866/360/1
f 833/393/1 832/394/1 864/362/1 865/361/1
f 832/394/1 831/395/1 863/363/1 864/362/1
f 831/395/1 830/396/1 862/364/1 863/363/1
f 830/396/1 829/397/1 861/365/1 862/364/1
f 829/397/1 828/398/1 860/366/1 861/365/1
f 828/398/1 827/399/1 859/367/1 860/366/1
f 827/399/1 826/400/1 858/368/1 859/367/1
f 826/400/1 825/401/1 857/369/1 858/368/1
f 825/401/1 824/402/1 856/370/1 857/369/1
f 824/402/1 823/403/1 855/371/1 856/370/1
f 823/403/1 822/404/1 854/372/1 855/371/1
f 822/404/1 821/405/1 853/373/1 854/372/1
f 821/405/1 820/406/1 852/374/1 853/373/1
f 820/406/1 819/407/1 851/375/1 852/374/1
f 819/407/1 818/408/1 850/376/1 851/375/1
f 818/408/1 817/409/1 849/377/1 850/376/1
f 817/409/1 816/410/1 848/378/1 849/377/1
f 816/410/1 815/411/1 847/379/1 848/378/1
f 815/411/1 814/412/1 846/380/1 847/379/1
f 814/412/1 813/413/1 845/381/1 846/380/1
f 813/413/1 812/414/1 844/382/1 845/381/1
f 812/414/1 811/415/1 843/383/1 844/382/1
f 811/415/1 810/416/1 842/384/1 843/383/1
f 810/416/1 809/417/1 841/385/1 842/384/1
f 809/417/1 808/418/1 840/386/1 841/385/1
f 808/418/1 807/419/1 839/387/1 840/386/1
f 807/419/1 806/420/1 838/388/1 839/387/1
f 806/420/1 805/50/1 837/52/1 838/388/1
f 16/421/1 804/422/1 836/390/1 15/389/1
f 804/422/1 803/423/1 835/391/1 836/390/1
f 803/423/1 802/424/1 834/392/1 835/391/1
f 802/424/1 801/425/1 833/393/1 834/392/1
f 801/425/1 800/426/1 832/394/1 833/393/1
f 800/426/1 799/427/1 831/395/1 832/394/1
f 799/427/1 798/428/1 830/396/1 831/395/1
f 798/428/1 797/429/1 829/397/1 830/396/1
f 797/429/1 796/430/1 828/398/1 829/397/1
f 796/430/1 795/431/1 827/399/1 828/398/1
f 795/431/1 794/432/1 826/400/1 827/399/1
f 794/432/1 793/433/1 825/401/1 826/400/1
f 793/433/1 792/434/1 824/402/1 825/401/1
f 792/434/1 791/435/1 823/403/1 824/402/1
f 791/435/1 790/436/1 822/404/1 823/403/1
f 790/436/1 789/437/1 821/405/1 822/404/1
f 789/437/1 788/438/1 820/406/1 821/405/1
f 788/438/1 787/439/1 819/407/1 820/406/1
f 787/439/1 786/440/1 818/408/1 819/407/1
f 786/440/1 785/441/1 817/409/1 818/408/1
f 785/441/1 784/442/1 816/410/1 817/409/1
f 784/442/1 783/443/1 815/411/1 816/410/1
f 783/443/1 782/444/1 814/412/1 815/411/1
f 782/444/1 781/445/1 813/413/1 814/412/1
f 781/445/1 780/446/1 812/414/1 813/413/1
f 780/446/1 779/447/1 811/415/1 812/414/1
f 779/447/1 778/448/1 810/416/1 811/415/1
f 778/448/1 777/449/1 809/417/1 810/416/1
f 777/449/1 776/450/1 808/418/1 809/417/1
f 776/450/1 775/451/1 807/419/1 808/418/1
f 775/451/1 774/452/1 806/420/1 807/419/1
f 774/452/1 773/48/1 805/50/1 806/420/1
f 17/453/1 772/454/1 804/422/1 16/421/1
f 772/454/1 771/455/1 803/423/1 804/422/1
f 771/455/1 770/456/1 802/424/1 803/423/1
f 770/456/1 769/457/1 801/425/1 802/424/1
f 769/457/1 768/458/1 800/426/1 801/425/1
f 768/458/1 767/459/1 799/427/1 800/426/1
f 767/459/1 766/460/1 798/428/1 799/427/1
f 766/460/1 765/461/1 797/429/1 798/428/1
f 765/461/1 764/462/1 796/430/1 797/429/1
f 764/462/1 763/463/1 795/431/1 796/430/1
f 763/463/1 762/464/1 794/432/1 795/431/1
f 762/464/1 761/465/1 793/433/1 794/432/1
f 761/465/1 760/466/1 792/434/1 793/433/1
f 760/466/1 759/467/1 791/435/1 792/434/1
f 759/467/1 758/468/1 790/436/1 791/435/1
f 758/468/1 757/469/1 789/437/1 790/436/1
f 757/469/1 756/470/1 788/438/1 789/437/1
f 756/470/1 755/471/1 787/439/1 788/438/1
f 755/471/1 754/472/1 786/440/1 787/439/1
f 754/472/1 753/473/1 785/441/1 786/440/1
f 753/473/1 752/474/1 784/442/1 785/441/1
f 752/474/1 751/475/1 783/443/1 784/442/1
f 751/475/1 750/476/1 782/444/1 783/443/1
f 750/476/1 749/477/1 781/445/1 782/444/1
f 749/477/1 748/478/1 780/446/1 781/445/1
f 748/478/1 747/479/1 779/447/1 780/446/1
f 747/479/1 746/480/1 778/448/1 779/447/1
f 746/480/1 745/481/1 777/449/1 778/448/1
f 745/481/1 744/482/1 776/450/1 777/449/1
f 744/482/1 743/483/1 775/451/1 776/450/1
f 743/483/1 742/484/1 774/452/1 775/451/1
f 742/484/1 741/46/1 773/48/1 774/452/1
f 18/485/1 740/486/1 772/454/1 17/453/1
f 740/486/1 739/487/1 771/455/1 772/454/1
f 739/487/1 738/488/1 770/456/1 771/455/1
f 738/488/1 737/489/1 769/457/1 770/456/1
f 737/489/1 736/490/1 768/458/1 769/457/1
f 736/490/1 735/491/1 767/459/1 768/458/1
f 735/491/1 734/492/1 766/460/1 767/459/1
f 734/492/1 733/493/1 765/461/1 766/460/1
f 733/493/1 732/494/1 764/462/1 765/461/1
f 732/494/1 731/495/1 763/463/1 764/462/1
f 731/495/1 730/496/1 762/464/1 763/463/1
f 730/496/1 729/497/1 761/465/1 762/464/1
f 729/497/1 728/498/1 760/466/1 761/465/1
f 728/498/1 727/499/1 759/467/1 760/466/1
f 727/499/1 726/500/1 758/468/1 759/467/1
f 726/500/1 725/501/1 757/469/1 758/468/1
f 725/501/1 724/502/1 756/470/1 757/469/1
f 724/502/1 723/503/1 755/471/1 756/470/1
f 723/503/1 722/504/1 754/472/1 755/471/1
f 722/504/1 721/505/1 753/473/1 754/472/1
f 721/505/1 720/506/1 752/474/1 753/473/1
f 720/506/1 719/507/1 751/475/1 752/474/1
f 719/507/1 718/508/1 750/476/1 751/475/1
f 718/508/1 717/509/1 749/477/1 750/476/1
f 717/509/1 716/510/1 748/478/1 749/477/1
f 716/510/1 715/511/1 747/479/1 748/478/1
f 715/511/1 714/512/1 746/480/1 747/479/1
f 714/512/1 713/513/1 745/481/1 746/480/1
f 713/513/1 712/514/1 744/482/1 745/481/1
f 712/514/1 711/515/1 743/483/1 744/482/1
f 711/515/1 710/516/1 742/484/1 743/483/1
f 710/516/1 709/44/1 741/46/1 742/484/1
f 19/517/1 708/518/1 740/486/1 18/485/1
f 708/518/1 707/519/1 739/487/1 740/486/1
f 707/519/1 706/520/1 738/488/1 739/487/1
f 706/520/1 705/521/1 737/489/1 738/488/1
f 705/521/1 704/522/1 736/490/1 737/489/1
f 704/522/1 703/523/1 735/491/1 736/490/1
f 703/523/1 702/524/1 734/492/1 735/491/1
f 702/524/1 701/525/1 733/493/1 734/492/1
f 701/525/1 700/526/1 732/494/1 733/493/1
f 700/526/1 699/527/1 731/495/1 732/494/1
f 699/527/1 698/528/1 730/496/1 731/495/1
f 698/528/1 697/529/1 729/497/1 730/496/1
f 697/529/1 696/530/1 728/498/1 729/497/1
f 696/530/1 695/531/1 727/499/1 728/498/1
f 695/531/1 694/532/1 726/500/1 727/499/1
f 694/532/1 693/533/1 725/501/1 726/500/1
f 693/533/1 692/534/1 724/502/1 725/501/1
f 692/534/1 691/535/1 723/503/1 724/502/1
f 691/535/1 690/536/1 722/504/1 723/503/1
f 690/536/1 689/537/1 721/505/1 722/504/1
f 689/537/1 688/538/1 720/506/1 721/505/1
f 688/538/1 687/539/1 719/507/1 720/506/1
f 687/539/1 686/540/1 718/508/1 719/507/1
f 686/540/1 685/541/1 717/509/1 718/508/1
f 685/541/1 684/542/1 716/510/1 717/509/1
f 684/542/1 683/543/1 715/511/1 716/510/1
f 683/543/1 682/544/1 714/512/1 715/511/1
f 682/544/1 681/545/1 713/513/1 714/512/1
f 681/545/1 680/546/1 712/514/1 713/513/1
f 680/546/1 679/547/1 711/515/1 712/514/1
f 679/547/1 678/548/1 710/516/1 711/515/1
f 678/548/1 677/42/1 709/44/1 710/516/1
f 20/549/1 676/550/1 708/518/1 19/517/1
f 676/550/1 675/551/1 707/519/1 708/518/1
f 675/551/1 674/552/1 706/520/1 707/519/1
f 674/552/1 673/553/1 705/521/1 706/520/1
f 673/553/1 672/554/1 704/522/1 705/521/1
f 672/554/1 671/555/1 703/523/1 704/522/1
f 671/555/1 670/556/1 702/524/1 703/523/1
f 670/556/1 669/557/1 701/525/1 702/524/1
f 669/557/1 668/558/1 700/526/1 701/525/1
f 668/558/1 667/559/1 699/527/1 700/526/1
f 667/559/1 666/560/1 698/528/1 699/527/1
f 666/560/1 665/561/1 697/529/1 698/528/1
f 665/561/1 664/562/1 696/530/1 697/529/1
f 664/562/1 663/563/1 695/531/1 696/530/1
f 663/563/1 662/564/1 694/532/1 695/531/1
f 662/564/1 661/565/1 693/533/1 694/532/1
f 661/565/1 660/566/1 692/534/1 693/533/1
f 660/566/1 659/567/1 691/535/1 692/534/1
f 659/567/1 658/568/1 690/536/1 691/535/1
f 658/568/1 657/569/1 689/537/1 690/536/1
f 657/569/1 656/570/1 688/538/1 689/537/1
f 656/570/1 655/571/1 687/539/1 688/538/1
f 655/571/1 654/572/1 686/540/1 687/539/1
f 654/572/1 653/573/1 685/541/1 686/540/1
f 653/573/1 652/574/1 684/542/1 685/541/1
f 652/574/1 651/575/1 683/543/1 684/542/1
f 651/575/1 650/576/1 682/544/1 683/543/1
f 650/576/1 649/577/1 681/545/1 682/544/1
f 649/577/1 648/578/1 680/546/1 681/545/1
f 648/578/1 647/579/1 679/547/1 680/546/1
f 647/579/1 646/580/1 678/548/1 679/547/1
f 646/580/1 645/40/1 677/42/1 678/548/1
f 21/581/1 644/582/1 676/550/1 20/549/1
f 644/582/1 643/583/1 675/551/1 676/550/1
f 643/583/1 642/584/1 674/552/1 675/551/1
f 642/584/1 641/585/1 673/553/1 674/552/1
f 641/585/1 640/586/1 672/554/1 673/553/1
f 640/586/1 639/587/1 671/555/1 672/554/1
f 639/587/1 638/588/1 670/556/1 671/555/1
f 638/588/1 637/589/1 669/557/1 670/556/1
f 637/589/1 636/590/1 668/558/1 669/557/1
f 636/590/1 635/591/1 667/559/1 668/558/1
f 635/591/1 634/592/1 666/560/1 667/559/1
f 634/592/1 633/593/1 665/561/1 666/560/1
f 633/593/1 632/594/1 664/562/1 665/561/1
f 632/594/1 631/595/1 663/563/1 664/562/1
f 631/595/1 630/596/1 662/564/1 663/563/1
f 630/596/1 629/597/1 661/565/1 662/564/1
f 629/597/1 628/598/1 660/566/1 661/565/1
f 628/598/1 627/599/1 659/567/1 660/566/1
f 627/599/1 626/600/1 658/568/1 659/567/1
f 626/600/1 625/601/1 657/569/1 658/568/1
f 625/601/1 624/602/1 656/570/1 657/569/1
f 624/602/1 623/603/1 655/571/1 656/570/1
f 623/603/1 622/604/1 654/572/1 655/571/1
f 622/604/1 621/605/1 653/573/1 654/572/1
f 621/605/1 620/606/1 652/574/1 653/573/1
f 620/606/1 619/607/1 651/575/1 652/574/1
f 619/607/1 618/608/1 650/576/1 651/575/1
f 618/608/1 617/609/1 649/577/1 650/576/1
f 617/609/1 616/610/1 648/578/1 649/577/1
f 616/610/1 615/611/1 647/579/1 648/578/1
f 615/611/1 614/612/1 646/580/1 647/579/1
f 614/612/1 613/38/1 645/40/1 646/580/1
f 22/613/1 612/614/1 644/582/1 21/581/1
f 612/614/1 611/615/1 643/583/1 644/582/1
f 611/615/1 610/616/1 642/584/1 643/583/1
f 610/616/1 609/617/1 641/585/1 642/584/1
f 609/617/1 608/618/1 640/586/1 641/585/1
f 608/618/1 607/619/1 639/587/1 640/586/1
f 607/619/1 606/620/1 638/588/1 639/587/1
f 606/620/1 605/621/1 637/589/1 638/588/1
f 605/621/1 604/622/1 636/590/1 637/589/1
f 604/622/1 603/623/1 635/591/1 636/590/1
f 603/623/1 602/624/1 634/592/1 635/591/1
f 602/624/1 601/625/1 633/593/1 634/592/1
f 601/625/1 600/626/1 632/594/1 633/593/1
f 600/626/1 599/627/1 631/595/1 632/594/1
f 599/627/1 598/628/1 630/596/1 631/595/1
f 598/628/1 597/629/1 629/597/1 630/596/1
f 597/629/1 596/630/1 628/598/1 629/597/1
f 596/630/1 595/631/1 627/599/1 628/598/1
f 595/631/1 594/632/1 626/600/1 627/599/1
f 594/632/1 593/633/1 625/601/1 626/600/1
f 593/633/1 592/634/1 624/602/1 625/601/1
f 592/634/1 591/635/1 623/603/1 624/602/1
f 591/635/1 590/636/1 622/604/1 623/603/1
f 590/636/1 589/637/1 621/605/1 622/604/1
f 589/637/1 588/638/1 620/606/1 621/605/1
f 588/638/1 587/639/1 619/607/1 620/606/1
f 587/639/1 586/640/1 618/608/1 619/607/1
f 586/640/1 585/641/1 617/609/1 618/608/1
f 585/641/1 584/642/1 616/610/1 617/609/1
f 584/642/1 583/643/1 615/611/1 616/610/1
f 583/643/1 582/644/1 614/612/1 615/611/1
f 582/644/1 581/36/1 613/38/1 614/612/1
f 23/645/1 580/646/1 612/614/1 22/613/1
f 580/646/1 579/647/1 611/615/1 612/614/1
f 579/647/1 578/648/1 610/616/1 611/615/1
f 578/648/1 577/649/1 609/617/1 610/616/1
f 577/649/1 576/650/1 608/618/1 609/617/1
f 576/650/1 575/651/1 607/619/1 608/618/1
f 575/651/1 574/652/1 606/620/1 607/619/1
f 574/652/1 573/653/1 605/621/1 606/620/1
f 573/653/1 572/654/1 604/622/1 605/621/1
f 572/654/1 571/655/1 603/623/1 604/622/1
f 571/655/1 570/656/1 602/624/1 603/623/1
f 570/656/1 569/657/1 601/625/1 602/624/1
f 569/657/1 568/658/1 600/626/1 601/625/1
f 568/658/1 567/659/1 599/627/1 600/626/1
f 567/659/1 566/660/1 598/628/1 599/627/1
f 566/660/1 565/661/1 597/629/1 598/628/1
f 565/661/1 564/662/1 596/630/1 597/629/1
f 564/662/1 563/663/1 595/631/1 596/630/1
f 563/663/1 562/664/1 594/632/1 595/631/1
f 562/664/1 561/665/1 593/633/1 594/632/1
f 561/665/1 560/666/1 592/634/1 593/633/1
f 560/666/1 559/667/1 591/635/1 592/634/1
f 559/667/1 558/668/1 590/636/1 591/635/1
f 558/668/1 557/669/1 589/637/1 590/636/1
f 557/669/1 556/670/1 588/638/1 589/637/1
f 556/670/1 555/671/1 587/639/1 588/638/1
f 555/671/1 554/672/1 586/640/1 587/639/1
f 554/672/1 553/673/1 585/641/1 586/640/1
f 553/673/1 552/674/1 584/642/1 585/641/1
f 552/674/1 551/675/1 583/643/1 584/642/1
f 551/675/1 550/676/1 582/644/1 583/643/1
f 550/676/1 549/34/1 581/36/1 582/644/1
f 24/677/1 548/678/1 580/646/1 23/645/1
f 548/678/1 547/679/1 579/647/1 580/646/1
f 547/679/1 546/680/1 578/648/1 579/647/1
f 546/680/1 545/681/1 577/649/1 578/648/1
f 545/681/1 544/682/1 576/650/1 577/649/1
f 544/682/1 543/683/1 575/651/1 576/650/1
f 543/683/1 542/684/1 574/652/1 575/651/1
f 542/684/1 541/685/1 573/653/1 574/652/1
f 541/685/1 540/686/1 572/654/1 573/653/1
f 540/686/1 539/687/1 571/655/1 572/654/1
f 539/687/1 538/688/1 570/656/1 571/655/1
f 538/688/1 537/689/1 569/657/1 570/656/1
f 537/689/1 536/690/1 568/658/1 569/657/1
f 536/690/1 535/691/1 567/659/1 568/658/1
f 535/691/1 534/692/1 566/660/1 567/659/1
f 534/692/1 533/693/1 565/661/1 566/660/1
f 533/693/1 532/694/1 564/662/1 565/661/1
f 532/694/1 531/695/1 563/663/1 564/662/1
f 531/695/1 530/696/1 562/664/1 563/663/1
f 530/696/1 529/697/1 561/665/1 562/664/1
f 529/697/1 528/698/1 560/666/1 561/665/1
f 528/698/1 527/699/1 559/667/1 560/666/1
f 527/699/1 526/700/1 558/668/1 559/667/1
f 526/700/1 525/701/1 557/669/1 558/668/1
f 525/701/1 524/702/1 556/670/1 557/669/1
f 524/702/1 523/703/1 555/671/1 556/670/1
f 523/703/1 522/704/1 554/672/1 555/671/1
f 522/704/1 521/705/1 553/673/1 554/672/1
f 521/705/1 520/706/1 552/674/1 553/673/1
f 520/706/1 519/707/1 551/675/1 552/674/1
f 519/707/1 518/708/1 550/676/1 551/675/1
f 518/708/1 517/32/1 549/34/1 550/676/1
f 25/709/1 516/710/1 548/678/1 24/677/1
f 516/710/1 515/711/1 547/679/1 548/678/1
f 515/711/1 514/712/1 546/680/1 547/679/1
f 514/712/1 513/713/1 545/681/1 546/680/1
f 513/713/1 512/714/1 544/682/1 545/681/1
f 512/714/1 511/715/1 543/683/1 544/682/1
f 511/715/1 510/716/1 542/684/1 543/683/1
f 510/716/1 509/717/1 541/685/1 542/684/1
f 509/717/1 508/718/1 540/686/1 541/685/1
f 508/718/1 507/719/1 539/687/1 540/686/1
f 507/719/1 506/720/1 538/688/1 539/687/1
f 506/720/1 505/721/1 537/689/1 538/688/1
f 505/721/1 504/722/1 536/690/1 537/689/1
f 504/722/1 503/723/1 535/691/1 536/690/1
f 503/723/1 502/724/1 534/692/1 535/691/1
f 502/724/1 501/725/1 533/693/1 534/692/1
f 501/725/1 500/726/1 532/694/1 533/693/1
f 500/726/1 499/727/1 531/695/1 532/694/1
f 499/727/1 498/728/1 530/696/1 531/695/1
f 498/728/1 497/729/1 529/697/1 530/696/1
f 497/729/1 496/730/1 528/698/1 529/697/1
f 496/730/1 495/731/1 527/699/1 528/698/1
f 495/731/1 494/732/1 526/700/1 527/699/1
f 494/732/1 493/733/1 525/701/1 526/700/1
f 493/733/1 492/734/1 524/702/1 525/701/1
f 492/734/1 491/735/1 523/703/1 524/702/1
f 491/735/1 490/736/1 522/704/1 523/703/1
f 490/736/1 489/737/1 521/705/1 522/704/1
f 489/737/1 488/738/1 520/706/1 521/705/1
f 488/738/1 487/739/1 519/707/1 520/706/1
f 487/739/1 486/740/1 518/708/1 519/707/1
f 486/740/1 485/30/1 517/32/1 518/708/1
f 26/741/1 484/742/1 516/710/1 25/709/1
f 484/742/1 483/743/1 515/711/1 516/710/1
f 483/743/1 482/744/1 514/712/1 515/711/1
f 482/744/1 481/745/1 513/713/1 514/712/1
f 481/745/1 480/746/1 512/714/1 513/713/1
f 480/746/1 479/747/1 511/715/1 512/714/1
f 479/747/1 478/748/1 510/716/1 511/715/1
f 478/748/1 477/749/1 509/717/1 510/716/1
f 477/749/1 476/750/1 508/718/1 509/717/1
f 476/750/1 475/751/1 507/719/1 508/718/1
f 475/751/1 474/752/1 506/720/1 507/719/1
f 474/752/1 473/753/1 505/721/1 506/720/1
f 473/753/1 472/754/1 504/722/1 505/721/1
f 472/754/1 471/755/1 503/723/1 504/722/1
f 471/755/1 470/756/1 502/724/1 503/723/1
f 470/756/1 469/757/1 501/725/1 502/724/1
f 469/757/1 468/758/1 500/726/1 501/725/1
f 468/758/1 467/759/1 499/727/1 500/726/1
f 467/759/1 466/760/1 498/728/1 499/727/1
f 466/760/1 465/761/1 497/729/1 498/728/1
f 465/761/1 464/762/1 496/730/1 497/729/1
f 464/762/1 463/763/1 495/731/1 496/730/1
f 463/763/1 462/764/1 494/732/1 495/731/1
f 462/764/1 461/765/1 493/733/1 494/732/1
f 461/765/1 460/766/1 492/734/1 493/733/1
f 460/766/1 459/767/1 491/735/1 492/734/1
f 459/767/1 458/768/1 490/736/1 491/735/1
f 458/768/1 457/769/1 489/737/1 490/736/1
f 457/769/1 456/770/1 488/738/1 489/737/1
f 456/770/1 455/771/1 487/739/1 488/738/1
f 455/771/1 454/772/1 486/740/1 487/739/1
f 454/772/1 453/28/1 485/30/1 486/740/1
f 27/773/1 452/774/1 484/742/1 26/741/1
f 452/774/1 451/775/1 483/743/1 484/742/1
f 451/775/1 450/776/1 482/744/1 483/743/1
f 450/776/1 449/777/1 481/745/1 482/744/1
f 449/777/1 448/778/1 480/746/1 481/745/1
f 448/778/1 447/779/1 479/747/1 480/746/1
f 447/779/1 446/780/1 478/748/1 479/747/1
f 446/780/1 445/781/1 477/749/1 478/748/1
f 445/781/1 444/782/1 476/750/1 477/749/1
f 444/782/1 443/783/1 475/751/1 476/750/1
f 443/783/1 442/784/1 474/752/1 475/751/1
f 442/784/1 441/785/1 473/753/1 474/752/1
f 441/785/1 440/786/1 472/754/1 473/753/1
f 440/786/1 439/787/1 471/755/1 472/754/1
f 439/787/1 438/788/1 470/756/1 471/755/1
f 438/788/1 437/789/1 469/757/1 470/756/1
f 437/789/1 436/790/1 468/758/1 469/757/1
f 436/790/1 435/791/1 467/759/1 468/758/1
f 435/791/1 434/792/1 466/760/1 467/759/1
f 434/792/1 433/793/1 465/761/1 466/760/1
f 433/793/1 432/794/1 464/762/1 465/761/1
f 432/794/1 431/795/1 463/763/1 464/762/1
f 431/795/1 430/796/1 462/764/1 463/763/1
f 430/796/1 429/797/1 461/765/1 462/764/1
f 429/797/1 428/798/1 460/766/1 461/765/1
f 428/798/1 427/799/1 459/767/1 460/766/1
f 427/799/1 426/800/1 458/768/1 459/767/1
f 426/800/1 425/801/1 457/769/1 458/768/1
f 425/801/1 424/802/1 456/770/1 457/769/1
f 424/802/1 423/803/1 455/771/1 456/770/1
f 423/803/1 422/804/1 454/772/1 455/771/1
f 422/804/1 421/26/1 453/28/1 454/772/1
f 28/805/1 420/806/1 452/774/1 27/773/1
f 420/806/1 419/807/1 451/775/1 452/774/1
f 419/807/1 418/808/1 450/776/1 451/775/1
f 418/808/1 417/809/1 449/777/1 450/776/1
f 417/809/1 416/810/1 448/778/1 449/777/1
f 416/810/1 415/811/1 447/779/1 448/778/1
f 415/811/1 414/812/1 446/780/1 447/779/1
f 414/812/1 413/813/1 445/781/1 446/780/1
f 413/813/1 412/814/1 444/782/1 445/781/1
f 412/814/1 411/815/1 443/783/1 444/782/1
f 411/815/1 410/816/1 442/784/1 443/783/1
f 410/816/1 409/817/1 441/785/1 442/784/1
f 409/817/1 408/818/1 440/786/1 441/785/1
f 408/818/1 407/819/1 439/787/1 440/786/1
f 407/819/1 406/820/1 438/788/1 439/787/1
f 406/820/1 405/821/1 437/789/1 438/788/1
f 405/821/1 404/822/1 436/790/1 437/789/1
f 404/822/1 403/823/1 435/791/1 436/790/1
f 403/823/1 402/824/1 434/792/1 435/791/1
f 402/824/1 401/825/1 433/793/1 434/792/1
f 401/825/1 400/826/1 432/794/1 433/793/1
f 400/826/1 399/827/1 431/795/1 432/794/1
f 399/827/1 398/828/1 430/796/1 431/795/1
f 398/828/1 397/829/1 429/797/1 430/796/1
f 397/829/1 396/830/1 428/798/1 429/797/1
f 396/830/1 395/831/1 427/799/1 428/798/1
f 395/831/1 394/832/1 426/800/1 427/799/1
f 394/832/1 393/833/1 425/801/1 426/800/1
f 393/833/1 392/834/1 424/802/1 425/801/1
f 392/834/1 391/835/1 423/803/1 424/802/1
f 391/835/1 390/836/1 422/804/1 423/803/1
f 390/836/1 389/24/1 421/26/1 422/804/1
f 29/837/1 388/838/1 420/806/1 28/805/1
f 388/838/1 387/839/1 419/807/1 420/806/1
f 387/839/1 386/840/1 418/808/1 419/807/1
f 386/840/1 385/841/1 417/809/1 418/808/1
f 385/841/1 384/842/1 416/810/1 417/809/1
f 384/842/1 383/843/1 415/811/1 416/810/1
f 383/843/1 382/844/1 414/812/1 415/811/1
f 382/844/1 381/845/1 413/813/1 414/812/1
f 381/845/1 380/846/1 412/814/1 413/813/1
f 380/846/1 379/847/1 411/815/1 412/814/1
f 379/847/1 378/848/1 410/816/1 411/815/1
f 378/848/1 377/849/1 409/817/1 410/816/1
f 377/849/1 376/850/1 408/818/1 409/817/1
f 376/850/1 375/851/1 407/819/1 408/818/1
f 375/851/1 374/852/1 406/820/1 407/819/1
f 374/852/1 373/853/1 405/821/1 406/820/1
f 373/853/1 372/854/1 404/822/1 405/821/1
f 372/854/1 371/855/1 403/823/1 404/822/1
f 371/855/1 370/856/1 402/824/1 403/823/1
f 370/856/1 369/857/1 401/825/1 402/824/1
f 369/857/1 368/858/1 400/826/1 401/825/1
f 368/858/1 367/859/1 399/827/1 400/826/1
f 367/859/1 366/860/1 398/828/1 399/827/1
f 366/860/1 365/861/1 397/829/1 398/828/1
f 365/861/1 364/862/1 396/830/1 397/829/1
f 364/862/1 363/863/1 395/831/1 396/830/1
f 363/863/1 362/864/1 394/832/1 395/831/1
f 362/864/1 361/865/1 393/833/1 394/832/1
f 361/865/1 360/866/1 392/834/1 393/833/1
f 360/866/1 359/867/1 391/835/1 392/834/1
f 359/867/1 358/868/1 390/836/1 391/835/1
f 358/868/1 357/22/1 389/24/1 390/836/1
f 30/869/1 356/870/1 388/838/1 29/837/1
f 356/870/1 355/871/1 387/839/1 388/838/1
f 355/871/1 354/872/1 386/840/1 387/839/1
f 354/872/1 353/873/1 385/841/1 386/840/1
f 353/873/1 352/874/1 384/842/1 385/841/1
f 352/874/1 351/875/1 383/843/1 384/842/1
f 351/875/1 350/876/1 382/844/1 383/843/1
f 350/876/1 349/877/1 381/845/1 382/844/1
f 349/877/1 348/878/1 380/846/1 381/845/1
f 348/878/1 347/879/1 379/847/1 380/846/1
f 347/879/1 346/880/1 378/848/1 379/847/1
f 346/880/1 345/881/1 377/849/1 378/848/1
f 345/881/1 344/882/1 376/850/1 377/849/1
f 344/882/1 343/883/1 375/851/1 376/850/1
f 343/883/1 342/884/1 374/852/1 375/851/1
f 342/884/1 341/885/1 373/853/1 374/852/1
f 341/885/1 340/886/1 372/854/1 373/853/1
f 340/886/1 339/887/1 371/855/1 372/854/1
f 339/887/1 338/888/1 370/856/1 371/855/1
f 338/888/1 337/889/1 369/857/1 370/856/1
f 337/889/1 336/890/1 368/858/1 369/857/1
f 336/890/1 335/891/1 367/859/1 368/858/1
f 335/891/1 334/892/1 366/860/1 367/859/1
f 334/892/1 333/893/1 365/861/1 366/860/1
f 333/893/1 332/894/1 364/862/1 365/861/1
f 332/894/1 331/895/1 363/863/1 364/862/1
f 331/895/1 330/896/1 362/864/1 363/863/1
f 330/896/1 329/897/1 361/865/1 362/864/1
f 329/897/1 328/898/1 360/866/1 361/865/1
f 328/898/1 327/899/1 359/867/1 360/866/1
f 327/899/1 326/900/1 358/868/1 359/867/1
f 326/900/1 325/20/1 357/22/1 358/868/1
f 31/901/1 324/902/1 356/870/1 30/869/1
f 324/902/1 323/903/1 355/871/1 356/870/1
f 323/903/1 322/904/1 354/872/1 355/871/1
f 322/904/1 321/905/1 353/873/1 354/872/1
f 321/905/1 320/906/1 352/874/1 353/873/1
f 320/906/1 319/907/1 351/875/1 352/874/1
f 319/907/1 318/908/1 350/876/1 351/875/1
f 318/908/1 317/909/1 349/877/1 350/876/1
f 317/909/1 316/910/1 348/878/1 349/877/1
f 316/910/1 315/911/1 347/879/1 348/878/1
f 315/911/1 314/912/1 346/880/1 347/879/1
f 314/912/1 313/913/1 345/881/1 346/880/1
f 313/913/1 312/914/1 344/882/1 345/881/1
f 312/914/1 311/915/1 343/883/1 344/882/1
f 311/915/1 310/916/1 342/884/1 343/883/1
f 310/916/1 309/917/1 341/885/1 342/884/1
f 309/917/1 308/918/1 340/886/1 341/885/1
f 308/918/1 307/919/1 339/887/1 340/886/1
f 307/919/1 306/920/1 338/888/1 339/887/1
f 306/920/1 305/921/1 337/889/1 338/888/1
f 305/921/1 304/922/1 336/890/1 337/889/1
f 304/922/1 303/923/1 335/891/1 336/890/1
f 303/923/1 302/924/1 334/892/1 335/891/1
f 302/924/1 301/925/1 333/893/1 334/892/1
f 301/925/1 300/926/1 332/894/1 333/893/1
f 300/926/1 299/927/1 331/895/1 332/894/1
f 299/927/1 298/928/1 330/896/1 331/895/1
f 298/928/1 297/929/1 329/897/1 330/896/1
f 297/929/1 296/930/1 328/898/1 329/897/1
f 296/930/1 295/931/1 327/899/1 328/898/1
f 295/931/1 294/932/1 326/900/1 327/899/1
f 294/932/1 293/18/1 325/20/1 326/900/1
f 32/933/1 292/934/1 324/902/1 31/901/1
f 292/934/1 291/935/1 323/903/1 324/902/1
f 291/935/1 290/936/1 322/904/1 323/903/1
f 290/936/1 289/937/1 321/905/1 322/904/1
f 289/937/1 288/938/1 320/906/1 321/905/1
f 288/938/1 287/939/1 319/907/1 320/906/1
f 287/939/1 286/940/1 318/908/1 319/907/1
f 286/940/1 285/941/1 317/909/1 318/908/1
f 285/941/1 284/942/1 316/910/1 317/909/1
f 284/942/1 283/943/1 315/911/1 316/910/1
f 283/943/1 282/944/1 314/912/1 315/911/1
f 282/944/1 281/945/1 313/913/1 314/912/1
f 281/945/1 280/946/1 312/914/1 313/913/1
f 280/946/1 279/947/1 311/915/1 312/914/1
f 279/947/1 278/948/1 310/916/1 311/915/1
f 278/948/1 277/949/1 309/917/1 310/916/1
f 277/949/1 276/950/1 308/918/1 309/917/1
f 276/950/1 275/951/1 307/919/1 308/918/1
f 275/951/1 274/952/1 306/920/1 307/919/1
f 274/952/1 273/953/1 305/921/1 306/920/1
f 273/953/1 272/954/1 304/922/1 305/921/1
f 272/954/1 271/955/1 303/923/1 304/922/1
f 271/955/1 270/956/1 302/924/1 303/923/1
f 270/956/1 269/957/1 301/925/1 302/924/1
f 269/957/1 268/958/1 300/926/1 301/925/1
f 268/958/1 267/959/1 299/927/1 300/926/1
f 267/959/1 266/960/1 298/928/1 299/927/1
f 266/960/1 265/961/1 297/929/1 298/928/1
f 265/961/1 264/962/1 296/930/1 297/929/1
f 264/962/1 263/963/1 295/931/1 296/930/1
f 263/963/1 262/964/1 294/932/1 295/931/1
f 262/964/1 261/16/1 293/18/1 294/932/1
f 33/965/1 260/966/1 292/934/1 32/933/1
f 260/966/1 259/967/1 291/935/1 292/934/1
f 259/967/1 258/968/1 290/936/1 291/935/1
f 258/968/1 257/969/1 289/937/1 290/936/1
f 257/969/1 256/970/1 288/938/1 289/937/1
f 256/970/1 255/971/1 287/939/1 288/938/1
f 255/971/1 254/972/1 286/940/1 287/939/1
f 254/972/1 253/973/1 285/941/1 286/940/1
f 253/973/1 252/974/1 284/942/1 285/941/1
f 252/974/1 251/975/1 283/943/1 284/942/1
f 251/975/1 250/976/1 282/944/1 283/943/1
f 250/976/1 249/977/1 281/945/1 282/944/1
f 249/977/1 248/978/1 280/946/1 281/945/1
f 248/978/1 247/979/1 279/947/1 280/946/1
f 247/979/1 246/980/1 278/948/1 279/947/1
f 246/980/1 245/981/1 277/949/1 278/948/1
f 245/981/1 244/982/1 276/950/1 277/949/1
f 244/982/1 243/983/1 275/951/1 276/950/1
f 243/983/1 242/984/1 274/952/1 275/951/1
f 242/984/1 241/985/1 273/953/1 274/952/1
f 241/985/1 240/986/1 272/954/1 273/953/1
f 240/986/1 239/987/1 271/955/1 272/954/1
f 239/987/1 238/988/1 270/956/1 271/955/1
f 238/988/1 237/989/1 269/957/1 270/956/1
f 237/989/1 236/990/1 268/958/1 269/957/1
f 236/990/1 235/991/1 267/959/1 268/958/1
f 235/991/1 234/992/1 266/960/1 267/959/1
f 234/992/1 233/993/1 265/961/1 266/960/1
f 233/993/1 232/994/1 264/962/1 265/961/1
f 232/994/1 231/995/1 263/963/1 264/962/1
f 231/995/1 230/996/1 262/964/1 263/963/1
f 230/996/1 229/14/1 261/16/1 262/964/1
f 34/997/1 228/998/1 260/966/1 33/965/1
f 228/998/1 227/999/1 259/967/1 260/966/1
f 227/999/1 226/1000/1 258/968/1 259/967/1
f 226/1000/1 225/1001/1 257/969/1 258/968/1
f 225/1001/1 224/1002/1 256/970/1 257/969/1
f 224/1002/1 223/1003/1 255/971/1 256/970/1
f 223/1003/1 222/1004/1 254/972/1 255/971/1
f 222/1004/1 221/1005/1 253/973/1 254/972/1
f 221/1005/1 220/1006/1 252/974/1 253/973/1
f 220/1006/1 219/1007/1 251/975/1 252/974/1
f 219/1007/1 218/1008/1 250/976/1 251/975/1
f 218/1008/1 217/1009/1 249/977/1 250/976/1
f 217/1009/1 216/1010/1 248/978/1 249/977/1
f 216/1010/1 215/1011/1 247/979/1 248/978/1
f 215/1011/1 214/1012/1 246/980/1 247/979/1
f 214/1012/1 213/1013/1 245/981/1 246/980/1
f 213/1013/1 212/1014/1 244/982/1 245/981/1
f 212/1014/1 211/1015/1 243/983/1 244/982/1
f 211/1015/1 210/1016/1 242/984/1 243/983/1
f 210/1016/1 209/1017/1 241/985/1 242/984/1
f 209/1017/1 208/1018/1 240/986/1 241/985/1
f 208/1018/1 207/1019/1 239/987/1 240/986/1
f 207/1019/1 206/1020/1 238/988/1 239/987/1
f 206/1020/1 205/1021/1 237/989/1 238/988/1
f 205/1021/1 204/1022/1 236/990/1 237/989/1
f 204/1022/1 203/1023/1 235/991/1 236/990/1
f 203/1023/1 202/1024/1 234/992/1 235/991/1
f 202/1024/1 201/1025/1 233/993/1 234/992/1
f 201/1025/1 200/1026/1 232/994/1 233/993/1
f 200/1026/1 199/1027/1 231/995/1 232/994/1
f 199/1027/1 198/1028/1 230/996/1 231/995/1
f 198/1028/1 197/12/1 229/14/1 230/996/1
f 35/1029/1 196/1030/1 228/998/1 34/997/1
f 196/1030/1 195/1031/1 227/999/1 228/998/1
f 195/1031/1 194/1032/1 226/1000/1 227/999/1
f 194/1032/1 193/1033/1 225/1001/1 226/1000/1
f 193/1033/1 192/1034/1 224/1002/1 225/1001/1
f 192/1034/1 191/1035/1 223/1003/1 224/1002/1
f 191/1035/1 190/1036/1 222/1004/1 223/1003/1
f 190/1036/1 189/1037/1 221/1005/1 222/1004/1
f 189/1037/1 188/1038/1 220/1006/1 221/1005/1
f 188/1038/1 187/1039/1 219/1007/1 220/1006/1
f 187/1039/1 186/1040/1 218/1008/1 219/1007/1
f 186/1040/1 185/1041/1 217/1009/1 218/1008/1
f 185/1041/1 184/1042/1 216/1010/1 217/1009/1
f 184/1042/1 183/1043/1 215/1011/1 216/1010/1
f 183/1043/1 182/1044/1 214/1012/1 215/1011/1
f 182/1044/1 181/1045/1 213/1013/1 214/1012/1
f 181/1045/1 180/1046/1 212/1014/1 213/1013/1
f 180/1046/1 179/1047/1 211/1015/1 212/1014/1
f 179/1047/1 178/1048/1 210/1016/1 211/1015/1
f 178/1048/1 177/1049/1 209/1017/1 210/1016/1
f 177/1049/1 176/1050/1 208/1018/1 209/1017/1
f 176/1050/1 175/1051/1 207/1019/1 208/1018/1
f 175/1051/1 174/1052/1 206/1020/1 207/1019/1
f 174/1052/1 173/1053/1 205/1021/1 206/1020/1
f 173/1053/1 172/1054/1 204/1022/1 205/1021/1
f 172/1054/1 171/1055/1 203/1023/1 204/1022/1
f 171/1055/1 170/1056/1 202/1024/1 203/1023/1
f 170/1056/1 169/1057/1 201/1025/1 202/1024/1
f 169/1057/1 168/1058/1 200/1026/1 201/1025/1
f 168/1058/1 167/1059/1 199/1027/1 200/1026/1
f 167/1059/1 166/1060/1 198/1028/1 199/1027/1
f 166/1060/1 165/10/1 197/12/1 198/1028/1
f 36/1061/1 164/1062/1 196/1030/1 35/1029/1
f 164/1062/1 163/1063/1 195/1031/1 196/1030/1
f 163/1063/1 162/1064/1 194/1032/1 195/1031/1
f 162/1064/1 161/1065/1 193/1033/1 194/1032/1
f 161/1065/1 160/1066/1 192/1034/1 193/1033/1
f 160/1066/1 159/1067/1 191/1035/1 192/1034/1
f 159/1067/1 158/1068/1 190/1036/1 191/1035/1
f 158/1068/1 157/1069/1 189/1037/1 190/1036/1
f 157/1069/1 156/1070/1 188/1038/1 189/1037/1
f 156/1070/1 155/1071/1 187/1039/1 188/1038/1
f 155/1071/1 154/1072/1 186/1040/1 187/1039/1
f 154/1072/1 153/1073/1 185/1041/1 186/1040/1
f 153/1073/1 152/1074/1 184/1042/1 185/1041/1
f 152/1074/1 151/1075/1 183/1043/1 184/1042/1
f 151/1075/1 150/1076/1 182/1044/1 183/1043/1
f 150/1076/1 149/1077/1 181/1045/1 182/1044/1
f 149/1077/1 148/1078/1 180/1046/1 181/1045/1
f 148/1078/1 147/1079/1 179/1047/1 180/1046/1
f 147/1079/1 146/1080/1 178/1048/1 179/1047/1
f 146/1080/1 145/1081/1 177/1049/1 178/1048/1
f 145/1081/1 144/1082/1 176/1050/1 177/1049/1
f 144/1082/1 143/1083/1 175/1051/1 176/1050/1
f 143/1083/1 142/1084/1 174/1052/1 175/1051/1
f 142/1084/1 141/1085/1 173/1053/1 174/1052/1
f 141/1085/1 140/1086/1 172/1054/1 173/1053/1
f 140/1086/1 139/1087/1 171/1055/1 172/1054/1
f 139/1087/1 138/1088/1 170/1056/1 171/1055/1
f 138/1088/1 137/1089/1 169/1057/1 170/1056/1
f 137/1089/1 136/1090/1 168/1058/1 169/1057/1
f 136/1090/1 135/1091/1 167/1059/1 168/1058/1
f 135/1091/1 134/1092/1 166/1060/1 167/1059/1
f 134/1092/1 133/8/1 165/10/1 166/1060/1
f 1/1093/1 69/1094/1 164/1062/1 36/1061/1
f 69/1094/1 70/1095/1 163/1063/1 164/1062/1
f 70/1095/1 71/1096/1 162/1064/1 163/1063/1
f 71/1096/1 72/1097/1 161/1065/1 162/1064/1
f 72/1097/1 73/1098/1 160/1066/1 161/1065/1
f 73/1098/1 74/1099/1 159/1067/1 160/1066/1
f 74/1099/1 75/1100/1 158/1068/1 159/1067/1
f 75/1100/1 76/1101/1 157/1069/1 158/1068/1
f 76/1101/1 77/1102/1 156/1070/1 157/1069/1
f 77/1102/1 78/1103/1 155/1071/1 156/1070/1
f 78/1103/1 79/1104/1 154/1072/1 155/1071/1
f 79/1104/1 80/1105/1 153/1073/1 154/1072/1
f 80/1105/1 81/1106/1 152/1074/1 153/1073/1
f 81/1106/1 82/1107/1 151/1075/1 152/1074/1
f 82/1107/1 83/1108/1 150/1076/1 151/1075/1
f 83/1108/1 84/1109/1 149/1077/1 150/1076/1
f 84/1109/1 85/1110/1 148/1078/1 149/1077/1
f 85/1110/1 86/1111/1 147/1079/1 148/1078/1
f 86/1111/1 87/1112/1 146/1080/1 147/1079/1
f 87/1112/1 88/1113/1 145/1081/1 146/1080/1
f 88/1113/1 89/1114/1 144/1082/1 145/1081/1
f 89/1114/1 90/1115/1 143/1083/1 144/1082/1
f 90/1115/1 91/1116/1 142/1084/1 143/1083/1
f 91/1116/1 92/1117/1 141/1085/1 142/1084/1
f 92/1117/1 93/1118/1 140/1086/1 141/1085/1
f 93/1118/1 94/1119/1 139/1087/1 140/1086/1
f 94/1119/1 95/1120/1 138/1088/1 139/1087/1
f 95/1120/1 96/1121/1 137/1089/1 138/1088/1
f 96/1121/1 97/1122/1 136/1090/1 137/1089/1
f 97/1122/1 98/1123/1 135/1091/1 136/1090/1
f 98/1123/1 99/1124/1 134/1092/1 135/1091/1
f 99/1124/1 100/5/1 133/8/1 134/1092/1
f 5/72/1 1156/71/1 132/1125/1 3/1126/1
f 1156/71/1 1155/74/1 131/1127/1 132/1125/1
f 1155/74/1 1154/76/1 130/1128/1 131/1127/1
f 1154/76/1 1153/78/1 129/1129/1 130/1128/1
f 1153/78/1 1152/80/1 128/1130/1 129/1129/1
f 1152/80/1 1151/82/1 127/1131/1 128/1130/1
f 1151/82/1 1150/84/1 126/1132/1 127/1131/1
f 1150/84/1 1149/86/1 125/1133/1 126/1132/1
f 1149/86/1 1148/88/1 124/1134/1 125/1133/1
f 1148/88/1 1147/90/1 123/1135/1 124/1134/1
f 1147/90/1 1146/92/1 122/1136/1 123/1135/1
f 1146/92/1 1145/94/1 121/1137/1 122/1136/1
f 1145/94/1 1144/96/1 120/1138/1 121/1137/1
f 1144/96/1 1143/98/1 119/1139/1 120/1138/1
f 1143/98/1 1142/100/1 118/1140/1 119/1139/1
f 1142/100/1 1141/102/1 117/1141/1 118/1140/1
f 1141/102/1 1140/104/1 116/1142/1 117/1141/1
f 1140/104/1 1139/106/1 115/1143/1 116/1142/1
f 1139/106/1 1138/108/1 114/1144/1 115/1143/1
f 1138/108/1 1137/110/1 113/1145/1 114/1144/1
f 1137/110/1 1136/112/1 112/1146/1 113/1145/1
f 1136/112/1 1135/114/1 111/1147/1 112/1146/1
f 1135/114/1 1134/116/1 110/1148/1 111/1147/1
f 1134/116/1 1133/118/1 109/1149/1 110/1148/1
f 1133/118/1 1132/120/1 108/1150/1 109/1149/1
f 1132/120/1 1131/122/1 107/1151/1 108/1150/1
f 1131/122/1 1130/124/1 106/1152/1 107/1151/1
f 1130/124/1 1129/126/1 105/1153/1 106/1152/1
f 1129/126/1 1128/128/1 104/1154/1 105/1153/1
f 1128/128/1 1127/130/1 103/1155/1 104/1154/1
f 1127/130/1 1126/132/1 102/1156/1 103/1155/1
f 1126/132/1 1125/1/1 101/4/1 102/1156/1
o 平面.001
v 37.083958 -0.762829 30.538445
v 36.550240 -0.758829 30.405010
v 36.596252 0.700789 30.416513
v 36.570675 0.755405 30.410118
v 36.608688 0.542770 30.419622
v 36.613293 0.389971 30.420773
v 36.650230 0.230296 30.430008
v 36.687927 0.068835 30.439432
v 36.733269 -0.096104 30.450768
v 36.789379 -0.259218 30.464796
v 36.861530 -0.423787 30.491129
v 36.980019 -0.599629 30.512459
v 36.524986 -0.589428 30.405146
v 36.480457 -0.414198 30.387564
v 36.477802 -0.250305 30.386900
v 36.472351 -0.085681 30.385536
v 36.477596 0.076148 30.386848
v 36.485329 0.237328 30.388783
v 36.507915 0.394628 30.394428
v 36.534485 0.550886 30.401072
v 37.217403 -0.906459 30.571806
v 36.731915 -0.677884 30.450428
v 37.352840 0.634778 30.605665
v 37.351158 0.695401 30.605246
v 37.301514 0.485329 30.592834
v 37.245110 0.343944 30.578732
v 37.215488 0.182656 30.571327
v 37.185848 0.019421 30.563917
v 37.161804 -0.150212 30.557905
v 37.148319 -0.322718 30.554533
v 37.148716 -0.504132 30.562927
v 37.187275 -0.713719 30.564274
v 36.775925 -0.513286 30.467882
v 36.804920 -0.333965 30.468681
v 36.867504 -0.183276 30.484327
v 36.927826 -0.030742 30.499409
v 36.996803 0.114732 30.516653
v 37.067787 0.258568 30.534401
v 37.150787 0.392603 30.555151
v 37.237015 0.524006 30.576710
v 37.279579 -1.075909 30.587349
v 36.912209 -0.676807 30.495504
v 37.964237 0.301350 30.758520
v 37.984669 0.358225 30.763628
v 37.862423 0.182521 30.733067
v 37.758827 0.073128 30.707167
v 37.672852 -0.065047 30.685671
v 37.586151 -0.205019 30.663996
v 37.502323 -0.353084 30.643038
v 37.427242 -0.507881 30.624268
v 37.361664 -0.677042 30.616167
v 37.321548 -0.885538 30.597843
v 37.012623 -0.541693 30.527058
v 37.104671 -0.385968 30.543621
v 37.217373 -0.270327 30.571798
v 37.328648 -0.152104 30.599617
v 37.445389 -0.043763 30.628803
v 37.563396 0.062283 30.658306
v 37.688995 0.154609 30.689709
v 37.816635 0.243250 30.721619
vn 0.2425 -0.0000 -0.9701
vn 0.2368 0.0165 -0.9714
vn 0.2447 0.0062 -0.9696
vn 0.2528 -0.0219 -0.9673
vn 0.2438 0.0174 -0.9697
vn 0.2469 0.0047 -0.9690
vn 0.2432 -0.0244 -0.9697
vn 0.2500 0.0157 -0.9681
vn 0.2483 0.0027 -0.9687
vn 0.2343 -0.0229 -0.9719
vt 0.000000 0.888889
vt 1.000000 0.888889
vt 1.000000 1.000000
vt 0.000000 1.000000
vt 0.000000 0.000000
vt 1.000000 0.000000
vt 1.000000 0.111111
vt 0.000000 0.111111
vt 1.000000 0.222222
vt 0.000000 0.222222
vt 1.000000 0.333333
vt 0.000000 0.333333
vt 1.000000 0.444444
vt 0.000000 0.444444
vt 1.000000 0.555556
vt 0.000000 0.555556
vt 1.000000 0.666667
vt 0.000000 0.666667
vt 1.000000 0.777778
vt 0.000000 0.777778
s 0
usemtl マテリアル.107
f 1161/1157/2 1176/1158/2 1160/1159/2 1159/1160/2
f 1157/1161/3 1158/1162/3 1169/1163/3 1168/1164/3
f 1168/1164/4 1169/1163/4 1170/1165/4 1167/1166/4
f 1167/1166/5 1170/1165/5 1171/1167/5 1166/1168/5
f 1166/1168/2 1171/1167/2 1172/1169/2 1165/1170/2
f 1165/1170/2 1172/1169/2 1173/1171/2 1164/1172/2
f 1164/1172/2 1173/1171/2 1174/1173/2 1163/1174/2
f 1163/1174/2 1174/1173/2 1175/1175/2 1162/1176/2
f 1162/1176/2 1175/1175/2 1176/1158/2 1161/1157/2
f 1181/1157/2 1196/1158/2 1180/1159/2 1179/1160/2
f 1177/1161/6 1178/1162/6 1189/1163/6 1188/1164/6
f 1188/1164/7 1189/1163/7 1190/1165/7 1187/1166/7
f 1187/1166/8 1190/1165/8 1191/1167/8 1186/1168/8
f 1186/1168/2 1191/1167/2 1192/1169/2 1185/1170/2
f 1185/1170/2 1192/1169/2 1193/1171/2 1184/1172/2
f 1184/1172/2 1193/1171/2 1194/1173/2 1183/1174/2
f 1183/1174/2 1194/1173/2 1195/1175/2 1182/1176/2
f 1182/1176/2 1195/1175/2 1196/1158/2 1181/1157/2
f 1201/1157/2 1216/1158/2 1200/1159/2 1199/1160/2
f 1197/1161/9 1198/1162/9 1209/1163/9 1208/1164/9
f 1208/1164/10 1209/1163/10 1210/1165/10 1207/1166/10
f 1207/1166/11 1210/1165/11 1211/1167/11 1206/1168/11
f 1206/1168/2 1211/1167/2 1212/1169/2 1205/1170/2
f 1205/1170/2 1212/1169/2 1213/1171/2 1204/1172/2
f 1204/1172/2 1213/1171/2 1214/1173/2 1203/1174/2
f 1203/1174/2 1214/1173/2 1215/1175/2 1202/1176/2
f 1202/1176/2 1215/1175/2 1216/1158/2 1201/1157/2
o 平面.001
v 35.488644 -0.762829 15.545724
v 34.954926 -0.758829 15.412289
v 35.000938 0.700789 15.423793
v 34.975361 0.755405 15.417397
v 35.013374 0.542770 15.426902
v 35.017979 0.389971 15.428053
v 35.054916 0.230296 15.437288
v 35.092613 0.068835 15.446712
v 35.137955 -0.096104 15.458048
v 35.194065 -0.259218 15.472076
v 35.266216 -0.423787 15.498408
v 35.384705 -0.599629 15.519737
v 34.929672 -0.589428 15.412425
v 34.885143 -0.414198 15.394842
v 34.882488 -0.250305 15.394178
v 34.877037 -0.085681 15.392817
v 34.882282 0.076148 15.394128
v 34.890015 0.237328 15.396061
v 34.912601 0.394628 15.401707
v 34.939171 0.550886 15.408351
v 35.622089 -0.906459 15.579084
v 35.136600 -0.677884 15.457708
v 35.757526 0.634778 15.612946
v 35.755844 0.695401 15.612525
v 35.706200 0.485329 15.600113
v 35.649796 0.343944 15.586012
v 35.620174 0.182656 15.578607
v 35.590534 0.019421 15.571196
v 35.566490 -0.150212 15.565185
v 35.553005 -0.322718 15.561813
v 35.553402 -0.504132 15.570207
v 35.591961 -0.713719 15.571553
v 35.180611 -0.513286 15.475161
v 35.209606 -0.333965 15.475961
v 35.272190 -0.183276 15.491608
v 35.332512 -0.030742 15.506688
v 35.401489 0.114732 15.523932
v 35.472473 0.258568 15.541679
v 35.555473 0.392603 15.562430
v 35.641701 0.524006 15.583988
v 35.684265 -1.075909 15.594629
v 35.316895 -0.676807 15.502784
v 36.368923 0.301350 15.765800
v 36.389355 0.358225 15.770907
v 36.267109 0.182521 15.740346
v 36.163513 0.073128 15.714445
v 36.077538 -0.065047 15.692951
v 35.990837 -0.205019 15.671275
v 35.907009 -0.353084 15.650317
v 35.831928 -0.507881 15.631546
v 35.766350 -0.677042 15.623446
v 35.726234 -0.885538 15.605122
v 35.417309 -0.541693 15.534337
v 35.509357 -0.385968 15.550900
v 35.622059 -0.270327 15.579078
v 35.733334 -0.152104 15.606896
v 35.850075 -0.043763 15.636083
v 35.968082 0.062283 15.665586
v 36.093681 0.154609 15.696987
v 36.221321 0.243250 15.728898
vn 0.2425 -0.0000 -0.9701
vn 0.2368 0.0165 -0.9714
vn 0.2447 0.0062 -0.9696
vn 0.2528 -0.0219 -0.9673
vn 0.2438 0.0174 -0.9697
vn 0.2469 0.0047 -0.9690
vn 0.2432 -0.0244 -0.9697
vn 0.2500 0.0157 -0.9681
vn 0.2483 0.0027 -0.9687
vn 0.2343 -0.0229 -0.9719
vt 0.000000 0.888889
vt 1.000000 0.888889
vt 1.000000 1.000000
vt 0.000000 1.000000
vt 0.000000 0.000000
vt 1.000000 0.000000
vt 1.000000 0.111111
vt 0.000000 0.111111
vt 1.000000 0.222222
vt 0.000000 0.222222
vt 1.000000 0.333333
vt 0.000000 0.333333
vt 1.000000 0.444444
vt 0.000000 0.444444
vt 1.000000 0.555556
vt 0.000000 0.555556
vt 1.000000 0.666667
vt 0.000000 0.666667
vt 1.000000 0.777778
vt 0.000000 0.777778
s 0
usemtl マテリアル.107
f 1221/1177/12 1236/1178/12 1220/1179/12 1219/1180/12
f 1217/1181/13 1218/1182/13 1229/1183/13 1228/1184/13
f 1228/1184/14 1229/1183/14 1230/1185/14 1227/1186/14
f 1227/1186/15 1230/1185/15 1231/1187/15 1226/1188/15
f 1226/1188/12 1231/1187/12 1232/1189/12 1225/1190/12
f 1225/1190/12 1232/1189/12 1233/1191/12 1224/1192/12
f 1224/1192/12 1233/1191/12 1234/1193/12 1223/1194/12
f 1223/1194/12 1234/1193/12 1235/1195/12 1222/1196/12
f 1222/1196/12 1235/1195/12 1236/1178/12 1221/1177/12
f 1241/1177/12 1256/1178/12 1240/1179/12 1239/1180/12
f 1237/1181/16 1238/1182/16 1249/1183/16 1248/1184/16
f 1248/1184/17 1249/1183/17 1250/1185/17 1247/1186/17
f 1247/1186/18 1250/1185/18 1251/1187/18 1246/1188/18
f 1246/1188/12 1251/1187/12 1252/1189/12 1245/1190/12
f 1245/1190/12 1252/1189/12 1253/1191/12 1244/1192/12
f 1244/1192/12 1253/1191/12 1254/1193/12 1243/1194/12
f 1243/1194/12 1254/1193/12 1255/1195/12 1242/1196/12
f 1242/1196/12 1255/1195/12 1256/1178/12 1241/1177/12
f 1261/1177/12 1276/1178/12 1260/1179/12 1259/1180/12
f 1257/1181/19 1258/1182/19 1269/1183/19 1268/1184/19
f 1268/1184/20 1269/1183/20 1270/1185/20 1267/1186/20
f 1267/1186/21 1270/1185/21 1271/1187/21 1266/1188/21
f 1266/1188/12 1271/1187/12 1272/1189/12 1265/1190/12
f 1265/1190/12 1272/1189/12 1273/1191/12 1264/1192/12
f 1264/1192/12 1273/1191/12 1274/1193/12 1263/1194/12
f 1263/1194/12 1274/1193/12 1275/1195/12 1262/1196/12
f 1262/1196/12 1275/1195/12 1276/1178/12 1261/1177/12
o 平面.001
v 36.155067 -0.762829 14.107500
v 35.621349 -0.758829 13.974065
v 35.667362 0.700789 13.985569
v 35.641785 0.755405 13.979174
v 35.679798 0.542770 13.988678
v 35.684402 0.389971 13.989829
v 35.721340 0.230296 13.999064
v 35.759037 0.068835 14.008488
v 35.804379 -0.096104 14.019824
v 35.860489 -0.259218 14.033853
v 35.932640 -0.423787 14.060184
v 36.051128 -0.599629 14.081513
v 35.596096 -0.589428 13.974201
v 35.551567 -0.414198 13.956618
v 35.548912 -0.250305 13.955955
v 35.543461 -0.085681 13.954593
v 35.548706 0.076148 13.955904
v 35.556438 0.237328 13.957837
v 35.579025 0.394628 13.963483
v 35.605598 0.550886 13.970127
v 36.288513 -0.906459 14.140861
v 35.803024 -0.677884 14.019485
v 36.423950 0.634778 14.174722
v 36.422268 0.695401 14.174301
v 36.372623 0.485329 14.161889
v 36.316219 0.343944 14.147788
v 36.286598 0.182656 14.140383
v 36.256958 0.019421 14.132972
v 36.232914 -0.150212 14.126961
v 36.219429 -0.322718 14.123590
v 36.219826 -0.504132 14.131983
v 36.258385 -0.713719 14.133329
v 35.847034 -0.513286 14.036937
v 35.876030 -0.333965 14.037737
v 35.938614 -0.183276 14.053384
v 35.998936 -0.030742 14.068464
v 36.067913 0.114732 14.085709
v 36.138897 0.258568 14.103456
v 36.221897 0.392603 14.124207
v 36.308125 0.524006 14.145764
v 36.350689 -1.075909 14.156405
v 35.983318 -0.676807 14.064560
v 37.035347 0.301350 14.327576
v 37.055779 0.358225 14.332684
v 36.933533 0.182521 14.302122
v 36.829937 0.073128 14.276221
v 36.743961 -0.065047 14.254727
v 36.657261 -0.205019 14.233051
v 36.573433 -0.353084 14.212093
v 36.498352 -0.507881 14.193322
v 36.432774 -0.677042 14.185223
v 36.392658 -0.885538 14.166898
v 36.083733 -0.541693 14.096113
v 36.175781 -0.385968 14.112677
v 36.288483 -0.270327 14.140854
v 36.399757 -0.152104 14.168673
v 36.516499 -0.043763 14.197859
v 36.634506 0.062283 14.227363
v 36.760105 0.154609 14.258763
v 36.887745 0.243250 14.290674
vn 0.2425 -0.0000 -0.9701
vn 0.2368 0.0165 -0.9714
vn 0.2447 0.0062 -0.9696
vn 0.2528 -0.0219 -0.9673
vn 0.2438 0.0174 -0.9697
vn 0.2469 0.0047 -0.9690
vn 0.2432 -0.0244 -0.9697
vn 0.2500 0.0157 -0.9681
vn 0.2483 0.0027 -0.9687
vn 0.2343 -0.0229 -0.9719
vt 0.000000 0.888889
vt 1.000000 0.888889
vt 1.000000 1.000000
vt 0.000000 1.000000
vt 0.000000 0.000000
vt 1.000000 0.000000
vt 1.000000 0.111111
vt 0.000000 0.111111
vt 1.000000 0.222222
vt 0.000000 0.222222
vt 1.000000 0.333333
vt 0.000000 0.333333
vt 1.000000 0.444444
vt 0.000000 0.444444
vt 1.000000 0.555556
vt 0.000000 0.555556
vt 1.000000 0.666667
vt 0.000000 0.666667
vt 1.000000 0.777778
vt 0.000000 0.777778
s 0
usemtl マテリアル.107
f 1281/1197/22 1296/1198/22 1280/1199/22 1279/1200/22
f 1277/1201/23 1278/1202/23 1289/1203/23 1288/1204/23
f 1288/1204/24 1289/1203/24 1290/1205/24 1287/1206/24
f 1287/1206/25 1290/1205/25 1291/1207/25 1286/1208/25
f 1286/1208/22 1291/1207/22 1292/1209/22 1285/1210/22
f 1285/1210/22 1292/1209/22 1293/1211/22 1284/1212/22
f 1284/1212/22 1293/1211/22 1294/1213/22 1283/1214/22
f 1283/1214/22 1294/1213/22 1295/1215/22 1282/1216/22
f 1282/1216/22 1295/1215/22 1296/1198/22 1281/1197/22
f 1301/1197/22 1316/1198/22 1300/1199/22 1299/1200/22
f 1297/1201/26 1298/1202/26 1309/1203/26 1308/1204/26
f 1308/1204/27 1309/1203/27 1310/1205/27 1307/1206/27
f 1307/1206/28 1310/1205/28 1311/1207/28 1306/1208/28
f 1306/1208/22 1311/1207/22 1312/1209/22 1305/1210/22
f 1305/1210/22 1312/1209/22 1313/1211/22 1304/1212/22
f 1304/1212/22 1313/1211/22 1314/1213/22 1303/1214/22
f 1303/1214/22 1314/1213/22 1315/1215/22 1302/1216/22
f 1302/1216/22 1315/1215/22 1316/1198/22 1301/1197/22
f 1321/1197/22 1336/1198/22 1320/1199/22 1319/1200/22
f 1317/1201/29 1318/1202/29 1329/1203/29 1328/1204/29
f 1328/1204/30 1329/1203/30 1330/1205/30 1327/1206/30
f 1327/1206/31 1330/1205/31 1331/1207/31 1326/1208/31
f 1326/1208/22 1331/1207/22 1332/1209/22 1325/1210/22
f 1325/1210/22 1332/1209/22 1333/1211/22 1324/1212/22
f 1324/1212/22 1333/1211/22 1334/1213/22 1323/1214/22
f 1323/1214/22 1334/1213/22 1335/1215/22 1322/1216/22
f 1322/1216/22 1335/1215/22 1336/1198/22 1321/1197/22
o 平面.001
v 37.083958 -0.762829 8.114201
v 36.550240 -0.758829 7.980765
v 36.596252 0.700789 7.992270
v 36.570675 0.755405 7.985874
v 36.608688 0.542770 7.995378
v 36.613293 0.389971 7.996529
v 36.650230 0.230296 8.005765
v 36.687927 0.068835 8.015188
v 36.733269 -0.096104 8.026525
v 36.789379 -0.259218 8.040553
v 36.861530 -0.423787 8.066885
v 36.980019 -0.599629 8.088214
v 36.524986 -0.589428 7.980902
v 36.480457 -0.414198 7.963319
v 36.477802 -0.250305 7.962656
v 36.472351 -0.085681 7.961293
v 36.477596 0.076148 7.962605
v 36.485329 0.237328 7.964538
v 36.507915 0.394628 7.970184
v 36.534485 0.550886 7.976827
v 37.217403 -0.906459 8.147561
v 36.731915 -0.677884 8.026185
v 37.352840 0.634778 8.181422
v 37.351158 0.695401 8.181002
v 37.301514 0.485329 8.168590
v 37.245110 0.343944 8.154489
v 37.215488 0.182656 8.147083
v 37.185848 0.019421 8.139672
v 37.161804 -0.150212 8.133661
v 37.148319 -0.322718 8.130290
v 37.148716 -0.504132 8.138683
v 37.187275 -0.713719 8.140030
v 36.775925 -0.513286 8.043637
v 36.804920 -0.333965 8.044437
v 36.867504 -0.183276 8.060084
v 36.927826 -0.030742 8.075165
v 36.996803 0.114732 8.092409
v 37.067787 0.258568 8.110156
v 37.150787 0.392603 8.130907
v 37.237015 0.524006 8.152465
v 37.279579 -1.075909 8.163106
v 36.912209 -0.676807 8.071260
v 37.964237 0.301350 8.334276
v 37.984669 0.358225 8.339384
v 37.862423 0.182521 8.308823
v 37.758827 0.073128 8.282922
v 37.672852 -0.065047 8.261428
v 37.586151 -0.205019 8.239752
v 37.502323 -0.353084 8.218794
v 37.427242 -0.507881 8.200023
v 37.361664 -0.677042 8.191923
v 37.321548 -0.885538 8.173598
v 37.012623 -0.541693 8.102814
v 37.104671 -0.385968 8.119377
v 37.217373 -0.270327 8.147554
v 37.328648 -0.152104 8.175373
v 37.445389 -0.043763 8.204559
v 37.563396 0.062283 8.234063
v 37.688995 0.154609 8.265464
v 37.816635 0.243250 8.297375
vn 0.2425 -0.0000 -0.9701
vn 0.2368 0.0165 -0.9714
vn 0.2447 0.0062 -0.9696
vn 0.2528 -0.0219 -0.9673
vn 0.2438 0.0174 -0.9697
vn 0.2469 0.0047 -0.9690
vn 0.2432 -0.0244 -0.9697
vn 0.2500 0.0157 -0.9681
vn 0.2483 0.0027 -0.9687
vn 0.2343 -0.0229 -0.9719
vt 0.000000 0.888889
vt 1.000000 0.888889
vt 1.000000 1.000000
vt 0.000000 1.000000
vt 0.000000 0.000000
vt 1.000000 0.000000
vt 1.000000 0.111111
vt 0.000000 0.111111
vt 1.000000 0.222222
vt 0.000000 0.222222
vt 1.000000 0.333333
vt 0.000000 0.333333
vt 1.000000 0.444444
vt 0.000000 0.444444
vt 1.000000 0.555556
vt 0.000000 0.555556
vt 1.000000 0.666667
vt 0.000000 0.666667
vt 1.000000 0.777778
vt 0.000000 0.777778
s 0
usemtl マテリアル.107
f 1341/1217/32 1356/1218/32 1340/1219/32 1339/1220/32
f 1337/1221/33 1338/1222/33 1349/1223/33 1348/1224/33
f 1348/1224/34 1349/1223/34 1350/1225/34 1347/1226/34
f 1347/1226/35 1350/1225/35 1351/1227/35 1346/1228/35
f 1346/1228/32 1351/1227/32 1352/1229/32 1345/1230/32
f 1345/1230/32 1352/1229/32 1353/1231/32 1344/1232/32
f 1344/1232/32 1353/1231/32 1354/1233/32 1343/1234/32
f 1343/1234/32 1354/1233/32 1355/1235/32 1342/1236/32
f 1342/1236/32 1355/1235/32 1356/1218/32 1341/1217/32
f 1361/1217/32 1376/1218/32 1360/1219/32 1359/1220/32
f 1357/1221/36 1358/1222/36 1369/1223/36 1368/1224/36
f 1368/1224/37 1369/1223/37 1370/1225/37 1367/1226/37
f 1367/1226/38 1370/1225/38 1371/1227/38 1366/1228/38
f 1366/1228/32 1371/1227/32 1372/1229/32 1365/1230/32
f 1365/1230/32 1372/1229/32 1373/1231/32 1364/1232/32
f 1364/1232/32 1373/1231/32 1374/1233/32 1363/1234/32
f 1363/1234/32 1374/1233/32 1375/1235/32 1362/1236/32
f 1362/1236/32 1375/1235/32 1376/1218/32 1361/1217/32
f 1381/1217/32 1396/1218/32 1380/1219/32 1379/1220/32
f 1377/1221/39 1378/1222/39 1389/1223/39 1388/1224/39
f 1388/1224/40 1389/1223/40 1390/1225/40 1387/1226/40
f 1387/1226/41 1390/1225/41 1391/1227/41 1386/1228/41
f 1386/1228/32 1391/1227/32 1392/1229/32 1385/1230/32
f 1385/1230/32 1392/1229/32 1393/1231/32 1384/1232/32
f 1384/1232/32 1393/1231/32 1394/1233/32 1383/1234/32
f 1383/1234/32 1394/1233/32 1395/1235/32 1382/1236/32
f 1382/1236/32 1395/1235/32 1396/1218/32 1381/1217/32
o 平面.001
v 35.488644 -0.762829 4.333602
v 34.954926 -0.758829 4.200167
v 35.000938 0.700789 4.211671
v 34.975361 0.755405 4.205276
v 35.013374 0.542770 4.214780
v 35.017979 0.389971 4.215931
v 35.054916 0.230296 4.225166
v 35.092613 0.068835 4.234591
v 35.137955 -0.096104 4.245926
v 35.194065 -0.259218 4.259955
v 35.266216 -0.423787 4.286287
v 35.384705 -0.599629 4.307616
v 34.929672 -0.589428 4.200304
v 34.885143 -0.414198 4.182721
v 34.882488 -0.250305 4.182057
v 34.877037 -0.085681 4.180695
v 34.882282 0.076148 4.182006
v 34.890015 0.237328 4.183939
v 34.912601 0.394628 4.189586
v 34.939171 0.550886 4.196229
v 35.622089 -0.906459 4.366963
v 35.136600 -0.677884 4.245587
v 35.757526 0.634778 4.400824
v 35.755844 0.695401 4.400403
v 35.706200 0.485329 4.387992
v 35.649796 0.343944 4.373890
v 35.620174 0.182656 4.366485
v 35.590534 0.019421 4.359074
v 35.566490 -0.150212 4.353064
v 35.553005 -0.322718 4.349691
v 35.553402 -0.504132 4.358086
v 35.591961 -0.713719 4.359431
v 35.180611 -0.513286 4.263040
v 35.209606 -0.333965 4.263839
v 35.272190 -0.183276 4.279486
v 35.332512 -0.030742 4.294567
v 35.401489 0.114732 4.311811
v 35.472473 0.258568 4.329558
v 35.555473 0.392603 4.350309
v 35.641701 0.524006 4.371867
v 35.684265 -1.075909 4.382507
v 35.316895 -0.676807 4.290662
v 36.368923 0.301350 4.553679
v 36.389355 0.358225 4.558786
v 36.267109 0.182521 4.528224
v 36.163513 0.073128 4.502324
v 36.077538 -0.065047 4.480829
v 35.990837 -0.205019 4.459154
v 35.907009 -0.353084 4.438196
v 35.831928 -0.507881 4.419425
v 35.766350 -0.677042 4.411325
v 35.726234 -0.885538 4.393001
v 35.417309 -0.541693 4.322216
v 35.509357 -0.385968 4.338779
v 35.622059 -0.270327 4.366956
v 35.733334 -0.152104 4.394775
v 35.850075 -0.043763 4.423962
v 35.968082 0.062283 4.453465
v 36.093681 0.154609 4.484866
v 36.221321 0.243250 4.516776
vn 0.2425 -0.0000 -0.9701
vn 0.2368 0.0165 -0.9714
vn 0.2447 0.0062 -0.9696
vn 0.2528 -0.0219 -0.9673
vn 0.2438 0.0174 -0.9697
vn 0.2469 0.0047 -0.9690
vn 0.2432 -0.0244 -0.9697
vn 0.2500 0.0157 -0.9681
vn 0.2483 0.0027 -0.9687
vn 0.2343 -0.0229 -0.9719
vt 0.000000 0.888889
vt 1.000000 0.888889
vt 1.000000 1.000000
vt 0.000000 1.000000
vt 0.000000 0.000000
vt 1.000000 0.000000
vt 1.000000 0.111111
vt 0.000000 0.111111
vt 1.000000 0.222222
vt 0.000000 0.222222
vt 1.000000 0.333333
vt 0.000000 0.333333
vt 1.000000 0.444444
vt 0.000000 0.444444
vt 1.000000 0.555556
vt 0.000000 0.555556
vt 1.000000 0.666667
vt 0.000000 0.666667
vt 1.000000 0.777778
vt 0.000000 0.777778
s 0
usemtl マテリアル.107
f 1401/1237/42 1416/1238/42 1400/1239/42 1399/1240/42
f 1397/1241/43 1398/1242/43 1409/1243/43 1408/1244/43
f 1408/1244/44 1409/1243/44 1410/1245/44 1407/1246/44
f 1407/1246/45 1410/1245/45 1411/1247/45 1406/1248/45
f 1406/1248/42 1411/1247/42 1412/1249/42 1405/1250/42
f 1405/1250/42 1412/1249/42 1413/1251/42 1404/1252/42
f 1404/1252/42 1413/1251/42 1414/1253/42 1403/1254/42
f 1403/1254/42 1414/1253/42 1415/1255/42 1402/1256/42
f 1402/1256/42 1415/1255/42 1416/1238/42 1401/1237/42
f 1421/1237/42 1436/1238/42 1420/1239/42 1419/1240/42
f 1417/1241/46 1418/1242/46 1429/1243/46 1428/1244/46
f 1428/1244/47 1429/1243/47 1430/1245/47 1427/1246/47
f 1427/1246/48 1430/1245/48 1431/1247/48 1426/1248/48
f 1426/1248/42 1431/1247/42 1432/1249/42 1425/1250/42
f 1425/1250/42 1432/1249/42 1433/1251/42 1424/1252/42
f 1424/1252/42 1433/1251/42 1434/1253/42 1423/1254/42
f 1423/1254/42 1434/1253/42 1435/1255/42 1422/1256/42
f 1422/1256/42 1435/1255/42 1436/1238/42 1421/1237/42
f 1441/1237/42 1456/1238/42 1440/1239/42 1439/1240/42
f 1437/1241/49 1438/1242/49 1449/1243/49 1448/1244/49
f 1448/1244/50 1449/1243/50 1450/1245/50 1447/1246/50
f 1447/1246/51 1450/1245/51 1451/1247/51 1446/1248/51
f 1446/1248/42 1451/1247/42 1452/1249/42 1445/1250/42
f 1445/1250/42 1452/1249/42 1453/1251/42 1444/1252/42
f 1444/1252/42 1453/1251/42 1454/1253/42 1443/1254/42
f 1443/1254/42 1454/1253/42 1455/1255/42 1442/1256/42
f 1442/1256/42 1455/1255/42 1456/1238/42 1441/1237/42
o 平面.001
v 36.155067 -0.762829 0.652954
v 35.621349 -0.758829 0.519519
v 35.667362 0.700789 0.531024
v 35.641781 0.755406 0.524628
v 35.679798 0.542771 0.534132
v 35.684402 0.389972 0.535283
v 35.721340 0.230296 0.544519
v 35.759037 0.068836 0.553943
v 35.804379 -0.096104 0.565278
v 35.860489 -0.259218 0.579307
v 35.932640 -0.423787 0.605639
v 36.051128 -0.599629 0.626968
v 35.596096 -0.589428 0.519655
v 35.551567 -0.414198 0.502073
v 35.548912 -0.250305 0.501410
v 35.543461 -0.085681 0.500047
v 35.548706 0.076148 0.501359
v 35.556438 0.237329 0.503292
v 35.579021 0.394628 0.508938
v 35.605595 0.550886 0.515581
v 36.288513 -0.906459 0.686315
v 35.803024 -0.677884 0.564939
v 36.423950 0.634778 0.720176
v 36.422268 0.695402 0.719756
v 36.372623 0.485329 0.707344
v 36.316219 0.343944 0.693242
v 36.286598 0.182656 0.685837
v 36.256958 0.019421 0.678426
v 36.232914 -0.150212 0.672416
v 36.219429 -0.322718 0.669044
v 36.219826 -0.504132 0.677438
v 36.258385 -0.713719 0.678784
v 35.847034 -0.513286 0.582392
v 35.876030 -0.333965 0.583192
v 35.938614 -0.183276 0.598838
v 35.998936 -0.030742 0.613919
v 36.067913 0.114733 0.631163
v 36.138897 0.258568 0.648910
v 36.221897 0.392603 0.669661
v 36.308125 0.524006 0.691219
v 36.350689 -1.075909 0.701860
v 35.983318 -0.676807 0.610014
v 37.035347 0.301350 0.873031
v 37.055779 0.358225 0.878138
v 36.933533 0.182521 0.847576
v 36.829937 0.073128 0.821676
v 36.743961 -0.065047 0.800182
v 36.657261 -0.205019 0.778506
v 36.573433 -0.353083 0.757548
v 36.498352 -0.507880 0.738777
v 36.432774 -0.677042 0.730677
v 36.392658 -0.885538 0.712353
v 36.083733 -0.541693 0.641568
v 36.175781 -0.385968 0.658131
v 36.288483 -0.270327 0.686308
v 36.399757 -0.152104 0.714127
v 36.516499 -0.043763 0.743314
v 36.634506 0.062283 0.772817
v 36.760105 0.154609 0.804218
v 36.887745 0.243250 0.836128
vn 0.2425 -0.0000 -0.9701
vn 0.2368 0.0165 -0.9714
vn 0.2447 0.0062 -0.9696
vn 0.2528 -0.0219 -0.9673
vn 0.2438 0.0174 -0.9697
vn 0.2469 0.0047 -0.9690
vn 0.2432 -0.0244 -0.9697
vn 0.2500 0.0157 -0.9681
vn 0.2483 0.0027 -0.9687
vn 0.2343 -0.0229 -0.9719
vt 0.000000 0.888889
vt 1.000000 0.888889
vt 1.000000 1.000000
vt 0.000000 1.000000
vt 0.000000 0.000000
vt 1.000000 0.000000
vt 1.000000 0.111111
vt 0.000000 0.111111
vt 1.000000 0.222222
vt 0.000000 0.222222
vt 1.000000 0.333333
vt 0.000000 0.333333
vt 1.000000 0.444444
vt 0.000000 0.444444
vt 1.000000 0.555556
vt 0.000000 0.555556
vt 1.000000 0.666667
vt 0.000000 0.666667
vt 1.000000 0.777778
vt 0.000000 0.777778
s 0
usemtl マテリアル.107
f 1461/1257/52 1476/1258/52 1460/1259/52 1459/1260/52
f 1457/1261/53 1458/1262/53 1469/1263/53 1468/1264/53
f 1468/1264/54 1469/1263/54 1470/1265/54 1467/1266/54
f 1467/1266/55 1470/1265/55 1471/1267/55 1466/1268/55
f 1466/1268/52 1471/1267/52 1472/1269/52 1465/1270/52
f 1465/1270/52 1472/1269/52 1473/1271/52 1464/1272/52
f 1464/1272/52 1473/1271/52 1474/1273/52 1463/1274/52
f 1463/1274/52 1474/1273/52 1475/1275/52 1462/1276/52
f 1462/1276/52 1475/1275/52 1476/1258/52 1461/1257/52
f 1481/1257/52 1496/1258/52 1480/1259/52 1479/1260/52
f 1477/1261/56 1478/1262/56 1489/1263/56 1488/1264/56
f 1488/1264/57 1489/1263/57 1490/1265/57 1487/1266/57
f 1487/1266/58 1490/1265/58 1491/1267/58 1486/1268/58
f 1486/1268/52 1491/1267/52 1492/1269/52 1485/1270/52
f 1485/1270/52 1492/1269/52 1493/1271/52 1484/1272/52
f 1484/1272/52 1493/1271/52 1494/1273/52 1483/1274/52
f 1483/1274/52 1494/1273/52 1495/1275/52 1482/1276/52
f 1482/1276/52 1495/1275/52 1496/1258/52 1481/1257/52
f 1501/1257/52 1516/1258/52 1500/1259/52 1499/1260/52
f 1497/1261/59 1498/1262/59 1509/1263/59 1508/1264/59
f 1508/1264/60 1509/1263/60 1510/1265/60 1507/1266/60
f 1507/1266/61 1510/1265/61 1511/1267/61 1506/1268/61
f 1506/1268/52 1511/1267/52 1512/1269/52 1505/1270/52
f 1505/1270/52 1512/1269/52 1513/1271/52 1504/1272/52
f 1504/1272/52 1513/1271/52 1514/1273/52 1503/1274/52
f 1503/1274/52 1514/1273/52 1515/1275/52 1502/1276/52
f 1502/1276/52 1515/1275/52 1516/1258/52 1501/1257/52
o 平面.001
v 37.083958 -0.762829 -7.582769
v 36.550240 -0.758829 -7.716204
v 36.596252 0.700789 -7.704700
v 36.570675 0.755405 -7.711095
v 36.608688 0.542770 -7.701591
v 36.613293 0.389971 -7.700440
v 36.650230 0.230296 -7.691205
v 36.687927 0.068835 -7.681781
v 36.733269 -0.096104 -7.670445
v 36.789379 -0.259218 -7.656416
v 36.861530 -0.423787 -7.630085
v 36.980019 -0.599629 -7.608755
v 36.524986 -0.589428 -7.716068
v 36.480457 -0.414198 -7.733650
v 36.477802 -0.250305 -7.734314
v 36.472351 -0.085681 -7.735677
v 36.477596 0.076148 -7.734365
v 36.485329 0.237328 -7.732432
v 36.507915 0.394628 -7.726786
v 36.534485 0.550886 -7.720142
v 37.217403 -0.906459 -7.549408
v 36.731915 -0.677884 -7.670784
v 37.352840 0.634778 -7.515547
v 37.351158 0.695401 -7.515968
v 37.301514 0.485329 -7.528379
v 37.245110 0.343944 -7.542481
v 37.215488 0.182656 -7.549887
v 37.185848 0.019421 -7.557297
v 37.161804 -0.150212 -7.563308
v 37.148319 -0.322718 -7.566680
v 37.148716 -0.504132 -7.558286
v 37.187275 -0.713719 -7.556940
v 36.775925 -0.513286 -7.653332
v 36.804920 -0.333965 -7.652532
v 36.867504 -0.183276 -7.636886
v 36.927826 -0.030742 -7.621805
v 36.996803 0.114732 -7.604560
v 37.067787 0.258568 -7.586813
v 37.150787 0.392603 -7.566062
v 37.237015 0.524006 -7.544505
v 37.279579 -1.075909 -7.533864
v 36.912209 -0.676807 -7.625709
v 37.964237 0.301350 -7.362693
v 37.984669 0.358225 -7.357585
v 37.862423 0.182521 -7.388147
v 37.758827 0.073128 -7.414047
v 37.672852 -0.065047 -7.435542
v 37.586151 -0.205019 -7.457218
v 37.502323 -0.353084 -7.478176
v 37.427242 -0.507881 -7.496947
v 37.361664 -0.677042 -7.505047
v 37.321548 -0.885538 -7.523371
v 37.012623 -0.541693 -7.594155
v 37.104671 -0.385968 -7.577592
v 37.217373 -0.270327 -7.549416
v 37.328648 -0.152104 -7.521596
v 37.445389 -0.043763 -7.492410
v 37.563396 0.062283 -7.462906
v 37.688995 0.154609 -7.431506
v 37.816635 0.243250 -7.399595
vn 0.2425 -0.0000 -0.9701
vn 0.2368 0.0165 -0.9714
vn 0.2447 0.0062 -0.9696
vn 0.2528 -0.0219 -0.9673
vn 0.2438 0.0174 -0.9697
vn 0.2469 0.0047 -0.9690
vn 0.2432 -0.0244 -0.9697
vn 0.2500 0.0157 -0.9681
vn 0.2483 0.0027 -0.9687
vn 0.2343 -0.0229 -0.9719
vt 0.000000 0.888889
vt 1.000000 0.888889
vt 1.000000 1.000000
vt 0.000000 1.000000
vt 0.000000 0.000000
vt 1.000000 0.000000
vt 1.000000 0.111111
vt 0.000000 0.111111
vt 1.000000 0.222222
vt 0.000000 0.222222
vt 1.000000 0.333333
vt 0.000000 0.333333
vt 1.000000 0.444444
vt 0.000000 0.444444
vt 1.000000 0.555556
vt 0.000000 0.555556
vt 1.000000 0.666667
vt 0.000000 0.666667
vt 1.000000 0.777778
vt 0.000000 0.777778
s 0
usemtl マテリアル.107
f 1521/1277/62 1536/1278/62 1520/1279/62 1519/1280/62
f 1517/1281/63 1518/1282/63 1529/1283/63 1528/1284/63
f 1528/1284/64 1529/1283/64 1530/1285/64 1527/1286/64
f 1527/1286/65 1530/1285/65 1531/1287/65 1526/1288/65
f 1526/1288/62 1531/1287/62 1532/1289/62 1525/1290/62
f 1525/1290/62 1532/1289/62 1533/1291/62 1524/1292/62
f 1524/1292/62 1533/1291/62 1534/1293/62 1523/1294/62
f 1523/1294/62 1534/1293/62 1535/1295/62 1522/1296/62
f 1522/1296/62 1535/1295/62 1536/1278/62 1521/1277/62
f 1541/1277/62 1556/1278/62 1540/1279/62 1539/1280/62
f 1537/1281/66 1538/1282/66 1549/1283/66 1548/1284/66
f 1548/1284/67 1549/1283/67 1550/1285/67 1547/1286/67
f 1547/1286/68 1550/1285/68 1551/1287/68 1546/1288/68
f 1546/1288/62 1551/1287/62 1552/1289/62 1545/1290/62
f 1545/1290/62 1552/1289/62 1553/1291/62 1544/1292/62
f 1544/1292/62 1553/1291/62 1554/1293/62 1543/1294/62
f 1543/1294/62 1554/1293/62 1555/1295/62 1542/1296/62
f 1542/1296/62 1555/1295/62 1556/1278/62 1541/1277/62
f 1561/1277/62 1576/1278/62 1560/1279/62 1559/1280/62
f 1557/1281/69 1558/1282/69 1569/1283/69 1568/1284/69
f 1568/1284/70 1569/1283/70 1570/1285/70 1567/1286/70
f 1567/1286/71 1570/1285/71 1571/1287/71 1566/1288/71
f 1566/1288/62 1571/1287/62 1572/1289/62 1565/1290/62
f 1565/1290/62 1572/1289/62 1573/1291/62 1564/1292/62
f 1564/1292/62 1573/1291/62 1574/1293/62 1563/1294/62
f 1563/1294/62 1574/1293/62 1575/1295/62 1562/1296/62
f 1562/1296/62 1575/1295/62 1576/1278/62 1561/1277/62
o 平面.001
v 35.488644 -0.762829 -13.605791
v 34.954926 -0.758829 -13.739226
v 35.000938 0.700789 -13.727722
v 34.975361 0.755405 -13.734118
v 35.013374 0.542770 -13.724613
v 35.017979 0.389971 -13.723462
v 35.054916 0.230296 -13.714227
v 35.092613 0.068835 -13.704803
v 35.137955 -0.096104 -13.693467
v 35.194065 -0.259218 -13.679439
v 35.266216 -0.423787 -13.653107
v 35.384705 -0.599629 -13.631778
v 34.929672 -0.589428 -13.739090
v 34.885143 -0.414198 -13.756673
v 34.882488 -0.250305 -13.757337
v 34.877037 -0.085681 -13.758698
v 34.882282 0.076148 -13.757387
v 34.890015 0.237328 -13.755454
v 34.912601 0.394628 -13.749808
v 34.939171 0.550886 -13.743164
v 35.622089 -0.906459 -13.572431
v 35.136600 -0.677884 -13.693807
v 35.757526 0.634778 -13.538569
v 35.755844 0.695401 -13.538990
v 35.706200 0.485329 -13.551402
v 35.649796 0.343944 -13.565503
v 35.620174 0.182656 -13.572908
v 35.590534 0.019421 -13.580319
v 35.566490 -0.150212 -13.586330
v 35.553005 -0.322718 -13.589702
v 35.553402 -0.504132 -13.581308
v 35.591961 -0.713719 -13.579962
v 35.180611 -0.513286 -13.676354
v 35.209606 -0.333965 -13.675554
v 35.272190 -0.183276 -13.659907
v 35.332512 -0.030742 -13.644827
v 35.401489 0.114732 -13.627583
v 35.472473 0.258568 -13.609836
v 35.555473 0.392603 -13.589085
v 35.641701 0.524006 -13.567527
v 35.684265 -1.075909 -13.556886
v 35.316895 -0.676807 -13.648731
v 36.368923 0.301350 -13.385715
v 36.389355 0.358225 -13.380608
v 36.267109 0.182521 -13.411169
v 36.163513 0.073128 -13.437070
v 36.077538 -0.065047 -13.458564
v 35.990837 -0.205019 -13.480240
v 35.907009 -0.353084 -13.501198
v 35.831928 -0.507881 -13.519969
v 35.766350 -0.677042 -13.528069
v 35.726234 -0.885538 -13.546393
v 35.417309 -0.541693 -13.617178
v 35.509357 -0.385968 -13.600615
v 35.622059 -0.270327 -13.572437
v 35.733334 -0.152104 -13.544619
v 35.850075 -0.043763 -13.515432
v 35.968082 0.062283 -13.485929
v 36.093681 0.154609 -13.454528
v 36.221321 0.243250 -13.422617
vn 0.2425 -0.0000 -0.9701
vn 0.2368 0.0165 -0.9714
vn 0.2447 0.0062 -0.9696
vn 0.2528 -0.0219 -0.9673
vn 0.2438 0.0174 -0.9697
vn 0.2469 0.0047 -0.9690
vn 0.2432 -0.0244 -0.9697
vn 0.2500 0.0157 -0.9681
vn 0.2483 0.0027 -0.9687
vn 0.2343 -0.0229 -0.9719
vt 0.000000 0.888889
vt 1.000000 0.888889
vt 1.000000 1.000000
vt 0.000000 1.000000
vt 0.000000 0.000000
vt 1.000000 0.000000
vt 1.000000 0.111111
vt 0.000000 0.111111
vt 1.000000 0.222222
vt 0.000000 0.222222
vt 1.000000 0.333333
vt 0.000000 0.333333
vt 1.000000 0.444444
vt 0.000000 0.444444
vt 1.000000 0.555556
vt 0.000000 0.555556
vt 1.000000 0.666667
vt 0.000000 0.666667
vt 1.000000 0.777778
vt 0.000000 0.777778
s 0
usemtl マテリアル.107
f 1581/1297/72 1596/1298/72 1580/1299/72 1579/1300/72
f 1577/1301/73 1578/1302/73 1589/1303/73 1588/1304/73
f 1588/1304/74 1589/1303/74 1590/1305/74 1587/1306/74
f 1587/1306/75 1590/1305/75 1591/1307/75 1586/1308/75
f 1586/1308/72 1591/1307/72 1592/1309/72 1585/1310/72
f 1585/1310/72 1592/1309/72 1593/1311/72 1584/1312/72
f 1584/1312/72 1593/1311/72 1594/1313/72 1583/1314/72
f 1583/1314/72 1594/1313/72 1595/1315/72 1582/1316/72
f 1582/1316/72 1595/1315/72 1596/1298/72 1581/1297/72
f 1601/1297/72 1616/1298/72 1600/1299/72 1599/1300/72
f 1597/1301/76 1598/1302/76 1609/1303/76 1608/1304/76
f 1608/1304/77 1609/1303/77 1610/1305/77 1607/1306/77
f 1607/1306/78 1610/1305/78 1611/1307/78 1606/1308/78
f 1606/1308/72 1611/1307/72 1612/1309/72 1605/1310/72
f 1605/1310/72 1612/1309/72 1613/1311/72 1604/1312/72
f 1604/1312/72 1613/1311/72 1614/1313/72 1603/1314/72
f 1603/1314/72 1614/1313/72 1615/1315/72 1602/1316/72
f 1602/1316/72 1615/1315/72 1616/1298/72 1601/1297/72
f 1621/1297/72 1636/1298/72 1620/1299/72 1619/1300/72
f 1617/1301/79 1618/1302/79 1629/1303/79 1628/1304/79
f 1628/1304/80 1629/1303/80 1630/1305/80 1627/1306/80
f 1627/1306/81 1630/1305/81 1631/1307/81 1626/1308/81
f 1626/1308/72 1631/1307/72 1632/1309/72 1625/1310/72
f 1625/1310/72 1632/1309/72 1633/1311/72 1624/1312/72
f 1624/1312/72 1633/1311/72 1634/1313/72 1623/1314/72
f 1623/1314/72 1634/1313/72 1635/1315/72 1622/1316/72
f 1622/1316/72 1635/1315/72 1636/1298/72 1621/1297/72
o 平面.001
v 36.155067 -0.762829 -26.256138
v 35.621349 -0.758829 -26.389572
v 35.667362 0.700789 -26.378069
v 35.641785 0.755405 -26.384464
v 35.679798 0.542770 -26.374960
v 35.684402 0.389971 -26.373810
v 35.721340 0.230296 -26.364574
v 35.759037 0.068835 -26.355150
v 35.804379 -0.096104 -26.343815
v 35.860489 -0.259218 -26.329786
v 35.932640 -0.423787 -26.303453
v 36.051128 -0.599629 -26.282124
v 35.596096 -0.589428 -26.389437
v 35.551567 -0.414198 -26.407019
v 35.548912 -0.250305 -26.407682
v 35.543461 -0.085681 -26.409046
v 35.548706 0.076148 -26.407734
v 35.556438 0.237328 -26.405800
v 35.579025 0.394628 -26.400154
v 35.605598 0.550886 -26.393511
v 36.288513 -0.906459 -26.222776
v 35.803024 -0.677884 -26.344154
v 36.423950 0.634778 -26.188917
v 36.422268 0.695401 -26.189337
v 36.372623 0.485329 -26.201748
v 36.316219 0.343944 -26.215851
v 36.286598 0.182656 -26.223255
v 36.256958 0.019421 -26.230665
v 36.232914 -0.150212 -26.236677
v 36.219429 -0.322718 -26.240049
v 36.219826 -0.504132 -26.231655
v 36.258385 -0.713719 -26.230309
v 35.847034 -0.513286 -26.326700
v 35.876030 -0.333965 -26.325901
v 35.938614 -0.183276 -26.310255
v 35.998936 -0.030742 -26.295174
v 36.067913 0.114732 -26.277929
v 36.138897 0.258568 -26.260181
v 36.221897 0.392603 -26.239431
v 36.308125 0.524006 -26.217873
v 36.350689 -1.075909 -26.207233
v 35.983318 -0.676807 -26.299078
v 37.035347 0.301350 -26.036062
v 37.055779 0.358225 -26.030954
v 36.933533 0.182521 -26.061516
v 36.829937 0.073128 -26.087416
v 36.743961 -0.065047 -26.108912
v 36.657261 -0.205019 -26.130587
v 36.573433 -0.353084 -26.151545
v 36.498352 -0.507881 -26.170315
v 36.432774 -0.677042 -26.178415
v 36.392658 -0.885538 -26.196739
v 36.083733 -0.541693 -26.267525
v 36.175781 -0.385968 -26.250961
v 36.288483 -0.270327 -26.222784
v 36.399757 -0.152104 -26.194965
v 36.516499 -0.043763 -26.165779
v 36.634506 0.062283 -26.136276
v 36.760105 0.154609 -26.104874
v 36.887745 0.243250 -26.072964
vn 0.2425 -0.0000 -0.9701
vn 0.2368 0.0165 -0.9714
vn 0.2447 0.0062 -0.9696
vn 0.2528 -0.0219 -0.9673
vn 0.2438 0.0174 -0.9697
vn 0.2469 0.0047 -0.9690
vn 0.2432 -0.0244 -0.9697
vn 0.2500 0.0157 -0.9681
vn 0.2483 0.0027 -0.9687
vn 0.2343 -0.0229 -0.9719
vt 0.000000 0.888889
vt 1.000000 0.888889
vt 1.000000 1.000000
vt 0.000000 1.000000
vt 0.000000 0.000000
vt 1.000000 0.000000
vt 1.000000 0.111111
vt 0.000000 0.111111
vt 1.000000 0.222222
vt 0.000000 0.222222
vt 1.000000 0.333333
vt 0.000000 0.333333
vt 1.000000 0.444444
vt 0.000000 0.444444
vt 1.000000 0.555556
vt 0.000000 0.555556
vt 1.000000 0.666667
vt 0.000000 0.666667
vt 1.000000 0.777778
vt 0.000000 0.777778
s 0
usemtl マテリアル.107
f 1641/1317/82 1656/1318/82 1640/1319/82 1639/1320/82
f 1637/1321/83 1638/1322/83 1649/1323/83 1648/1324/83
f 1648/1324/84 1649/1323/84 1650/1325/84 1647/1326/84
f 1647/1326/85 1650/1325/85 1651/1327/85 1646/1328/85
f 1646/1328/82 1651/1327/82 1652/1329/82 1645/1330/82
f 1645/1330/82 1652/1329/82 1653/1331/82 1644/1332/82
f 1644/1332/82 1653/1331/82 1654/1333/82 1643/1334/82
f 1643/1334/82 1654/1333/82 1655/1335/82 1642/1336/82
f 1642/1336/82 1655/1335/82 1656/1318/82 1641/1317/82
f 1661/1317/82 1676/1318/82 1660/1319/82 1659/1320/82
f 1657/1321/86 1658/1322/86 1669/1323/86 1668/1324/86
f 1668/1324/87 1669/1323/87 1670/1325/87 1667/1326/87
f 1667/1326/88 1670/1325/88 1671/1327/88 1666/1328/88
f 1666/1328/82 1671/1327/82 1672/1329/82 1665/1330/82
f 1665/1330/82 1672/1329/82 1673/1331/82 1664/1332/82
f 1664/1332/82 1673/1331/82 1674/1333/82 1663/1334/82
f 1663/1334/82 1674/1333/82 1675/1335/82 1662/1336/82
f 1662/1336/82 1675/1335/82 1676/1318/82 1661/1317/82
f 1681/1317/82 1696/1318/82 1680/1319/82 1679/1320/82
f 1677/1321/89 1678/1322/89 1689/1323/89 1688/1324/89
f 1688/1324/90 1689/1323/90 1690/1325/90 1687/1326/90
f 1687/1326/91 1690/1325/91 1691/1327/91 1686/1328/91
f 1686/1328/82 1691/1327/82 1692/1329/82 1685/1330/82
f 1685/1330/82 1692/1329/82 1693/1331/82 1684/1332/82
f 1684/1332/82 1693/1331/82 1694/1333/82 1683/1334/82
f 1683/1334/82 1694/1333/82 1695/1335/82 1682/1336/82
f 1682/1336/82 1695/1335/82 1696/1318/82 1681/1317/82
o 平面.001
v -25.703918 -0.762829 -34.491859
v -26.237638 -0.758829 -34.625294
v -26.191624 0.700789 -34.613789
v -26.217205 0.755405 -34.620186
v -26.179190 0.542770 -34.610683
v -26.174585 0.389971 -34.609531
v -26.137646 0.230296 -34.600296
v -26.099951 0.068835 -34.590870
v -26.054611 -0.096104 -34.579536
v -25.998497 -0.259218 -34.565506
v -25.926350 -0.423787 -34.539177
v -25.807859 -0.599629 -34.517845
v -26.262892 -0.589428 -34.625160
v -26.307423 -0.414198 -34.642742
v -26.310076 -0.250305 -34.643406
v -26.315527 -0.085681 -34.644768
v -26.310280 0.076148 -34.643456
v -26.302547 0.237328 -34.641521
v -26.279964 0.394628 -34.635876
v -26.253391 0.550886 -34.629234
v -25.570477 -0.906459 -34.458500
v -26.055965 -0.677884 -34.579876
v -25.435038 0.634778 -34.424637
v -25.436720 0.695401 -34.425056
v -25.486364 0.485329 -34.437469
v -25.542768 0.343944 -34.451572
v -25.572390 0.182656 -34.458977
v -25.602030 0.019421 -34.466389
v -25.626072 -0.150212 -34.472397
v -25.639561 -0.322718 -34.475769
v -25.639162 -0.504132 -34.467377
v -25.600601 -0.713719 -34.466030
v -26.011953 -0.513286 -34.562424
v -25.982958 -0.333965 -34.561623
v -25.920374 -0.183276 -34.545975
v -25.860052 -0.030742 -34.530895
v -25.791077 0.114732 -34.513649
v -25.720091 0.258568 -34.495903
v -25.637091 0.392603 -34.475151
v -25.550861 0.524006 -34.453594
v -25.508301 -1.075909 -34.442955
v -25.875669 -0.676807 -34.534801
v -24.823641 0.301350 -34.271782
v -24.803211 0.358225 -34.266674
v -24.925453 0.182521 -34.297237
v -25.029051 0.073128 -34.323139
v -25.115026 -0.065047 -34.344631
v -25.201727 -0.205019 -34.366310
v -25.285555 -0.353084 -34.387268
v -25.360638 -0.507881 -34.406036
v -25.426212 -0.677042 -34.414139
v -25.466330 -0.885538 -34.432461
v -25.775255 -0.541693 -34.503246
v -25.683208 -0.385968 -34.486683
v -25.570505 -0.270327 -34.458508
v -25.459230 -0.152104 -34.430687
v -25.342491 -0.043763 -34.401501
v -25.224482 0.062283 -34.371998
v -25.098883 0.154609 -34.340595
v -24.971245 0.243250 -34.308685
vn 0.2425 -0.0000 -0.9701
vn 0.2368 0.0165 -0.9714
vn 0.2447 0.0062 -0.9696
vn 0.2528 -0.0219 -0.9673
vn 0.2438 0.0174 -0.9697
vn 0.2469 0.0047 -0.9690
vn 0.2432 -0.0244 -0.9697
vn 0.2500 0.0157 -0.9681
vn 0.2483 0.0027 -0.9687
vn 0.2343 -0.0229 -0.9719
vt 0.000000 0.888889
vt 1.000000 0.888889
vt 1.000000 1.000000
vt 0.000000 1.000000
vt 0.000000 0.000000
vt 1.000000 0.000000
vt 1.000000 0.111111
vt 0.000000 0.111111
vt 1.000000 0.222222
vt 0.000000 0.222222
vt 1.000000 0.333333
vt 0.000000 0.333333
vt 1.000000 0.444444
vt 0.000000 0.444444
vt 1.000000 0.555556
vt 0.000000 0.555556
vt 1.000000 0.666667
vt 0.000000 0.666667
vt 1.000000 0.777778
vt 0.000000 0.777778
s 0
usemtl マテリアル.107
f 1701/1337/92 1716/1338/92 1700/1339/92 1699/1340/92
f 1697/1341/93 1698/1342/93 1709/1343/93 1708/1344/93
f 1708/1344/94 1709/1343/94 1710/1345/94 1707/1346/94
f 1707/1346/95 1710/1345/95 1711/1347/95 1706/1348/95
f 1706/1348/92 1711/1347/92 1712/1349/92 1705/1350/92
f 1705/1350/92 1712/1349/92 1713/1351/92 1704/1352/92
f 1704/1352/92 1713/1351/92 1714/1353/92 1703/1354/92
f 1703/1354/92 1714/1353/92 1715/1355/92 1702/1356/92
f 1702/1356/92 1715/1355/92 1716/1338/92 1701/1337/92
f 1721/1337/92 1736/1338/92 1720/1339/92 1719/1340/92
f 1717/1341/96 1718/1342/96 1729/1343/96 1728/1344/96
f 1728/1344/97 1729/1343/97 1730/1345/97 1727/1346/97
f 1727/1346/98 1730/1345/98 1731/1347/98 1726/1348/98
f 1726/1348/92 1731/1347/92 1732/1349/92 1725/1350/92
f 1725/1350/92 1732/1349/92 1733/1351/92 1724/1352/92
f 1724/1352/92 1733/1351/92 1734/1353/92 1723/1354/92
f 1723/1354/92 1734/1353/92 1735/1355/92 1722/1356/92
f 1722/1356/92 1735/1355/92 1736/1338/92 1721/1337/92
f 1741/1337/92 1756/1338/92 1740/1339/92 1739/1340/92
f 1737/1341/99 1738/1342/99 1749/1343/99 1748/1344/99
f 1748/1344/100 1749/1343/100 1750/1345/100 1747/1346/100
f 1747/1346/101 1750/1345/101 1751/1347/101 1746/1348/101
f 1746/1348/92 1751/1347/92 1752/1349/92 1745/1350/92
f 1745/1350/92 1752/1349/92 1753/1351/92 1744/1352/92
f 1744/1352/92 1753/1351/92 1754/1353/92 1743/1354/92
f 1743/1354/92 1754/1353/92 1755/1355/92 1742/1356/92
f 1742/1356/92 1755/1355/92 1756/1338/92 1741/1337/92
o 平面.001
v 10.821977 -0.762829 -33.787609
v 10.288257 -0.758829 -33.921043
v 10.334271 0.700789 -33.909538
v 10.308691 0.755405 -33.915936
v 10.346706 0.542770 -33.906433
v 10.351310 0.389971 -33.905281
v 10.388250 0.230296 -33.896046
v 10.425944 0.068835 -33.886620
v 10.471286 -0.096104 -33.875286
v 10.527399 -0.259218 -33.861256
v 10.599546 -0.423787 -33.834927
v 10.718037 -0.599629 -33.813595
v 10.263004 -0.589428 -33.920910
v 10.218474 -0.414198 -33.938492
v 10.215819 -0.250305 -33.939156
v 10.210369 -0.085681 -33.940517
v 10.215616 0.076148 -33.939205
v 10.223348 0.237328 -33.937271
v 10.245932 0.394628 -33.931625
v 10.272505 0.550886 -33.924984
v 10.955420 -0.906459 -33.754250
v 10.469931 -0.677884 -33.875626
v 11.090858 0.634778 -33.720387
v 11.089177 0.695401 -33.720806
v 11.039532 0.485329 -33.733219
v 10.983128 0.343944 -33.747322
v 10.953506 0.182656 -33.754726
v 10.923865 0.019421 -33.762138
v 10.899823 -0.150212 -33.768147
v 10.886336 -0.322718 -33.771519
v 10.886734 -0.504132 -33.763126
v 10.925294 -0.713719 -33.761780
v 10.513943 -0.513286 -33.858173
v 10.542939 -0.333965 -33.857372
v 10.605522 -0.183276 -33.841724
v 10.665844 -0.030742 -33.826645
v 10.734819 0.114732 -33.809399
v 10.805805 0.258568 -33.791653
v 10.888805 0.392603 -33.770901
v 10.975034 0.524006 -33.749344
v 11.017595 -1.075909 -33.738705
v 10.650227 -0.676807 -33.830551
v 11.702255 0.301350 -33.567532
v 11.722685 0.358225 -33.562424
v 11.600443 0.182521 -33.592987
v 11.496845 0.073128 -33.618889
v 11.410870 -0.065047 -33.640381
v 11.324169 -0.205019 -33.662060
v 11.240340 -0.353084 -33.683014
v 11.165259 -0.507881 -33.701786
v 11.099684 -0.677042 -33.709888
v 11.059566 -0.885538 -33.728210
v 10.750640 -0.541693 -33.798996
v 10.842688 -0.385968 -33.782433
v 10.955391 -0.270327 -33.754257
v 11.066665 -0.152104 -33.726437
v 11.183405 -0.043763 -33.697250
v 11.301415 0.062283 -33.667747
v 11.427014 0.154609 -33.636345
v 11.554651 0.243250 -33.604435
vn 0.2425 -0.0000 -0.9701
vn 0.2368 0.0165 -0.9714
vn 0.2447 0.0062 -0.9696
vn 0.2528 -0.0219 -0.9673
vn 0.2438 0.0174 -0.9697
vn 0.2469 0.0047 -0.9690
vn 0.2432 -0.0244 -0.9697
vn 0.2500 0.0157 -0.9681
vn 0.2483 0.0027 -0.9687
vn 0.2343 -0.0229 -0.9719
vt 0.000000 0.888889
vt 1.000000 0.888889
vt 1.000000 1.000000
vt 0.000000 1.000000
vt 0.000000 0.000000
vt 1.000000 0.000000
vt 1.000000 0.111111
vt 0.000000 0.111111
vt 1.000000 0.222222
vt 0.000000 0.222222
vt 1.000000 0.333333
vt 0.000000 0.333333
vt 1.000000 0.444444
vt 0.000000 0.444444
vt 1.000000 0.555556
vt 0.000000 0.555556
vt 1.000000 0.666667
vt 0.000000 0.666667
vt 1.000000 0.777778
vt 0.000000 0.777778
s 0
usemtl マテリアル.107
f 1761/1357/102 1776/1358/102 1760/1359/102 1759/1360/102
f 1757/1361/103 1758/1362/103 1769/1363/103 1768/1364/103
f 1768/1364/104 1769/1363/104 1770/1365/104 1767/1366/104
f 1767/1366/105 1770/1365/105 1771/1367/105 1766/1368/105
f 1766/1368/102 1771/1367/102 1772/1369/102 1765/1370/102
f 1765/1370/102 1772/1369/102 1773/1371/102 1764/1372/102
f 1764/1372/102 1773/1371/102 1774/1373/102 1763/1374/102
f 1763/1374/102 1774/1373/102 1775/1375/102 1762/1376/102
f 1762/1376/102 1775/1375/102 1776/1358/102 1761/1357/102
f 1781/1357/102 1796/1358/102 1780/1359/102 1779/1360/102
f 1777/1361/106 1778/1362/106 1789/1363/106 1788/1364/106
f 1788/1364/107 1789/1363/107 1790/1365/107 1787/1366/107
f 1787/1366/108 1790/1365/108 1791/1367/108 1786/1368/108
f 1786/1368/102 1791/1367/102 1792/1369/102 1785/1370/102
f 1785/1370/102 1792/1369/102 1793/1371/102 1784/1372/102
f 1784/1372/102 1793/1371/102 1794/1373/102 1783/1374/102
f 1783/1374/102 1794/1373/102 1795/1375/102 1782/1376/102
f 1782/1376/102 1795/1375/102 1796/1358/102 1781/1357/102
f 1801/1357/102 1816/1358/102 1800/1359/102 1799/1360/102
f 1797/1361/109 1798/1362/109 1809/1363/109 1808/1364/109
f 1808/1364/110 1809/1363/110 1810/1365/110 1807/1366/110
f 1807/1366/111 1810/1365/111 1811/1367/111 1806/1368/111
f 1806/1368/102 1811/1367/102 1812/1369/102 1805/1370/102
f 1805/1370/102 1812/1369/102 1813/1371/102 1804/1372/102
f 1804/1372/102 1813/1371/102 1814/1373/102 1803/1374/102
f 1803/1374/102 1814/1373/102 1815/1375/102 1802/1376/102
f 1802/1376/102 1815/1375/102 1816/1358/102 1801/1357/102
o 平面.001
v -33.360085 -0.762829 -30.740984
v -33.893803 -0.758829 -30.874418
v -33.847790 0.700789 -30.862915
v -33.873367 0.755405 -30.869310
v -33.835354 0.542770 -30.859806
v -33.830750 0.389971 -30.858656
v -33.793812 0.230296 -30.849421
v -33.756115 0.068835 -30.839996
v -33.710773 -0.096104 -30.828661
v -33.654663 -0.259218 -30.814632
v -33.582512 -0.423787 -30.788300
v -33.464024 -0.599629 -30.766970
v -33.919056 -0.589428 -30.874283
v -33.963585 -0.414198 -30.891865
v -33.966240 -0.250305 -30.892529
v -33.971691 -0.085681 -30.893892
v -33.966446 0.076148 -30.892580
v -33.958714 0.237328 -30.890646
v -33.936127 0.394628 -30.885000
v -33.909554 0.550886 -30.878357
v -33.226639 -0.906459 -30.707623
v -33.712128 -0.677884 -30.829000
v -33.091202 0.634778 -30.673763
v -33.092884 0.695401 -30.674183
v -33.142529 0.485329 -30.686594
v -33.198933 0.343944 -30.700697
v -33.228554 0.182656 -30.708101
v -33.258194 0.019421 -30.715511
v -33.282238 -0.150212 -30.721523
v -33.295723 -0.322718 -30.724895
v -33.295326 -0.504132 -30.716501
v -33.256767 -0.713719 -30.715155
v -33.668118 -0.513286 -30.811546
v -33.639122 -0.333965 -30.810747
v -33.576538 -0.183276 -30.795101
v -33.516216 -0.030742 -30.780020
v -33.447239 0.114732 -30.762775
v -33.376255 0.258568 -30.745028
v -33.293255 0.392603 -30.724277
v -33.207027 0.524006 -30.702719
v -33.164463 -1.075909 -30.692080
v -33.531834 -0.676807 -30.783924
v -32.479805 0.301350 -30.520908
v -32.459373 0.358225 -30.515800
v -32.581619 0.182521 -30.546362
v -32.685215 0.073128 -30.572262
v -32.771191 -0.065047 -30.593758
v -32.857891 -0.205019 -30.615433
v -32.941719 -0.353084 -30.636391
v -33.016800 -0.507881 -30.655161
v -33.082378 -0.677042 -30.663261
v -33.122494 -0.885538 -30.681585
v -33.431419 -0.541693 -30.752371
v -33.339371 -0.385968 -30.735807
v -33.226669 -0.270327 -30.707630
v -33.115395 -0.152104 -30.679811
v -32.998653 -0.043763 -30.650625
v -32.880646 0.062283 -30.621122
v -32.755047 0.154609 -30.589720
v -32.627407 0.243250 -30.557810
vn 0.2425 -0.0000 -0.9701
vn 0.2368 0.0165 -0.9714
vn 0.2447 0.0062 -0.9696
vn 0.2528 -0.0219 -0.9673
vn 0.2438 0.0174 -0.9697
vn 0.2469 0.0047 -0.9690
vn 0.2432 -0.0244 -0.9697
vn 0.2500 0.0157 -0.9681
vn 0.2483 0.0027 -0.9687
vn 0.2343 -0.0229 -0.9719
vt 0.000000 0.888889
vt 1.000000 0.888889
vt 1.000000 1.000000
vt 0.000000 1.000000
vt 0.000000 0.000000
vt 1.000000 0.000000
vt 1.000000 0.111111
vt 0.000000 0.111111
vt 1.000000 0.222222
vt 0.000000 0.222222
vt 1.000000 0.333333
vt 0.000000 0.333333
vt 1.000000 0.444444
vt 0.000000 0.444444
vt 1.000000 0.555556
vt 0.000000 0.555556
vt 1.000000 0.666667
vt 0.000000 0.666667
vt 1.000000 0.777778
vt 0.000000 0.777778
s 0
usemtl マテリアル.107
f 1821/1377/112 1836/1378/112 1820/1379/112 1819/1380/112
f 1817/1381/113 1818/1382/113 1829/1383/113 1828/1384/113
f 1828/1384/114 1829/1383/114 1830/1385/114 1827/1386/114
f 1827/1386/115 1830/1385/115 1831/1387/115 1826/1388/115
f 1826/1388/112 1831/1387/112 1832/1389/112 1825/1390/112
f 1825/1390/112 1832/1389/112 1833/1391/112 1824/1392/112
f 1824/1392/112 1833/1391/112 1834/1393/112 1823/1394/112
f 1823/1394/112 1834/1393/112 1835/1395/112 1822/1396/112
f 1822/1396/112 1835/1395/112 1836/1378/112 1821/1377/112
f 1841/1377/112 1856/1378/112 1840/1379/112 1839/1380/112
f 1837/1381/116 1838/1382/116 1849/1383/116 1848/1384/116
f 1848/1384/117 1849/1383/117 1850/1385/117 1847/1386/117
f 1847/1386/118 1850/1385/118 1851/1387/118 1846/1388/118
f 1846/1388/112 1851/1387/112 1852/1389/112 1845/1390/112
f 1845/1390/112 1852/1389/112 1853/1391/112 1844/1392/112
f 1844/1392/112 1853/1391/112 1854/1393/112 1843/1394/112
f 1843/1394/112 1854/1393/112 1855/1395/112 1842/1396/112
f 1842/1396/112 1855/1395/112 1856/1378/112 1841/1377/112
f 1861/1377/112 1876/1378/112 1860/1379/112 1859/1380/112
f 1857/1381/119 1858/1382/119 1869/1383/119 1868/1384/119
f 1868/1384/120 1869/1383/120 1870/1385/120 1867/1386/120
f 1867/1386/121 1870/1385/121 1871/1387/121 1866/1388/121
f 1866/1388/112 1871/1387/112 1872/1389/112 1865/1390/112
f 1865/1390/112 1872/1389/112 1873/1391/112 1864/1392/112
f 1864/1392/112 1873/1391/112 1874/1393/112 1863/1394/112
f 1863/1394/112 1874/1393/112 1875/1395/112 1862/1396/112
f 1862/1396/112 1875/1395/112 1876/1378/112 1861/1377/112
o 平面.001
v -27.946342 -0.762829 -32.249435
v -28.480062 -0.758829 -32.382870
v -28.434048 0.700789 -32.371365
v -28.459629 0.755405 -32.377762
v -28.421614 0.542770 -32.368259
v -28.417009 0.389971 -32.367107
v -28.380070 0.230296 -32.357872
v -28.342375 0.068835 -32.348446
v -28.297035 -0.096104 -32.337112
v -28.240921 -0.259218 -32.323082
v -28.168774 -0.423787 -32.296753
v -28.050283 -0.599629 -32.275421
v -28.505316 -0.589428 -32.382736
v -28.549847 -0.414198 -32.400318
v -28.552500 -0.250305 -32.400982
v -28.557951 -0.085681 -32.402344
v -28.552704 0.076148 -32.401031
v -28.544971 0.237328 -32.399097
v -28.522388 0.394628 -32.393452
v -28.495815 0.550886 -32.386810
v -27.812901 -0.906459 -32.216076
v -28.298389 -0.677884 -32.337452
v -27.677462 0.634778 -32.182213
v -27.679144 0.695401 -32.182632
v -27.728788 0.485329 -32.195045
v -27.785192 0.343944 -32.209148
v -27.814814 0.182656 -32.216553
v -27.844454 0.019421 -32.223965
v -27.868496 -0.150212 -32.229973
v -27.881985 -0.322718 -32.233345
v -27.881586 -0.504132 -32.224953
v -27.843025 -0.713719 -32.223606
v -28.254377 -0.513286 -32.320000
v -28.225382 -0.333965 -32.319199
v -28.162798 -0.183276 -32.303551
v -28.102476 -0.030742 -32.288471
v -28.033501 0.114732 -32.271225
v -27.962515 0.258568 -32.253479
v -27.879515 0.392603 -32.232727
v -27.793285 0.524006 -32.211170
v -27.750725 -1.075909 -32.200531
v -28.118093 -0.676807 -32.292377
v -27.066065 0.301350 -32.029358
v -27.045635 0.358225 -32.024250
v -27.167877 0.182521 -32.054813
v -27.271475 0.073128 -32.080715
v -27.357450 -0.065047 -32.102207
v -27.444151 -0.205019 -32.123886
v -27.527979 -0.353084 -32.144844
v -27.603062 -0.507881 -32.163612
v -27.668636 -0.677042 -32.171715
v -27.708754 -0.885538 -32.190037
v -28.017679 -0.541693 -32.260822
v -27.925632 -0.385968 -32.244259
v -27.812929 -0.270327 -32.216084
v -27.701654 -0.152104 -32.188263
v -27.584915 -0.043763 -32.159077
v -27.466906 0.062283 -32.129574
v -27.341307 0.154609 -32.098171
v -27.213669 0.243250 -32.066261
vn 0.2425 -0.0000 -0.9701
vn 0.2368 0.0165 -0.9714
vn 0.2447 0.0062 -0.9696
vn 0.2528 -0.0219 -0.9673
vn 0.2438 0.0174 -0.9697
vn 0.2469 0.0047 -0.9690
vn 0.2432 -0.0244 -0.9697
vn 0.2500 0.0157 -0.9681
vn 0.2483 0.0027 -0.9687
vn 0.2343 -0.0229 -0.9719
vt 0.000000 0.888889
vt 1.000000 0.888889
vt 1.000000 1.000000
vt 0.000000 1.000000
vt 0.000000 0.000000
vt 1.000000 0.000000
vt 1.000000 0.111111
vt 0.000000 0.111111
vt 1.000000 0.222222
vt 0.000000 0.222222
vt 1.000000 0.333333
vt 0.000000 0.333333
vt 1.000000 0.444444
vt 0.000000 0.444444
vt 1.000000 0.555556
vt 0.000000 0.555556
vt 1.000000 0.666667
vt 0.000000 0.666667
vt 1.000000 0.777778
vt 0.000000 0.777778
s 0
usemtl マテリアル.107
f 1881/1397/122 1896/1398/122 1880/1399/122 1879/1400/122
f 1877/1401/123 1878/1402/123 1889/1403/123 1888/1404/123
f 1888/1404/124 1889/1403/124 1890/1405/124 1887/1406/124
f 1887/1406/125 1890/1405/125 1891/1407/125 1886/1408/125
f 1886/1408/122 1891/1407/122 1892/1409/122 1885/1410/122
f 1885/1410/122 1892/1409/122 1893/1411/122 1884/1412/122
f 1884/1412/122 1893/1411/122 1894/1413/122 1883/1414/122
f 1883/1414/122 1894/1413/122 1895/1415/122 1882/1416/122
f 1882/1416/122 1895/1415/122 1896/1398/122 1881/1397/122
f 1901/1397/122 1916/1398/122 1900/1399/122 1899/1400/122
f 1897/1401/126 1898/1402/126 1909/1403/126 1908/1404/126
f 1908/1404/127 1909/1403/127 1910/1405/127 1907/1406/127
f 1907/1406/128 1910/1405/128 1911/1407/128 1906/1408/128
f 1906/1408/122 1911/1407/122 1912/1409/122 1905/1410/122
f 1905/1410/122 1912/1409/122 1913/1411/122 1904/1412/122
f 1904/1412/122 1913/1411/122 1914/1413/122 1903/1414/122
f 1903/1414/122 1914/1413/122 1915/1415/122 1902/1416/122
f 1902/1416/122 1915/1415/122 1916/1398/122 1901/1397/122
f 1921/1397/122 1936/1398/122 1920/1399/122 1919/1400/122
f 1917/1401/129 1918/1402/129 1929/1403/129 1928/1404/129
f 1928/1404/130 1929/1403/130 1930/1405/130 1927/1406/130
f 1927/1406/131 1930/1405/131 1931/1407/131 1926/1408/131
f 1926/1408/122 1931/1407/122 1932/1409/122 1925/1410/122
f 1925/1410/122 1932/1409/122 1933/1411/122 1924/1412/122
f 1924/1412/122 1933/1411/122 1934/1413/122 1923/1414/122
f 1923/1414/122 1934/1413/122 1935/1415/122 1922/1416/122
f 1922/1416/122 1935/1415/122 1936/1398/122 1921/1397/122
o 平面.001
v -25.056808 -0.762829 -31.545181
v -25.590528 -0.758829 -31.678616
v -25.544514 0.700789 -31.667112
v -25.570095 0.755405 -31.673508
v -25.532080 0.542770 -31.664003
v -25.527475 0.389971 -31.662853
v -25.490536 0.230296 -31.653618
v -25.452841 0.068835 -31.644194
v -25.407501 -0.096104 -31.632858
v -25.351387 -0.259218 -31.618830
v -25.279240 -0.423787 -31.592497
v -25.160749 -0.599629 -31.571167
v -25.615782 -0.589428 -31.678480
v -25.660313 -0.414198 -31.696062
v -25.662966 -0.250305 -31.696726
v -25.668417 -0.085681 -31.698090
v -25.663170 0.076148 -31.696777
v -25.655437 0.237328 -31.694843
v -25.632854 0.394628 -31.689198
v -25.606281 0.550886 -31.682554
v -24.923367 -0.906459 -31.511820
v -25.408855 -0.677884 -31.633198
v -24.787928 0.634778 -31.477961
v -24.789610 0.695401 -31.478380
v -24.839254 0.485329 -31.490791
v -24.895658 0.343944 -31.504894
v -24.925280 0.182656 -31.512299
v -24.954920 0.019421 -31.519709
v -24.978962 -0.150212 -31.525721
v -24.992451 -0.322718 -31.529093
v -24.992052 -0.504132 -31.520699
v -24.953491 -0.713719 -31.519352
v -25.364843 -0.513286 -31.615744
v -25.335848 -0.333965 -31.614944
v -25.273264 -0.183276 -31.599298
v -25.212942 -0.030742 -31.584217
v -25.143967 0.114732 -31.566973
v -25.072981 0.258568 -31.549225
v -24.989981 0.392603 -31.528475
v -24.903751 0.524006 -31.506916
v -24.861191 -1.075909 -31.496277
v -25.228559 -0.676807 -31.588121
v -24.176531 0.301350 -31.325106
v -24.156101 0.358225 -31.319998
v -24.278343 0.182521 -31.350559
v -24.381941 0.073128 -31.376459
v -24.467916 -0.065047 -31.397955
v -24.554617 -0.205019 -31.419630
v -24.638445 -0.353084 -31.440588
v -24.713528 -0.507881 -31.459358
v -24.779102 -0.677042 -31.467459
v -24.819220 -0.885538 -31.485783
v -25.128145 -0.541693 -31.556568
v -25.036098 -0.385968 -31.540005
v -24.923395 -0.270327 -31.511827
v -24.812120 -0.152104 -31.484009
v -24.695381 -0.043763 -31.454823
v -24.577372 0.062283 -31.425320
v -24.451773 0.154609 -31.393917
v -24.324135 0.243250 -31.362007
vn 0.2425 -0.0000 -0.9701
vn 0.2368 0.0165 -0.9714
vn 0.2447 0.0062 -0.9696
vn 0.2528 -0.0219 -0.9673
vn 0.2438 0.0174 -0.9697
vn 0.2469 0.0047 -0.9690
vn 0.2432 -0.0244 -0.9697
vn 0.2500 0.0157 -0.9681
vn 0.2483 0.0027 -0.9687
vn 0.2343 -0.0229 -0.9719
vt 0.000000 0.888889
vt 1.000000 0.888889
vt 1.000000 1.000000
vt 0.000000 1.000000
vt 0.000000 0.000000
vt 1.000000 0.000000
vt 1.000000 0.111111
vt 0.000000 0.111111
vt 1.000000 0.222222
vt 0.000000 0.222222
vt 1.000000 0.333333
vt 0.000000 0.333333
vt 1.000000 0.444444
vt 0.000000 0.444444
vt 1.000000 0.555556
vt 0.000000 0.555556
vt 1.000000 0.666667
vt 0.000000 0.666667
vt 1.000000 0.777778
vt 0.000000 0.777778
s 0
usemtl マテリアル.107
f 1941/1417/132 1956/1418/132 1940/1419/132 1939/1420/132
f 1937/1421/133 1938/1422/133 1949/1423/133 1948/1424/133
f 1948/1424/134 1949/1423/134 1950/1425/134 1947/1426/134
f 1947/1426/135 1950/1425/135 1951/1427/135 1946/1428/135
f 1946/1428/132 1951/1427/132 1952/1429/132 1945/1430/132
f 1945/1430/132 1952/1429/132 1953/1431/132 1944/1432/132
f 1944/1432/132 1953/1431/132 1954/1433/132 1943/1434/132
f 1943/1434/132 1954/1433/132 1955/1435/132 1942/1436/132
f 1942/1436/132 1955/1435/132 1956/1418/132 1941/1417/132
f 1961/1417/132 1976/1418/132 1960/1419/132 1959/1420/132
f 1957/1421/136 1958/1422/136 1969/1423/136 1968/1424/136
f 1968/1424/137 1969/1423/137 1970/1425/137 1967/1426/137
f 1967/1426/138 1970/1425/138 1971/1427/138 1966/1428/138
f 1966/1428/132 1971/1427/132 1972/1429/132 1965/1430/132
f 1965/1430/132 1972/1429/132 1973/1431/132 1964/1432/132
f 1964/1432/132 1973/1431/132 1974/1433/132 1963/1434/132
f 1963/1434/132 1974/1433/132 1975/1435/132 1962/1436/132
f 1962/1436/132 1975/1435/132 1976/1418/132 1961/1417/132
f 1981/1417/132 1996/1418/132 1980/1419/132 1979/1420/132
f 1977/1421/139 1978/1422/139 1989/1423/139 1988/1424/139
f 1988/1424/140 1989/1423/140 1990/1425/140 1987/1426/140
f 1987/1426/141 1990/1425/141 1991/1427/141 1986/1428/141
f 1986/1428/132 1991/1427/132 1992/1429/132 1985/1430/132
f 1985/1430/132 1992/1429/132 1993/1431/132 1984/1432/132
f 1984/1432/132 1993/1431/132 1994/1433/132 1983/1434/132
f 1983/1434/132 1994/1433/132 1995/1435/132 1982/1436/132
f 1982/1436/132 1995/1435/132 1996/1418/132 1981/1417/132
o 平面.001
v 18.215675 -0.762829 -30.740984
v 17.681955 -0.758829 -30.874418
v 17.727970 0.700789 -30.862915
v 17.702389 0.755405 -30.869310
v 17.740404 0.542770 -30.859806
v 17.745008 0.389971 -30.858656
v 17.781948 0.230296 -30.849421
v 17.819643 0.068835 -30.839996
v 17.864983 -0.096104 -30.828661
v 17.921097 -0.259218 -30.814632
v 17.993244 -0.423787 -30.788300
v 18.111734 -0.599629 -30.766970
v 17.656702 -0.589428 -30.874283
v 17.612171 -0.414198 -30.891865
v 17.609518 -0.250305 -30.892529
v 17.604067 -0.085681 -30.893892
v 17.609314 0.076148 -30.892580
v 17.617046 0.237328 -30.890646
v 17.639629 0.394628 -30.885000
v 17.666203 0.550886 -30.878357
v 18.349117 -0.906459 -30.707623
v 17.863628 -0.677884 -30.829000
v 18.484556 0.634778 -30.673763
v 18.482874 0.695401 -30.674183
v 18.433229 0.485329 -30.686594
v 18.376825 0.343944 -30.700697
v 18.347204 0.182656 -30.708101
v 18.317564 0.019421 -30.715511
v 18.293522 -0.150212 -30.721523
v 18.280033 -0.322718 -30.724895
v 18.280432 -0.504132 -30.716501
v 18.318993 -0.713719 -30.715155
v 17.907640 -0.513286 -30.811546
v 17.936636 -0.333965 -30.810747
v 17.999220 -0.183276 -30.795101
v 18.059542 -0.030742 -30.780020
v 18.128517 0.114732 -30.762775
v 18.199503 0.258568 -30.745028
v 18.282503 0.392603 -30.724277
v 18.368732 0.524006 -30.702719
v 18.411293 -1.075909 -30.692080
v 18.043924 -0.676807 -30.783924
v 19.095953 0.301350 -30.520908
v 19.116383 0.358225 -30.515800
v 18.994141 0.182521 -30.546362
v 18.890543 0.073128 -30.572262
v 18.804567 -0.065047 -30.593758
v 18.717867 -0.205019 -30.615433
v 18.634039 -0.353084 -30.636391
v 18.558956 -0.507881 -30.655161
v 18.493382 -0.677042 -30.663261
v 18.453264 -0.885538 -30.681585
v 18.144339 -0.541693 -30.752371
v 18.236385 -0.385968 -30.735807
v 18.349089 -0.270327 -30.707630
v 18.460363 -0.152104 -30.679811
v 18.577103 -0.043763 -30.650625
v 18.695112 0.062283 -30.621122
v 18.820711 0.154609 -30.589720
v 18.948349 0.243250 -30.557810
vn 0.2425 -0.0000 -0.9701
vn 0.2368 0.0165 -0.9714
vn 0.2447 0.0062 -0.9696
vn 0.2528 -0.0219 -0.9673
vn 0.2438 0.0174 -0.9697
vn 0.2469 0.0047 -0.9690
vn 0.2432 -0.0244 -0.9697
vn 0.2500 0.0157 -0.9681
vn 0.2483 0.0027 -0.9687
vn 0.2343 -0.0229 -0.9719
vt 0.000000 0.888889
vt 1.000000 0.888889
vt 1.000000 1.000000
vt 0.000000 1.000000
vt 0.000000 0.000000
vt 1.000000 0.000000
vt 1.000000 0.111111
vt 0.000000 0.111111
vt 1.000000 0.222222
vt 0.000000 0.222222
vt 1.000000 0.333333
vt 0.000000 0.333333
vt 1.000000 0.444444
vt 0.000000 0.444444
vt 1.000000 0.555556
vt 0.000000 0.555556
vt 1.000000 0.666667
vt 0.000000 0.666667
vt 1.000000 0.777778
vt 0.000000 0.777778
s 0
usemtl マテリアル.107
f 2001/1437/142 2016/1438/142 2000/1439/142 1999/1440/142
f 1997/1441/143 1998/1442/143 2009/1443/143 2008/1444/143
f 2008/1444/144 2009/1443/144 2010/1445/144 2007/1446/144
f 2007/1446/145 2010/1445/145 2011/1447/145 2006/1448/145
f 2006/1448/142 2011/1447/142 2012/1449/142 2005/1450/142
f 2005/1450/142 2012/1449/142 2013/1451/142 2004/1452/142
f 2004/1452/142 2013/1451/142 2014/1453/142 2003/1454/142
f 2003/1454/142 2014/1453/142 2015/1455/142 2002/1456/142
f 2002/1456/142 2015/1455/142 2016/1438/142 2001/1437/142
f 2021/1437/142 2036/1438/142 2020/1439/142 2019/1440/142
f 2017/1441/146 2018/1442/146 2029/1443/146 2028/1444/146
f 2028/1444/147 2029/1443/147 2030/1445/147 2027/1446/147
f 2027/1446/148 2030/1445/148 2031/1447/148 2026/1448/148
f 2026/1448/142 2031/1447/142 2032/1449/142 2025/1450/142
f 2025/1450/142 2032/1449/142 2033/1451/142 2024/1452/142
f 2024/1452/142 2033/1451/142 2034/1453/142 2023/1454/142
f 2023/1454/142 2034/1453/142 2035/1455/142 2022/1456/142
f 2022/1456/142 2035/1455/142 2036/1438/142 2021/1437/142
f 2041/1437/142 2056/1438/142 2040/1439/142 2039/1440/142
f 2037/1441/149 2038/1442/149 2049/1443/149 2048/1444/149
f 2048/1444/150 2049/1443/150 2050/1445/150 2047/1446/150
f 2047/1446/151 2050/1445/151 2051/1447/151 2046/1448/151
f 2046/1448/142 2051/1447/142 2052/1449/142 2045/1450/142
f 2045/1450/142 2052/1449/142 2053/1451/142 2044/1452/142
f 2044/1452/142 2053/1451/142 2054/1453/142 2043/1454/142
f 2043/1454/142 2054/1453/142 2055/1455/142 2042/1456/142
f 2042/1456/142 2055/1455/142 2056/1438/142 2041/1437/142
o 平面.001
v 23.629414 -0.762829 -32.249435
v 23.095694 -0.758829 -32.382870
v 23.141708 0.700789 -32.371365
v 23.116127 0.755405 -32.377762
v 23.154142 0.542770 -32.368259
v 23.158747 0.389971 -32.367107
v 23.195686 0.230296 -32.357872
v 23.233381 0.068835 -32.348446
v 23.278721 -0.096104 -32.337112
v 23.334835 -0.259218 -32.323082
v 23.406982 -0.423787 -32.296753
v 23.525473 -0.599629 -32.275421
v 23.070440 -0.589428 -32.382736
v 23.025909 -0.414198 -32.400318
v 23.023256 -0.250305 -32.400982
v 23.017805 -0.085681 -32.402344
v 23.023052 0.076148 -32.401031
v 23.030785 0.237328 -32.399097
v 23.053368 0.394628 -32.393452
v 23.079941 0.550886 -32.386810
v 23.762856 -0.906459 -32.216076
v 23.277367 -0.677884 -32.337452
v 23.898294 0.634778 -32.182213
v 23.896612 0.695401 -32.182632
v 23.846968 0.485329 -32.195045
v 23.790564 0.343944 -32.209148
v 23.760942 0.182656 -32.216553
v 23.731302 0.019421 -32.223965
v 23.707260 -0.150212 -32.229973
v 23.693771 -0.322718 -32.233345
v 23.694170 -0.504132 -32.224953
v 23.732731 -0.713719 -32.223606
v 23.321379 -0.513286 -32.320000
v 23.350374 -0.333965 -32.319199
v 23.412958 -0.183276 -32.303551
v 23.473280 -0.030742 -32.288471
v 23.542255 0.114732 -32.271225
v 23.613241 0.258568 -32.253479
v 23.696241 0.392603 -32.232727
v 23.782471 0.524006 -32.211170
v 23.825031 -1.075909 -32.200531
v 23.457663 -0.676807 -32.292377
v 24.509691 0.301350 -32.029358
v 24.530121 0.358225 -32.024250
v 24.407879 0.182521 -32.054813
v 24.304281 0.073128 -32.080715
v 24.218306 -0.065047 -32.102207
v 24.131605 -0.205019 -32.123886
v 24.047777 -0.353084 -32.144844
v 23.972694 -0.507881 -32.163612
v 23.907120 -0.677042 -32.171715
v 23.867002 -0.885538 -32.190037
v 23.558077 -0.541693 -32.260822
v 23.650124 -0.385968 -32.244259
v 23.762827 -0.270327 -32.216084
v 23.874102 -0.152104 -32.188263
v 23.990841 -0.043763 -32.159077
v 24.108850 0.062283 -32.129574
v 24.234449 0.154609 -32.098171
v 24.362087 0.243250 -32.066261
vn 0.2425 -0.0000 -0.9701
vn 0.2368 0.0165 -0.9714
vn 0.2447 0.0062 -0.9696
vn 0.2528 -0.0219 -0.9673
vn 0.2438 0.0174 -0.9697
vn 0.2469 0.0047 -0.9690
vn 0.2432 -0.0244 -0.9697
vn 0.2500 0.0157 -0.9681
vn 0.2483 0.0027 -0.9687
vn 0.2343 -0.0229 -0.9719
vt 0.000000 0.888889
vt 1.000000 0.888889
vt 1.000000 1.000000
vt 0.000000 1.000000
vt 0.000000 0.000000
vt 1.000000 0.000000
vt 1.000000 0.111111
vt 0.000000 0.111111
vt 1.000000 0.222222
vt 0.000000 0.222222
vt 1.000000 0.333333
vt 0.000000 0.333333
vt 1.000000 0.444444
vt 0.000000 0.444444
vt 1.000000 0.555556
vt 0.000000 0.555556
vt 1.000000 0.666667
vt 0.000000 0.666667
vt 1.000000 0.777778
vt 0.000000 0.777778
s 0
usemtl マテリアル.107
f 2061/1457/152 2076/1458/152 2060/1459/152 2059/1460/152
f 2057/1461/153 2058/1462/153 2069/1463/153 2068/1464/153
f 2068/1464/154 2069/1463/154 2070/1465/154 2067/1466/154
f 2067/1466/155 2070/1465/155 2071/1467/155 2066/1468/155
f 2066/1468/152 2071/1467/152 2072/1469/152 2065/1470/152
f 2065/1470/152 2072/1469/152 2073/1471/152 2064/1472/152
f 2064/1472/152 2073/1471/152 2074/1473/152 2063/1474/152
f 2063/1474/152 2074/1473/152 2075/1475/152 2062/1476/152
f 2062/1476/152 2075/1475/152 2076/1458/152 2061/1457/152
f 2081/1457/152 2096/1458/152 2080/1459/152 2079/1460/152
f 2077/1461/156 2078/1462/156 2089/1463/156 2088/1464/156
f 2088/1464/157 2089/1463/157 2090/1465/157 2087/1466/157
f 2087/1466/158 2090/1465/158 2091/1467/158 2086/1468/158
f 2086/1468/152 2091/1467/152 2092/1469/152 2085/1470/152
f 2085/1470/152 2092/1469/152 2093/1471/152 2084/1472/152
f 2084/1472/152 2093/1471/152 2094/1473/152 2083/1474/152
f 2083/1474/152 2094/1473/152 2095/1475/152 2082/1476/152
f 2082/1476/152 2095/1475/152 2096/1458/152 2081/1457/152
f 2101/1457/152 2116/1458/152 2100/1459/152 2099/1460/152
f 2097/1461/159 2098/1462/159 2109/1463/159 2108/1464/159
f 2108/1464/160 2109/1463/160 2110/1465/160 2107/1466/160
f 2107/1466/161 2110/1465/161 2111/1467/161 2106/1468/161
f 2106/1468/152 2111/1467/152 2112/1469/152 2105/1470/152
f 2105/1470/152 2112/1469/152 2113/1471/152 2104/1472/152
f 2104/1472/152 2113/1471/152 2114/1473/152 2103/1474/152
f 2103/1474/152 2114/1473/152 2115/1475/152 2102/1476/152
f 2102/1476/152 2115/1475/152 2116/1458/152 2101/1457/152
o 平面.001
v -18.329535 -0.762829 -29.302759
v -18.863256 -0.758829 -29.436193
v -18.817242 0.700789 -29.424690
v -18.842821 0.755406 -29.431086
v -18.804806 0.542771 -29.421581
v -18.800201 0.389972 -29.420431
v -18.763262 0.230296 -29.411196
v -18.725567 0.068836 -29.401772
v -18.680227 -0.096104 -29.390436
v -18.624113 -0.259218 -29.376408
v -18.551966 -0.423787 -29.350075
v -18.433475 -0.599629 -29.328745
v -18.888508 -0.589428 -29.436058
v -18.933039 -0.414198 -29.453640
v -18.935692 -0.250305 -29.454304
v -18.941143 -0.085681 -29.455667
v -18.935896 0.076148 -29.454355
v -18.928164 0.237329 -29.452421
v -18.905581 0.394628 -29.446775
v -18.879007 0.550886 -29.440132
v -18.196093 -0.906459 -29.269398
v -18.681581 -0.677884 -29.390776
v -18.060654 0.634778 -29.235538
v -18.062336 0.695402 -29.235958
v -18.111980 0.485329 -29.248369
v -18.168385 0.343944 -29.262472
v -18.198006 0.182656 -29.269876
v -18.227646 0.019421 -29.277287
v -18.251688 -0.150212 -29.283298
v -18.265177 -0.322718 -29.286671
v -18.264778 -0.504132 -29.278276
v -18.226217 -0.713719 -29.276930
v -18.637569 -0.513286 -29.373322
v -18.608574 -0.333965 -29.372522
v -18.545990 -0.183276 -29.356876
v -18.485668 -0.030742 -29.341795
v -18.416693 0.114733 -29.324551
v -18.345707 0.258568 -29.306803
v -18.262707 0.392603 -29.286053
v -18.176477 0.524006 -29.264494
v -18.133917 -1.075909 -29.253855
v -18.501286 -0.676807 -29.345699
v -17.449257 0.301350 -29.082684
v -17.428827 0.358225 -29.077576
v -17.551069 0.182521 -29.108137
v -17.654667 0.073128 -29.134037
v -17.740643 -0.065047 -29.155533
v -17.827343 -0.205019 -29.177208
v -17.911171 -0.353083 -29.198166
v -17.986254 -0.507880 -29.216936
v -18.051828 -0.677042 -29.225037
v -18.091946 -0.885538 -29.243361
v -18.400871 -0.541693 -29.314146
v -18.308825 -0.385968 -29.297583
v -18.196121 -0.270327 -29.269405
v -18.084846 -0.152104 -29.241587
v -17.968107 -0.043763 -29.212400
v -17.850098 0.062283 -29.182898
v -17.724499 0.154609 -29.151495
v -17.596861 0.243250 -29.119585
vn 0.2425 -0.0000 -0.9701
vn 0.2368 0.0165 -0.9714
vn 0.2447 0.0062 -0.9696
vn 0.2528 -0.0219 -0.9673
vn 0.2438 0.0174 -0.9697
vn 0.2469 0.0047 -0.9690
vn 0.2432 -0.0244 -0.9697
vn 0.2500 0.0157 -0.9681
vn 0.2483 0.0027 -0.9687
vn 0.2343 -0.0229 -0.9719
vt 0.000000 0.888889
vt 1.000000 0.888889
vt 1.000000 1.000000
vt 0.000000 1.000000
vt 0.000000 0.000000
vt 1.000000 0.000000
vt 1.000000 0.111111
vt 0.000000 0.111111
vt 1.000000 0.222222
vt 0.000000 0.222222
vt 1.000000 0.333333
vt 0.000000 0.333333
vt 1.000000 0.444444
vt 0.000000 0.444444
vt 1.000000 0.555556
vt 0.000000 0.555556
vt 1.000000 0.666667
vt 0.000000 0.666667
vt 1.000000 0.777778
vt 0.000000 0.777778
s 0
usemtl マテリアル.107
f 2121/1477/162 2136/1478/162 2120/1479/162 2119/1480/162
f 2117/1481/163 2118/1482/163 2129/1483/163 2128/1484/163
f 2128/1484/164 2129/1483/164 2130/1485/164 2127/1486/164
f 2127/1486/165 2130/1485/165 2131/1487/165 2126/1488/165
f 2126/1488/162 2131/1487/162 2132/1489/162 2125/1490/162
f 2125/1490/162 2132/1489/162 2133/1491/162 2124/1492/162
f 2124/1492/162 2133/1491/162 2134/1493/162 2123/1494/162
f 2123/1494/162 2134/1493/162 2135/1495/162 2122/1496/162
f 2122/1496/162 2135/1495/162 2136/1478/162 2121/1477/162
f 2141/1477/162 2156/1478/162 2140/1479/162 2139/1480/162
f 2137/1481/166 2138/1482/166 2149/1483/166 2148/1484/166
f 2148/1484/167 2149/1483/167 2150/1485/167 2147/1486/167
f 2147/1486/168 2150/1485/168 2151/1487/168 2146/1488/168
f 2146/1488/162 2151/1487/162 2152/1489/162 2145/1490/162
f 2145/1490/162 2152/1489/162 2153/1491/162 2144/1492/162
f 2144/1492/162 2153/1491/162 2154/1493/162 2143/1494/162
f 2143/1494/162 2154/1493/162 2155/1495/162 2142/1496/162
f 2142/1496/162 2155/1495/162 2156/1478/162 2141/1477/162
f 2161/1477/162 2176/1478/162 2160/1479/162 2159/1480/162
f 2157/1481/169 2158/1482/169 2169/1483/169 2168/1484/169
f 2168/1484/170 2169/1483/170 2170/1485/170 2167/1486/170
f 2167/1486/171 2170/1485/171 2171/1487/171 2166/1488/171
f 2166/1488/162 2171/1487/162 2172/1489/162 2165/1490/162
f 2165/1490/162 2172/1489/162 2173/1491/162 2164/1492/162
f 2164/1492/162 2173/1491/162 2174/1493/162 2163/1494/162
f 2163/1494/162 2174/1493/162 2175/1495/162 2162/1496/162
f 2162/1496/162 2175/1495/162 2176/1478/162 2161/1477/162
o 平面.001
v -15.420692 -0.762829 -28.498562
v -15.954412 -0.758829 -28.631996
v -15.908398 0.700789 -28.620493
v -15.933978 0.755405 -28.626888
v -15.895963 0.542770 -28.617384
v -15.891359 0.389971 -28.616234
v -15.854419 0.230296 -28.606998
v -15.816725 0.068835 -28.597574
v -15.771383 -0.096104 -28.586239
v -15.715270 -0.259218 -28.572210
v -15.643123 -0.423787 -28.545877
v -15.524632 -0.599629 -28.524548
v -15.979665 -0.589428 -28.631861
v -16.024195 -0.414198 -28.649443
v -16.026850 -0.250305 -28.650106
v -16.032301 -0.085681 -28.651470
v -16.027054 0.076148 -28.650158
v -16.019321 0.237328 -28.648224
v -15.996737 0.394628 -28.642578
v -15.970164 0.550886 -28.635935
v -15.287250 -0.906459 -28.465200
v -15.772738 -0.677884 -28.586578
v -15.151810 0.634778 -28.431341
v -15.153492 0.695401 -28.431761
v -15.203137 0.485329 -28.444172
v -15.259542 0.343944 -28.458275
v -15.289163 0.182656 -28.465679
v -15.318804 0.019421 -28.473089
v -15.342846 -0.150212 -28.479101
v -15.356333 -0.322718 -28.482473
v -15.355935 -0.504132 -28.474079
v -15.317375 -0.713719 -28.472733
v -15.728726 -0.513286 -28.569124
v -15.699730 -0.333965 -28.568325
v -15.637147 -0.183276 -28.552679
v -15.576825 -0.030742 -28.537598
v -15.507850 0.114732 -28.520353
v -15.436864 0.258568 -28.502605
v -15.353864 0.392603 -28.481855
v -15.267635 0.524006 -28.460297
v -15.225074 -1.075909 -28.449657
v -15.592443 -0.676807 -28.541502
v -14.540414 0.301350 -28.278486
v -14.519984 0.358225 -28.273378
v -14.642227 0.182521 -28.303940
v -14.745824 0.073128 -28.329840
v -14.831800 -0.065047 -28.351336
v -14.918500 -0.205019 -28.373011
v -15.002329 -0.353084 -28.393969
v -15.077410 -0.507881 -28.412739
v -15.142985 -0.677042 -28.420839
v -15.183103 -0.885538 -28.439163
v -15.492029 -0.541693 -28.509949
v -15.399981 -0.385968 -28.493385
v -15.287278 -0.270327 -28.465208
v -15.176004 -0.152104 -28.437389
v -15.059264 -0.043763 -28.408203
v -14.941254 0.062283 -28.378700
v -14.815655 0.154609 -28.347298
v -14.688018 0.243250 -28.315388
vn 0.2425 -0.0000 -0.9701
vn 0.2368 0.0165 -0.9714
vn 0.2447 0.0062 -0.9696
vn 0.2528 -0.0219 -0.9673
vn 0.2438 0.0174 -0.9697
vn 0.2469 0.0047 -0.9690
vn 0.2432 -0.0244 -0.9697
vn 0.2500 0.0157 -0.9681
vn 0.2483 0.0027 -0.9687
vn 0.2343 -0.0229 -0.9719
vt 0.000000 0.888889
vt 1.000000 0.888889
vt 1.000000 1.000000
vt 0.000000 1.000000
vt 0.000000 0.000000
vt 1.000000 0.000000
vt 1.000000 0.111111
vt 0.000000 0.111111
vt 1.000000 0.222222
vt 0.000000 0.222222
vt 1.000000 0.333333
vt 0.000000 0.333333
vt 1.000000 0.444444
vt 0.000000 0.444444
vt 1.000000 0.555556
vt 0.000000 0.555556
vt 1.000000 0.666667
vt 0.000000 0.666667
vt 1.000000 0.777778
vt 0.000000 0.777778
s 0
usemtl マテリアル.107
f 2181/1497/172 2196/1498/172 2180/1499/172 2179/1500/172
f 2177/1501/173 2178/1502/173 2189/1503/173 2188/1504/173
f 2188/1504/174 2189/1503/174 2190/1505/174 2187/1506/174
f 2187/1506/175 2190/1505/175 2191/1507/175 2186/1508/175
f 2186/1508/172 2191/1507/172 2192/1509/172 2185/1510/172
f 2185/1510/172 2192/1509/172 2193/1511/172 2184/1512/172
f 2184/1512/172 2193/1511/172 2194/1513/172 2183/1514/172
f 2183/1514/172 2194/1513/172 2195/1515/172 2182/1516/172
f 2182/1516/172 2195/1515/172 2196/1498/172 2181/1497/172
f 2201/1497/172 2216/1498/172 2200/1499/172 2199/1500/172
f 2197/1501/176 2198/1502/176 2209/1503/176 2208/1504/176
f 2208/1504/177 2209/1503/177 2210/1505/177 2207/1506/177
f 2207/1506/178 2210/1505/178 2211/1507/178 2206/1508/178
f 2206/1508/172 2211/1507/172 2212/1509/172 2205/1510/172
f 2205/1510/172 2212/1509/172 2213/1511/172 2204/1512/172
f 2204/1512/172 2213/1511/172 2214/1513/172 2203/1514/172
f 2203/1514/172 2214/1513/172 2215/1515/172 2202/1516/172
f 2202/1516/172 2215/1515/172 2216/1498/172 2201/1497/172
f 2221/1497/172 2236/1498/172 2220/1499/172 2219/1500/172
f 2217/1501/179 2218/1502/179 2229/1503/179 2228/1504/179
f 2228/1504/180 2229/1503/180 2230/1505/180 2227/1506/180
f 2227/1506/181 2230/1505/181 2231/1507/181 2226/1508/181
f 2226/1508/172 2231/1507/172 2232/1509/172 2225/1510/172
f 2225/1510/172 2232/1509/172 2233/1511/172 2224/1512/172
f 2224/1512/172 2233/1511/172 2234/1513/172 2223/1514/172
f 2223/1514/172 2234/1513/172 2235/1515/172 2222/1516/172
f 2222/1516/172 2235/1515/172 2236/1498/172 2221/1497/172
o 平面.001
v 32.599106 -0.762829 -30.007010
v 32.065388 -0.758829 -30.140444
v 32.111401 0.700789 -30.128941
v 32.085823 0.755405 -30.135336
v 32.123837 0.542770 -30.125832
v 32.128441 0.389971 -30.124681
v 32.165379 0.230296 -30.115446
v 32.203075 0.068835 -30.106022
v 32.248417 -0.096104 -30.094687
v 32.304527 -0.259218 -30.080658
v 32.376678 -0.423787 -30.054325
v 32.495167 -0.599629 -30.032995
v 32.040134 -0.589428 -30.140308
v 31.995604 -0.414198 -30.157890
v 31.992950 -0.250305 -30.158554
v 31.987499 -0.085681 -30.159918
v 31.992746 0.076148 -30.158606
v 32.000477 0.237328 -30.156672
v 32.023064 0.394628 -30.151026
v 32.049637 0.550886 -30.144382
v 32.732552 -0.906459 -29.973648
v 32.247063 -0.677884 -30.095026
v 32.867989 0.634778 -29.939789
v 32.866306 0.695401 -29.940208
v 32.816662 0.485329 -29.952620
v 32.760258 0.343944 -29.966722
v 32.730637 0.182656 -29.974127
v 32.700996 0.019421 -29.981537
v 32.676952 -0.150212 -29.987549
v 32.663467 -0.322718 -29.990921
v 32.663864 -0.504132 -29.982527
v 32.702423 -0.713719 -29.981180
v 32.291073 -0.513286 -30.077572
v 32.320068 -0.333965 -30.076773
v 32.382652 -0.183276 -30.061127
v 32.442974 -0.030742 -30.046045
v 32.511951 0.114732 -30.028801
v 32.582935 0.258568 -30.011053
v 32.665936 0.392603 -29.990303
v 32.752163 0.524006 -29.968744
v 32.794727 -1.075909 -29.958105
v 32.427357 -0.676807 -30.049950
v 33.479385 0.301350 -29.786934
v 33.499817 0.358225 -29.781826
v 33.377571 0.182521 -29.812387
v 33.273975 0.073128 -29.838287
v 33.188000 -0.065047 -29.859783
v 33.101299 -0.205019 -29.881458
v 33.017471 -0.353084 -29.902416
v 32.942390 -0.507881 -29.921186
v 32.876812 -0.677042 -29.929287
v 32.836697 -0.885538 -29.947611
v 32.527771 -0.541693 -30.018396
v 32.619820 -0.385968 -30.001833
v 32.732521 -0.270327 -29.973656
v 32.843796 -0.152104 -29.945837
v 32.960537 -0.043763 -29.916651
v 33.078545 0.062283 -29.887148
v 33.204144 0.154609 -29.855745
v 33.331783 0.243250 -29.823835
vn 0.2425 -0.0000 -0.9701
vn 0.2368 0.0165 -0.9714
vn 0.2447 0.0062 -0.9696
vn 0.2528 -0.0219 -0.9673
vn 0.2438 0.0174 -0.9697
vn 0.2469 0.0047 -0.9690
vn 0.2432 -0.0244 -0.9697
vn 0.2500 0.0157 -0.9681
vn 0.2483 0.0027 -0.9687
vn 0.2343 -0.0229 -0.9719
vt 0.000000 0.888889
vt 1.000000 0.888889
vt 1.000000 1.000000
vt 0.000000 1.000000
vt 0.000000 0.000000
vt 1.000000 0.000000
vt 1.000000 0.111111
vt 0.000000 0.111111
vt 1.000000 0.222222
vt 0.000000 0.222222
vt 1.000000 0.333333
vt 0.000000 0.333333
vt 1.000000 0.444444
vt 0.000000 0.444444
vt 1.000000 0.555556
vt 0.000000 0.555556
vt 1.000000 0.666667
vt 0.000000 0.666667
vt 1.000000 0.777778
vt 0.000000 0.777778
s 0
usemtl マテリアル.107
f 2241/1517/182 2256/1518/182 2240/1519/182 2239/1520/182
f 2237/1521/183 2238/1522/183 2249/1523/183 2248/1524/183
f 2248/1524/184 2249/1523/184 2250/1525/184 2247/1526/184
f 2247/1526/185 2250/1525/185 2251/1527/185 2246/1528/185
f 2246/1528/182 2251/1527/182 2252/1529/182 2245/1530/182
f 2245/1530/182 2252/1529/182 2253/1531/182 2244/1532/182
f 2244/1532/182 2253/1531/182 2254/1533/182 2243/1534/182
f 2243/1534/182 2254/1533/182 2255/1535/182 2242/1536/182
f 2242/1536/182 2255/1535/182 2256/1518/182 2241/1517/182
f 2261/1517/182 2276/1518/182 2260/1519/182 2259/1520/182
f 2257/1521/186 2258/1522/186 2269/1523/186 2268/1524/186
f 2268/1524/187 2269/1523/187 2270/1525/187 2267/1526/187
f 2267/1526/188 2270/1525/188 2271/1527/188 2266/1528/188
f 2266/1528/182 2271/1527/182 2272/1529/182 2265/1530/182
f 2265/1530/182 2272/1529/182 2273/1531/182 2264/1532/182
f 2264/1532/182 2273/1531/182 2274/1533/182 2263/1534/182
f 2263/1534/182 2274/1533/182 2275/1535/182 2262/1536/182
f 2262/1536/182 2275/1535/182 2276/1518/182 2261/1517/182
f 2281/1517/182 2296/1518/182 2280/1519/182 2279/1520/182
f 2277/1521/189 2278/1522/189 2289/1523/189 2288/1524/189
f 2288/1524/190 2289/1523/190 2290/1525/190 2287/1526/190
f 2287/1526/191 2290/1525/191 2291/1527/191 2286/1528/191
f 2286/1528/182 2291/1527/182 2292/1529/182 2285/1530/182
f 2285/1530/182 2292/1529/182 2293/1531/182 2284/1532/182
f 2284/1532/182 2293/1531/182 2294/1533/182 2283/1534/182
f 2283/1534/182 2294/1533/182 2295/1535/182 2282/1536/182
f 2282/1536/182 2295/1535/182 2296/1518/182 2281/1517/182
o 平面.001
v -16.087111 -0.762829 -27.060335
v -16.620831 -0.758829 -27.193769
v -16.574818 0.700789 -27.182266
v -16.600397 0.755405 -27.188662
v -16.562382 0.542770 -27.179157
v -16.557777 0.389971 -27.178007
v -16.520838 0.230296 -27.168772
v -16.483143 0.068835 -27.159348
v -16.437803 -0.096104 -27.148012
v -16.381689 -0.259218 -27.133984
v -16.309542 -0.423787 -27.107651
v -16.191051 -0.599629 -27.086321
v -16.646084 -0.589428 -27.193634
v -16.690615 -0.414198 -27.211216
v -16.693268 -0.250305 -27.211880
v -16.698719 -0.085681 -27.213243
v -16.693472 0.076148 -27.211931
v -16.685740 0.237328 -27.209997
v -16.663157 0.394628 -27.204351
v -16.636583 0.550886 -27.197708
v -15.953669 -0.906459 -27.026974
v -16.439157 -0.677884 -27.148352
v -15.818230 0.634778 -26.993114
v -15.819911 0.695401 -26.993534
v -15.869556 0.485329 -27.005945
v -15.925961 0.343944 -27.020048
v -15.955582 0.182656 -27.027452
v -15.985223 0.019421 -27.034863
v -16.009264 -0.150212 -27.040874
v -16.022753 -0.322718 -27.044247
v -16.022354 -0.504132 -27.035852
v -15.983794 -0.713719 -27.034506
v -16.395145 -0.513286 -27.130898
v -16.366150 -0.333965 -27.130098
v -16.303566 -0.183276 -27.114452
v -16.243244 -0.030742 -27.099371
v -16.174269 0.114732 -27.082127
v -16.103283 0.258568 -27.064379
v -16.020283 0.392603 -27.043629
v -15.934054 0.524006 -27.022070
v -15.891493 -1.075909 -27.011431
v -16.258862 -0.676807 -27.103275
v -15.206833 0.301350 -26.840260
v -15.186403 0.358225 -26.835152
v -15.308645 0.182521 -26.865713
v -15.412243 0.073128 -26.891613
v -15.498219 -0.065047 -26.913109
v -15.584919 -0.205019 -26.934784
v -15.668748 -0.353084 -26.955742
v -15.743829 -0.507881 -26.974512
v -15.809404 -0.677042 -26.982613
v -15.849522 -0.885538 -27.000937
v -16.158447 -0.541693 -27.071722
v -16.066401 -0.385968 -27.055159
v -15.953697 -0.270327 -27.026981
v -15.842423 -0.152104 -26.999163
v -15.725683 -0.043763 -26.969976
v -15.607673 0.062283 -26.940474
v -15.482074 0.154609 -26.909071
v -15.354437 0.243250 -26.877161
vn 0.2425 -0.0000 -0.9701
vn 0.2368 0.0165 -0.9714
vn 0.2447 0.0062 -0.9696
vn 0.2528 -0.0219 -0.9673
vn 0.2438 0.0174 -0.9697
vn 0.2469 0.0047 -0.9690
vn 0.2432 -0.0244 -0.9697
vn 0.2500 0.0157 -0.9681
vn 0.2483 0.0027 -0.9687
vn 0.2343 -0.0229 -0.9719
vt 0.000000 0.888889
vt 1.000000 0.888889
vt 1.000000 1.000000
vt 0.000000 1.000000
vt 0.000000 0.000000
vt 1.000000 0.000000
vt 1.000000 0.111111
vt 0.000000 0.111111
vt 1.000000 0.222222
vt 0.000000 0.222222
vt 1.000000 0.333333
vt 0.000000 0.333333
vt 1.000000 0.444444
vt 0.000000 0.444444
vt 1.000000 0.555556
vt 0.000000 0.555556
vt 1.000000 0.666667
vt 0.000000 0.666667
vt 1.000000 0.777778
vt 0.000000 0.777778
s 0
usemtl マテリアル.107
f 2301/1537/192 2316/1538/192 2300/1539/192 2299/1540/192
f 2297/1541/193 2298/1542/193 2309/1543/193 2308/1544/193
f 2308/1544/194 2309/1543/194 2310/1545/194 2307/1546/194
f 2307/1546/195 2310/1545/195 2311/1547/195 2306/1548/195
f 2306/1548/192 2311/1547/192 2312/1549/192 2305/1550/192
f 2305/1550/192 2312/1549/192 2313/1551/192 2304/1552/192
f 2304/1552/192 2313/1551/192 2314/1553/192 2303/1554/192
f 2303/1554/192 2314/1553/192 2315/1555/192 2302/1556/192
f 2302/1556/192 2315/1555/192 2316/1538/192 2301/1537/192
f 2321/1537/192 2336/1538/192 2320/1539/192 2319/1540/192
f 2317/1541/196 2318/1542/196 2329/1543/196 2328/1544/196
f 2328/1544/197 2329/1543/197 2330/1545/197 2327/1546/197
f 2327/1546/198 2330/1545/198 2331/1547/198 2326/1548/198
f 2326/1548/192 2331/1547/192 2332/1549/192 2325/1550/192
f 2325/1550/192 2332/1549/192 2333/1551/192 2324/1552/192
f 2324/1552/192 2333/1551/192 2334/1553/192 2323/1554/192
f 2323/1554/192 2334/1553/192 2335/1555/192 2322/1556/192
f 2322/1556/192 2335/1555/192 2336/1538/192 2321/1537/192
f 2341/1537/192 2356/1538/192 2340/1539/192 2339/1540/192
f 2337/1541/199 2338/1542/199 2349/1543/199 2348/1544/199
f 2348/1544/200 2349/1543/200 2350/1545/200 2347/1546/200
f 2347/1546/201 2350/1545/201 2351/1547/201 2346/1548/201
f 2346/1548/192 2351/1547/192 2352/1549/192 2345/1550/192
f 2345/1550/192 2352/1549/192 2353/1551/192 2344/1552/192
f 2344/1552/192 2353/1551/192 2354/1553/192 2343/1554/192
f 2343/1554/192 2354/1553/192 2355/1555/192 2342/1556/192
f 2342/1556/192 2355/1555/192 2356/1538/192 2341/1537/192
o 平面.001
v 24.942947 -0.762829 -26.256138
v 24.409227 -0.758829 -26.389572
v 24.455242 0.700789 -26.378069
v 24.429661 0.755405 -26.384464
v 24.467676 0.542770 -26.374960
v 24.472281 0.389971 -26.373810
v 24.509220 0.230296 -26.364574
v 24.546915 0.068835 -26.355150
v 24.592255 -0.096104 -26.343815
v 24.648369 -0.259218 -26.329786
v 24.720516 -0.423787 -26.303453
v 24.839006 -0.599629 -26.282124
v 24.383974 -0.589428 -26.389437
v 24.339443 -0.414198 -26.407019
v 24.336790 -0.250305 -26.407682
v 24.331339 -0.085681 -26.409046
v 24.336586 0.076148 -26.407734
v 24.344318 0.237328 -26.405800
v 24.366901 0.394628 -26.400154
v 24.393475 0.550886 -26.393511
v 25.076389 -0.906459 -26.222776
v 24.590900 -0.677884 -26.344154
v 25.211828 0.634778 -26.188917
v 25.210146 0.695401 -26.189337
v 25.160501 0.485329 -26.201748
v 25.104097 0.343944 -26.215851
v 25.074476 0.182656 -26.223255
v 25.044836 0.019421 -26.230665
v 25.020794 -0.150212 -26.236677
v 25.007305 -0.322718 -26.240049
v 25.007704 -0.504132 -26.231655
v 25.046265 -0.713719 -26.230309
v 24.634912 -0.513286 -26.326700
v 24.663908 -0.333965 -26.325901
v 24.726492 -0.183276 -26.310255
v 24.786814 -0.030742 -26.295174
v 24.855789 0.114732 -26.277929
v 24.926775 0.258568 -26.260181
v 25.009775 0.392603 -26.239431
v 25.096004 0.524006 -26.217873
v 25.138565 -1.075909 -26.207233
v 24.771196 -0.676807 -26.299078
v 25.823225 0.301350 -26.036062
v 25.843655 0.358225 -26.030954
v 25.721413 0.182521 -26.061516
v 25.617815 0.073128 -26.087416
v 25.531839 -0.065047 -26.108912
v 25.445139 -0.205019 -26.130587
v 25.361311 -0.353084 -26.151545
v 25.286228 -0.507881 -26.170315
v 25.220654 -0.677042 -26.178415
v 25.180536 -0.885538 -26.196739
v 24.871611 -0.541693 -26.267525
v 24.963657 -0.385968 -26.250961
v 25.076361 -0.270327 -26.222784
v 25.187635 -0.152104 -26.194965
v 25.304375 -0.043763 -26.165779
v 25.422384 0.062283 -26.136276
v 25.547983 0.154609 -26.104874
v 25.675621 0.243250 -26.072964
vn 0.2425 -0.0000 -0.9701
vn 0.2368 0.0165 -0.9714
vn 0.2447 0.0062 -0.9696
vn 0.2528 -0.0219 -0.9673
vn 0.2438 0.0174 -0.9697
vn 0.2469 0.0047 -0.9690
vn 0.2432 -0.0244 -0.9697
vn 0.2500 0.0157 -0.9681
vn 0.2483 0.0027 -0.9687
vn 0.2343 -0.0229 -0.9719
vt 0.000000 0.888889
vt 1.000000 0.888889
vt 1.000000 1.000000
vt 0.000000 1.000000
vt 0.000000 0.000000
vt 1.000000 0.000000
vt 1.000000 0.111111
vt 0.000000 0.111111
vt 1.000000 0.222222
vt 0.000000 0.222222
vt 1.000000 0.333333
vt 0.000000 0.333333
vt 1.000000 0.444444
vt 0.000000 0.444444
vt 1.000000 0.555556
vt 0.000000 0.555556
vt 1.000000 0.666667
vt 0.000000 0.666667
vt 1.000000 0.777778
vt 0.000000 0.777778
s 0
usemtl マテリアル.107
f 2361/1557/202 2376/1558/202 2360/1559/202 2359/1560/202
f 2357/1561/203 2358/1562/203 2369/1563/203 2368/1564/203
f 2368/1564/204 2369/1563/204 2370/1565/204 2367/1566/204
f 2367/1566/205 2370/1565/205 2371/1567/205 2366/1568/205
f 2366/1568/202 2371/1567/202 2372/1569/202 2365/1570/202
f 2365/1570/202 2372/1569/202 2373/1571/202 2364/1572/202
f 2364/1572/202 2373/1571/202 2374/1573/202 2363/1574/202
f 2363/1574/202 2374/1573/202 2375/1575/202 2362/1576/202
f 2362/1576/202 2375/1575/202 2376/1558/202 2361/1557/202
f 2381/1557/202 2396/1558/202 2380/1559/202 2379/1560/202
f 2377/1561/206 2378/1562/206 2389/1563/206 2388/1564/206
f 2388/1564/207 2389/1563/207 2390/1565/207 2387/1566/207
f 2387/1566/208 2390/1565/208 2391/1567/208 2386/1568/208
f 2386/1568/202 2391/1567/202 2392/1569/202 2385/1570/202
f 2385/1570/202 2392/1569/202 2393/1571/202 2384/1572/202
f 2384/1572/202 2393/1571/202 2394/1573/202 2383/1574/202
f 2383/1574/202 2394/1573/202 2395/1575/202 2382/1576/202
f 2382/1576/202 2395/1575/202 2396/1558/202 2381/1557/202
f 2401/1557/202 2416/1558/202 2400/1559/202 2399/1560/202
f 2397/1561/209 2398/1562/209 2409/1563/209 2408/1564/209
f 2408/1564/210 2409/1563/210 2410/1565/210 2407/1566/210
f 2407/1566/211 2410/1565/211 2411/1567/211 2406/1568/211
f 2406/1568/202 2411/1567/202 2412/1569/202 2405/1570/202
f 2405/1570/202 2412/1569/202 2413/1571/202 2404/1572/202
f 2404/1572/202 2413/1571/202 2414/1573/202 2403/1574/202
f 2403/1574/202 2414/1573/202 2415/1575/202 2402/1576/202
f 2402/1576/202 2415/1575/202 2416/1558/202 2401/1557/202
o 平面.001
v 28.114262 -0.762829 -27.764587
v 27.580542 -0.758829 -27.898022
v 27.626556 0.700789 -27.886518
v 27.600975 0.755405 -27.892914
v 27.638990 0.542770 -27.883410
v 27.643595 0.389971 -27.882259
v 27.680534 0.230296 -27.873024
v 27.718229 0.068835 -27.863600
v 27.763569 -0.096104 -27.852264
v 27.819683 -0.259218 -27.838236
v 27.891830 -0.423787 -27.811903
v 28.010321 -0.599629 -27.790573
v 27.555288 -0.589428 -27.897886
v 27.510757 -0.414198 -27.915468
v 27.508104 -0.250305 -27.916132
v 27.502653 -0.085681 -27.917496
v 27.507900 0.076148 -27.916183
v 27.515633 0.237328 -27.914249
v 27.538216 0.394628 -27.908604
v 27.564789 0.550886 -27.901960
v 28.247704 -0.906459 -27.731226
v 27.762215 -0.677884 -27.852604
v 28.383142 0.634778 -27.697367
v 28.381460 0.695401 -27.697786
v 28.331816 0.485329 -27.710197
v 28.275412 0.343944 -27.724300
v 28.245790 0.182656 -27.731705
v 28.216150 0.019421 -27.739115
v 28.192108 -0.150212 -27.745127
v 28.178619 -0.322718 -27.748499
v 28.179018 -0.504132 -27.740105
v 28.217579 -0.713719 -27.738758
v 27.806227 -0.513286 -27.835150
v 27.835222 -0.333965 -27.834351
v 27.897806 -0.183276 -27.818705
v 27.958128 -0.030742 -27.803623
v 28.027103 0.114732 -27.786379
v 28.098089 0.258568 -27.768631
v 28.181089 0.392603 -27.747881
v 28.267319 0.524006 -27.726322
v 28.309879 -1.075909 -27.715683
v 27.942511 -0.676807 -27.807528
v 28.994539 0.301350 -27.544512
v 29.014969 0.358225 -27.539404
v 28.892727 0.182521 -27.569965
v 28.789129 0.073128 -27.595865
v 28.703154 -0.065047 -27.617361
v 28.616453 -0.205019 -27.639036
v 28.532625 -0.353084 -27.659994
v 28.457542 -0.507881 -27.678764
v 28.391968 -0.677042 -27.686865
v 28.351851 -0.885538 -27.705189
v 28.042925 -0.541693 -27.775974
v 28.134972 -0.385968 -27.759411
v 28.247675 -0.270327 -27.731234
v 28.358950 -0.152104 -27.703415
v 28.475689 -0.043763 -27.674229
v 28.593699 0.062283 -27.644726
v 28.719297 0.154609 -27.613323
v 28.846935 0.243250 -27.581413
vn 0.2425 -0.0000 -0.9701
vn 0.2368 0.0165 -0.9714
vn 0.2447 0.0062 -0.9696
vn 0.2528 -0.0219 -0.9673
vn 0.2438 0.0174 -0.9697
vn 0.2469 0.0047 -0.9690
vn 0.2432 -0.0244 -0.9697
vn 0.2500 0.0157 -0.9681
vn 0.2483 0.0027 -0.9687
vn 0.2343 -0.0229 -0.9719
vt 0.000000 0.888889
vt 1.000000 0.888889
vt 1.000000 1.000000
vt 0.000000 1.000000
vt 0.000000 0.000000
vt 1.000000 0.000000
vt 1.000000 0.111111
vt 0.000000 0.111111
vt 1.000000 0.222222
vt 0.000000 0.222222
vt 1.000000 0.333333
vt 0.000000 0.333333
vt 1.000000 0.444444
vt 0.000000 0.444444
vt 1.000000 0.555556
vt 0.000000 0.555556
vt 1.000000 0.666667
vt 0.000000 0.666667
vt 1.000000 0.777778
vt 0.000000 0.777778
s 0
usemtl マテリアル.107
f 2421/1577/212 2436/1578/212 2420/1579/212 2419/1580/212
f 2417/1581/213 2418/1582/213 2429/1583/213 2428/1584/213
f 2428/1584/214 2429/1583/214 2430/1585/214 2427/1586/214
f 2427/1586/215 2430/1585/215 2431/1587/215 2426/1588/215
f 2426/1588/212 2431/1587/212 2432/1589/212 2425/1590/212
f 2425/1590/212 2432/1589/212 2433/1591/212 2424/1592/212
f 2424/1592/212 2433/1591/212 2434/1593/212 2423/1594/212
f 2423/1594/212 2434/1593/212 2435/1595/212 2422/1596/212
f 2422/1596/212 2435/1595/212 2436/1578/212 2421/1577/212
f 2441/1577/212 2456/1578/212 2440/1579/212 2439/1580/212
f 2437/1581/216 2438/1582/216 2449/1583/216 2448/1584/216
f 2448/1584/217 2449/1583/217 2450/1585/217 2447/1586/217
f 2447/1586/218 2450/1585/218 2451/1587/218 2446/1588/218
f 2446/1588/212 2451/1587/212 2452/1589/212 2445/1590/212
f 2445/1590/212 2452/1589/212 2453/1591/212 2444/1592/212
f 2444/1592/212 2453/1591/212 2454/1593/212 2443/1594/212
f 2443/1594/212 2454/1593/212 2455/1595/212 2442/1596/212
f 2442/1596/212 2455/1595/212 2456/1578/212 2441/1577/212
f 2461/1577/212 2476/1578/212 2460/1579/212 2459/1580/212
f 2457/1581/219 2458/1582/219 2469/1583/219 2468/1584/219
f 2468/1584/220 2469/1583/220 2470/1585/220 2467/1586/220
f 2467/1586/221 2470/1585/221 2471/1587/221 2466/1588/221
f 2466/1588/212 2471/1587/212 2472/1589/212 2465/1590/212
f 2465/1590/212 2472/1589/212 2473/1591/212 2464/1592/212
f 2464/1592/212 2473/1591/212 2474/1593/212 2463/1594/212
f 2463/1594/212 2474/1593/212 2475/1595/212 2462/1596/212
f 2462/1596/212 2475/1595/212 2476/1578/212 2461/1577/212
o 平面.001
v 26.518950 -0.762829 -27.060335
v 25.985229 -0.758829 -27.193769
v 26.031242 0.700789 -27.182266
v 26.005663 0.755405 -27.188662
v 26.043678 0.542770 -27.179157
v 26.048283 0.389971 -27.178007
v 26.085222 0.230296 -27.168772
v 26.122917 0.068835 -27.159348
v 26.168257 -0.096104 -27.148012
v 26.224371 -0.259218 -27.133984
v 26.296518 -0.423787 -27.107651
v 26.415009 -0.599629 -27.086321
v 25.959976 -0.589428 -27.193634
v 25.915445 -0.414198 -27.211216
v 25.912792 -0.250305 -27.211880
v 25.907341 -0.085681 -27.213243
v 25.912588 0.076148 -27.211931
v 25.920321 0.237328 -27.209997
v 25.942904 0.394628 -27.204351
v 25.969477 0.550886 -27.197708
v 26.652391 -0.906459 -27.026974
v 26.166903 -0.677884 -27.148352
v 26.787830 0.634778 -26.993114
v 26.786148 0.695401 -26.993534
v 26.736504 0.485329 -27.005945
v 26.680099 0.343944 -27.020048
v 26.650478 0.182656 -27.027452
v 26.620838 0.019421 -27.034863
v 26.596796 -0.150212 -27.040874
v 26.583307 -0.322718 -27.044247
v 26.583706 -0.504132 -27.035852
v 26.622267 -0.713719 -27.034506
v 26.210915 -0.513286 -27.130898
v 26.239910 -0.333965 -27.130098
v 26.302494 -0.183276 -27.114452
v 26.362816 -0.030742 -27.099371
v 26.431791 0.114732 -27.082127
v 26.502777 0.258568 -27.064379
v 26.585777 0.392603 -27.043629
v 26.672007 0.524006 -27.022070
v 26.714567 -1.075909 -27.011431
v 26.347198 -0.676807 -27.103275
v 27.399227 0.301350 -26.840260
v 27.419657 0.358225 -26.835152
v 27.297415 0.182521 -26.865713
v 27.193817 0.073128 -26.891613
v 27.107841 -0.065047 -26.913109
v 27.021141 -0.205019 -26.934784
v 26.937313 -0.353084 -26.955742
v 26.862230 -0.507881 -26.974512
v 26.796656 -0.677042 -26.982613
v 26.756538 -0.885538 -27.000937
v 26.447613 -0.541693 -27.071722
v 26.539660 -0.385968 -27.055159
v 26.652363 -0.270327 -27.026981
v 26.763638 -0.152104 -26.999163
v 26.880377 -0.043763 -26.969976
v 26.998386 0.062283 -26.940474
v 27.123985 0.154609 -26.909071
v 27.251623 0.243250 -26.877161
vn 0.2425 -0.0000 -0.9701
vn 0.2368 0.0165 -0.9714
vn 0.2447 0.0062 -0.9696
vn 0.2528 -0.0219 -0.9673
vn 0.2438 0.0174 -0.9697
vn 0.2469 0.0047 -0.9690
vn 0.2432 -0.0244 -0.9697
vn 0.2500 0.0157 -0.9681
vn 0.2483 0.0027 -0.9687
vn 0.2343 -0.0229 -0.9719
vt 0.000000 0.888889
vt 1.000000 0.888889
vt 1.000000 1.000000
vt 0.000000 1.000000
vt 0.000000 0.000000
vt 1.000000 0.000000
vt 1.000000 0.111111
vt 0.000000 0.111111
vt 1.000000 0.222222
vt 0.000000 0.222222
vt 1.000000 0.333333
vt 0.000000 0.333333
vt 1.000000 0.444444
vt 0.000000 0.444444
vt 1.000000 0.555556
vt 0.000000 0.555556
vt 1.000000 0.666667
vt 0.000000 0.666667
vt 1.000000 0.777778
vt 0.000000 0.777778
s 0
usemtl マテリアル.107
f 2481/1597/222 2496/1598/222 2480/1599/222 2479/1600/222
f 2477/1601/223 2478/1602/223 2489/1603/223 2488/1604/223
f 2488/1604/224 2489/1603/224 2490/1605/224 2487/1606/224
f 2487/1606/225 2490/1605/225 2491/1607/225 2486/1608/225
f 2486/1608/222 2491/1607/222 2492/1609/222 2485/1610/222
f 2485/1610/222 2492/1609/222 2493/1611/222 2484/1612/222
f 2484/1612/222 2493/1611/222 2494/1613/222 2483/1614/222
f 2483/1614/222 2494/1613/222 2495/1615/222 2482/1616/222
f 2482/1616/222 2495/1615/222 2496/1598/222 2481/1597/222
f 2501/1597/222 2516/1598/222 2500/1599/222 2499/1600/222
f 2497/1601/226 2498/1602/226 2509/1603/226 2508/1604/226
f 2508/1604/227 2509/1603/227 2510/1605/227 2507/1606/227
f 2507/1606/228 2510/1605/228 2511/1607/228 2506/1608/228
f 2506/1608/222 2511/1607/222 2512/1609/222 2505/1610/222
f 2505/1610/222 2512/1609/222 2513/1611/222 2504/1612/222
f 2504/1612/222 2513/1611/222 2514/1613/222 2503/1614/222
f 2503/1614/222 2514/1613/222 2515/1615/222 2502/1616/222
f 2502/1616/222 2515/1615/222 2516/1598/222 2501/1597/222
f 2521/1597/222 2536/1598/222 2520/1599/222 2519/1600/222
f 2517/1601/229 2518/1602/229 2529/1603/229 2528/1604/229
f 2528/1604/230 2529/1603/230 2530/1605/230 2527/1606/230
f 2527/1606/231 2530/1605/231 2531/1607/231 2526/1608/231
f 2526/1608/222 2531/1607/222 2532/1609/222 2525/1610/222
f 2525/1610/222 2532/1609/222 2533/1611/222 2524/1612/222
f 2524/1612/222 2533/1611/222 2534/1613/222 2523/1614/222
f 2523/1614/222 2534/1613/222 2535/1615/222 2522/1616/222
f 2522/1616/222 2535/1615/222 2536/1598/222 2521/1597/222
o 平面.001
v -31.117661 -0.762829 -24.013714
v -31.651381 -0.758829 -24.147148
v -31.605366 0.700789 -24.135645
v -31.630947 0.755405 -24.142040
v -31.592932 0.542770 -24.132536
v -31.588327 0.389971 -24.131386
v -31.551388 0.230296 -24.122150
v -31.513693 0.068835 -24.112726
v -31.468353 -0.096104 -24.101391
v -31.412239 -0.259218 -24.087362
v -31.340092 -0.423787 -24.061029
v -31.221601 -0.599629 -24.039700
v -31.676634 -0.589428 -24.147013
v -31.721165 -0.414198 -24.164595
v -31.723818 -0.250305 -24.165258
v -31.729269 -0.085681 -24.166622
v -31.724022 0.076148 -24.165310
v -31.716290 0.237328 -24.163376
v -31.693707 0.394628 -24.157730
v -31.667133 0.550886 -24.151087
v -30.984219 -0.906459 -23.980352
v -31.469707 -0.677884 -24.101730
v -30.848780 0.634778 -23.946493
v -30.850462 0.695401 -23.946913
v -30.900106 0.485329 -23.959324
v -30.956511 0.343944 -23.973427
v -30.986132 0.182656 -23.980831
v -31.015772 0.019421 -23.988241
v -31.039814 -0.150212 -23.994253
v -31.053303 -0.322718 -23.997625
v -31.052904 -0.504132 -23.989231
v -31.014343 -0.713719 -23.987885
v -31.425695 -0.513286 -24.084276
v -31.396700 -0.333965 -24.083477
v -31.334116 -0.183276 -24.067831
v -31.273794 -0.030742 -24.052750
v -31.204819 0.114732 -24.035505
v -31.133833 0.258568 -24.017757
v -31.050833 0.392603 -23.997007
v -30.964603 0.524006 -23.975449
v -30.922043 -1.075909 -23.964809
v -31.289412 -0.676807 -24.056654
v -30.237383 0.301350 -23.793638
v -30.216953 0.358225 -23.788530
v -30.339195 0.182521 -23.819092
v -30.442793 0.073128 -23.844992
v -30.528769 -0.065047 -23.866488
v -30.615469 -0.205019 -23.888163
v -30.699297 -0.353084 -23.909121
v -30.774380 -0.507881 -23.927891
v -30.839954 -0.677042 -23.935991
v -30.880072 -0.885538 -23.954315
v -31.188997 -0.541693 -24.025101
v -31.096951 -0.385968 -24.008537
v -30.984247 -0.270327 -23.980360
v -30.872972 -0.152104 -23.952541
v -30.756233 -0.043763 -23.923355
v -30.638224 0.062283 -23.893852
v -30.512625 0.154609 -23.862450
v -30.384987 0.243250 -23.830540
vn 0.2425 -0.0000 -0.9701
vn 0.2368 0.0165 -0.9714
vn 0.2447 0.0062 -0.9696
vn 0.2528 -0.0219 -0.9673
vn 0.2438 0.0174 -0.9697
vn 0.2469 0.0047 -0.9690
vn 0.2432 -0.0244 -0.9697
vn 0.2500 0.0157 -0.9681
vn 0.2483 0.0027 -0.9687
vn 0.2343 -0.0229 -0.9719
vt 0.000000 0.888889
vt 1.000000 0.888889
vt 1.000000 1.000000
vt 0.000000 1.000000
vt 0.000000 0.000000
vt 1.000000 0.000000
vt 1.000000 0.111111
vt 0.000000 0.111111
vt 1.000000 0.222222
vt 0.000000 0.222222
vt 1.000000 0.333333
vt 0.000000 0.333333
vt 1.000000 0.444444
vt 0.000000 0.444444
vt 1.000000 0.555556
vt 0.000000 0.555556
vt 1.000000 0.666667
vt 0.000000 0.666667
vt 1.000000 0.777778
vt 0.000000 0.777778
s 0
usemtl マテリアル.107
f 2541/1617/232 2556/1618/232 2540/1619/232 2539/1620/232
f 2537/1621/233 2538/1622/233 2549/1623/233 2548/1624/233
f 2548/1624/234 2549/1623/234 2550/1625/234 2547/1626/234
f 2547/1626/235 2550/1625/235 2551/1627/235 2546/1628/235
f 2546/1628/232 2551/1627/232 2552/1629/232 2545/1630/232
f 2545/1630/232 2552/1629/232 2553/1631/232 2544/1632/232
f 2544/1632/232 2553/1631/232 2554/1633/232 2543/1634/232
f 2543/1634/232 2554/1633/232 2555/1635/232 2542/1636/232
f 2542/1636/232 2555/1635/232 2556/1618/232 2541/1617/232
f 2561/1617/232 2576/1618/232 2560/1619/232 2559/1620/232
f 2557/1621/236 2558/1622/236 2569/1623/236 2568/1624/236
f 2568/1624/237 2569/1623/237 2570/1625/237 2567/1626/237
f 2567/1626/238 2570/1625/238 2571/1627/238 2566/1628/238
f 2566/1628/232 2571/1627/232 2572/1629/232 2565/1630/232
f 2565/1630/232 2572/1629/232 2573/1631/232 2564/1632/232
f 2564/1632/232 2573/1631/232 2574/1633/232 2563/1634/232
f 2563/1634/232 2574/1633/232 2575/1635/232 2562/1636/232
f 2562/1636/232 2575/1635/232 2576/1618/232 2561/1617/232
f 2581/1617/232 2596/1618/232 2580/1619/232 2579/1620/232
f 2577/1621/239 2578/1622/239 2589/1623/239 2588/1624/239
f 2588/1624/240 2589/1623/240 2590/1625/240 2587/1626/240
f 2587/1626/241 2590/1625/241 2591/1627/241 2586/1628/241
f 2586/1628/232 2591/1627/232 2592/1629/232 2585/1630/232
f 2585/1630/232 2592/1629/232 2593/1631/232 2584/1632/232
f 2584/1632/232 2593/1631/232 2594/1633/232 2583/1634/232
f 2583/1634/232 2594/1633/232 2595/1635/232 2582/1636/232
f 2582/1636/232 2595/1635/232 2596/1618/232 2581/1617/232
o 平面.001
v 14.659717 -0.762829 -25.522161
v 14.125997 -0.758829 -25.655596
v 14.172011 0.700789 -25.644093
v 14.146431 0.755405 -25.650488
v 14.184446 0.542770 -25.640984
v 14.189050 0.389971 -25.639833
v 14.225990 0.230296 -25.630598
v 14.263684 0.068835 -25.621174
v 14.309026 -0.096104 -25.609838
v 14.365139 -0.259218 -25.595810
v 14.437286 -0.423787 -25.569477
v 14.555777 -0.599629 -25.548147
v 14.100744 -0.589428 -25.655460
v 14.056214 -0.414198 -25.673042
v 14.053559 -0.250305 -25.673706
v 14.048109 -0.085681 -25.675070
v 14.053356 0.076148 -25.673758
v 14.061088 0.237328 -25.671824
v 14.083672 0.394628 -25.666178
v 14.110245 0.550886 -25.659534
v 14.793159 -0.906459 -25.488800
v 14.307671 -0.677884 -25.610178
v 14.928598 0.634778 -25.454941
v 14.926917 0.695401 -25.455360
v 14.877272 0.485329 -25.467772
v 14.820868 0.343944 -25.481874
v 14.791246 0.182656 -25.489279
v 14.761605 0.019421 -25.496689
v 14.737563 -0.150212 -25.502701
v 14.724076 -0.322718 -25.506073
v 14.724474 -0.504132 -25.497679
v 14.763034 -0.713719 -25.496332
v 14.351683 -0.513286 -25.592724
v 14.380679 -0.333965 -25.591925
v 14.443262 -0.183276 -25.576279
v 14.503584 -0.030742 -25.561197
v 14.572559 0.114732 -25.543953
v 14.643545 0.258568 -25.526205
v 14.726545 0.392603 -25.505455
v 14.812774 0.524006 -25.483896
v 14.855335 -1.075909 -25.473257
v 14.487967 -0.676807 -25.565102
v 15.539995 0.301350 -25.302086
v 15.560425 0.358225 -25.296978
v 15.438183 0.182521 -25.327539
v 15.334585 0.073128 -25.353439
v 15.248610 -0.065047 -25.374935
v 15.161909 -0.205019 -25.396610
v 15.078080 -0.353084 -25.417568
v 15.002999 -0.507881 -25.436338
v 14.937424 -0.677042 -25.444439
v 14.897306 -0.885538 -25.462763
v 14.588380 -0.541693 -25.533548
v 14.680428 -0.385968 -25.516985
v 14.793131 -0.270327 -25.488808
v 14.904405 -0.152104 -25.460989
v 15.021145 -0.043763 -25.431803
v 15.139155 0.062283 -25.402300
v 15.264754 0.154609 -25.370897
v 15.392391 0.243250 -25.338987
vn 0.2425 -0.0000 -0.9701
vn 0.2368 0.0165 -0.9714
vn 0.2447 0.0062 -0.9696
vn 0.2528 -0.0219 -0.9673
vn 0.2438 0.0174 -0.9697
vn 0.2469 0.0047 -0.9690
vn 0.2432 -0.0244 -0.9697
vn 0.2500 0.0157 -0.9681
vn 0.2483 0.0027 -0.9687
vn 0.2343 -0.0229 -0.9719
vt 0.000000 0.888889
vt 1.000000 0.888889
vt 1.000000 1.000000
vt 0.000000 1.000000
vt 0.000000 0.000000
vt 1.000000 0.000000
vt 1.000000 0.111111
vt 0.000000 0.111111
vt 1.000000 0.222222
vt 0.000000 0.222222
vt 1.000000 0.333333
vt 0.000000 0.333333
vt 1.000000 0.444444
vt 0.000000 0.444444
vt 1.000000 0.555556
vt 0.000000 0.555556
vt 1.000000 0.666667
vt 0.000000 0.666667
vt 1.000000 0.777778
vt 0.000000 0.777778
s 0
usemtl マテリアル.107
f 2601/1637/242 2616/1638/242 2600/1639/242 2599/1640/242
f 2597/1641/243 2598/1642/243 2609/1643/243 2608/1644/243
f 2608/1644/244 2609/1643/244 2610/1645/244 2607/1646/244
f 2607/1646/245 2610/1645/245 2611/1647/245 2606/1648/245
f 2606/1648/242 2611/1647/242 2612/1649/242 2605/1650/242
f 2605/1650/242 2612/1649/242 2613/1651/242 2604/1652/242
f 2604/1652/242 2613/1651/242 2614/1653/242 2603/1654/242
f 2603/1654/242 2614/1653/242 2615/1655/242 2602/1656/242
f 2602/1656/242 2615/1655/242 2616/1638/242 2601/1637/242
f 2621/1637/242 2636/1638/242 2620/1639/242 2619/1640/242
f 2617/1641/246 2618/1642/246 2629/1643/246 2628/1644/246
f 2628/1644/247 2629/1643/247 2630/1645/247 2627/1646/247
f 2627/1646/248 2630/1645/248 2631/1647/248 2626/1648/248
f 2626/1648/242 2631/1647/242 2632/1649/242 2625/1650/242
f 2625/1650/242 2632/1649/242 2633/1651/242 2624/1652/242
f 2624/1652/242 2633/1651/242 2634/1653/242 2623/1654/242
f 2623/1654/242 2634/1653/242 2635/1655/242 2622/1656/242
f 2622/1656/242 2635/1655/242 2636/1638/242 2621/1637/242
f 2641/1637/242 2656/1638/242 2640/1639/242 2639/1640/242
f 2637/1641/249 2638/1642/249 2649/1643/249 2648/1644/249
f 2648/1644/250 2649/1643/250 2650/1645/250 2647/1646/250
f 2647/1646/251 2650/1645/251 2651/1647/251 2646/1648/251
f 2646/1648/242 2651/1647/242 2652/1649/242 2645/1650/242
f 2645/1650/242 2652/1649/242 2653/1651/242 2644/1652/242
f 2644/1652/242 2653/1651/242 2654/1653/242 2643/1654/242
f 2643/1654/242 2654/1653/242 2655/1655/242 2642/1656/242
f 2642/1656/242 2655/1655/242 2656/1638/242 2641/1637/242
o 平面.001
v 17.549250 -0.762829 -24.817911
v 17.015530 -0.758829 -24.951345
v 17.061543 0.700789 -24.939842
v 17.035963 0.755405 -24.946238
v 17.073978 0.542770 -24.936733
v 17.078583 0.389971 -24.935583
v 17.115522 0.230296 -24.926348
v 17.153217 0.068835 -24.916924
v 17.198557 -0.096104 -24.905588
v 17.254671 -0.259218 -24.891560
v 17.326818 -0.423787 -24.865227
v 17.445309 -0.599629 -24.843897
v 16.990276 -0.589428 -24.951210
v 16.945745 -0.414198 -24.968792
v 16.943092 -0.250305 -24.969456
v 16.937641 -0.085681 -24.970819
v 16.942888 0.076148 -24.969507
v 16.950621 0.237328 -24.967573
v 16.973204 0.394628 -24.961927
v 16.999777 0.550886 -24.955284
v 17.682692 -0.906459 -24.784550
v 17.197203 -0.677884 -24.905928
v 17.818130 0.634778 -24.750690
v 17.816448 0.695401 -24.751110
v 17.766804 0.485329 -24.763521
v 17.710400 0.343944 -24.777624
v 17.680779 0.182656 -24.785028
v 17.651138 0.019421 -24.792439
v 17.627096 -0.150212 -24.798450
v 17.613607 -0.322718 -24.801823
v 17.614006 -0.504132 -24.793428
v 17.652567 -0.713719 -24.792082
v 17.241215 -0.513286 -24.888474
v 17.270210 -0.333965 -24.887674
v 17.332794 -0.183276 -24.872028
v 17.393116 -0.030742 -24.856947
v 17.462091 0.114732 -24.839703
v 17.533077 0.258568 -24.821955
v 17.616077 0.392603 -24.801205
v 17.702307 0.524006 -24.779646
v 17.744867 -1.075909 -24.769007
v 17.377499 -0.676807 -24.860851
v 18.429527 0.301350 -24.597836
v 18.449957 0.358225 -24.592728
v 18.327715 0.182521 -24.623289
v 18.224117 0.073128 -24.649189
v 18.138142 -0.065047 -24.670685
v 18.051441 -0.205019 -24.692360
v 17.967613 -0.353084 -24.713318
v 17.892530 -0.507881 -24.732088
v 17.826956 -0.677042 -24.740189
v 17.786839 -0.885538 -24.758512
v 17.477913 -0.541693 -24.829298
v 17.569960 -0.385968 -24.812735
v 17.682663 -0.270327 -24.784557
v 17.793938 -0.152104 -24.756739
v 17.910677 -0.043763 -24.727552
v 18.028687 0.062283 -24.698050
v 18.154285 0.154609 -24.666647
v 18.281923 0.243250 -24.634737
vn 0.2425 -0.0000 -0.9701
vn 0.2368 0.0165 -0.9714
vn 0.2447 0.0062 -0.9696
vn 0.2528 -0.0219 -0.9673
vn 0.2438 0.0174 -0.9697
vn 0.2469 0.0047 -0.9690
vn 0.2432 -0.0244 -0.9697
vn 0.2500 0.0157 -0.9681
vn 0.2483 0.0027 -0.9687
vn 0.2343 -0.0229 -0.9719
vt 0.000000 0.888889
vt 1.000000 0.888889
vt 1.000000 1.000000
vt 0.000000 1.000000
vt 0.000000 0.000000
vt 1.000000 0.000000
vt 1.000000 0.111111
vt 0.000000 0.111111
vt 1.000000 0.222222
vt 0.000000 0.222222
vt 1.000000 0.333333
vt 0.000000 0.333333
vt 1.000000 0.444444
vt 0.000000 0.444444
vt 1.000000 0.555556
vt 0.000000 0.555556
vt 1.000000 0.666667
vt 0.000000 0.666667
vt 1.000000 0.777778
vt 0.000000 0.777778
s 0
usemtl マテリアル.107
f 2661/1657/252 2676/1658/252 2660/1659/252 2659/1660/252
f 2657/1661/253 2658/1662/253 2669/1663/253 2668/1664/253
f 2668/1664/254 2669/1663/254 2670/1665/254 2667/1666/254
f 2667/1666/255 2670/1665/255 2671/1667/255 2666/1668/255
f 2666/1668/252 2671/1667/252 2672/1669/252 2665/1670/252
f 2665/1670/252 2672/1669/252 2673/1671/252 2664/1672/252
f 2664/1672/252 2673/1671/252 2674/1673/252 2663/1674/252
f 2663/1674/252 2674/1673/252 2675/1675/252 2662/1676/252
f 2662/1676/252 2675/1675/252 2676/1658/252 2661/1657/252
f 2681/1657/252 2696/1658/252 2680/1659/252 2679/1660/252
f 2677/1661/256 2678/1662/256 2689/1663/256 2688/1664/256
f 2688/1664/257 2689/1663/257 2690/1665/257 2687/1666/257
f 2687/1666/258 2690/1665/258 2691/1667/258 2686/1668/258
f 2686/1668/252 2691/1667/252 2692/1669/252 2685/1670/252
f 2685/1670/252 2692/1669/252 2693/1671/252 2684/1672/252
f 2684/1672/252 2693/1671/252 2694/1673/252 2683/1674/252
f 2683/1674/252 2694/1673/252 2695/1675/252 2682/1676/252
f 2682/1676/252 2695/1675/252 2696/1658/252 2681/1657/252
f 2701/1657/252 2716/1658/252 2700/1659/252 2699/1660/252
f 2697/1661/259 2698/1662/259 2709/1663/259 2708/1664/259
f 2708/1664/260 2709/1663/260 2710/1665/260 2707/1666/260
f 2707/1666/261 2710/1665/261 2711/1667/261 2706/1668/261
f 2706/1668/252 2711/1667/252 2712/1669/252 2705/1670/252
f 2705/1670/252 2712/1669/252 2713/1671/252 2704/1672/252
f 2704/1672/252 2713/1671/252 2714/1673/252 2703/1674/252
f 2703/1674/252 2714/1673/252 2715/1675/252 2702/1676/252
f 2702/1676/252 2715/1675/252 2716/1658/252 2701/1657/252
o 平面.001
v 18.215675 -0.762829 -24.013714
v 17.681955 -0.758829 -24.147148
v 17.727970 0.700789 -24.135645
v 17.702389 0.755405 -24.142040
v 17.740404 0.542770 -24.132536
v 17.745008 0.389971 -24.131386
v 17.781948 0.230296 -24.122150
v 17.819643 0.068835 -24.112726
v 17.864983 -0.096104 -24.101391
v 17.921097 -0.259218 -24.087362
v 17.993244 -0.423787 -24.061029
v 18.111734 -0.599629 -24.039700
v 17.656702 -0.589428 -24.147013
v 17.612171 -0.414198 -24.164595
v 17.609518 -0.250305 -24.165258
v 17.604067 -0.085681 -24.166622
v 17.609314 0.076148 -24.165310
v 17.617046 0.237328 -24.163376
v 17.639629 0.394628 -24.157730
v 17.666203 0.550886 -24.151087
v 18.349117 -0.906459 -23.980352
v 17.863628 -0.677884 -24.101730
v 18.484556 0.634778 -23.946493
v 18.482874 0.695401 -23.946913
v 18.433229 0.485329 -23.959324
v 18.376825 0.343944 -23.973427
v 18.347204 0.182656 -23.980831
v 18.317564 0.019421 -23.988241
v 18.293522 -0.150212 -23.994253
v 18.280033 -0.322718 -23.997625
v 18.280432 -0.504132 -23.989231
v 18.318993 -0.713719 -23.987885
v 17.907640 -0.513286 -24.084276
v 17.936636 -0.333965 -24.083477
v 17.999220 -0.183276 -24.067831
v 18.059542 -0.030742 -24.052750
v 18.128517 0.114732 -24.035505
v 18.199503 0.258568 -24.017757
v 18.282503 0.392603 -23.997007
v 18.368732 0.524006 -23.975449
v 18.411293 -1.075909 -23.964809
v 18.043924 -0.676807 -24.056654
v 19.095953 0.301350 -23.793638
v 19.116383 0.358225 -23.788530
v 18.994141 0.182521 -23.819092
v 18.890543 0.073128 -23.844992
v 18.804567 -0.065047 -23.866488
v 18.717867 -0.205019 -23.888163
v 18.634039 -0.353084 -23.909121
v 18.558956 -0.507881 -23.927891
v 18.493382 -0.677042 -23.935991
v 18.453264 -0.885538 -23.954315
v 18.144339 -0.541693 -24.025101
v 18.236385 -0.385968 -24.008537
v 18.349089 -0.270327 -23.980360
v 18.460363 -0.152104 -23.952541
v 18.577103 -0.043763 -23.923355
v 18.695112 0.062283 -23.893852
v 18.820711 0.154609 -23.862450
v 18.948349 0.243250 -23.830540
vn 0.2425 -0.0000 -0.9701
vn 0.2368 0.0165 -0.9714
vn 0.2447 0.0062 -0.9696
vn 0.2528 -0.0219 -0.9673
vn 0.2438 0.0174 -0.9697
vn 0.2469 0.0047 -0.9690
vn 0.2432 -0.0244 -0.9697
vn 0.2500 0.0157 -0.9681
vn 0.2483 0.0027 -0.9687
vn 0.2343 -0.0229 -0.9719
vt 0.000000 0.888889
vt 1.000000 0.888889
vt 1.000000 1.000000
vt 0.000000 1.000000
vt 0.000000 0.000000
vt 1.000000 0.000000
vt 1.000000 0.111111
vt 0.000000 0.111111
vt 1.000000 0.222222
vt 0.000000 0.222222
vt 1.000000 0.333333
vt 0.000000 0.333333
vt 1.000000 0.444444
vt 0.000000 0.444444
vt 1.000000 0.555556
vt 0.000000 0.555556
vt 1.000000 0.666667
vt 0.000000 0.666667
vt 1.000000 0.777778
vt 0.000000 0.777778
s 0
usemtl マテリアル.107
f 2721/1677/262 2736/1678/262 2720/1679/262 2719/1680/262
f 2717/1681/263 2718/1682/263 2729/1683/263 2728/1684/263
f 2728/1684/264 2729/1683/264 2730/1685/264 2727/1686/264
f 2727/1686/265 2730/1685/265 2731/1687/265 2726/1688/265
f 2726/1688/262 2731/1687/262 2732/1689/262 2725/1690/262
f 2725/1690/262 2732/1689/262 2733/1691/262 2724/1692/262
f 2724/1692/262 2733/1691/262 2734/1693/262 2723/1694/262
f 2723/1694/262 2734/1693/262 2735/1695/262 2722/1696/262
f 2722/1696/262 2735/1695/262 2736/1678/262 2721/1677/262
f 2741/1677/262 2756/1678/262 2740/1679/262 2739/1680/262
f 2737/1681/266 2738/1682/266 2749/1683/266 2748/1684/266
f 2748/1684/267 2749/1683/267 2750/1685/267 2747/1686/267
f 2747/1686/268 2750/1685/268 2751/1687/268 2746/1688/268
f 2746/1688/262 2751/1687/262 2752/1689/262 2745/1690/262
f 2745/1690/262 2752/1689/262 2753/1691/262 2744/1692/262
f 2744/1692/262 2753/1691/262 2754/1693/262 2743/1694/262
f 2743/1694/262 2754/1693/262 2755/1695/262 2742/1696/262
f 2742/1696/262 2755/1695/262 2756/1678/262 2741/1677/262
f 2761/1677/262 2776/1678/262 2760/1679/262 2759/1680/262
f 2757/1681/269 2758/1682/269 2769/1683/269 2768/1684/269
f 2768/1684/270 2769/1683/270 2770/1685/270 2767/1686/270
f 2767/1686/271 2770/1685/271 2771/1687/271 2766/1688/271
f 2766/1688/262 2771/1687/262 2772/1689/262 2765/1690/262
f 2765/1690/262 2772/1689/262 2773/1691/262 2764/1692/262
f 2764/1692/262 2773/1691/262 2774/1693/262 2763/1694/262
f 2763/1694/262 2774/1693/262 2775/1695/262 2762/1696/262
f 2762/1696/262 2775/1695/262 2776/1678/262 2761/1677/262
o 平面.001
v 25.871838 -0.762829 -25.522161
v 25.338118 -0.758829 -25.655596
v 25.384132 0.700789 -25.644093
v 25.358551 0.755405 -25.650488
v 25.396566 0.542770 -25.640984
v 25.401171 0.389971 -25.639833
v 25.438110 0.230296 -25.630598
v 25.475805 0.068835 -25.621174
v 25.521145 -0.096104 -25.609838
v 25.577259 -0.259218 -25.595810
v 25.649406 -0.423787 -25.569477
v 25.767897 -0.599629 -25.548147
v 25.312864 -0.589428 -25.655460
v 25.268333 -0.414198 -25.673042
v 25.265680 -0.250305 -25.673706
v 25.260229 -0.085681 -25.675070
v 25.265476 0.076148 -25.673758
v 25.273209 0.237328 -25.671824
v 25.295792 0.394628 -25.666178
v 25.322365 0.550886 -25.659534
v 26.005280 -0.906459 -25.488800
v 25.519791 -0.677884 -25.610178
v 26.140718 0.634778 -25.454941
v 26.139036 0.695401 -25.455360
v 26.089392 0.485329 -25.467772
v 26.032988 0.343944 -25.481874
v 26.003366 0.182656 -25.489279
v 25.973726 0.019421 -25.496689
v 25.949684 -0.150212 -25.502701
v 25.936195 -0.322718 -25.506073
v 25.936594 -0.504132 -25.497679
v 25.975155 -0.713719 -25.496332
v 25.563803 -0.513286 -25.592724
v 25.592798 -0.333965 -25.591925
v 25.655382 -0.183276 -25.576279
v 25.715704 -0.030742 -25.561197
v 25.784679 0.114732 -25.543953
v 25.855665 0.258568 -25.526205
v 25.938665 0.392603 -25.505455
v 26.024895 0.524006 -25.483896
v 26.067455 -1.075909 -25.473257
v 25.700087 -0.676807 -25.565102
v 26.752115 0.301350 -25.302086
v 26.772545 0.358225 -25.296978
v 26.650303 0.182521 -25.327539
v 26.546705 0.073128 -25.353439
v 26.460730 -0.065047 -25.374935
v 26.374029 -0.205019 -25.396610
v 26.290201 -0.353084 -25.417568
v 26.215118 -0.507881 -25.436338
v 26.149544 -0.677042 -25.444439
v 26.109426 -0.885538 -25.462763
v 25.800501 -0.541693 -25.533548
v 25.892548 -0.385968 -25.516985
v 26.005251 -0.270327 -25.488808
v 26.116526 -0.152104 -25.460989
v 26.233265 -0.043763 -25.431803
v 26.351274 0.062283 -25.402300
v 26.476873 0.154609 -25.370897
v 26.604511 0.243250 -25.338987
vn 0.2425 -0.0000 -0.9701
vn 0.2368 0.0165 -0.9714
vn 0.2447 0.0062 -0.9696
vn 0.2528 -0.0219 -0.9673
vn 0.2438 0.0174 -0.9697
vn 0.2469 0.0047 -0.9690
vn 0.2432 -0.0244 -0.9697
vn 0.2500 0.0157 -0.9681
vn 0.2483 0.0027 -0.9687
vn 0.2343 -0.0229 -0.9719
vt 0.000000 0.888889
vt 1.000000 0.888889
vt 1.000000 1.000000
vt 0.000000 1.000000
vt 0.000000 0.000000
vt 1.000000 0.000000
vt 1.000000 0.111111
vt 0.000000 0.111111
vt 1.000000 0.222222
vt 0.000000 0.222222
vt 1.000000 0.333333
vt 0.000000 0.333333
vt 1.000000 0.444444
vt 0.000000 0.444444
vt 1.000000 0.555556
vt 0.000000 0.555556
vt 1.000000 0.666667
vt 0.000000 0.666667
vt 1.000000 0.777778
vt 0.000000 0.777778
s 0
usemtl マテリアル.107
f 2781/1697/272 2796/1698/272 2780/1699/272 2779/1700/272
f 2777/1701/273 2778/1702/273 2789/1703/273 2788/1704/273
f 2788/1704/274 2789/1703/274 2790/1705/274 2787/1706/274
f 2787/1706/275 2790/1705/275 2791/1707/275 2786/1708/275
f 2786/1708/272 2791/1707/272 2792/1709/272 2785/1710/272
f 2785/1710/272 2792/1709/272 2793/1711/272 2784/1712/272
f 2784/1712/272 2793/1711/272 2794/1713/272 2783/1714/272
f 2783/1714/272 2794/1713/272 2795/1715/272 2782/1716/272
f 2782/1716/272 2795/1715/272 2796/1698/272 2781/1697/272
f 2801/1697/272 2816/1698/272 2800/1699/272 2799/1700/272
f 2797/1701/276 2798/1702/276 2809/1703/276 2808/1704/276
f 2808/1704/277 2809/1703/277 2810/1705/277 2807/1706/277
f 2807/1706/278 2810/1705/278 2811/1707/278 2806/1708/278
f 2806/1708/272 2811/1707/272 2812/1709/272 2805/1710/272
f 2805/1710/272 2812/1709/272 2813/1711/272 2804/1712/272
f 2804/1712/272 2813/1711/272 2814/1713/272 2803/1714/272
f 2803/1714/272 2814/1713/272 2815/1715/272 2802/1716/272
f 2802/1716/272 2815/1715/272 2816/1698/272 2801/1697/272
f 2821/1697/272 2836/1698/272 2820/1699/272 2819/1700/272
f 2817/1701/279 2818/1702/279 2829/1703/279 2828/1704/279
f 2828/1704/280 2829/1703/280 2830/1705/280 2827/1706/280
f 2827/1706/281 2830/1705/281 2831/1707/281 2826/1708/281
f 2826/1708/272 2831/1707/272 2832/1709/272 2825/1710/272
f 2825/1710/272 2832/1709/272 2833/1711/272 2824/1712/272
f 2824/1712/272 2833/1711/272 2834/1713/272 2823/1714/272
f 2823/1714/272 2834/1713/272 2835/1715/272 2822/1716/272
f 2822/1716/272 2835/1715/272 2836/1698/272 2821/1697/272
o 平面.001
v 26.518950 -0.762829 -24.817911
v 25.985229 -0.758829 -24.951345
v 26.031242 0.700789 -24.939842
v 26.005663 0.755405 -24.946238
v 26.043678 0.542770 -24.936733
v 26.048283 0.389971 -24.935583
v 26.085222 0.230296 -24.926348
v 26.122917 0.068835 -24.916924
v 26.168257 -0.096104 -24.905588
v 26.224371 -0.259218 -24.891560
v 26.296518 -0.423787 -24.865227
v 26.415009 -0.599629 -24.843897
v 25.959976 -0.589428 -24.951210
v 25.915445 -0.414198 -24.968792
v 25.912792 -0.250305 -24.969456
v 25.907341 -0.085681 -24.970819
v 25.912588 0.076148 -24.969507
v 25.920321 0.237328 -24.967573
v 25.942904 0.394628 -24.961927
v 25.969477 0.550886 -24.955284
v 26.652391 -0.906459 -24.784550
v 26.166903 -0.677884 -24.905928
v 26.787830 0.634778 -24.750690
v 26.786148 0.695401 -24.751110
v 26.736504 0.485329 -24.763521
v 26.680099 0.343944 -24.777624
v 26.650478 0.182656 -24.785028
v 26.620838 0.019421 -24.792439
v 26.596796 -0.150212 -24.798450
v 26.583307 -0.322718 -24.801823
v 26.583706 -0.504132 -24.793428
v 26.622267 -0.713719 -24.792082
v 26.210915 -0.513286 -24.888474
v 26.239910 -0.333965 -24.887674
v 26.302494 -0.183276 -24.872028
v 26.362816 -0.030742 -24.856947
v 26.431791 0.114732 -24.839703
v 26.502777 0.258568 -24.821955
v 26.585777 0.392603 -24.801205
v 26.672007 0.524006 -24.779646
v 26.714567 -1.075909 -24.769007
v 26.347198 -0.676807 -24.860851
v 27.399227 0.301350 -24.597836
v 27.419657 0.358225 -24.592728
v 27.297415 0.182521 -24.623289
v 27.193817 0.073128 -24.649189
v 27.107841 -0.065047 -24.670685
v 27.021141 -0.205019 -24.692360
v 26.937313 -0.353084 -24.713318
v 26.862230 -0.507881 -24.732088
v 26.796656 -0.677042 -24.740189
v 26.756538 -0.885538 -24.758512
v 26.447613 -0.541693 -24.829298
v 26.539660 -0.385968 -24.812735
v 26.652363 -0.270327 -24.784557
v 26.763638 -0.152104 -24.756739
v 26.880377 -0.043763 -24.727552
v 26.998386 0.062283 -24.698050
v 27.123985 0.154609 -24.666647
v 27.251623 0.243250 -24.634737
vn 0.2425 -0.0000 -0.9701
vn 0.2368 0.0165 -0.9714
vn 0.2447 0.0062 -0.9696
vn 0.2528 -0.0219 -0.9673
vn 0.2438 0.0174 -0.9697
vn 0.2469 0.0047 -0.9690
vn 0.2432 -0.0244 -0.9697
vn 0.2500 0.0157 -0.9681
vn 0.2483 0.0027 -0.9687
vn 0.2343 -0.0229 -0.9719
vt 0.000000 0.888889
vt 1.000000 0.888889
vt 1.000000 1.000000
vt 0.000000 1.000000
vt 0.000000 0.000000
vt 1.000000 0.000000
vt 1.000000 0.111111
vt 0.000000 0.111111
vt 1.000000 0.222222
vt 0.000000 0.222222
vt 1.000000 0.333333
vt 0.000000 0.333333
vt 1.000000 0.444444
vt 0.000000 0.444444
vt 1.000000 0.555556
vt 0.000000 0.555556
vt 1.000000 0.666667
vt 0.000000 0.666667
vt 1.000000 0.777778
vt 0.000000 0.777778
s 0
usemtl マテリアル.107
f 2841/1717/282 2856/1718/282 2840/1719/282 2839/1720/282
f 2837/1721/283 2838/1722/283 2849/1723/283 2848/1724/283
f 2848/1724/284 2849/1723/284 2850/1725/284 2847/1726/284
f 2847/1726/285 2850/1725/285 2851/1727/285 2846/1728/285
f 2846/1728/282 2851/1727/282 2852/1729/282 2845/1730/282
f 2845/1730/282 2852/1729/282 2853/1731/282 2844/1732/282
f 2844/1732/282 2853/1731/282 2854/1733/282 2843/1734/282
f 2843/1734/282 2854/1733/282 2855/1735/282 2842/1736/282
f 2842/1736/282 2855/1735/282 2856/1718/282 2841/1717/282
f 2861/1717/282 2876/1718/282 2860/1719/282 2859/1720/282
f 2857/1721/286 2858/1722/286 2869/1723/286 2868/1724/286
f 2868/1724/287 2869/1723/287 2870/1725/287 2867/1726/287
f 2867/1726/288 2870/1725/288 2871/1727/288 2866/1728/288
f 2866/1728/282 2871/1727/282 2872/1729/282 2865/1730/282
f 2865/1730/282 2872/1729/282 2873/1731/282 2864/1732/282
f 2864/1732/282 2873/1731/282 2874/1733/282 2863/1734/282
f 2863/1734/282 2874/1733/282 2875/1735/282 2862/1736/282
f 2862/1736/282 2875/1735/282 2876/1718/282 2861/1717/282
f 2881/1717/282 2896/1718/282 2880/1719/282 2879/1720/282
f 2877/1721/289 2878/1722/289 2889/1723/289 2888/1724/289
f 2888/1724/290 2889/1723/290 2890/1725/290 2887/1726/290
f 2887/1726/291 2890/1725/291 2891/1727/291 2886/1728/291
f 2886/1728/282 2891/1727/282 2892/1729/282 2885/1730/282
f 2885/1730/282 2892/1729/282 2893/1731/282 2884/1732/282
f 2884/1732/282 2893/1731/282 2894/1733/282 2883/1734/282
f 2883/1734/282 2894/1733/282 2895/1735/282 2882/1736/282
f 2882/1736/282 2895/1735/282 2896/1718/282 2881/1717/282
o 平面.001
v -33.360085 -0.762829 -21.771286
v -33.893803 -0.758829 -21.904720
v -33.847790 0.700789 -21.893217
v -33.873367 0.755405 -21.899612
v -33.835354 0.542770 -21.890108
v -33.830750 0.389971 -21.888958
v -33.793812 0.230296 -21.879723
v -33.756115 0.068835 -21.870298
v -33.710773 -0.096104 -21.858963
v -33.654663 -0.259218 -21.844934
v -33.582512 -0.423787 -21.818602
v -33.464024 -0.599629 -21.797272
v -33.919056 -0.589428 -21.904585
v -33.963585 -0.414198 -21.922167
v -33.966240 -0.250305 -21.922831
v -33.971691 -0.085681 -21.924194
v -33.966446 0.076148 -21.922882
v -33.958714 0.237328 -21.920948
v -33.936127 0.394628 -21.915302
v -33.909554 0.550886 -21.908659
v -33.226639 -0.906459 -21.737925
v -33.712128 -0.677884 -21.859303
v -33.091202 0.634778 -21.704065
v -33.092884 0.695401 -21.704485
v -33.142529 0.485329 -21.716896
v -33.198933 0.343944 -21.730999
v -33.228554 0.182656 -21.738403
v -33.258194 0.019421 -21.745813
v -33.282238 -0.150212 -21.751825
v -33.295723 -0.322718 -21.755198
v -33.295326 -0.504132 -21.746803
v -33.256767 -0.713719 -21.745457
v -33.668118 -0.513286 -21.841848
v -33.639122 -0.333965 -21.841049
v -33.576538 -0.183276 -21.825403
v -33.516216 -0.030742 -21.810322
v -33.447239 0.114732 -21.793077
v -33.376255 0.258568 -21.775330
v -33.293255 0.392603 -21.754580
v -33.207027 0.524006 -21.733021
v -33.164463 -1.075909 -21.722382
v -33.531834 -0.676807 -21.814226
v -32.479805 0.301350 -21.551210
v -32.459373 0.358225 -21.546103
v -32.581619 0.182521 -21.576664
v -32.685215 0.073128 -21.602564
v -32.771191 -0.065047 -21.624060
v -32.857891 -0.205019 -21.645735
v -32.941719 -0.353084 -21.666693
v -33.016800 -0.507881 -21.685463
v -33.082378 -0.677042 -21.693563
v -33.122494 -0.885538 -21.711887
v -33.431419 -0.541693 -21.782673
v -33.339371 -0.385968 -21.766109
v -33.226669 -0.270327 -21.737932
v -33.115395 -0.152104 -21.710114
v -32.998653 -0.043763 -21.680927
v -32.880646 0.062283 -21.651424
v -32.755047 0.154609 -21.620022
v -32.627407 0.243250 -21.588112
vn 0.2425 -0.0000 -0.9701
vn 0.2368 0.0165 -0.9714
vn 0.2447 0.0062 -0.9696
vn 0.2528 -0.0219 -0.9673
vn 0.2438 0.0174 -0.9697
vn 0.2469 0.0047 -0.9690
vn 0.2432 -0.0244 -0.9697
vn 0.2500 0.0157 -0.9681
vn 0.2483 0.0027 -0.9687
vn 0.2343 -0.0229 -0.9719
vt 0.000000 0.888889
vt 1.000000 0.888889
vt 1.000000 1.000000
vt 0.000000 1.000000
vt 0.000000 0.000000
vt 1.000000 0.000000
vt 1.000000 0.111111
vt 0.000000 0.111111
vt 1.000000 0.222222
vt 0.000000 0.222222
vt 1.000000 0.333333
vt 0.000000 0.333333
vt 1.000000 0.444444
vt 0.000000 0.444444
vt 1.000000 0.555556
vt 0.000000 0.555556
vt 1.000000 0.666667
vt 0.000000 0.666667
vt 1.000000 0.777778
vt 0.000000 0.777778
s 0
usemtl マテリアル.107
f 2901/1737/292 2916/1738/292 2900/1739/292 2899/1740/292
f 2897/1741/293 2898/1742/293 2909/1743/293 2908/1744/293
f 2908/1744/294 2909/1743/294 2910/1745/294 2907/1746/294
f 2907/1746/295 2910/1745/295 2911/1747/295 2906/1748/295
f 2906/1748/292 2911/1747/292 2912/1749/292 2905/1750/292
f 2905/1750/292 2912/1749/292 2913/1751/292 2904/1752/292
f 2904/1752/292 2913/1751/292 2914/1753/292 2903/1754/292
f 2903/1754/292 2914/1753/292 2915/1755/292 2902/1756/292
f 2902/1756/292 2915/1755/292 2916/1738/292 2901/1737/292
f 2921/1737/292 2936/1738/292 2920/1739/292 2919/1740/292
f 2917/1741/296 2918/1742/296 2929/1743/296 2928/1744/296
f 2928/1744/297 2929/1743/297 2930/1745/297 2927/1746/297
f 2927/1746/298 2930/1745/298 2931/1747/298 2926/1748/298
f 2926/1748/292 2931/1747/292 2932/1749/292 2925/1750/292
f 2925/1750/292 2932/1749/292 2933/1751/292 2924/1752/292
f 2924/1752/292 2933/1751/292 2934/1753/292 2923/1754/292
f 2923/1754/292 2934/1753/292 2935/1755/292 2922/1756/292
f 2922/1756/292 2935/1755/292 2936/1738/292 2921/1737/292
f 2941/1737/292 2956/1738/292 2940/1739/292 2939/1740/292
f 2937/1741/299 2938/1742/299 2949/1743/299 2948/1744/299
f 2948/1744/300 2949/1743/300 2950/1745/300 2947/1746/300
f 2947/1746/301 2950/1745/301 2951/1747/301 2946/1748/301
f 2946/1748/292 2951/1747/292 2952/1749/292 2945/1750/292
f 2945/1750/292 2952/1749/292 2953/1751/292 2944/1752/292
f 2944/1752/292 2953/1751/292 2954/1753/292 2943/1754/292
f 2943/1754/292 2954/1753/292 2955/1755/292 2942/1756/292
f 2942/1756/292 2955/1755/292 2956/1738/292 2941/1737/292
o 平面.001
v -30.188770 -0.762829 -23.279737
v -30.722490 -0.758829 -23.413172
v -30.676476 0.700789 -23.401669
v -30.702057 0.755405 -23.408064
v -30.664042 0.542770 -23.398560
v -30.659437 0.389971 -23.397409
v -30.622498 0.230296 -23.388174
v -30.584803 0.068835 -23.378750
v -30.539463 -0.096104 -23.367414
v -30.483349 -0.259218 -23.353386
v -30.411201 -0.423787 -23.327053
v -30.292711 -0.599629 -23.305723
v -30.747744 -0.589428 -23.413036
v -30.792274 -0.414198 -23.430618
v -30.794928 -0.250305 -23.431282
v -30.800379 -0.085681 -23.432646
v -30.795132 0.076148 -23.431334
v -30.787399 0.237328 -23.429399
v -30.764816 0.394628 -23.423754
v -30.738243 0.550886 -23.417110
v -30.055328 -0.906459 -23.246376
v -30.540817 -0.677884 -23.367754
v -29.919889 0.634778 -23.212517
v -29.921572 0.695401 -23.212936
v -29.971216 0.485329 -23.225348
v -30.027620 0.343944 -23.239450
v -30.057241 0.182656 -23.246855
v -30.086882 0.019421 -23.254265
v -30.110924 -0.150212 -23.260277
v -30.124413 -0.322718 -23.263649
v -30.124014 -0.504132 -23.255255
v -30.085453 -0.713719 -23.253908
v -30.496805 -0.513286 -23.350300
v -30.467810 -0.333965 -23.349501
v -30.405226 -0.183276 -23.333855
v -30.344904 -0.030742 -23.318773
v -30.275928 0.114732 -23.301529
v -30.204943 0.258568 -23.283781
v -30.121943 0.392603 -23.263031
v -30.035713 0.524006 -23.241472
v -29.993153 -1.075909 -23.230833
v -30.360521 -0.676807 -23.322678
v -29.308493 0.301350 -23.059662
v -29.288063 0.358225 -23.054554
v -29.410305 0.182521 -23.085115
v -29.513903 0.073128 -23.111015
v -29.599878 -0.065047 -23.132511
v -29.686579 -0.205019 -23.154186
v -29.770407 -0.353084 -23.175144
v -29.845490 -0.507881 -23.193914
v -29.911064 -0.677042 -23.202015
v -29.951181 -0.885538 -23.220339
v -30.260107 -0.541693 -23.291124
v -30.168060 -0.385968 -23.274561
v -30.055357 -0.270327 -23.246384
v -29.944082 -0.152104 -23.218565
v -29.827343 -0.043763 -23.189379
v -29.709333 0.062283 -23.159876
v -29.583735 0.154609 -23.128473
v -29.456097 0.243250 -23.096563
vn 0.2425 -0.0000 -0.9701
vn 0.2368 0.0165 -0.9714
vn 0.2447 0.0062 -0.9696
vn 0.2528 -0.0219 -0.9673
vn 0.2438 0.0174 -0.9697
vn 0.2469 0.0047 -0.9690
vn 0.2432 -0.0244 -0.9697
vn 0.2500 0.0157 -0.9681
vn 0.2483 0.0027 -0.9687
vn 0.2343 -0.0229 -0.9719
vt 0.000000 0.888889
vt 1.000000 0.888889
vt 1.000000 1.000000
vt 0.000000 1.000000
vt 0.000000 0.000000
vt 1.000000 0.000000
vt 1.000000 0.111111
vt 0.000000 0.111111
vt 1.000000 0.222222
vt 0.000000 0.222222
vt 1.000000 0.333333
vt 0.000000 0.333333
vt 1.000000 0.444444
vt 0.000000 0.444444
vt 1.000000 0.555556
vt 0.000000 0.555556
vt 1.000000 0.666667
vt 0.000000 0.666667
vt 1.000000 0.777778
vt 0.000000 0.777778
s 0
usemtl マテリアル.107
f 2961/1757/302 2976/1758/302 2960/1759/302 2959/1760/302
f 2957/1761/303 2958/1762/303 2969/1763/303 2968/1764/303
f 2968/1764/304 2969/1763/304 2970/1765/304 2967/1766/304
f 2967/1766/305 2970/1765/305 2971/1767/305 2966/1768/305
f 2966/1768/302 2971/1767/302 2972/1769/302 2965/1770/302
f 2965/1770/302 2972/1769/302 2973/1771/302 2964/1772/302
f 2964/1772/302 2973/1771/302 2974/1773/302 2963/1774/302
f 2963/1774/302 2974/1773/302 2975/1775/302 2962/1776/302
f 2962/1776/302 2975/1775/302 2976/1758/302 2961/1757/302
f 2981/1757/302 2996/1758/302 2980/1759/302 2979/1760/302
f 2977/1761/306 2978/1762/306 2989/1763/306 2988/1764/306
f 2988/1764/307 2989/1763/307 2990/1765/307 2987/1766/307
f 2987/1766/308 2990/1765/308 2991/1767/308 2986/1768/308
f 2986/1768/302 2991/1767/302 2992/1769/302 2985/1770/302
f 2985/1770/302 2992/1769/302 2993/1771/302 2984/1772/302
f 2984/1772/302 2993/1771/302 2994/1773/302 2983/1774/302
f 2983/1774/302 2994/1773/302 2995/1775/302 2982/1776/302
f 2982/1776/302 2995/1775/302 2996/1758/302 2981/1757/302
f 3001/1757/302 3016/1758/302 3000/1759/302 2999/1760/302
f 2997/1761/309 2998/1762/309 3009/1763/309 3008/1764/309
f 3008/1764/310 3009/1763/310 3010/1765/310 3007/1766/310
f 3007/1766/311 3010/1765/311 3011/1767/311 3006/1768/311
f 3006/1768/302 3011/1767/302 3012/1769/302 3005/1770/302
f 3005/1770/302 3012/1769/302 3013/1771/302 3004/1772/302
f 3004/1772/302 3013/1771/302 3014/1773/302 3003/1774/302
f 3003/1774/302 3014/1773/302 3015/1775/302 3002/1776/302
f 3002/1776/302 3015/1775/302 3016/1758/302 3001/1757/302
o 平面.001
v -27.299232 -0.762829 -22.575487
v -27.832952 -0.758829 -22.708921
v -27.786938 0.700789 -22.697418
v -27.812519 0.755405 -22.703814
v -27.774504 0.542770 -22.694309
v -27.769899 0.389971 -22.693159
v -27.732960 0.230296 -22.683924
v -27.695265 0.068835 -22.674500
v -27.649925 -0.096104 -22.663164
v -27.593811 -0.259218 -22.649136
v -27.521664 -0.423787 -22.622803
v -27.403173 -0.599629 -22.601473
v -27.858206 -0.589428 -22.708786
v -27.902737 -0.414198 -22.726368
v -27.905390 -0.250305 -22.727032
v -27.910841 -0.085681 -22.728395
v -27.905594 0.076148 -22.727083
v -27.897861 0.237328 -22.725149
v -27.875278 0.394628 -22.719503
v -27.848705 0.550886 -22.712860
v -27.165791 -0.906459 -22.542126
v -27.651279 -0.677884 -22.663504
v -27.030352 0.634778 -22.508266
v -27.032034 0.695401 -22.508686
v -27.081678 0.485329 -22.521097
v -27.138083 0.343944 -22.535200
v -27.167704 0.182656 -22.542604
v -27.197344 0.019421 -22.550014
v -27.221386 -0.150212 -22.556026
v -27.234875 -0.322718 -22.559399
v -27.234476 -0.504132 -22.551004
v -27.195915 -0.713719 -22.549658
v -27.607267 -0.513286 -22.646049
v -27.578272 -0.333965 -22.645250
v -27.515688 -0.183276 -22.629604
v -27.455366 -0.030742 -22.614523
v -27.386391 0.114732 -22.597279
v -27.315405 0.258568 -22.579531
v -27.232405 0.392603 -22.558781
v -27.146175 0.524006 -22.537222
v -27.103615 -1.075909 -22.526583
v -27.470984 -0.676807 -22.618427
v -26.418955 0.301350 -22.355412
v -26.398525 0.358225 -22.350304
v -26.520767 0.182521 -22.380865
v -26.624365 0.073128 -22.406765
v -26.710340 -0.065047 -22.428261
v -26.797041 -0.205019 -22.449936
v -26.880869 -0.353084 -22.470894
v -26.955952 -0.507881 -22.489664
v -27.021526 -0.677042 -22.497765
v -27.061644 -0.885538 -22.516088
v -27.370569 -0.541693 -22.586874
v -27.278522 -0.385968 -22.570311
v -27.165819 -0.270327 -22.542133
v -27.054544 -0.152104 -22.514315
v -26.937805 -0.043763 -22.485128
v -26.819796 0.062283 -22.455626
v -26.694197 0.154609 -22.424223
v -26.566559 0.243250 -22.392313
vn 0.2425 -0.0000 -0.9701
vn 0.2368 0.0165 -0.9714
vn 0.2447 0.0062 -0.9696
vn 0.2528 -0.0219 -0.9673
vn 0.2438 0.0174 -0.9697
vn 0.2469 0.0047 -0.9690
vn 0.2432 -0.0244 -0.9697
vn 0.2500 0.0157 -0.9681
vn 0.2483 0.0027 -0.9687
vn 0.2343 -0.0229 -0.9719
vt 0.000000 0.888889
vt 1.000000 0.888889
vt 1.000000 1.000000
vt 0.000000 1.000000
vt 0.000000 0.000000
vt 1.000000 0.000000
vt 1.000000 0.111111
vt 0.000000 0.111111
vt 1.000000 0.222222
vt 0.000000 0.222222
vt 1.000000 0.333333
vt 0.000000 0.333333
vt 1.000000 0.444444
vt 0.000000 0.444444
vt 1.000000 0.555556
vt 0.000000 0.555556
vt 1.000000 0.666667
vt 0.000000 0.666667
vt 1.000000 0.777778
vt 0.000000 0.777778
s 0
usemtl マテリアル.107
f 3021/1777/312 3036/1778/312 3020/1779/312 3019/1780/312
f 3017/1781/313 3018/1782/313 3029/1783/313 3028/1784/313
f 3028/1784/314 3029/1783/314 3030/1785/314 3027/1786/314
f 3027/1786/315 3030/1785/315 3031/1787/315 3026/1788/315
f 3026/1788/312 3031/1787/312 3032/1789/312 3025/1790/312
f 3025/1790/312 3032/1789/312 3033/1791/312 3024/1792/312
f 3024/1792/312 3033/1791/312 3034/1793/312 3023/1794/312
f 3023/1794/312 3034/1793/312 3035/1795/312 3022/1796/312
f 3022/1796/312 3035/1795/312 3036/1778/312 3021/1777/312
f 3041/1777/312 3056/1778/312 3040/1779/312 3039/1780/312
f 3037/1781/316 3038/1782/316 3049/1783/316 3048/1784/316
f 3048/1784/317 3049/1783/317 3050/1785/317 3047/1786/317
f 3047/1786/318 3050/1785/318 3051/1787/318 3046/1788/318
f 3046/1788/312 3051/1787/312 3052/1789/312 3045/1790/312
f 3045/1790/312 3052/1789/312 3053/1791/312 3044/1792/312
f 3044/1792/312 3053/1791/312 3054/1793/312 3043/1794/312
f 3043/1794/312 3054/1793/312 3055/1795/312 3042/1796/312
f 3042/1796/312 3055/1795/312 3056/1778/312 3041/1777/312
f 3061/1777/312 3076/1778/312 3060/1779/312 3059/1780/312
f 3057/1781/319 3058/1782/319 3069/1783/319 3068/1784/319
f 3068/1784/320 3069/1783/320 3070/1785/320 3067/1786/320
f 3067/1786/321 3070/1785/321 3071/1787/321 3066/1788/321
f 3066/1788/312 3071/1787/312 3072/1789/312 3065/1790/312
f 3065/1790/312 3072/1789/312 3073/1791/312 3064/1792/312
f 3064/1792/312 3073/1791/312 3074/1793/312 3063/1794/312
f 3063/1794/312 3074/1793/312 3075/1795/312 3062/1796/312
f 3062/1796/312 3075/1795/312 3076/1778/312 3061/1777/312
o 平面.001
v -22.147963 -0.762829 -21.771286
v -22.681683 -0.758829 -21.904720
v -22.635670 0.700789 -21.893217
v -22.661249 0.755405 -21.899612
v -22.623234 0.542770 -21.890108
v -22.618629 0.389971 -21.888958
v -22.581690 0.230296 -21.879723
v -22.543995 0.068835 -21.870298
v -22.498655 -0.096104 -21.858963
v -22.442541 -0.259218 -21.844934
v -22.370394 -0.423787 -21.818602
v -22.251904 -0.599629 -21.797272
v -22.706936 -0.589428 -21.904585
v -22.751467 -0.414198 -21.922167
v -22.754120 -0.250305 -21.922831
v -22.759571 -0.085681 -21.924194
v -22.754324 0.076148 -21.922882
v -22.746592 0.237328 -21.920948
v -22.724009 0.394628 -21.915302
v -22.697435 0.550886 -21.908659
v -22.014521 -0.906459 -21.737925
v -22.500010 -0.677884 -21.859303
v -21.879082 0.634778 -21.704065
v -21.880764 0.695401 -21.704485
v -21.930408 0.485329 -21.716896
v -21.986813 0.343944 -21.730999
v -22.016434 0.182656 -21.738403
v -22.046074 0.019421 -21.745813
v -22.070116 -0.150212 -21.751825
v -22.083605 -0.322718 -21.755198
v -22.083206 -0.504132 -21.746803
v -22.044645 -0.713719 -21.745457
v -22.455997 -0.513286 -21.841848
v -22.427002 -0.333965 -21.841049
v -22.364418 -0.183276 -21.825403
v -22.304096 -0.030742 -21.810322
v -22.235121 0.114732 -21.793077
v -22.164135 0.258568 -21.775330
v -22.081135 0.392603 -21.754580
v -21.994905 0.524006 -21.733021
v -21.952345 -1.075909 -21.722382
v -22.319714 -0.676807 -21.814226
v -21.267685 0.301350 -21.551210
v -21.247255 0.358225 -21.546103
v -21.369497 0.182521 -21.576664
v -21.473095 0.073128 -21.602564
v -21.559071 -0.065047 -21.624060
v -21.645771 -0.205019 -21.645735
v -21.729599 -0.353084 -21.666693
v -21.804682 -0.507881 -21.685463
v -21.870256 -0.677042 -21.693563
v -21.910374 -0.885538 -21.711887
v -22.219299 -0.541693 -21.782673
v -22.127253 -0.385968 -21.766109
v -22.014549 -0.270327 -21.737932
v -21.903275 -0.152104 -21.710114
v -21.786535 -0.043763 -21.680927
v -21.668526 0.062283 -21.651424
v -21.542927 0.154609 -21.620022
v -21.415289 0.243250 -21.588112
vn 0.2425 -0.0000 -0.9701
vn 0.2368 0.0165 -0.9714
vn 0.2447 0.0062 -0.9696
vn 0.2528 -0.0219 -0.9673
vn 0.2438 0.0174 -0.9697
vn 0.2469 0.0047 -0.9690
vn 0.2432 -0.0244 -0.9697
vn 0.2500 0.0157 -0.9681
vn 0.2483 0.0027 -0.9687
vn 0.2343 -0.0229 -0.9719
vt 0.000000 0.888889
vt 1.000000 0.888889
vt 1.000000 1.000000
vt 0.000000 1.000000
vt 0.000000 0.000000
vt 1.000000 0.000000
vt 1.000000 0.111111
vt 0.000000 0.111111
vt 1.000000 0.222222
vt 0.000000 0.222222
vt 1.000000 0.333333
vt 0.000000 0.333333
vt 1.000000 0.444444
vt 0.000000 0.444444
vt 1.000000 0.555556
vt 0.000000 0.555556
vt 1.000000 0.666667
vt 0.000000 0.666667
vt 1.000000 0.777778
vt 0.000000 0.777778
s 0
usemtl マテリアル.107
f 3081/1797/322 3096/1798/322 3080/1799/322 3079/1800/322
f 3077/1801/323 3078/1802/323 3089/1803/323 3088/1804/323
f 3088/1804/324 3089/1803/324 3090/1805/324 3087/1806/324
f 3087/1806/325 3090/1805/325 3091/1807/325 3086/1808/325
f 3086/1808/322 3091/1807/322 3092/1809/322 3085/1810/322
f 3085/1810/322 3092/1809/322 3093/1811/322 3084/1812/322
f 3084/1812/322 3093/1811/322 3094/1813/322 3083/1814/322
f 3083/1814/322 3094/1813/322 3095/1815/322 3082/1816/322
f 3082/1816/322 3095/1815/322 3096/1798/322 3081/1797/322
f 3101/1797/322 3116/1798/322 3100/1799/322 3099/1800/322
f 3097/1801/326 3098/1802/326 3109/1803/326 3108/1804/326
f 3108/1804/327 3109/1803/327 3110/1805/327 3107/1806/327
f 3107/1806/328 3110/1805/328 3111/1807/328 3106/1808/328
f 3106/1808/322 3111/1807/322 3112/1809/322 3105/1810/322
f 3105/1810/322 3112/1809/322 3113/1811/322 3104/1812/322
f 3104/1812/322 3113/1811/322 3114/1813/322 3103/1814/322
f 3103/1814/322 3114/1813/322 3115/1815/322 3102/1816/322
f 3102/1816/322 3115/1815/322 3116/1798/322 3101/1797/322
f 3121/1797/322 3136/1798/322 3120/1799/322 3119/1800/322
f 3117/1801/329 3118/1802/329 3129/1803/329 3128/1804/329
f 3128/1804/330 3129/1803/330 3130/1805/330 3127/1806/330
f 3127/1806/331 3130/1805/331 3131/1807/331 3126/1808/331
f 3126/1808/322 3131/1807/322 3132/1809/322 3125/1810/322
f 3125/1810/322 3132/1809/322 3133/1811/322 3124/1812/322
f 3124/1812/322 3133/1811/322 3134/1813/322 3123/1814/322
f 3123/1814/322 3134/1813/322 3135/1815/322 3122/1816/322
f 3122/1816/322 3135/1815/322 3136/1798/322 3121/1797/322
o 平面.001
v 19.144566 -0.762829 -23.279737
v 18.610846 -0.758829 -23.413172
v 18.656860 0.700789 -23.401669
v 18.631279 0.755405 -23.408064
v 18.669294 0.542770 -23.398560
v 18.673899 0.389971 -23.397409
v 18.710838 0.230296 -23.388174
v 18.748533 0.068835 -23.378750
v 18.793873 -0.096104 -23.367414
v 18.849987 -0.259218 -23.353386
v 18.922134 -0.423787 -23.327053
v 19.040625 -0.599629 -23.305723
v 18.585592 -0.589428 -23.413036
v 18.541061 -0.414198 -23.430618
v 18.538408 -0.250305 -23.431282
v 18.532957 -0.085681 -23.432646
v 18.538204 0.076148 -23.431334
v 18.545937 0.237328 -23.429399
v 18.568520 0.394628 -23.423754
v 18.595093 0.550886 -23.417110
v 19.278008 -0.906459 -23.246376
v 18.792519 -0.677884 -23.367754
v 19.413446 0.634778 -23.212517
v 19.411764 0.695401 -23.212936
v 19.362120 0.485329 -23.225348
v 19.305716 0.343944 -23.239450
v 19.276094 0.182656 -23.246855
v 19.246454 0.019421 -23.254265
v 19.222412 -0.150212 -23.260277
v 19.208923 -0.322718 -23.263649
v 19.209322 -0.504132 -23.255255
v 19.247883 -0.713719 -23.253908
v 18.836531 -0.513286 -23.350300
v 18.865526 -0.333965 -23.349501
v 18.928110 -0.183276 -23.333855
v 18.988432 -0.030742 -23.318773
v 19.057407 0.114732 -23.301529
v 19.128393 0.258568 -23.283781
v 19.211393 0.392603 -23.263031
v 19.297623 0.524006 -23.241472
v 19.340183 -1.075909 -23.230833
v 18.972815 -0.676807 -23.322678
v 20.024843 0.301350 -23.059662
v 20.045273 0.358225 -23.054554
v 19.923031 0.182521 -23.085115
v 19.819433 0.073128 -23.111015
v 19.733458 -0.065047 -23.132511
v 19.646757 -0.205019 -23.154186
v 19.562929 -0.353084 -23.175144
v 19.487846 -0.507881 -23.193914
v 19.422272 -0.677042 -23.202015
v 19.382154 -0.885538 -23.220339
v 19.073229 -0.541693 -23.291124
v 19.165276 -0.385968 -23.274561
v 19.277979 -0.270327 -23.246384
v 19.389254 -0.152104 -23.218565
v 19.505993 -0.043763 -23.189379
v 19.624002 0.062283 -23.159876
v 19.749601 0.154609 -23.128473
v 19.877239 0.243250 -23.096563
vn 0.2425 -0.0000 -0.9701
vn 0.2368 0.0165 -0.9714
vn 0.2447 0.0062 -0.9696
vn 0.2528 -0.0219 -0.9673
vn 0.2438 0.0174 -0.9697
vn 0.2469 0.0047 -0.9690
vn 0.2432 -0.0244 -0.9697
vn 0.2500 0.0157 -0.9681
vn 0.2483 0.0027 -0.9687
vn 0.2343 -0.0229 -0.9719
vt 0.000000 0.888889
vt 1.000000 0.888889
vt 1.000000 1.000000
vt 0.000000 1.000000
vt 0.000000 0.000000
vt 1.000000 0.000000
vt 1.000000 0.111111
vt 0.000000 0.111111
vt 1.000000 0.222222
vt 0.000000 0.222222
vt 1.000000 0.333333
vt 0.000000 0.333333
vt 1.000000 0.444444
vt 0.000000 0.444444
vt 1.000000 0.555556
vt 0.000000 0.555556
vt 1.000000 0.666667
vt 0.000000 0.666667
vt 1.000000 0.777778
vt 0.000000 0.777778
s 0
usemtl マテリアル.107
f 3141/1817/332 3156/1818/332 3140/1819/332 3139/1820/332
f 3137/1821/333 3138/1822/333 3149/1823/333 3148/1824/333
f 3148/1824/334 3149/1823/334 3150/1825/334 3147/1826/334
f 3147/1826/335 3150/1825/335 3151/1827/335 3146/1828/335
f 3146/1828/332 3151/1827/332 3152/1829/332 3145/1830/332
f 3145/1830/332 3152/1829/332 3153/1831/332 3144/1832/332
f 3144/1832/332 3153/1831/332 3154/1833/332 3143/1834/332
f 3143/1834/332 3154/1833/332 3155/1835/332 3142/1836/332
f 3142/1836/332 3155/1835/332 3156/1818/332 3141/1817/332
f 3161/1817/332 3176/1818/332 3160/1819/332 3159/1820/332
f 3157/1821/336 3158/1822/336 3169/1823/336 3168/1824/336
f 3168/1824/337 3169/1823/337 3170/1825/337 3167/1826/337
f 3167/1826/338 3170/1825/338 3171/1827/338 3166/1828/338
f 3166/1828/332 3171/1827/332 3172/1829/332 3165/1830/332
f 3165/1830/332 3172/1829/332 3173/1831/332 3164/1832/332
f 3164/1832/332 3173/1831/332 3174/1833/332 3163/1834/332
f 3163/1834/332 3174/1833/332 3175/1835/332 3162/1836/332
f 3162/1836/332 3175/1835/332 3176/1818/332 3161/1817/332
f 3181/1817/332 3196/1818/332 3180/1819/332 3179/1820/332
f 3177/1821/339 3178/1822/339 3189/1823/339 3188/1824/339
f 3188/1824/340 3189/1823/340 3190/1825/340 3187/1826/340
f 3187/1826/341 3190/1825/341 3191/1827/341 3186/1828/341
f 3186/1828/332 3191/1827/332 3192/1829/332 3185/1830/332
f 3185/1830/332 3192/1829/332 3193/1831/332 3184/1832/332
f 3184/1832/332 3193/1831/332 3194/1833/332 3183/1834/332
f 3183/1834/332 3194/1833/332 3195/1835/332 3182/1836/332
f 3182/1836/332 3195/1835/332 3196/1818/332 3181/1817/332
o 平面.001
v 28.761372 -0.762829 -22.575487
v 28.227652 -0.758829 -22.708921
v 28.273666 0.700789 -22.697418
v 28.248085 0.755405 -22.703814
v 28.286100 0.542770 -22.694309
v 28.290705 0.389971 -22.693159
v 28.327644 0.230296 -22.683924
v 28.365339 0.068835 -22.674500
v 28.410679 -0.096104 -22.663164
v 28.466793 -0.259218 -22.649136
v 28.538940 -0.423787 -22.622803
v 28.657431 -0.599629 -22.601473
v 28.202398 -0.589428 -22.708786
v 28.157867 -0.414198 -22.726368
v 28.155214 -0.250305 -22.727032
v 28.149763 -0.085681 -22.728395
v 28.155010 0.076148 -22.727083
v 28.162743 0.237328 -22.725149
v 28.185326 0.394628 -22.719503
v 28.211899 0.550886 -22.712860
v 28.894814 -0.906459 -22.542126
v 28.409325 -0.677884 -22.663504
v 29.030252 0.634778 -22.508266
v 29.028570 0.695401 -22.508686
v 28.978926 0.485329 -22.521097
v 28.922522 0.343944 -22.535200
v 28.892900 0.182656 -22.542604
v 28.863260 0.019421 -22.550014
v 28.839218 -0.150212 -22.556026
v 28.825729 -0.322718 -22.559399
v 28.826128 -0.504132 -22.551004
v 28.864689 -0.713719 -22.549658
v 28.453337 -0.513286 -22.646049
v 28.482332 -0.333965 -22.645250
v 28.544916 -0.183276 -22.629604
v 28.605238 -0.030742 -22.614523
v 28.674213 0.114732 -22.597279
v 28.745199 0.258568 -22.579531
v 28.828199 0.392603 -22.558781
v 28.914429 0.524006 -22.537222
v 28.956989 -1.075909 -22.526583
v 28.589621 -0.676807 -22.618427
v 29.641649 0.301350 -22.355412
v 29.662079 0.358225 -22.350304
v 29.539837 0.182521 -22.380865
v 29.436239 0.073128 -22.406765
v 29.350264 -0.065047 -22.428261
v 29.263563 -0.205019 -22.449936
v 29.179735 -0.353084 -22.470894
v 29.104652 -0.507881 -22.489664
v 29.039078 -0.677042 -22.497765
v 28.998960 -0.885538 -22.516088
v 28.690035 -0.541693 -22.586874
v 28.782082 -0.385968 -22.570311
v 28.894785 -0.270327 -22.542133
v 29.006060 -0.152104 -22.514315
v 29.122799 -0.043763 -22.485128
v 29.240808 0.062283 -22.455626
v 29.366407 0.154609 -22.424223
v 29.494045 0.243250 -22.392313
vn 0.2425 -0.0000 -0.9701
vn 0.2368 0.0165 -0.9714
vn 0.2447 0.0062 -0.9696
vn 0.2528 -0.0219 -0.9673
vn 0.2438 0.0174 -0.9697
vn 0.2469 0.0047 -0.9690
vn 0.2432 -0.0244 -0.9697
vn 0.2500 0.0157 -0.9681
vn 0.2483 0.0027 -0.9687
vn 0.2343 -0.0229 -0.9719
vt 0.000000 0.888889
vt 1.000000 0.888889
vt 1.000000 1.000000
vt 0.000000 1.000000
vt 0.000000 0.000000
vt 1.000000 0.000000
vt 1.000000 0.111111
vt 0.000000 0.111111
vt 1.000000 0.222222
vt 0.000000 0.222222
vt 1.000000 0.333333
vt 0.000000 0.333333
vt 1.000000 0.444444
vt 0.000000 0.444444
vt 1.000000 0.555556
vt 0.000000 0.555556
vt 1.000000 0.666667
vt 0.000000 0.666667
vt 1.000000 0.777778
vt 0.000000 0.777778
s 0
usemtl マテリアル.107
f 3201/1837/342 3216/1838/342 3200/1839/342 3199/1840/342
f 3197/1841/343 3198/1842/343 3209/1843/343 3208/1844/343
f 3208/1844/344 3209/1843/344 3210/1845/344 3207/1846/344
f 3207/1846/345 3210/1845/345 3211/1847/345 3206/1848/345
f 3206/1848/342 3211/1847/342 3212/1849/342 3205/1850/342
f 3205/1850/342 3212/1849/342 3213/1851/342 3204/1852/342
f 3204/1852/342 3213/1851/342 3214/1853/342 3203/1854/342
f 3203/1854/342 3214/1853/342 3215/1855/342 3202/1856/342
f 3202/1856/342 3215/1855/342 3216/1838/342 3201/1837/342
f 3221/1837/342 3236/1838/342 3220/1839/342 3219/1840/342
f 3217/1841/346 3218/1842/346 3229/1843/346 3228/1844/346
f 3228/1844/347 3229/1843/347 3230/1845/347 3227/1846/347
f 3227/1846/348 3230/1845/348 3231/1847/348 3226/1848/348
f 3226/1848/342 3231/1847/342 3232/1849/342 3225/1850/342
f 3225/1850/342 3232/1849/342 3233/1851/342 3224/1852/342
f 3224/1852/342 3233/1851/342 3234/1853/342 3223/1854/342
f 3223/1854/342 3234/1853/342 3235/1855/342 3222/1856/342
f 3222/1856/342 3235/1855/342 3236/1838/342 3221/1837/342
f 3241/1837/342 3256/1838/342 3240/1839/342 3239/1840/342
f 3237/1841/349 3238/1842/349 3249/1843/349 3248/1844/349
f 3248/1844/350 3249/1843/350 3250/1845/350 3247/1846/350
f 3247/1846/351 3250/1845/351 3251/1847/351 3246/1848/351
f 3246/1848/342 3251/1847/342 3252/1849/342 3245/1850/342
f 3245/1850/342 3252/1849/342 3253/1851/342 3244/1852/342
f 3244/1852/342 3253/1851/342 3254/1853/342 3243/1854/342
f 3243/1854/342 3254/1853/342 3255/1855/342 3242/1856/342
f 3242/1856/342 3255/1855/342 3256/1838/342 3241/1837/342
o 平面.001
v 31.670219 -0.762829 -21.771286
v 31.136499 -0.758829 -21.904720
v 31.182514 0.700789 -21.893217
v 31.156933 0.755405 -21.899612
v 31.194948 0.542770 -21.890108
v 31.199553 0.389971 -21.888958
v 31.236492 0.230296 -21.879723
v 31.274187 0.068835 -21.870298
v 31.319527 -0.096104 -21.858963
v 31.375641 -0.259218 -21.844934
v 31.447788 -0.423787 -21.818602
v 31.566278 -0.599629 -21.797272
v 31.111246 -0.589428 -21.904585
v 31.066715 -0.414198 -21.922167
v 31.064062 -0.250305 -21.922831
v 31.058611 -0.085681 -21.924194
v 31.063858 0.076148 -21.922882
v 31.071590 0.237328 -21.920948
v 31.094173 0.394628 -21.915302
v 31.120747 0.550886 -21.908659
v 31.803661 -0.906459 -21.737925
v 31.318172 -0.677884 -21.859303
v 31.939100 0.634778 -21.704065
v 31.937418 0.695401 -21.704485
v 31.887774 0.485329 -21.716896
v 31.831369 0.343944 -21.730999
v 31.801748 0.182656 -21.738403
v 31.772108 0.019421 -21.745813
v 31.748066 -0.150212 -21.751825
v 31.734577 -0.322718 -21.755198
v 31.734976 -0.504132 -21.746803
v 31.773537 -0.713719 -21.745457
v 31.362185 -0.513286 -21.841848
v 31.391180 -0.333965 -21.841049
v 31.453764 -0.183276 -21.825403
v 31.514086 -0.030742 -21.810322
v 31.583061 0.114732 -21.793077
v 31.654047 0.258568 -21.775330
v 31.737047 0.392603 -21.754580
v 31.823277 0.524006 -21.733021
v 31.865837 -1.075909 -21.722382
v 31.498468 -0.676807 -21.814226
v 32.550499 0.301350 -21.551210
v 32.570927 0.358225 -21.546103
v 32.448685 0.182521 -21.576664
v 32.345085 0.073128 -21.602564
v 32.259109 -0.065047 -21.624060
v 32.172409 -0.205019 -21.645735
v 32.088581 -0.353084 -21.666693
v 32.013500 -0.507881 -21.685463
v 31.947926 -0.677042 -21.693563
v 31.907808 -0.885538 -21.711887
v 31.598883 -0.541693 -21.782673
v 31.690929 -0.385968 -21.766109
v 31.803633 -0.270327 -21.737932
v 31.914907 -0.152104 -21.710114
v 32.031647 -0.043763 -21.680927
v 32.149658 0.062283 -21.651424
v 32.275257 0.154609 -21.620022
v 32.402893 0.243250 -21.588112
vn 0.2425 -0.0000 -0.9701
vn 0.2368 0.0165 -0.9714
vn 0.2447 0.0062 -0.9696
vn 0.2528 -0.0219 -0.9673
vn 0.2438 0.0174 -0.9697
vn 0.2469 0.0047 -0.9690
vn 0.2432 -0.0244 -0.9697
vn 0.2500 0.0157 -0.9681
vn 0.2483 0.0027 -0.9687
vn 0.2343 -0.0229 -0.9719
vt 0.000000 0.888889
vt 1.000000 0.888889
vt 1.000000 1.000000
vt 0.000000 1.000000
vt 0.000000 0.000000
vt 1.000000 0.000000
vt 1.000000 0.111111
vt 0.000000 0.111111
vt 1.000000 0.222222
vt 0.000000 0.222222
vt 1.000000 0.333333
vt 0.000000 0.333333
vt 1.000000 0.444444
vt 0.000000 0.444444
vt 1.000000 0.555556
vt 0.000000 0.555556
vt 1.000000 0.666667
vt 0.000000 0.666667
vt 1.000000 0.777778
vt 0.000000 0.777778
s 0
usemtl マテリアル.107
f 3261/1857/352 3276/1858/352 3260/1859/352 3259/1860/352
f 3257/1861/353 3258/1862/353 3269/1863/353 3268/1864/353
f 3268/1864/354 3269/1863/354 3270/1865/354 3267/1866/354
f 3267/1866/355 3270/1865/355 3271/1867/355 3266/1868/355
f 3266/1868/352 3271/1867/352 3272/1869/352 3265/1870/352
f 3265/1870/352 3272/1869/352 3273/1871/352 3264/1872/352
f 3264/1872/352 3273/1871/352 3274/1873/352 3263/1874/352
f 3263/1874/352 3274/1873/352 3275/1875/352 3262/1876/352
f 3262/1876/352 3275/1875/352 3276/1858/352 3261/1857/352
f 3281/1857/352 3296/1858/352 3280/1859/352 3279/1860/352
f 3277/1861/356 3278/1862/356 3289/1863/356 3288/1864/356
f 3288/1864/357 3289/1863/357 3290/1865/357 3287/1866/357
f 3287/1866/358 3290/1865/358 3291/1867/358 3286/1868/358
f 3286/1868/352 3291/1867/352 3292/1869/352 3285/1870/352
f 3285/1870/352 3292/1869/352 3293/1871/352 3284/1872/352
f 3284/1872/352 3293/1871/352 3294/1873/352 3283/1874/352
f 3283/1874/352 3294/1873/352 3295/1875/352 3282/1876/352
f 3282/1876/352 3295/1875/352 3296/1858/352 3281/1857/352
f 3301/1857/352 3316/1858/352 3300/1859/352 3299/1860/352
f 3297/1861/359 3298/1862/359 3309/1863/359 3308/1864/359
f 3308/1864/360 3309/1863/360 3310/1865/360 3307/1866/360
f 3307/1866/361 3310/1865/361 3311/1867/361 3306/1868/361
f 3306/1868/352 3311/1867/352 3312/1869/352 3305/1870/352
f 3305/1870/352 3312/1869/352 3313/1871/352 3304/1872/352
f 3304/1872/352 3313/1871/352 3314/1873/352 3303/1874/352
f 3303/1874/352 3314/1873/352 3315/1875/352 3302/1876/352
f 3302/1876/352 3315/1875/352 3316/1858/352 3301/1857/352
o 平面.001
v -25.703918 -0.762829 -21.037312
v -26.237638 -0.758829 -21.170746
v -26.191624 0.700789 -21.159243
v -26.217205 0.755405 -21.165638
v -26.179190 0.542770 -21.156134
v -26.174585 0.389971 -21.154984
v -26.137646 0.230296 -21.145748
v -26.099951 0.068835 -21.136324
v -26.054611 -0.096104 -21.124989
v -25.998497 -0.259218 -21.110960
v -25.926350 -0.423787 -21.084627
v -25.807859 -0.599629 -21.063297
v -26.262892 -0.589428 -21.170610
v -26.307423 -0.414198 -21.188192
v -26.310076 -0.250305 -21.188856
v -26.315527 -0.085681 -21.190220
v -26.310280 0.076148 -21.188908
v -26.302547 0.237328 -21.186974
v -26.279964 0.394628 -21.181328
v -26.253391 0.550886 -21.174685
v -25.570477 -0.906459 -21.003950
v -26.055965 -0.677884 -21.125328
v -25.435038 0.634778 -20.970091
v -25.436720 0.695401 -20.970510
v -25.486364 0.485329 -20.982922
v -25.542768 0.343944 -20.997025
v -25.572390 0.182656 -21.004429
v -25.602030 0.019421 -21.011839
v -25.626072 -0.150212 -21.017851
v -25.639561 -0.322718 -21.021223
v -25.639162 -0.504132 -21.012829
v -25.600601 -0.713719 -21.011482
v -26.011953 -0.513286 -21.107874
v -25.982958 -0.333965 -21.107075
v -25.920374 -0.183276 -21.091429
v -25.860052 -0.030742 -21.076347
v -25.791077 0.114732 -21.059103
v -25.720091 0.258568 -21.041355
v -25.637091 0.392603 -21.020605
v -25.550861 0.524006 -20.999046
v -25.508301 -1.075909 -20.988407
v -25.875669 -0.676807 -21.080252
v -24.823641 0.301350 -20.817236
v -24.803211 0.358225 -20.812128
v -24.925453 0.182521 -20.842690
v -25.029051 0.073128 -20.868589
v -25.115026 -0.065047 -20.890085
v -25.201727 -0.205019 -20.911760
v -25.285555 -0.353084 -20.932718
v -25.360638 -0.507881 -20.951488
v -25.426212 -0.677042 -20.959589
v -25.466330 -0.885538 -20.977913
v -25.775255 -0.541693 -21.048698
v -25.683208 -0.385968 -21.032135
v -25.570505 -0.270327 -21.003958
v -25.459230 -0.152104 -20.976139
v -25.342491 -0.043763 -20.946953
v -25.224482 0.062283 -20.917450
v -25.098883 0.154609 -20.886047
v -24.971245 0.243250 -20.854137
vn 0.2425 -0.0000 -0.9701
vn 0.2368 0.0165 -0.9714
vn 0.2447 0.0062 -0.9696
vn 0.2528 -0.0219 -0.9673
vn 0.2438 0.0174 -0.9697
vn 0.2469 0.0047 -0.9690
vn 0.2432 -0.0244 -0.9697
vn 0.2500 0.0157 -0.9681
vn 0.2483 0.0027 -0.9687
vn 0.2343 -0.0229 -0.9719
vt 0.000000 0.888889
vt 1.000000 0.888889
vt 1.000000 1.000000
vt 0.000000 1.000000
vt 0.000000 0.000000
vt 1.000000 0.000000
vt 1.000000 0.111111
vt 0.000000 0.111111
vt 1.000000 0.222222
vt 0.000000 0.222222
vt 1.000000 0.333333
vt 0.000000 0.333333
vt 1.000000 0.444444
vt 0.000000 0.444444
vt 1.000000 0.555556
vt 0.000000 0.555556
vt 1.000000 0.666667
vt 0.000000 0.666667
vt 1.000000 0.777778
vt 0.000000 0.777778
s 0
usemtl マテリアル.107
f 3321/1877/362 3336/1878/362 3320/1879/362 3319/1880/362
f 3317/1881/363 3318/1882/363 3329/1883/363 3328/1884/363
f 3328/1884/364 3329/1883/364 3330/1885/364 3327/1886/364
f 3327/1886/365 3330/1885/365 3331/1887/365 3326/1888/365
f 3326/1888/362 3331/1887/362 3332/1889/362 3325/1890/362
f 3325/1890/362 3332/1889/362 3333/1891/362 3324/1892/362
f 3324/1892/362 3333/1891/362 3334/1893/362 3323/1894/362
f 3323/1894/362 3334/1893/362 3335/1895/362 3322/1896/362
f 3322/1896/362 3335/1895/362 3336/1878/362 3321/1877/362
f 3341/1877/362 3356/1878/362 3340/1879/362 3339/1880/362
f 3337/1881/366 3338/1882/366 3349/1883/366 3348/1884/366
f 3348/1884/367 3349/1883/367 3350/1885/367 3347/1886/367
f 3347/1886/368 3350/1885/368 3351/1887/368 3346/1888/368
f 3346/1888/362 3351/1887/362 3352/1889/362 3345/1890/362
f 3345/1890/362 3352/1889/362 3353/1891/362 3344/1892/362
f 3344/1892/362 3353/1891/362 3354/1893/362 3343/1894/362
f 3343/1894/362 3354/1893/362 3355/1895/362 3342/1896/362
f 3342/1896/362 3355/1895/362 3356/1878/362 3341/1877/362
f 3361/1877/362 3376/1878/362 3360/1879/362 3359/1880/362
f 3357/1881/369 3358/1882/369 3369/1883/369 3368/1884/369
f 3368/1884/370 3369/1883/370 3370/1885/370 3367/1886/370
f 3367/1886/371 3370/1885/371 3371/1887/371 3366/1888/371
f 3366/1888/362 3371/1887/362 3372/1889/362 3365/1890/362
f 3365/1890/362 3372/1889/362 3373/1891/362 3364/1892/362
f 3364/1892/362 3373/1891/362 3374/1893/362 3363/1894/362
f 3363/1894/362 3374/1893/362 3375/1895/362 3362/1896/362
f 3362/1896/362 3375/1895/362 3376/1878/362 3361/1877/362
o 平面.001
v -22.814383 -0.762829 -20.333061
v -23.348103 -0.758829 -20.466496
v -23.302090 0.700789 -20.454992
v -23.327669 0.755405 -20.461388
v -23.289654 0.542770 -20.451883
v -23.285049 0.389971 -20.450733
v -23.248110 0.230296 -20.441498
v -23.210415 0.068835 -20.432074
v -23.165075 -0.096104 -20.420738
v -23.108961 -0.259218 -20.406710
v -23.036814 -0.423787 -20.380377
v -22.918324 -0.599629 -20.359047
v -23.373356 -0.589428 -20.466360
v -23.417887 -0.414198 -20.483942
v -23.420540 -0.250305 -20.484606
v -23.425991 -0.085681 -20.485970
v -23.420744 0.076148 -20.484657
v -23.413012 0.237328 -20.482723
v -23.390429 0.394628 -20.477077
v -23.363855 0.550886 -20.470434
v -22.680941 -0.906459 -20.299700
v -23.166430 -0.677884 -20.421078
v -22.545502 0.634778 -20.265841
v -22.547184 0.695401 -20.266260
v -22.596828 0.485329 -20.278671
v -22.653233 0.343944 -20.292774
v -22.682854 0.182656 -20.300179
v -22.712494 0.019421 -20.307589
v -22.736536 -0.150212 -20.313601
v -22.750025 -0.322718 -20.316973
v -22.749626 -0.504132 -20.308578
v -22.711065 -0.713719 -20.307232
v -23.122417 -0.513286 -20.403624
v -23.093422 -0.333965 -20.402824
v -23.030838 -0.183276 -20.387178
v -22.970516 -0.030742 -20.372097
v -22.901541 0.114732 -20.354853
v -22.830555 0.258568 -20.337105
v -22.747555 0.392603 -20.316355
v -22.661325 0.524006 -20.294796
v -22.618765 -1.075909 -20.284157
v -22.986134 -0.676807 -20.376001
v -21.934105 0.301350 -20.112986
v -21.913675 0.358225 -20.107878
v -22.035917 0.182521 -20.138439
v -22.139515 0.073128 -20.164339
v -22.225491 -0.065047 -20.185835
v -22.312191 -0.205019 -20.207510
v -22.396019 -0.353084 -20.228468
v -22.471102 -0.507881 -20.247238
v -22.536676 -0.677042 -20.255339
v -22.576794 -0.885538 -20.273663
v -22.885719 -0.541693 -20.344448
v -22.793673 -0.385968 -20.327885
v -22.680969 -0.270327 -20.299707
v -22.569695 -0.152104 -20.271889
v -22.452955 -0.043763 -20.242702
v -22.334946 0.062283 -20.213200
v -22.209347 0.154609 -20.181797
v -22.081709 0.243250 -20.149887
vn 0.2425 -0.0000 -0.9701
vn 0.2368 0.0165 -0.9714
vn 0.2447 0.0062 -0.9696
vn 0.2528 -0.0219 -0.9673
vn 0.2438 0.0174 -0.9697
vn 0.2469 0.0047 -0.9690
vn 0.2432 -0.0244 -0.9697
vn 0.2500 0.0157 -0.9681
vn 0.2483 0.0027 -0.9687
vn 0.2343 -0.0229 -0.9719
vt 0.000000 0.888889
vt 1.000000 0.888889
vt 1.000000 1.000000
vt 0.000000 1.000000
vt 0.000000 0.000000
vt 1.000000 0.000000
vt 1.000000 0.111111
vt 0.000000 0.111111
vt 1.000000 0.222222
vt 0.000000 0.222222
vt 1.000000 0.333333
vt 0.000000 0.333333
vt 1.000000 0.444444
vt 0.000000 0.444444
vt 1.000000 0.555556
vt 0.000000 0.555556
vt 1.000000 0.666667
vt 0.000000 0.666667
vt 1.000000 0.777778
vt 0.000000 0.777778
s 0
usemtl マテリアル.107
f 3381/1897/372 3396/1898/372 3380/1899/372 3379/1900/372
f 3377/1901/373 3378/1902/373 3389/1903/373 3388/1904/373
f 3388/1904/374 3389/1903/374 3390/1905/374 3387/1906/374
f 3387/1906/375 3390/1905/375 3391/1907/375 3386/1908/375
f 3386/1908/372 3391/1907/372 3392/1909/372 3385/1910/372
f 3385/1910/372 3392/1909/372 3393/1911/372 3384/1912/372
f 3384/1912/372 3393/1911/372 3394/1913/372 3383/1914/372
f 3383/1914/372 3394/1913/372 3395/1915/372 3382/1916/372
f 3382/1916/372 3395/1915/372 3396/1898/372 3381/1897/372
f 3401/1897/372 3416/1898/372 3400/1899/372 3399/1900/372
f 3397/1901/376 3398/1902/376 3409/1903/376 3408/1904/376
f 3408/1904/377 3409/1903/377 3410/1905/377 3407/1906/377
f 3407/1906/378 3410/1905/378 3411/1907/378 3406/1908/378
f 3406/1908/372 3411/1907/372 3412/1909/372 3405/1910/372
f 3405/1910/372 3412/1909/372 3413/1911/372 3404/1912/372
f 3404/1912/372 3413/1911/372 3414/1913/372 3403/1914/372
f 3403/1914/372 3414/1913/372 3415/1915/372 3402/1916/372
f 3402/1916/372 3415/1915/372 3416/1898/372 3401/1897/372
f 3421/1897/372 3436/1898/372 3420/1899/372 3419/1900/372
f 3417/1901/379 3418/1902/379 3429/1903/379 3428/1904/379
f 3428/1904/380 3429/1903/380 3430/1905/380 3427/1906/380
f 3427/1906/381 3430/1905/381 3431/1907/381 3426/1908/381
f 3426/1908/372 3431/1907/372 3432/1909/372 3425/1910/372
f 3425/1910/372 3432/1909/372 3433/1911/372 3424/1912/372
f 3424/1912/372 3433/1911/372 3434/1913/372 3423/1914/372
f 3423/1914/372 3434/1913/372 3435/1915/372 3422/1916/372
f 3422/1916/372 3435/1915/372 3436/1898/372 3421/1897/372
o 平面.001
v -22.147963 -0.762829 -19.528864
v -22.681683 -0.758829 -19.662298
v -22.635670 0.700789 -19.650795
v -22.661249 0.755405 -19.657190
v -22.623234 0.542770 -19.647686
v -22.618629 0.389971 -19.646536
v -22.581690 0.230296 -19.637300
v -22.543995 0.068835 -19.627876
v -22.498655 -0.096104 -19.616541
v -22.442541 -0.259218 -19.602512
v -22.370394 -0.423787 -19.576180
v -22.251904 -0.599629 -19.554850
v -22.706936 -0.589428 -19.662163
v -22.751467 -0.414198 -19.679745
v -22.754120 -0.250305 -19.680408
v -22.759571 -0.085681 -19.681772
v -22.754324 0.076148 -19.680460
v -22.746592 0.237328 -19.678526
v -22.724009 0.394628 -19.672880
v -22.697435 0.550886 -19.666237
v -22.014521 -0.906459 -19.495502
v -22.500010 -0.677884 -19.616880
v -21.879082 0.634778 -19.461643
v -21.880764 0.695401 -19.462063
v -21.930408 0.485329 -19.474474
v -21.986813 0.343944 -19.488577
v -22.016434 0.182656 -19.495981
v -22.046074 0.019421 -19.503391
v -22.070116 -0.150212 -19.509403
v -22.083605 -0.322718 -19.512775
v -22.083206 -0.504132 -19.504381
v -22.044645 -0.713719 -19.503035
v -22.455997 -0.513286 -19.599426
v -22.427002 -0.333965 -19.598627
v -22.364418 -0.183276 -19.582981
v -22.304096 -0.030742 -19.567900
v -22.235121 0.114732 -19.550655
v -22.164135 0.258568 -19.532907
v -22.081135 0.392603 -19.512157
v -21.994905 0.524006 -19.490599
v -21.952345 -1.075909 -19.479959
v -22.319714 -0.676807 -19.571804
v -21.267685 0.301350 -19.308788
v -21.247255 0.358225 -19.303680
v -21.369497 0.182521 -19.334242
v -21.473095 0.073128 -19.360142
v -21.559071 -0.065047 -19.381638
v -21.645771 -0.205019 -19.403313
v -21.729599 -0.353084 -19.424271
v -21.804682 -0.507881 -19.443041
v -21.870256 -0.677042 -19.451141
v -21.910374 -0.885538 -19.469465
v -22.219299 -0.541693 -19.540251
v -22.127253 -0.385968 -19.523687
v -22.014549 -0.270327 -19.495510
v -21.903275 -0.152104 -19.467691
v -21.786535 -0.043763 -19.438505
v -21.668526 0.062283 -19.409002
v -21.542927 0.154609 -19.377600
v -21.415289 0.243250 -19.345690
vn 0.2425 -0.0000 -0.9701
vn 0.2368 0.0165 -0.9714
vn 0.2447 0.0062 -0.9696
vn 0.2528 -0.0219 -0.9673
vn 0.2438 0.0174 -0.9697
vn 0.2469 0.0047 -0.9690
vn 0.2432 -0.0244 -0.9697
vn 0.2500 0.0157 -0.9681
vn 0.2483 0.0027 -0.9687
vn 0.2343 -0.0229 -0.9719
vt 0.000000 0.888889
vt 1.000000 0.888889
vt 1.000000 1.000000
vt 0.000000 1.000000
vt 0.000000 0.000000
vt 1.000000 0.000000
vt 1.000000 0.111111
vt 0.000000 0.111111
vt 1.000000 0.222222
vt 0.000000 0.222222
vt 1.000000 0.333333
vt 0.000000 0.333333
vt 1.000000 0.444444
vt 0.000000 0.444444
vt 1.000000 0.555556
vt 0.000000 0.555556
vt 1.000000 0.666667
vt 0.000000 0.666667
vt 1.000000 0.777778
vt 0.000000 0.777778
s 0
usemtl マテリアル.107
f 3441/1917/382 3456/1918/382 3440/1919/382 3439/1920/382
f 3437/1921/383 3438/1922/383 3449/1923/383 3448/1924/383
f 3448/1924/384 3449/1923/384 3450/1925/384 3447/1926/384
f 3447/1926/385 3450/1925/385 3451/1927/385 3446/1928/385
f 3446/1928/382 3451/1927/382 3452/1929/382 3445/1930/382
f 3445/1930/382 3452/1929/382 3453/1931/382 3444/1932/382
f 3444/1932/382 3453/1931/382 3454/1933/382 3443/1934/382
f 3443/1934/382 3454/1933/382 3455/1935/382 3442/1936/382
f 3442/1936/382 3455/1935/382 3456/1918/382 3441/1917/382
f 3461/1917/382 3476/1918/382 3460/1919/382 3459/1920/382
f 3457/1921/386 3458/1922/386 3469/1923/386 3468/1924/386
f 3468/1924/387 3469/1923/387 3470/1925/387 3467/1926/387
f 3467/1926/388 3470/1925/388 3471/1927/388 3466/1928/388
f 3466/1928/382 3471/1927/382 3472/1929/382 3465/1930/382
f 3465/1930/382 3472/1929/382 3473/1931/382 3464/1932/382
f 3464/1932/382 3473/1931/382 3474/1933/382 3463/1934/382
f 3463/1934/382 3474/1933/382 3475/1935/382 3462/1936/382
f 3462/1936/382 3475/1935/382 3476/1918/382 3461/1917/382
f 3481/1917/382 3496/1918/382 3480/1919/382 3479/1920/382
f 3477/1921/389 3478/1922/389 3489/1923/389 3488/1924/389
f 3488/1924/390 3489/1923/390 3490/1925/390 3487/1926/390
f 3487/1926/391 3490/1925/391 3491/1927/391 3486/1928/391
f 3486/1928/382 3491/1927/382 3492/1929/382 3485/1930/382
f 3485/1930/382 3492/1929/382 3493/1931/382 3484/1932/382
f 3484/1932/382 3493/1931/382 3494/1933/382 3483/1934/382
f 3483/1934/382 3494/1933/382 3495/1935/382 3482/1936/382
f 3482/1936/382 3495/1935/382 3496/1918/382 3481/1917/382
o 平面.001
v 30.356689 -0.762829 -21.037312
v 29.822969 -0.758829 -21.170746
v 29.868984 0.700789 -21.159243
v 29.843403 0.755405 -21.165638
v 29.881418 0.542770 -21.156134
v 29.886023 0.389971 -21.154984
v 29.922962 0.230296 -21.145748
v 29.960657 0.068835 -21.136324
v 30.005997 -0.096104 -21.124989
v 30.062111 -0.259218 -21.110960
v 30.134258 -0.423787 -21.084627
v 30.252748 -0.599629 -21.063297
v 29.797716 -0.589428 -21.170610
v 29.753185 -0.414198 -21.188192
v 29.750532 -0.250305 -21.188856
v 29.745081 -0.085681 -21.190220
v 29.750328 0.076148 -21.188908
v 29.758060 0.237328 -21.186974
v 29.780643 0.394628 -21.181328
v 29.807217 0.550886 -21.174685
v 30.490131 -0.906459 -21.003950
v 30.004642 -0.677884 -21.125328
v 30.625570 0.634778 -20.970091
v 30.623888 0.695401 -20.970510
v 30.574244 0.485329 -20.982922
v 30.517839 0.343944 -20.997025
v 30.488218 0.182656 -21.004429
v 30.458578 0.019421 -21.011839
v 30.434536 -0.150212 -21.017851
v 30.421047 -0.322718 -21.021223
v 30.421446 -0.504132 -21.012829
v 30.460007 -0.713719 -21.011482
v 30.048655 -0.513286 -21.107874
v 30.077650 -0.333965 -21.107075
v 30.140234 -0.183276 -21.091429
v 30.200556 -0.030742 -21.076347
v 30.269531 0.114732 -21.059103
v 30.340517 0.258568 -21.041355
v 30.423517 0.392603 -21.020605
v 30.509747 0.524006 -20.999046
v 30.552307 -1.075909 -20.988407
v 30.184938 -0.676807 -21.080252
v 31.236967 0.301350 -20.817236
v 31.257397 0.358225 -20.812128
v 31.135155 0.182521 -20.842690
v 31.031557 0.073128 -20.868589
v 30.945581 -0.065047 -20.890085
v 30.858881 -0.205019 -20.911760
v 30.775053 -0.353084 -20.932718
v 30.699970 -0.507881 -20.951488
v 30.634396 -0.677042 -20.959589
v 30.594278 -0.885538 -20.977913
v 30.285353 -0.541693 -21.048698
v 30.377399 -0.385968 -21.032135
v 30.490103 -0.270327 -21.003958
v 30.601377 -0.152104 -20.976139
v 30.718117 -0.043763 -20.946953
v 30.836126 0.062283 -20.917450
v 30.961725 0.154609 -20.886047
v 31.089363 0.243250 -20.854137
vn 0.2425 -0.0000 -0.9701
vn 0.2368 0.0165 -0.9714
vn 0.2447 0.0062 -0.9696
vn 0.2528 -0.0219 -0.9673
vn 0.2438 0.0174 -0.9697
vn 0.2469 0.0047 -0.9690
vn 0.2432 -0.0244 -0.9697
vn 0.2500 0.0157 -0.9681
vn 0.2483 0.0027 -0.9687
vn 0.2343 -0.0229 -0.9719
vt 0.000000 0.888889
vt 1.000000 0.888889
vt 1.000000 1.000000
vt 0.000000 1.000000
vt 0.000000 0.000000
vt 1.000000 0.000000
vt 1.000000 0.111111
vt 0.000000 0.111111
vt 1.000000 0.222222
vt 0.000000 0.222222
vt 1.000000 0.333333
vt 0.000000 0.333333
vt 1.000000 0.444444
vt 0.000000 0.444444
vt 1.000000 0.555556
vt 0.000000 0.555556
vt 1.000000 0.666667
vt 0.000000 0.666667
vt 1.000000 0.777778
vt 0.000000 0.777778
s 0
usemtl マテリアル.107
f 3501/1937/392 3516/1938/392 3500/1939/392 3499/1940/392
f 3497/1941/393 3498/1942/393 3509/1943/393 3508/1944/393
f 3508/1944/394 3509/1943/394 3510/1945/394 3507/1946/394
f 3507/1946/395 3510/1945/395 3511/1947/395 3506/1948/395
f 3506/1948/392 3511/1947/392 3512/1949/392 3505/1950/392
f 3505/1950/392 3512/1949/392 3513/1951/392 3504/1952/392
f 3504/1952/392 3513/1951/392 3514/1953/392 3503/1954/392
f 3503/1954/392 3514/1953/392 3515/1955/392 3502/1956/392
f 3502/1956/392 3515/1955/392 3516/1938/392 3501/1937/392
f 3521/1937/392 3536/1938/392 3520/1939/392 3519/1940/392
f 3517/1941/396 3518/1942/396 3529/1943/396 3528/1944/396
f 3528/1944/397 3529/1943/397 3530/1945/397 3527/1946/397
f 3527/1946/398 3530/1945/398 3531/1947/398 3526/1948/398
f 3526/1948/392 3531/1947/392 3532/1949/392 3525/1950/392
f 3525/1950/392 3532/1949/392 3533/1951/392 3524/1952/392
f 3524/1952/392 3533/1951/392 3534/1953/392 3523/1954/392
f 3523/1954/392 3534/1953/392 3535/1955/392 3522/1956/392
f 3522/1956/392 3535/1955/392 3536/1938/392 3521/1937/392
f 3541/1937/392 3556/1938/392 3540/1939/392 3539/1940/392
f 3537/1941/399 3538/1942/399 3549/1943/399 3548/1944/399
f 3548/1944/400 3549/1943/400 3550/1945/400 3547/1946/400
f 3547/1946/401 3550/1945/401 3551/1947/401 3546/1948/401
f 3546/1948/392 3551/1947/392 3552/1949/392 3545/1950/392
f 3545/1950/392 3552/1949/392 3553/1951/392 3544/1952/392
f 3544/1952/392 3553/1951/392 3554/1953/392 3543/1954/392
f 3543/1954/392 3554/1953/392 3555/1955/392 3542/1956/392
f 3542/1956/392 3555/1955/392 3556/1938/392 3541/1937/392
o 平面.001
v -29.541656 -0.762829 -18.090639
v -30.075378 -0.758829 -18.224073
v -30.029364 0.700789 -18.212570
v -30.054943 0.755406 -18.218966
v -30.016928 0.542771 -18.209461
v -30.012323 0.389972 -18.208311
v -29.975384 0.230296 -18.199076
v -29.937689 0.068836 -18.189651
v -29.892349 -0.096104 -18.178316
v -29.836235 -0.259218 -18.164288
v -29.764088 -0.423787 -18.137955
v -29.645597 -0.599629 -18.116625
v -30.100630 -0.589428 -18.223938
v -30.145161 -0.414198 -18.241520
v -30.147814 -0.250305 -18.242184
v -30.153265 -0.085681 -18.243547
v -30.148018 0.076148 -18.242235
v -30.140285 0.237329 -18.240301
v -30.117702 0.394628 -18.234655
v -30.091129 0.550886 -18.228012
v -29.408215 -0.906459 -18.057278
v -29.893703 -0.677884 -18.178656
v -29.272776 0.634778 -18.023418
v -29.274458 0.695402 -18.023838
v -29.324102 0.485329 -18.036249
v -29.380507 0.343944 -18.050352
v -29.410128 0.182656 -18.057756
v -29.439768 0.019421 -18.065166
v -29.463810 -0.150212 -18.071178
v -29.477299 -0.322718 -18.074551
v -29.476900 -0.504132 -18.066156
v -29.438339 -0.713719 -18.064810
v -29.849691 -0.513286 -18.161201
v -29.820696 -0.333965 -18.160402
v -29.758112 -0.183276 -18.144756
v -29.697790 -0.030742 -18.129675
v -29.628815 0.114733 -18.112431
v -29.557829 0.258568 -18.094683
v -29.474829 0.392603 -18.073933
v -29.388599 0.524006 -18.052374
v -29.346039 -1.075909 -18.041735
v -29.713408 -0.676807 -18.133579
v -28.661379 0.301350 -17.870564
v -28.640949 0.358225 -17.865456
v -28.763191 0.182521 -17.896017
v -28.866789 0.073128 -17.921917
v -28.952765 -0.065047 -17.943413
v -29.039465 -0.205019 -17.965088
v -29.123293 -0.353083 -17.986046
v -29.198376 -0.507880 -18.004816
v -29.263950 -0.677042 -18.012917
v -29.304068 -0.885538 -18.031240
v -29.612993 -0.541693 -18.102026
v -29.520947 -0.385968 -18.085463
v -29.408243 -0.270327 -18.057285
v -29.296968 -0.152104 -18.029467
v -29.180229 -0.043763 -18.000280
v -29.062220 0.062283 -17.970778
v -28.936621 0.154609 -17.939375
v -28.808983 0.243250 -17.907465
vn 0.2425 -0.0000 -0.9701
vn 0.2368 0.0165 -0.9714
vn 0.2447 0.0062 -0.9696
vn 0.2528 -0.0219 -0.9673
vn 0.2438 0.0174 -0.9697
vn 0.2469 0.0047 -0.9690
vn 0.2432 -0.0244 -0.9697
vn 0.2500 0.0157 -0.9681
vn 0.2483 0.0027 -0.9687
vn 0.2343 -0.0229 -0.9719
vt 0.000000 0.888889
vt 1.000000 0.888889
vt 1.000000 1.000000
vt 0.000000 1.000000
vt 0.000000 0.000000
vt 1.000000 0.000000
vt 1.000000 0.111111
vt 0.000000 0.111111
vt 1.000000 0.222222
vt 0.000000 0.222222
vt 1.000000 0.333333
vt 0.000000 0.333333
vt 1.000000 0.444444
vt 0.000000 0.444444
vt 1.000000 0.555556
vt 0.000000 0.555556
vt 1.000000 0.666667
vt 0.000000 0.666667
vt 1.000000 0.777778
vt 0.000000 0.777778
s 0
usemtl マテリアル.107
f 3561/1957/402 3576/1958/402 3560/1959/402 3559/1960/402
f 3557/1961/403 3558/1962/403 3569/1963/403 3568/1964/403
f 3568/1964/404 3569/1963/404 3570/1965/404 3567/1966/404
f 3567/1966/405 3570/1965/405 3571/1967/405 3566/1968/405
f 3566/1968/402 3571/1967/402 3572/1969/402 3565/1970/402
f 3565/1970/402 3572/1969/402 3573/1971/402 3564/1972/402
f 3564/1972/402 3573/1971/402 3574/1973/402 3563/1974/402
f 3563/1974/402 3574/1973/402 3575/1975/402 3562/1976/402
f 3562/1976/402 3575/1975/402 3576/1958/402 3561/1957/402
f 3581/1957/402 3596/1958/402 3580/1959/402 3579/1960/402
f 3577/1961/406 3578/1962/406 3589/1963/406 3588/1964/406
f 3588/1964/407 3589/1963/407 3590/1965/407 3587/1966/407
f 3587/1966/408 3590/1965/408 3591/1967/408 3586/1968/408
f 3586/1968/402 3591/1967/402 3592/1969/402 3585/1970/402
f 3585/1970/402 3592/1969/402 3593/1971/402 3584/1972/402
f 3584/1972/402 3593/1971/402 3594/1973/402 3583/1974/402
f 3583/1974/402 3594/1973/402 3595/1975/402 3582/1976/402
f 3582/1976/402 3595/1975/402 3596/1958/402 3581/1957/402
f 3601/1957/402 3616/1958/402 3600/1959/402 3599/1960/402
f 3597/1961/409 3598/1962/409 3609/1963/409 3608/1964/409
f 3608/1964/410 3609/1963/410 3610/1965/410 3607/1966/410
f 3607/1966/411 3610/1965/411 3611/1967/411 3606/1968/411
f 3606/1968/402 3611/1967/402 3612/1969/402 3605/1970/402
f 3605/1970/402 3612/1969/402 3613/1971/402 3604/1972/402
f 3604/1972/402 3613/1971/402 3614/1973/402 3603/1974/402
f 3603/1974/402 3614/1973/402 3615/1975/402 3602/1976/402
f 3602/1976/402 3615/1975/402 3616/1958/402 3601/1957/402
o 平面.001
v 20.458097 -0.762829 -17.286440
v 19.924376 -0.758829 -17.419874
v 19.970390 0.700789 -17.408371
v 19.944811 0.755406 -17.414766
v 19.982826 0.542771 -17.405262
v 19.987431 0.389972 -17.404112
v 20.024370 0.230296 -17.394876
v 20.062065 0.068836 -17.385452
v 20.107405 -0.096104 -17.374117
v 20.163519 -0.259218 -17.360088
v 20.235666 -0.423787 -17.333755
v 20.354156 -0.599629 -17.312426
v 19.899124 -0.589428 -17.419739
v 19.854593 -0.414198 -17.437321
v 19.851940 -0.250305 -17.437984
v 19.846489 -0.085681 -17.439348
v 19.851736 0.076148 -17.438036
v 19.859468 0.237329 -17.436102
v 19.882051 0.394628 -17.430456
v 19.908625 0.550886 -17.423813
v 20.591539 -0.906459 -17.253078
v 20.106050 -0.677884 -17.374456
v 20.726978 0.634778 -17.219219
v 20.725296 0.695402 -17.219639
v 20.675652 0.485329 -17.232050
v 20.619247 0.343944 -17.246153
v 20.589626 0.182656 -17.253557
v 20.559986 0.019421 -17.260967
v 20.535944 -0.150212 -17.266979
v 20.522455 -0.322718 -17.270351
v 20.522854 -0.504132 -17.261957
v 20.561415 -0.713719 -17.260611
v 20.150063 -0.513286 -17.357002
v 20.179058 -0.333965 -17.356203
v 20.241642 -0.183276 -17.340557
v 20.301964 -0.030742 -17.325476
v 20.370939 0.114733 -17.308231
v 20.441925 0.258568 -17.290483
v 20.524925 0.392603 -17.269733
v 20.611155 0.524006 -17.248175
v 20.653715 -1.075909 -17.237535
v 20.286346 -0.676807 -17.329380
v 21.338375 0.301350 -17.066364
v 21.358805 0.358225 -17.061256
v 21.236563 0.182521 -17.091818
v 21.132965 0.073128 -17.117718
v 21.046989 -0.065047 -17.139214
v 20.960289 -0.205019 -17.160889
v 20.876461 -0.353083 -17.181847
v 20.801378 -0.507880 -17.200617
v 20.735804 -0.677042 -17.208717
v 20.695686 -0.885538 -17.227041
v 20.386761 -0.541693 -17.297827
v 20.478807 -0.385968 -17.281263
v 20.591511 -0.270327 -17.253086
v 20.702785 -0.152104 -17.225267
v 20.819525 -0.043763 -17.196081
v 20.937534 0.062283 -17.166578
v 21.063133 0.154609 -17.135176
v 21.190771 0.243250 -17.103266
vn 0.2425 -0.0000 -0.9701
vn 0.2368 0.0165 -0.9714
vn 0.2447 0.0062 -0.9696
vn 0.2528 -0.0219 -0.9673
vn 0.2438 0.0174 -0.9697
vn 0.2469 0.0047 -0.9690
vn 0.2432 -0.0244 -0.9697
vn 0.2500 0.0157 -0.9681
vn 0.2483 0.0027 -0.9687
vn 0.2343 -0.0229 -0.9719
vt 0.000000 0.888889
vt 1.000000 0.888889
vt 1.000000 1.000000
vt 0.000000 1.000000
vt 0.000000 0.000000
vt 1.000000 0.000000
vt 1.000000 0.111111
vt 0.000000 0.111111
vt 1.000000 0.222222
vt 0.000000 0.222222
vt 1.000000 0.333333
vt 0.000000 0.333333
vt 1.000000 0.444444
vt 0.000000 0.444444
vt 1.000000 0.555556
vt 0.000000 0.555556
vt 1.000000 0.666667
vt 0.000000 0.666667
vt 1.000000 0.777778
vt 0.000000 0.777778
s 0
usemtl マテリアル.107
f 3621/1977/412 3636/1978/412 3620/1979/412 3619/1980/412
f 3617/1981/413 3618/1982/413 3629/1983/413 3628/1984/413
f 3628/1984/414 3629/1983/414 3630/1985/414 3627/1986/414
f 3627/1986/415 3630/1985/415 3631/1987/415 3626/1988/415
f 3626/1988/412 3631/1987/412 3632/1989/412 3625/1990/412
f 3625/1990/412 3632/1989/412 3633/1991/412 3624/1992/412
f 3624/1992/412 3633/1991/412 3634/1993/412 3623/1994/412
f 3623/1994/412 3634/1993/412 3635/1995/412 3622/1996/412
f 3622/1996/412 3635/1995/412 3636/1978/412 3621/1977/412
f 3641/1977/412 3656/1978/412 3640/1979/412 3639/1980/412
f 3637/1981/416 3638/1982/416 3649/1983/416 3648/1984/416
f 3648/1984/417 3649/1983/417 3650/1985/417 3647/1986/417
f 3647/1986/418 3650/1985/418 3651/1987/418 3646/1988/418
f 3646/1988/412 3651/1987/412 3652/1989/412 3645/1990/412
f 3645/1990/412 3652/1989/412 3653/1991/412 3644/1992/412
f 3644/1992/412 3653/1991/412 3654/1993/412 3643/1994/412
f 3643/1994/412 3654/1993/412 3655/1995/412 3642/1996/412
f 3642/1996/412 3655/1995/412 3656/1978/412 3641/1977/412
f 3661/1977/412 3676/1978/412 3660/1979/412 3659/1980/412
f 3657/1981/419 3658/1982/419 3669/1983/419 3668/1984/419
f 3668/1984/420 3669/1983/420 3670/1985/420 3667/1986/420
f 3667/1986/421 3670/1985/421 3671/1987/421 3666/1988/421
f 3666/1988/412 3671/1987/412 3672/1989/412 3665/1990/412
f 3665/1990/412 3672/1989/412 3673/1991/412 3664/1992/412
f 3664/1992/412 3673/1991/412 3674/1993/412 3663/1994/412
f 3663/1994/412 3674/1993/412 3675/1995/412 3662/1996/412
f 3662/1996/412 3675/1995/412 3676/1978/412 3661/1977/412
o 平面.001
v 30.356689 -0.762829 -18.794888
v 29.822968 -0.758829 -18.928322
v 29.868982 0.700789 -18.916819
v 29.843403 0.755406 -18.923214
v 29.881418 0.542771 -18.913710
v 29.886023 0.389972 -18.912560
v 29.922962 0.230296 -18.903324
v 29.960657 0.068836 -18.893900
v 30.005997 -0.096104 -18.882565
v 30.062111 -0.259218 -18.868536
v 30.134258 -0.423787 -18.842203
v 30.252748 -0.599629 -18.820873
v 29.797716 -0.589428 -18.928186
v 29.753185 -0.414198 -18.945768
v 29.750532 -0.250305 -18.946432
v 29.745081 -0.085681 -18.947796
v 29.750328 0.076148 -18.946484
v 29.758060 0.237329 -18.944550
v 29.780643 0.394628 -18.938904
v 29.807217 0.550886 -18.932261
v 30.490131 -0.906459 -18.761526
v 30.004642 -0.677884 -18.882904
v 30.625570 0.634778 -18.727665
v 30.623888 0.695402 -18.728086
v 30.574244 0.485329 -18.740498
v 30.517839 0.343944 -18.754601
v 30.488218 0.182656 -18.762005
v 30.458578 0.019421 -18.769415
v 30.434536 -0.150212 -18.775427
v 30.421047 -0.322718 -18.778799
v 30.421446 -0.504132 -18.770405
v 30.460007 -0.713719 -18.769058
v 30.048655 -0.513286 -18.865450
v 30.077650 -0.333965 -18.864651
v 30.140234 -0.183276 -18.849005
v 30.200556 -0.030742 -18.833923
v 30.269531 0.114733 -18.816679
v 30.340517 0.258568 -18.798931
v 30.423517 0.392603 -18.778181
v 30.509747 0.524006 -18.756622
v 30.552307 -1.075909 -18.745983
v 30.184938 -0.676807 -18.837828
v 31.236967 0.301350 -18.574812
v 31.257397 0.358225 -18.569704
v 31.135155 0.182521 -18.600266
v 31.031557 0.073128 -18.626165
v 30.945581 -0.065047 -18.647661
v 30.858881 -0.205019 -18.669336
v 30.775053 -0.353083 -18.690294
v 30.699970 -0.507880 -18.709064
v 30.634396 -0.677042 -18.717165
v 30.594278 -0.885538 -18.735489
v 30.285353 -0.541693 -18.806274
v 30.377399 -0.385968 -18.789711
v 30.490103 -0.270327 -18.761534
v 30.601377 -0.152104 -18.733715
v 30.718117 -0.043763 -18.704529
v 30.836126 0.062283 -18.675026
v 30.961725 0.154609 -18.643623
v 31.089363 0.243250 -18.611713
vn 0.2425 -0.0000 -0.9701
vn 0.2368 0.0165 -0.9714
vn 0.2447 0.0062 -0.9696
vn 0.2528 -0.0219 -0.9673
vn 0.2438 0.0174 -0.9697
vn 0.2469 0.0047 -0.9690
vn 0.2432 -0.0244 -0.9697
vn 0.2500 0.0157 -0.9681
vn 0.2483 0.0027 -0.9687
vn 0.2343 -0.0229 -0.9719
vt 0.000000 0.888889
vt 1.000000 0.888889
vt 1.000000 1.000000
vt 0.000000 1.000000
vt 0.000000 0.000000
vt 1.000000 0.000000
vt 1.000000 0.111111
vt 0.000000 0.111111
vt 1.000000 0.222222
vt 0.000000 0.222222
vt 1.000000 0.333333
vt 0.000000 0.333333
vt 1.000000 0.444444
vt 0.000000 0.444444
vt 1.000000 0.555556
vt 0.000000 0.555556
vt 1.000000 0.666667
vt 0.000000 0.666667
vt 1.000000 0.777778
vt 0.000000 0.777778
s 0
usemtl マテリアル.107
f 3681/1997/422 3696/1998/422 3680/1999/422 3679/2000/422
f 3677/2001/423 3678/2002/423 3689/2003/423 3688/2004/423
f 3688/2004/424 3689/2003/424 3690/2005/424 3687/2006/424
f 3687/2006/425 3690/2005/425 3691/2007/425 3686/2008/425
f 3686/2008/422 3691/2007/422 3692/2009/422 3685/2010/422
f 3685/2010/422 3692/2009/422 3693/2011/422 3684/2012/422
f 3684/2012/422 3693/2011/422 3694/2013/422 3683/2014/422
f 3683/2014/422 3694/2013/422 3695/2015/422 3682/2016/422
f 3682/2016/422 3695/2015/422 3696/1998/422 3681/1997/422
f 3701/1997/422 3716/1998/422 3700/1999/422 3699/2000/422
f 3697/2001/426 3698/2002/426 3709/2003/426 3708/2004/426
f 3708/2004/427 3709/2003/427 3710/2005/427 3707/2006/427
f 3707/2006/428 3710/2005/428 3711/2007/428 3706/2008/428
f 3706/2008/422 3711/2007/422 3712/2009/422 3705/2010/422
f 3705/2010/422 3712/2009/422 3713/2011/422 3704/2012/422
f 3704/2012/422 3713/2011/422 3714/2013/422 3703/2014/422
f 3703/2014/422 3714/2013/422 3715/2015/422 3702/2016/422
f 3702/2016/422 3715/2015/422 3716/1998/422 3701/1997/422
f 3721/1997/422 3736/1998/422 3720/1999/422 3719/2000/422
f 3717/2001/429 3718/2002/429 3729/2003/429 3728/2004/429
f 3728/2004/430 3729/2003/430 3730/2005/430 3727/2006/430
f 3727/2006/431 3730/2005/431 3731/2007/431 3726/2008/431
f 3726/2008/422 3731/2007/422 3732/2009/422 3725/2010/422
f 3725/2010/422 3732/2009/422 3733/2011/422 3724/2012/422
f 3724/2012/422 3733/2011/422 3734/2013/422 3723/2014/422
f 3723/2014/422 3734/2013/422 3735/2015/422 3722/2016/422
f 3722/2016/422 3735/2015/422 3736/1998/422 3721/1997/422
o 平面.001
v -18.329535 -0.762829 -15.848215
v -18.863256 -0.758829 -15.981650
v -18.817242 0.700789 -15.970146
v -18.842821 0.755406 -15.976542
v -18.804806 0.542771 -15.967037
v -18.800201 0.389972 -15.965886
v -18.763262 0.230296 -15.956651
v -18.725567 0.068836 -15.947227
v -18.680227 -0.096104 -15.935891
v -18.624113 -0.259218 -15.921863
v -18.551966 -0.423787 -15.895531
v -18.433475 -0.599629 -15.874202
v -18.888508 -0.589428 -15.981514
v -18.933039 -0.414198 -15.999097
v -18.935692 -0.250305 -15.999761
v -18.941143 -0.085681 -16.001123
v -18.935896 0.076148 -15.999811
v -18.928164 0.237329 -15.997878
v -18.905581 0.394628 -15.992232
v -18.879007 0.550886 -15.985588
v -18.196093 -0.906459 -15.814855
v -18.681581 -0.677884 -15.936231
v -18.060654 0.634778 -15.780993
v -18.062336 0.695402 -15.781414
v -18.111980 0.485329 -15.793825
v -18.168385 0.343944 -15.807927
v -18.198006 0.182656 -15.815332
v -18.227646 0.019421 -15.822743
v -18.251688 -0.150212 -15.828754
v -18.265177 -0.322718 -15.832126
v -18.264778 -0.504132 -15.823732
v -18.226217 -0.713719 -15.822386
v -18.637569 -0.513286 -15.918778
v -18.608574 -0.333965 -15.917978
v -18.545990 -0.183276 -15.902331
v -18.485668 -0.030742 -15.887251
v -18.416693 0.114733 -15.870007
v -18.345707 0.258568 -15.852260
v -18.262707 0.392603 -15.831509
v -18.176477 0.524006 -15.809951
v -18.133917 -1.075909 -15.799310
v -18.501286 -0.676807 -15.891155
v -17.449257 0.301350 -15.628139
v -17.428827 0.358225 -15.623032
v -17.551069 0.182521 -15.653593
v -17.654667 0.073128 -15.679493
v -17.740643 -0.065047 -15.700988
v -17.827343 -0.205019 -15.722664
v -17.911171 -0.353083 -15.743622
v -17.986254 -0.507880 -15.762393
v -18.051828 -0.677042 -15.770493
v -18.091946 -0.885538 -15.788816
v -18.400871 -0.541693 -15.859602
v -18.308825 -0.385968 -15.843039
v -18.196121 -0.270327 -15.814861
v -18.084846 -0.152104 -15.787043
v -17.968107 -0.043763 -15.757856
v -17.850098 0.062283 -15.728353
v -17.724499 0.154609 -15.696952
v -17.596861 0.243250 -15.665041
vn 0.2425 -0.0000 -0.9701
vn 0.2368 0.0165 -0.9714
vn 0.2447 0.0062 -0.9696
vn 0.2528 -0.0219 -0.9673
vn 0.2438 0.0174 -0.9697
vn 0.2469 0.0047 -0.9690
vn 0.2432 -0.0244 -0.9697
vn 0.2500 0.0157 -0.9681
vn 0.2483 0.0027 -0.9687
vn 0.2343 -0.0229 -0.9719
vt 0.000000 0.888889
vt 1.000000 0.888889
vt 1.000000 1.000000
vt 0.000000 1.000000
vt 0.000000 0.000000
vt 1.000000 0.000000
vt 1.000000 0.111111
vt 0.000000 0.111111
vt 1.000000 0.222222
vt 0.000000 0.222222
vt 1.000000 0.333333
vt 0.000000 0.333333
vt 1.000000 0.444444
vt 0.000000 0.444444
vt 1.000000 0.555556
vt 0.000000 0.555556
vt 1.000000 0.666667
vt 0.000000 0.666667
vt 1.000000 0.777778
vt 0.000000 0.777778
s 0
usemtl マテリアル.107
f 3741/2017/432 3756/2018/432 3740/2019/432 3739/2020/432
f 3737/2021/433 3738/2022/433 3749/2023/433 3748/2024/433
f 3748/2024/434 3749/2023/434 3750/2025/434 3747/2026/434
f 3747/2026/435 3750/2025/435 3751/2027/435 3746/2028/435
f 3746/2028/432 3751/2027/432 3752/2029/432 3745/2030/432
f 3745/2030/432 3752/2029/432 3753/2031/432 3744/2032/432
f 3744/2032/432 3753/2031/432 3754/2033/432 3743/2034/432
f 3743/2034/432 3754/2033/432 3755/2035/432 3742/2036/432
f 3742/2036/432 3755/2035/432 3756/2018/432 3741/2017/432
f 3761/2017/432 3776/2018/432 3760/2019/432 3759/2020/432
f 3757/2021/436 3758/2022/436 3769/2023/436 3768/2024/436
f 3768/2024/437 3769/2023/437 3770/2025/437 3767/2026/437
f 3767/2026/438 3770/2025/438 3771/2027/438 3766/2028/438
f 3766/2028/432 3771/2027/432 3772/2029/432 3765/2030/432
f 3765/2030/432 3772/2029/432 3773/2031/432 3764/2032/432
f 3764/2032/432 3773/2031/432 3774/2033/432 3763/2034/432
f 3763/2034/432 3774/2033/432 3775/2035/432 3762/2036/432
f 3762/2036/432 3775/2035/432 3776/2018/432 3761/2017/432
f 3781/2017/432 3796/2018/432 3780/2019/432 3779/2020/432
f 3777/2021/439 3778/2022/439 3789/2023/439 3788/2024/439
f 3788/2024/440 3789/2023/440 3790/2025/440 3787/2026/440
f 3787/2026/441 3790/2025/441 3791/2027/441 3786/2028/441
f 3786/2028/432 3791/2027/432 3792/2029/432 3785/2030/432
f 3785/2030/432 3792/2029/432 3793/2031/432 3784/2032/432
f 3784/2032/432 3793/2031/432 3794/2033/432 3783/2034/432
f 3783/2034/432 3794/2033/432 3795/2035/432 3782/2036/432
f 3782/2036/432 3795/2035/432 3796/2018/432 3781/2017/432
o 平面.001
v -17.663115 -0.762829 -15.044016
v -18.196836 -0.758829 -15.177451
v -18.150822 0.700789 -15.165947
v -18.176401 0.755406 -15.172342
v -18.138386 0.542771 -15.162838
v -18.133781 0.389972 -15.161687
v -18.096842 0.230296 -15.152452
v -18.059147 0.068836 -15.143028
v -18.013807 -0.096104 -15.131692
v -17.957693 -0.259218 -15.117663
v -17.885546 -0.423787 -15.091331
v -17.767056 -0.599629 -15.070003
v -18.222088 -0.589428 -15.177315
v -18.266619 -0.414198 -15.194898
v -18.269272 -0.250305 -15.195561
v -18.274723 -0.085681 -15.196923
v -18.269476 0.076148 -15.195612
v -18.261744 0.237329 -15.193679
v -18.239161 0.394628 -15.188033
v -18.212587 0.550886 -15.181389
v -17.529673 -0.906459 -15.010655
v -18.015162 -0.677884 -15.132031
v -17.394234 0.634778 -14.976794
v -17.395916 0.695402 -14.977215
v -17.445560 0.485329 -14.989626
v -17.501965 0.343944 -15.003728
v -17.531586 0.182656 -15.011133
v -17.561226 0.019421 -15.018544
v -17.585268 -0.150212 -15.024555
v -17.598757 -0.322718 -15.027926
v -17.598358 -0.504132 -15.019533
v -17.559797 -0.713719 -15.018187
v -17.971149 -0.513286 -15.114579
v -17.942154 -0.333965 -15.113779
v -17.879570 -0.183276 -15.098132
v -17.819248 -0.030742 -15.083052
v -17.750273 0.114733 -15.065807
v -17.679287 0.258568 -15.048060
v -17.596287 0.392603 -15.027309
v -17.510057 0.524006 -15.005752
v -17.467497 -1.075909 -14.995111
v -17.834866 -0.676807 -15.086956
v -16.782837 0.301350 -14.823940
v -16.762407 0.358225 -14.818832
v -16.884649 0.182521 -14.849394
v -16.988247 0.073128 -14.875294
v -17.074223 -0.065047 -14.896789
v -17.160923 -0.205019 -14.918465
v -17.244751 -0.353083 -14.939423
v -17.319834 -0.507880 -14.958194
v -17.385408 -0.677042 -14.966293
v -17.425526 -0.885538 -14.984617
v -17.734451 -0.541693 -15.055403
v -17.642405 -0.385968 -15.038839
v -17.529701 -0.270327 -15.010662
v -17.418427 -0.152104 -14.982843
v -17.301687 -0.043763 -14.953657
v -17.183678 0.062283 -14.924153
v -17.058079 0.154609 -14.892753
v -16.930441 0.243250 -14.860842
vn 0.2425 -0.0000 -0.9701
vn 0.2368 0.0165 -0.9714
vn 0.2447 0.0062 -0.9696
vn 0.2528 -0.0219 -0.9673
vn 0.2438 0.0174 -0.9697
vn 0.2469 0.0047 -0.9690
vn 0.2432 -0.0244 -0.9697
vn 0.2500 0.0157 -0.9681
vn 0.2483 0.0027 -0.9687
vn 0.2343 -0.0229 -0.9719
vt 0.000000 0.888889
vt 1.000000 0.888889
vt 1.000000 1.000000
vt 0.000000 1.000000
vt 0.000000 0.000000
vt 1.000000 0.000000
vt 1.000000 0.111111
vt 0.000000 0.111111
vt 1.000000 0.222222
vt 0.000000 0.222222
vt 1.000000 0.333333
vt 0.000000 0.333333
vt 1.000000 0.444444
vt 0.000000 0.444444
vt 1.000000 0.555556
vt 0.000000 0.555556
vt 1.000000 0.666667
vt 0.000000 0.666667
vt 1.000000 0.777778
vt 0.000000 0.777778
s 0
usemtl マテリアル.107
f 3801/2037/442 3816/2038/442 3800/2039/442 3799/2040/442
f 3797/2041/443 3798/2042/443 3809/2043/443 3808/2044/443
f 3808/2044/444 3809/2043/444 3810/2045/444 3807/2046/444
f 3807/2046/445 3810/2045/445 3811/2047/445 3806/2048/445
f 3806/2048/442 3811/2047/442 3812/2049/442 3805/2050/442
f 3805/2050/442 3812/2049/442 3813/2051/442 3804/2052/442
f 3804/2052/442 3813/2051/442 3814/2053/442 3803/2054/442
f 3803/2054/442 3814/2053/442 3815/2055/442 3802/2056/442
f 3802/2056/442 3815/2055/442 3816/2038/442 3801/2037/442
f 3821/2037/442 3836/2038/442 3820/2039/442 3819/2040/442
f 3817/2041/446 3818/2042/446 3829/2043/446 3828/2044/446
f 3828/2044/447 3829/2043/447 3830/2045/447 3827/2046/447
f 3827/2046/448 3830/2045/448 3831/2047/448 3826/2048/448
f 3826/2048/442 3831/2047/442 3832/2049/442 3825/2050/442
f 3825/2050/442 3832/2049/442 3833/2051/442 3824/2052/442
f 3824/2052/442 3833/2051/442 3834/2053/442 3823/2054/442
f 3823/2054/442 3834/2053/442 3835/2055/442 3822/2056/442
f 3822/2056/442 3835/2055/442 3836/2038/442 3821/2037/442
f 3841/2037/442 3856/2038/442 3840/2039/442 3839/2040/442
f 3837/2041/449 3838/2042/449 3849/2043/449 3848/2044/449
f 3848/2044/450 3849/2043/450 3850/2045/450 3847/2046/450
f 3847/2046/451 3850/2045/451 3851/2047/451 3846/2048/451
f 3846/2048/442 3851/2047/442 3852/2049/442 3845/2050/442
f 3845/2050/442 3852/2049/442 3853/2051/442 3844/2052/442
f 3844/2052/442 3853/2051/442 3854/2053/442 3843/2054/442
f 3843/2054/442 3854/2053/442 3855/2055/442 3842/2056/442
f 3842/2056/442 3855/2055/442 3856/2038/442 3841/2037/442
o 平面.001
v 19.144566 -0.762829 -16.552465
v 18.610846 -0.758829 -16.685900
v 18.656860 0.700789 -16.674397
v 18.631279 0.755405 -16.680792
v 18.669294 0.542770 -16.671288
v 18.673899 0.389971 -16.670137
v 18.710838 0.230296 -16.660902
v 18.748533 0.068835 -16.651478
v 18.793873 -0.096104 -16.640142
v 18.849987 -0.259218 -16.626114
v 18.922134 -0.423787 -16.599781
v 19.040625 -0.599629 -16.578451
v 18.585592 -0.589428 -16.685764
v 18.541061 -0.414198 -16.703346
v 18.538408 -0.250305 -16.704010
v 18.532957 -0.085681 -16.705374
v 18.538204 0.076148 -16.704062
v 18.545937 0.237328 -16.702127
v 18.568520 0.394628 -16.696482
v 18.595093 0.550886 -16.689838
v 19.278008 -0.906459 -16.519104
v 18.792519 -0.677884 -16.640482
v 19.413446 0.634778 -16.485245
v 19.411764 0.695401 -16.485664
v 19.362120 0.485329 -16.498075
v 19.305716 0.343944 -16.512178
v 19.276094 0.182656 -16.519583
v 19.246454 0.019421 -16.526993
v 19.222412 -0.150212 -16.533005
v 19.208923 -0.322718 -16.536377
v 19.209322 -0.504132 -16.527983
v 19.247883 -0.713719 -16.526636
v 18.836531 -0.513286 -16.623028
v 18.865526 -0.333965 -16.622229
v 18.928110 -0.183276 -16.606583
v 18.988432 -0.030742 -16.591501
v 19.057407 0.114732 -16.574257
v 19.128393 0.258568 -16.556509
v 19.211393 0.392603 -16.535759
v 19.297623 0.524006 -16.514200
v 19.340183 -1.075909 -16.503561
v 18.972815 -0.676807 -16.595406
v 20.024843 0.301350 -16.332390
v 20.045273 0.358225 -16.327282
v 19.923031 0.182521 -16.357843
v 19.819433 0.073128 -16.383743
v 19.733458 -0.065047 -16.405239
v 19.646757 -0.205019 -16.426914
v 19.562929 -0.353084 -16.447872
v 19.487846 -0.507881 -16.466642
v 19.422272 -0.677042 -16.474743
v 19.382154 -0.885538 -16.493067
v 19.073229 -0.541693 -16.563852
v 19.165276 -0.385968 -16.547289
v 19.277979 -0.270327 -16.519112
v 19.389254 -0.152104 -16.491293
v 19.505993 -0.043763 -16.462107
v 19.624002 0.062283 -16.432604
v 19.749601 0.154609 -16.401201
v 19.877239 0.243250 -16.369291
vn 0.2425 -0.0000 -0.9701
vn 0.2368 0.0165 -0.9714
vn 0.2447 0.0062 -0.9696
vn 0.2528 -0.0219 -0.9673
vn 0.2438 0.0174 -0.9697
vn 0.2469 0.0047 -0.9690
vn 0.2432 -0.0244 -0.9697
vn 0.2500 0.0157 -0.9681
vn 0.2483 0.0027 -0.9687
vn 0.2343 -0.0229 -0.9719
vt 0.000000 0.888889
vt 1.000000 0.888889
vt 1.000000 1.000000
vt 0.000000 1.000000
vt 0.000000 0.000000
vt 1.000000 0.000000
vt 1.000000 0.111111
vt 0.000000 0.111111
vt 1.000000 0.222222
vt 0.000000 0.222222
vt 1.000000 0.333333
vt 0.000000 0.333333
vt 1.000000 0.444444
vt 0.000000 0.444444
vt 1.000000 0.555556
vt 0.000000 0.555556
vt 1.000000 0.666667
vt 0.000000 0.666667
vt 1.000000 0.777778
vt 0.000000 0.777778
s 0
usemtl マテリアル.107
f 3861/2057/452 3876/2058/452 3860/2059/452 3859/2060/452
f 3857/2061/453 3858/2062/453 3869/2063/453 3868/2064/453
f 3868/2064/454 3869/2063/454 3870/2065/454 3867/2066/454
f 3867/2066/455 3870/2065/455 3871/2067/455 3866/2068/455
f 3866/2068/452 3871/2067/452 3872/2069/452 3865/2070/452
f 3865/2070/452 3872/2069/452 3873/2071/452 3864/2072/452
f 3864/2072/452 3873/2071/452 3874/2073/452 3863/2074/452
f 3863/2074/452 3874/2073/452 3875/2075/452 3862/2076/452
f 3862/2076/452 3875/2075/452 3876/2058/452 3861/2057/452
f 3881/2057/452 3896/2058/452 3880/2059/452 3879/2060/452
f 3877/2061/456 3878/2062/456 3889/2063/456 3888/2064/456
f 3888/2064/457 3889/2063/457 3890/2065/457 3887/2066/457
f 3887/2066/458 3890/2065/458 3891/2067/458 3886/2068/458
f 3886/2068/452 3891/2067/452 3892/2069/452 3885/2070/452
f 3885/2070/452 3892/2069/452 3893/2071/452 3884/2072/452
f 3884/2072/452 3893/2071/452 3894/2073/452 3883/2074/452
f 3883/2074/452 3894/2073/452 3895/2075/452 3882/2076/452
f 3882/2076/452 3895/2075/452 3896/2058/452 3881/2057/452
f 3901/2057/452 3916/2058/452 3900/2059/452 3899/2060/452
f 3897/2061/459 3898/2062/459 3909/2063/459 3908/2064/459
f 3908/2064/460 3909/2063/460 3910/2065/460 3907/2066/460
f 3907/2066/461 3910/2065/461 3911/2067/461 3906/2068/461
f 3906/2068/452 3911/2067/452 3912/2069/452 3905/2070/452
f 3905/2070/452 3912/2069/452 3913/2071/452 3904/2072/452
f 3904/2072/452 3913/2071/452 3914/2073/452 3903/2074/452
f 3903/2074/452 3914/2073/452 3915/2075/452 3902/2076/452
f 3902/2076/452 3915/2075/452 3916/2058/452 3901/2057/452
o 平面.001
v 19.791676 -0.762829 -13.605791
v 19.257956 -0.758829 -13.739226
v 19.303970 0.700789 -13.727722
v 19.278389 0.755405 -13.734118
v 19.316404 0.542770 -13.724613
v 19.321009 0.389971 -13.723462
v 19.357948 0.230296 -13.714227
v 19.395643 0.068835 -13.704803
v 19.440983 -0.096104 -13.693467
v 19.497097 -0.259218 -13.679439
v 19.569244 -0.423787 -13.653107
v 19.687735 -0.599629 -13.631778
v 19.232702 -0.589428 -13.739090
v 19.188171 -0.414198 -13.756673
v 19.185518 -0.250305 -13.757337
v 19.180067 -0.085681 -13.758698
v 19.185314 0.076148 -13.757387
v 19.193047 0.237328 -13.755454
v 19.215630 0.394628 -13.749808
v 19.242203 0.550886 -13.743164
v 19.925117 -0.906459 -13.572431
v 19.439629 -0.677884 -13.693807
v 20.060556 0.634778 -13.538569
v 20.058874 0.695401 -13.538990
v 20.009230 0.485329 -13.551402
v 19.952826 0.343944 -13.565503
v 19.923204 0.182656 -13.572908
v 19.893564 0.019421 -13.580319
v 19.869522 -0.150212 -13.586330
v 19.856033 -0.322718 -13.589702
v 19.856432 -0.504132 -13.581308
v 19.894993 -0.713719 -13.579962
v 19.483641 -0.513286 -13.676354
v 19.512636 -0.333965 -13.675554
v 19.575220 -0.183276 -13.659907
v 19.635542 -0.030742 -13.644827
v 19.704517 0.114732 -13.627583
v 19.775503 0.258568 -13.609836
v 19.858503 0.392603 -13.589085
v 19.944733 0.524006 -13.567527
v 19.987293 -1.075909 -13.556886
v 19.619925 -0.676807 -13.648731
v 20.671953 0.301350 -13.385715
v 20.692383 0.358225 -13.380608
v 20.570141 0.182521 -13.411169
v 20.466543 0.073128 -13.437070
v 20.380568 -0.065047 -13.458564
v 20.293867 -0.205019 -13.480240
v 20.210039 -0.353084 -13.501198
v 20.134956 -0.507881 -13.519969
v 20.069382 -0.677042 -13.528069
v 20.029264 -0.885538 -13.546393
v 19.720339 -0.541693 -13.617178
v 19.812386 -0.385968 -13.600615
v 19.925089 -0.270327 -13.572437
v 20.036364 -0.152104 -13.544619
v 20.153103 -0.043763 -13.515432
v 20.271112 0.062283 -13.485929
v 20.396711 0.154609 -13.454528
v 20.524349 0.243250 -13.422617
vn 0.2425 -0.0000 -0.9701
vn 0.2368 0.0165 -0.9714
vn 0.2447 0.0062 -0.9696
vn 0.2528 -0.0219 -0.9673
vn 0.2438 0.0174 -0.9697
vn 0.2469 0.0047 -0.9690
vn 0.2432 -0.0244 -0.9697
vn 0.2500 0.0157 -0.9681
vn 0.2483 0.0027 -0.9687
vn 0.2343 -0.0229 -0.9719
vt 0.000000 0.888889
vt 1.000000 0.888889
vt 1.000000 1.000000
vt 0.000000 1.000000
vt 0.000000 0.000000
vt 1.000000 0.000000
vt 1.000000 0.111111
vt 0.000000 0.111111
vt 1.000000 0.222222
vt 0.000000 0.222222
vt 1.000000 0.333333
vt 0.000000 0.333333
vt 1.000000 0.444444
vt 0.000000 0.444444
vt 1.000000 0.555556
vt 0.000000 0.555556
vt 1.000000 0.666667
vt 0.000000 0.666667
vt 1.000000 0.777778
vt 0.000000 0.777778
s 0
usemtl マテリアル.107
f 3921/2077/462 3936/2078/462 3920/2079/462 3919/2080/462
f 3917/2081/463 3918/2082/463 3929/2083/463 3928/2084/463
f 3928/2084/464 3929/2083/464 3930/2085/464 3927/2086/464
f 3927/2086/465 3930/2085/465 3931/2087/465 3926/2088/465
f 3926/2088/462 3931/2087/462 3932/2089/462 3925/2090/462
f 3925/2090/462 3932/2089/462 3933/2091/462 3924/2092/462
f 3924/2092/462 3933/2091/462 3934/2093/462 3923/2094/462
f 3923/2094/462 3934/2093/462 3935/2095/462 3922/2096/462
f 3922/2096/462 3935/2095/462 3936/2078/462 3921/2077/462
f 3941/2077/462 3956/2078/462 3940/2079/462 3939/2080/462
f 3937/2081/466 3938/2082/466 3949/2083/466 3948/2084/466
f 3948/2084/467 3949/2083/467 3950/2085/467 3947/2086/467
f 3947/2086/468 3950/2085/468 3951/2087/468 3946/2088/468
f 3946/2088/462 3951/2087/462 3952/2089/462 3945/2090/462
f 3945/2090/462 3952/2089/462 3953/2091/462 3944/2092/462
f 3944/2092/462 3953/2091/462 3954/2093/462 3943/2094/462
f 3943/2094/462 3954/2093/462 3955/2095/462 3942/2096/462
f 3942/2096/462 3955/2095/462 3956/2078/462 3941/2077/462
f 3961/2077/462 3976/2078/462 3960/2079/462 3959/2080/462
f 3957/2081/469 3958/2082/469 3969/2083/469 3968/2084/469
f 3968/2084/470 3969/2083/470 3970/2085/470 3967/2086/470
f 3967/2086/471 3970/2085/471 3971/2087/471 3966/2088/471
f 3966/2088/462 3971/2087/462 3972/2089/462 3965/2090/462
f 3965/2090/462 3972/2089/462 3973/2091/462 3964/2092/462
f 3964/2092/462 3973/2091/462 3974/2093/462 3963/2094/462
f 3963/2094/462 3974/2093/462 3975/2095/462 3962/2096/462
f 3962/2096/462 3975/2095/462 3976/2078/462 3961/2077/462
o 平面.001
v -33.360085 -0.762829 -10.559166
v -33.893803 -0.758829 -10.692601
v -33.847790 0.700789 -10.681097
v -33.873367 0.755405 -10.687492
v -33.835354 0.542770 -10.677988
v -33.830750 0.389971 -10.676837
v -33.793812 0.230296 -10.667602
v -33.756115 0.068835 -10.658178
v -33.710773 -0.096104 -10.646842
v -33.654663 -0.259218 -10.632813
v -33.582512 -0.423787 -10.606482
v -33.464024 -0.599629 -10.585153
v -33.919056 -0.589428 -10.692465
v -33.963585 -0.414198 -10.710048
v -33.966240 -0.250305 -10.710711
v -33.971691 -0.085681 -10.712073
v -33.966446 0.076148 -10.710762
v -33.958714 0.237328 -10.708829
v -33.936127 0.394628 -10.703183
v -33.909554 0.550886 -10.696539
v -33.226639 -0.906459 -10.525805
v -33.712128 -0.677884 -10.647182
v -33.091202 0.634778 -10.491944
v -33.092884 0.695401 -10.492365
v -33.142529 0.485329 -10.504777
v -33.198933 0.343944 -10.518878
v -33.228554 0.182656 -10.526283
v -33.258194 0.019421 -10.533694
v -33.282238 -0.150212 -10.539705
v -33.295723 -0.322718 -10.543077
v -33.295326 -0.504132 -10.534683
v -33.256767 -0.713719 -10.533337
v -33.668118 -0.513286 -10.629729
v -33.639122 -0.333965 -10.628929
v -33.576538 -0.183276 -10.613282
v -33.516216 -0.030742 -10.598202
v -33.447239 0.114732 -10.580957
v -33.376255 0.258568 -10.563210
v -33.293255 0.392603 -10.542459
v -33.207027 0.524006 -10.520902
v -33.164463 -1.075909 -10.510261
v -33.531834 -0.676807 -10.602106
v -32.479805 0.301350 -10.339090
v -32.459373 0.358225 -10.333982
v -32.581619 0.182521 -10.364544
v -32.685215 0.073128 -10.390445
v -32.771191 -0.065047 -10.411939
v -32.857891 -0.205019 -10.433615
v -32.941719 -0.353084 -10.454573
v -33.016800 -0.507881 -10.473344
v -33.082378 -0.677042 -10.481443
v -33.122494 -0.885538 -10.499768
v -33.431419 -0.541693 -10.570553
v -33.339371 -0.385968 -10.553989
v -33.226669 -0.270327 -10.525812
v -33.115395 -0.152104 -10.497993
v -32.998653 -0.043763 -10.468807
v -32.880646 0.062283 -10.439303
v -32.755047 0.154609 -10.407903
v -32.627407 0.243250 -10.375992
vn 0.2425 -0.0000 -0.9701
vn 0.2368 0.0165 -0.9714
vn 0.2447 0.0062 -0.9696
vn 0.2528 -0.0219 -0.9673
vn 0.2438 0.0174 -0.9697
vn 0.2469 0.0047 -0.9690
vn 0.2432 -0.0244 -0.9697
vn 0.2500 0.0157 -0.9681
vn 0.2483 0.0027 -0.9687
vn 0.2343 -0.0229 -0.9719
vt 0.000000 0.888889
vt 1.000000 0.888889
vt 1.000000 1.000000
vt 0.000000 1.000000
vt 0.000000 0.000000
vt 1.000000 0.000000
vt 1.000000 0.111111
vt 0.000000 0.111111
vt 1.000000 0.222222
vt 0.000000 0.222222
vt 1.000000 0.333333
vt 0.000000 0.333333
vt 1.000000 0.444444
vt 0.000000 0.444444
vt 1.000000 0.555556
vt 0.000000 0.555556
vt 1.000000 0.666667
vt 0.000000 0.666667
vt 1.000000 0.777778
vt 0.000000 0.777778
s 0
usemtl マテリアル.107
f 3981/2097/472 3996/2098/472 3980/2099/472 3979/2100/472
f 3977/2101/473 3978/2102/473 3989/2103/473 3988/2104/473
f 3988/2104/474 3989/2103/474 3990/2105/474 3987/2106/474
f 3987/2106/475 3990/2105/475 3991/2107/475 3986/2108/475
f 3986/2108/472 3991/2107/472 3992/2109/472 3985/2110/472
f 3985/2110/472 3992/2109/472 3993/2111/472 3984/2112/472
f 3984/2112/472 3993/2111/472 3994/2113/472 3983/2114/472
f 3983/2114/472 3994/2113/472 3995/2115/472 3982/2116/472
f 3982/2116/472 3995/2115/472 3996/2098/472 3981/2097/472
f 4001/2097/472 4016/2098/472 4000/2099/472 3999/2100/472
f 3997/2101/476 3998/2102/476 4009/2103/476 4008/2104/476
f 4008/2104/477 4009/2103/477 4010/2105/477 4007/2106/477
f 4007/2106/478 4010/2105/478 4011/2107/478 4006/2108/478
f 4006/2108/472 4011/2107/472 4012/2109/472 4005/2110/472
f 4005/2110/472 4012/2109/472 4013/2111/472 4004/2112/472
f 4004/2112/472 4013/2111/472 4014/2113/472 4003/2114/472
f 4003/2114/472 4014/2113/472 4015/2115/472 4002/2116/472
f 4002/2116/472 4015/2115/472 4016/2098/472 4001/2097/472
f 4021/2097/472 4036/2098/472 4020/2099/472 4019/2100/472
f 4017/2101/479 4018/2102/479 4029/2103/479 4028/2104/479
f 4028/2104/480 4029/2103/480 4030/2105/480 4027/2106/480
f 4027/2106/481 4030/2105/481 4031/2107/481 4026/2108/481
f 4026/2108/472 4031/2107/472 4032/2109/472 4025/2110/472
f 4025/2110/472 4032/2109/472 4033/2111/472 4024/2112/472
f 4024/2112/472 4033/2111/472 4034/2113/472 4023/2114/472
f 4023/2114/472 4034/2113/472 4035/2115/472 4022/2116/472
f 4022/2116/472 4035/2115/472 4036/2098/472 4021/2097/472
o 平面.001
v -30.188770 -0.762829 -12.067617
v -30.722490 -0.758829 -12.201053
v -30.676476 0.700789 -12.189548
v -30.702057 0.755405 -12.195944
v -30.664042 0.542770 -12.186440
v -30.659437 0.389971 -12.185288
v -30.622498 0.230296 -12.176053
v -30.584803 0.068835 -12.166630
v -30.539463 -0.096104 -12.155293
v -30.483349 -0.259218 -12.141265
v -30.411201 -0.423787 -12.114933
v -30.292711 -0.599629 -12.093604
v -30.747744 -0.589428 -12.200916
v -30.792274 -0.414198 -12.218499
v -30.794928 -0.250305 -12.219163
v -30.800379 -0.085681 -12.220525
v -30.795132 0.076148 -12.219213
v -30.787399 0.237328 -12.217280
v -30.764816 0.394628 -12.211635
v -30.738243 0.550886 -12.204990
v -30.055328 -0.906459 -12.034257
v -30.540817 -0.677884 -12.155633
v -29.919889 0.634778 -12.000396
v -29.921572 0.695401 -12.000816
v -29.971216 0.485329 -12.013228
v -30.027620 0.343944 -12.027329
v -30.057241 0.182656 -12.034735
v -30.086882 0.019421 -12.042146
v -30.110924 -0.150212 -12.048157
v -30.124413 -0.322718 -12.051528
v -30.124014 -0.504132 -12.043135
v -30.085453 -0.713719 -12.041788
v -30.496805 -0.513286 -12.138181
v -30.467810 -0.333965 -12.137381
v -30.405226 -0.183276 -12.121734
v -30.344904 -0.030742 -12.106653
v -30.275928 0.114732 -12.089409
v -30.204943 0.258568 -12.071662
v -30.121943 0.392603 -12.050911
v -30.035713 0.524006 -12.029353
v -29.993153 -1.075909 -12.018712
v -30.360521 -0.676807 -12.110558
v -29.308493 0.301350 -11.847542
v -29.288063 0.358225 -11.842434
v -29.410305 0.182521 -11.872995
v -29.513903 0.073128 -11.898896
v -29.599878 -0.065047 -11.920390
v -29.686579 -0.205019 -11.942066
v -29.770407 -0.353084 -11.963024
v -29.845490 -0.507881 -11.981795
v -29.911064 -0.677042 -11.989895
v -29.951181 -0.885538 -12.008220
v -30.260107 -0.541693 -12.079004
v -30.168060 -0.385968 -12.062441
v -30.055357 -0.270327 -12.034264
v -29.944082 -0.152104 -12.006445
v -29.827343 -0.043763 -11.977259
v -29.709333 0.062283 -11.947755
v -29.583735 0.154609 -11.916354
v -29.456097 0.243250 -11.884443
vn 0.2425 -0.0000 -0.9701
vn 0.2368 0.0165 -0.9714
vn 0.2447 0.0062 -0.9696
vn 0.2528 -0.0219 -0.9673
vn 0.2438 0.0174 -0.9697
vn 0.2469 0.0047 -0.9690
vn 0.2432 -0.0244 -0.9697
vn 0.2500 0.0157 -0.9681
vn 0.2483 0.0027 -0.9687
vn 0.2343 -0.0229 -0.9719
vt 0.000000 0.888889
vt 1.000000 0.888889
vt 1.000000 1.000000
vt 0.000000 1.000000
vt 0.000000 0.000000
vt 1.000000 0.000000
vt 1.000000 0.111111
vt 0.000000 0.111111
vt 1.000000 0.222222
vt 0.000000 0.222222
vt 1.000000 0.333333
vt 0.000000 0.333333
vt 1.000000 0.444444
vt 0.000000 0.444444
vt 1.000000 0.555556
vt 0.000000 0.555556
vt 1.000000 0.666667
vt 0.000000 0.666667
vt 1.000000 0.777778
vt 0.000000 0.777778
s 0
usemtl マテリアル.107
f 4041/2117/482 4056/2118/482 4040/2119/482 4039/2120/482
f 4037/2121/483 4038/2122/483 4049/2123/483 4048/2124/483
f 4048/2124/484 4049/2123/484 4050/2125/484 4047/2126/484
f 4047/2126/485 4050/2125/485 4051/2127/485 4046/2128/485
f 4046/2128/482 4051/2127/482 4052/2129/482 4045/2130/482
f 4045/2130/482 4052/2129/482 4053/2131/482 4044/2132/482
f 4044/2132/482 4053/2131/482 4054/2133/482 4043/2134/482
f 4043/2134/482 4054/2133/482 4055/2135/482 4042/2136/482
f 4042/2136/482 4055/2135/482 4056/2118/482 4041/2117/482
f 4061/2117/482 4076/2118/482 4060/2119/482 4059/2120/482
f 4057/2121/486 4058/2122/486 4069/2123/486 4068/2124/486
f 4068/2124/487 4069/2123/487 4070/2125/487 4067/2126/487
f 4067/2126/488 4070/2125/488 4071/2127/488 4066/2128/488
f 4066/2128/482 4071/2127/482 4072/2129/482 4065/2130/482
f 4065/2130/482 4072/2129/482 4073/2131/482 4064/2132/482
f 4064/2132/482 4073/2131/482 4074/2133/482 4063/2134/482
f 4063/2134/482 4074/2133/482 4075/2135/482 4062/2136/482
f 4062/2136/482 4075/2135/482 4076/2118/482 4061/2117/482
f 4081/2117/482 4096/2118/482 4080/2119/482 4079/2120/482
f 4077/2121/489 4078/2122/489 4089/2123/489 4088/2124/489
f 4088/2124/490 4089/2123/490 4090/2125/490 4087/2126/490
f 4087/2126/491 4090/2125/491 4091/2127/491 4086/2128/491
f 4086/2128/482 4091/2127/482 4092/2129/482 4085/2130/482
f 4085/2130/482 4092/2129/482 4093/2131/482 4084/2132/482
f 4084/2132/482 4093/2131/482 4094/2133/482 4083/2134/482
f 4083/2134/482 4094/2133/482 4095/2135/482 4082/2136/482
f 4082/2136/482 4095/2135/482 4096/2118/482 4081/2117/482
o 平面.001
v -31.784082 -0.762829 -11.363367
v -32.317802 -0.758829 -11.496802
v -32.271790 0.700789 -11.485298
v -32.297367 0.755405 -11.491693
v -32.259354 0.542770 -11.482189
v -32.254749 0.389971 -11.481038
v -32.217812 0.230296 -11.471803
v -32.180115 0.068835 -11.462379
v -32.134773 -0.096104 -11.451043
v -32.078663 -0.259218 -11.437015
v -32.006512 -0.423787 -11.410683
v -31.888023 -0.599629 -11.389354
v -32.343056 -0.589428 -11.496666
v -32.387585 -0.414198 -11.514249
v -32.390240 -0.250305 -11.514913
v -32.395691 -0.085681 -11.516274
v -32.390446 0.076148 -11.514963
v -32.382713 0.237328 -11.513030
v -32.360126 0.394628 -11.507384
v -32.333557 0.550886 -11.500740
v -31.650640 -0.906459 -11.330007
v -32.136127 -0.677884 -11.451383
v -31.515202 0.634778 -11.296145
v -31.516884 0.695401 -11.296566
v -31.566528 0.485329 -11.308978
v -31.622932 0.343944 -11.323079
v -31.652554 0.182656 -11.330484
v -31.682194 0.019421 -11.337895
v -31.706236 -0.150212 -11.343906
v -31.719725 -0.322718 -11.347278
v -31.719326 -0.504132 -11.338884
v -31.680765 -0.713719 -11.337538
v -32.092117 -0.513286 -11.433930
v -32.063122 -0.333965 -11.433130
v -32.000538 -0.183276 -11.417483
v -31.940216 -0.030742 -11.402403
v -31.871241 0.114732 -11.385159
v -31.800255 0.258568 -11.367412
v -31.717255 0.392603 -11.346661
v -31.631025 0.524006 -11.325103
v -31.588465 -1.075909 -11.314462
v -31.955833 -0.676807 -11.406307
v -30.903805 0.301350 -11.143291
v -30.883375 0.358225 -11.138184
v -31.005617 0.182521 -11.168745
v -31.109215 0.073128 -11.194646
v -31.195190 -0.065047 -11.216140
v -31.281891 -0.205019 -11.237816
v -31.365719 -0.353084 -11.258774
v -31.440802 -0.507881 -11.277545
v -31.506376 -0.677042 -11.285645
v -31.546494 -0.885538 -11.303969
v -31.855419 -0.541693 -11.374754
v -31.763372 -0.385968 -11.358191
v -31.650669 -0.270327 -11.330013
v -31.539394 -0.152104 -11.302195
v -31.422655 -0.043763 -11.273008
v -31.304646 0.062283 -11.243505
v -31.179047 0.154609 -11.212104
v -31.051409 0.243250 -11.180193
vn 0.2425 -0.0000 -0.9701
vn 0.2368 0.0165 -0.9714
vn 0.2447 0.0062 -0.9696
vn 0.2528 -0.0219 -0.9673
vn 0.2438 0.0174 -0.9697
vn 0.2469 0.0047 -0.9690
vn 0.2432 -0.0244 -0.9697
vn 0.2500 0.0157 -0.9681
vn 0.2483 0.0027 -0.9687
vn 0.2343 -0.0229 -0.9719
vt 0.000000 0.888889
vt 1.000000 0.888889
vt 1.000000 1.000000
vt 0.000000 1.000000
vt 0.000000 0.000000
vt 1.000000 0.000000
vt 1.000000 0.111111
vt 0.000000 0.111111
vt 1.000000 0.222222
vt 0.000000 0.222222
vt 1.000000 0.333333
vt 0.000000 0.333333
vt 1.000000 0.444444
vt 0.000000 0.444444
vt 1.000000 0.555556
vt 0.000000 0.555556
vt 1.000000 0.666667
vt 0.000000 0.666667
vt 1.000000 0.777778
vt 0.000000 0.777778
s 0
usemtl マテリアル.107
f 4101/2137/492 4116/2138/492 4100/2139/492 4099/2140/492
f 4097/2141/493 4098/2142/493 4109/2143/493 4108/2144/493
f 4108/2144/494 4109/2143/494 4110/2145/494 4107/2146/494
f 4107/2146/495 4110/2145/495 4111/2147/495 4106/2148/495
f 4106/2148/492 4111/2147/492 4112/2149/492 4105/2150/492
f 4105/2150/492 4112/2149/492 4113/2151/492 4104/2152/492
f 4104/2152/492 4113/2151/492 4114/2153/492 4103/2154/492
f 4103/2154/492 4114/2153/492 4115/2155/492 4102/2156/492
f 4102/2156/492 4115/2155/492 4116/2138/492 4101/2137/492
f 4121/2137/492 4136/2138/492 4120/2139/492 4119/2140/492
f 4117/2141/496 4118/2142/496 4129/2143/496 4128/2144/496
f 4128/2144/497 4129/2143/497 4130/2145/497 4127/2146/497
f 4127/2146/498 4130/2145/498 4131/2147/498 4126/2148/498
f 4126/2148/492 4131/2147/492 4132/2149/492 4125/2150/492
f 4125/2150/492 4132/2149/492 4133/2151/492 4124/2152/492
f 4124/2152/492 4133/2151/492 4134/2153/492 4123/2154/492
f 4123/2154/492 4134/2153/492 4135/2155/492 4122/2156/492
f 4122/2156/492 4135/2155/492 4136/2138/492 4121/2137/492
f 4141/2137/492 4156/2138/492 4140/2139/492 4139/2140/492
f 4137/2141/499 4138/2142/499 4149/2143/499 4148/2144/499
f 4148/2144/500 4149/2143/500 4150/2145/500 4147/2146/500
f 4147/2146/501 4150/2145/501 4151/2147/501 4146/2148/501
f 4146/2148/492 4151/2147/492 4152/2149/492 4145/2150/492
f 4145/2150/492 4152/2149/492 4153/2151/492 4144/2152/492
f 4144/2152/492 4153/2151/492 4154/2153/492 4143/2154/492
f 4143/2154/492 4154/2153/492 4155/2155/492 4142/2156/492
f 4142/2156/492 4155/2155/492 4156/2138/492 4141/2137/492
o 平面.001
v -24.390388 -0.762829 -10.559167
v -24.924109 -0.758829 -10.692602
v -24.878094 0.700789 -10.681098
v -24.903675 0.755405 -10.687493
v -24.865660 0.542770 -10.677989
v -24.861055 0.389971 -10.676838
v -24.824116 0.230296 -10.667603
v -24.786421 0.068835 -10.658179
v -24.741081 -0.096104 -10.646843
v -24.684967 -0.259218 -10.632814
v -24.612820 -0.423787 -10.606483
v -24.494329 -0.599629 -10.585154
v -24.949362 -0.589428 -10.692466
v -24.993893 -0.414198 -10.710049
v -24.996546 -0.250305 -10.710712
v -25.001997 -0.085681 -10.712074
v -24.996750 0.076148 -10.710763
v -24.989017 0.237328 -10.708830
v -24.966434 0.394628 -10.703184
v -24.939861 0.550886 -10.696540
v -24.256947 -0.906459 -10.525806
v -24.742435 -0.677884 -10.647182
v -24.121508 0.634778 -10.491945
v -24.123190 0.695401 -10.492366
v -24.172834 0.485329 -10.504778
v -24.229239 0.343944 -10.518879
v -24.258860 0.182656 -10.526284
v -24.288500 0.019421 -10.533695
v -24.312542 -0.150212 -10.539706
v -24.326031 -0.322718 -10.543077
v -24.325632 -0.504132 -10.534684
v -24.287071 -0.713719 -10.533338
v -24.698423 -0.513286 -10.629730
v -24.669428 -0.333965 -10.628930
v -24.606844 -0.183276 -10.613283
v -24.546522 -0.030742 -10.598203
v -24.477547 0.114732 -10.580958
v -24.406561 0.258568 -10.563211
v -24.323561 0.392603 -10.542460
v -24.237331 0.524006 -10.520903
v -24.194771 -1.075909 -10.510262
v -24.562140 -0.676807 -10.602107
v -23.510111 0.301350 -10.339091
v -23.489681 0.358225 -10.333983
v -23.611923 0.182521 -10.364545
v -23.715521 0.073128 -10.390446
v -23.801497 -0.065047 -10.411940
v -23.888197 -0.205019 -10.433616
v -23.972025 -0.353084 -10.454574
v -24.047108 -0.507881 -10.473345
v -24.112682 -0.677042 -10.481444
v -24.152800 -0.885538 -10.499769
v -24.461725 -0.541693 -10.570554
v -24.369678 -0.385968 -10.553990
v -24.256975 -0.270327 -10.525813
v -24.145700 -0.152104 -10.497994
v -24.028961 -0.043763 -10.468808
v -23.910952 0.062283 -10.439304
v -23.785353 0.154609 -10.407904
v -23.657715 0.243250 -10.375993
vn 0.2425 -0.0000 -0.9701
vn 0.2368 0.0165 -0.9714
vn 0.2447 0.0062 -0.9696
vn 0.2528 -0.0219 -0.9673
vn 0.2438 0.0174 -0.9697
vn 0.2469 0.0047 -0.9690
vn 0.2432 -0.0244 -0.9697
vn 0.2500 0.0157 -0.9681
vn 0.2483 0.0027 -0.9687
vn 0.2343 -0.0229 -0.9719
vt 0.000000 0.888889
vt 1.000000 0.888889
vt 1.000000 1.000000
vt 0.000000 1.000000
vt 0.000000 0.000000
vt 1.000000 0.000000
vt 1.000000 0.111111
vt 0.000000 0.111111
vt 1.000000 0.222222
vt 0.000000 0.222222
vt 1.000000 0.333333
vt 0.000000 0.333333
vt 1.000000 0.444444
vt 0.000000 0.444444
vt 1.000000 0.555556
vt 0.000000 0.555556
vt 1.000000 0.666667
vt 0.000000 0.666667
vt 1.000000 0.777778
vt 0.000000 0.777778
s 0
usemtl マテリアル.107
f 4161/2157/502 4176/2158/502 4160/2159/502 4159/2160/502
f 4157/2161/503 4158/2162/503 4169/2163/503 4168/2164/503
f 4168/2164/504 4169/2163/504 4170/2165/504 4167/2166/504
f 4167/2166/505 4170/2165/505 4171/2167/505 4166/2168/505
f 4166/2168/502 4171/2167/502 4172/2169/502 4165/2170/502
f 4165/2170/502 4172/2169/502 4173/2171/502 4164/2172/502
f 4164/2172/502 4173/2171/502 4174/2173/502 4163/2174/502
f 4163/2174/502 4174/2173/502 4175/2175/502 4162/2176/502
f 4162/2176/502 4175/2175/502 4176/2158/502 4161/2157/502
f 4181/2157/502 4196/2158/502 4180/2159/502 4179/2160/502
f 4177/2161/506 4178/2162/506 4189/2163/506 4188/2164/506
f 4188/2164/507 4189/2163/507 4190/2165/507 4187/2166/507
f 4187/2166/508 4190/2165/508 4191/2167/508 4186/2168/508
f 4186/2168/502 4191/2167/502 4192/2169/502 4185/2170/502
f 4185/2170/502 4192/2169/502 4193/2171/502 4184/2172/502
f 4184/2172/502 4193/2171/502 4194/2173/502 4183/2174/502
f 4183/2174/502 4194/2173/502 4195/2175/502 4182/2176/502
f 4182/2176/502 4195/2175/502 4196/2158/502 4181/2157/502
f 4201/2157/502 4216/2158/502 4200/2159/502 4199/2160/502
f 4197/2161/509 4198/2162/509 4209/2163/509 4208/2164/509
f 4208/2164/510 4209/2163/510 4210/2165/510 4207/2166/510
f 4207/2166/511 4210/2165/511 4211/2167/511 4206/2168/511
f 4206/2168/502 4211/2167/502 4212/2169/502 4205/2170/502
f 4205/2170/502 4212/2169/502 4213/2171/502 4204/2172/502
f 4204/2172/502 4213/2171/502 4214/2173/502 4203/2174/502
f 4203/2174/502 4214/2173/502 4215/2175/502 4202/2176/502
f 4202/2176/502 4215/2175/502 4216/2158/502 4201/2157/502
o 平面.001
v -14.491800 -0.762829 -12.067617
v -15.025520 -0.758829 -12.201053
v -14.979506 0.700789 -12.189548
v -15.005086 0.755405 -12.195944
v -14.967071 0.542770 -12.186440
v -14.962467 0.389971 -12.185288
v -14.925527 0.230296 -12.176053
v -14.887833 0.068835 -12.166630
v -14.842491 -0.096104 -12.155293
v -14.786378 -0.259218 -12.141265
v -14.714231 -0.423787 -12.114933
v -14.595740 -0.599629 -12.093604
v -15.050773 -0.589428 -12.200916
v -15.095303 -0.414198 -12.218499
v -15.097958 -0.250305 -12.219163
v -15.103408 -0.085681 -12.220525
v -15.098161 0.076148 -12.219213
v -15.090429 0.237328 -12.217280
v -15.067845 0.394628 -12.211635
v -15.041272 0.550886 -12.204990
v -14.358357 -0.906459 -12.034257
v -14.843846 -0.677884 -12.155633
v -14.222918 0.634778 -12.000396
v -14.224600 0.695401 -12.000816
v -14.274245 0.485329 -12.013228
v -14.330649 0.343944 -12.027329
v -14.360271 0.182656 -12.034735
v -14.389912 0.019421 -12.042146
v -14.413954 -0.150212 -12.048157
v -14.427441 -0.322718 -12.051528
v -14.427043 -0.504132 -12.043135
v -14.388483 -0.713719 -12.041788
v -14.799834 -0.513286 -12.138181
v -14.770838 -0.333965 -12.137381
v -14.708255 -0.183276 -12.121734
v -14.647933 -0.030742 -12.106653
v -14.578958 0.114732 -12.089409
v -14.507972 0.258568 -12.071662
v -14.424972 0.392603 -12.050911
v -14.338743 0.524006 -12.029353
v -14.296182 -1.075909 -12.018712
v -14.663550 -0.676807 -12.110558
v -13.611522 0.301350 -11.847542
v -13.591092 0.358225 -11.842434
v -13.713335 0.182521 -11.872995
v -13.816932 0.073128 -11.898896
v -13.902907 -0.065047 -11.920390
v -13.989608 -0.205019 -11.942066
v -14.073437 -0.353084 -11.963024
v -14.148518 -0.507881 -11.981795
v -14.214093 -0.677042 -11.989895
v -14.254210 -0.885538 -12.008220
v -14.563137 -0.541693 -12.079004
v -14.471089 -0.385968 -12.062441
v -14.358386 -0.270327 -12.034264
v -14.247112 -0.152104 -12.006445
v -14.130372 -0.043763 -11.977259
v -14.012362 0.062283 -11.947755
v -13.886763 0.154609 -11.916354
v -13.759126 0.243250 -11.884443
vn 0.2425 -0.0000 -0.9701
vn 0.2368 0.0165 -0.9714
vn 0.2447 0.0062 -0.9696
vn 0.2528 -0.0219 -0.9673
vn 0.2438 0.0174 -0.9697
vn 0.2469 0.0047 -0.9690
vn 0.2432 -0.0244 -0.9697
vn 0.2500 0.0157 -0.9681
vn 0.2483 0.0027 -0.9687
vn 0.2343 -0.0229 -0.9719
vt 0.000000 0.888889
vt 1.000000 0.888889
vt 1.000000 1.000000
vt 0.000000 1.000000
vt 0.000000 0.000000
vt 1.000000 0.000000
vt 1.000000 0.111111
vt 0.000000 0.111111
vt 1.000000 0.222222
vt 0.000000 0.222222
vt 1.000000 0.333333
vt 0.000000 0.333333
vt 1.000000 0.444444
vt 0.000000 0.444444
vt 1.000000 0.555556
vt 0.000000 0.555556
vt 1.000000 0.666667
vt 0.000000 0.666667
vt 1.000000 0.777778
vt 0.000000 0.777778
s 0
usemtl マテリアル.107
f 4221/2177/512 4236/2178/512 4220/2179/512 4219/2180/512
f 4217/2181/513 4218/2182/513 4229/2183/513 4228/2184/513
f 4228/2184/514 4229/2183/514 4230/2185/514 4227/2186/514
f 4227/2186/515 4230/2185/515 4231/2187/515 4226/2188/515
f 4226/2188/512 4231/2187/512 4232/2189/512 4225/2190/512
f 4225/2190/512 4232/2189/512 4233/2191/512 4224/2192/512
f 4224/2192/512 4233/2191/512 4234/2193/512 4223/2194/512
f 4223/2194/512 4234/2193/512 4235/2195/512 4222/2196/512
f 4222/2196/512 4235/2195/512 4236/2178/512 4221/2177/512
f 4241/2177/512 4256/2178/512 4240/2179/512 4239/2180/512
f 4237/2181/516 4238/2182/516 4249/2183/516 4248/2184/516
f 4248/2184/517 4249/2183/517 4250/2185/517 4247/2186/517
f 4247/2186/518 4250/2185/518 4251/2187/518 4246/2188/518
f 4246/2188/512 4251/2187/512 4252/2189/512 4245/2190/512
f 4245/2190/512 4252/2189/512 4253/2191/512 4244/2192/512
f 4244/2192/512 4253/2191/512 4254/2193/512 4243/2194/512
f 4243/2194/512 4254/2193/512 4255/2195/512 4242/2196/512
f 4242/2196/512 4255/2195/512 4256/2178/512 4241/2177/512
f 4261/2177/512 4276/2178/512 4260/2179/512 4259/2180/512
f 4257/2181/519 4258/2182/519 4269/2183/519 4268/2184/519
f 4268/2184/520 4269/2183/520 4270/2185/520 4267/2186/520
f 4267/2186/521 4270/2185/521 4271/2187/521 4266/2188/521
f 4266/2188/512 4271/2187/512 4272/2189/512 4265/2190/512
f 4265/2190/512 4272/2189/512 4273/2191/512 4264/2192/512
f 4264/2192/512 4273/2191/512 4274/2193/512 4263/2194/512
f 4263/2194/512 4274/2193/512 4275/2195/512 4262/2196/512
f 4262/2196/512 4275/2195/512 4276/2178/512 4261/2177/512
o 平面.001
v 28.761372 -0.762829 -11.363367
v 28.227652 -0.758829 -11.496802
v 28.273666 0.700789 -11.485298
v 28.248085 0.755405 -11.491693
v 28.286100 0.542770 -11.482189
v 28.290705 0.389971 -11.481038
v 28.327644 0.230296 -11.471803
v 28.365339 0.068835 -11.462379
v 28.410679 -0.096104 -11.451043
v 28.466793 -0.259218 -11.437015
v 28.538940 -0.423787 -11.410683
v 28.657431 -0.599629 -11.389354
v 28.202398 -0.589428 -11.496666
v 28.157867 -0.414198 -11.514249
v 28.155214 -0.250305 -11.514913
v 28.149763 -0.085681 -11.516274
v 28.155010 0.076148 -11.514963
v 28.162743 0.237328 -11.513030
v 28.185326 0.394628 -11.507384
v 28.211899 0.550886 -11.500740
v 28.894814 -0.906459 -11.330007
v 28.409325 -0.677884 -11.451383
v 29.030252 0.634778 -11.296145
v 29.028570 0.695401 -11.296566
v 28.978926 0.485329 -11.308978
v 28.922522 0.343944 -11.323079
v 28.892900 0.182656 -11.330484
v 28.863260 0.019421 -11.337895
v 28.839218 -0.150212 -11.343906
v 28.825729 -0.322718 -11.347278
v 28.826128 -0.504132 -11.338884
v 28.864689 -0.713719 -11.337538
v 28.453337 -0.513286 -11.433930
v 28.482332 -0.333965 -11.433130
v 28.544916 -0.183276 -11.417483
v 28.605238 -0.030742 -11.402403
v 28.674213 0.114732 -11.385159
v 28.745199 0.258568 -11.367412
v 28.828199 0.392603 -11.346661
v 28.914429 0.524006 -11.325103
v 28.956989 -1.075909 -11.314462
v 28.589621 -0.676807 -11.406307
v 29.641649 0.301350 -11.143291
v 29.662079 0.358225 -11.138184
v 29.539837 0.182521 -11.168745
v 29.436239 0.073128 -11.194646
v 29.350264 -0.065047 -11.216140
v 29.263563 -0.205019 -11.237816
v 29.179735 -0.353084 -11.258774
v 29.104652 -0.507881 -11.277545
v 29.039078 -0.677042 -11.285645
v 28.998960 -0.885538 -11.303969
v 28.690035 -0.541693 -11.374754
v 28.782082 -0.385968 -11.358191
v 28.894785 -0.270327 -11.330013
v 29.006060 -0.152104 -11.302195
v 29.122799 -0.043763 -11.273008
v 29.240808 0.062283 -11.243505
v 29.366407 0.154609 -11.212104
v 29.494045 0.243250 -11.180193
vn 0.2425 -0.0000 -0.9701
vn 0.2368 0.0165 -0.9714
vn 0.2447 0.0062 -0.9696
vn 0.2528 -0.0219 -0.9673
vn 0.2438 0.0174 -0.9697
vn 0.2469 0.0047 -0.9690
vn 0.2432 -0.0244 -0.9697
vn 0.2500 0.0157 -0.9681
vn 0.2483 0.0027 -0.9687
vn 0.2343 -0.0229 -0.9719
vt 0.000000 0.888889
vt 1.000000 0.888889
vt 1.000000 1.000000
vt 0.000000 1.000000
vt 0.000000 0.000000
vt 1.000000 0.000000
vt 1.000000 0.111111
vt 0.000000 0.111111
vt 1.000000 0.222222
vt 0.000000 0.222222
vt 1.000000 0.333333
vt 0.000000 0.333333
vt 1.000000 0.444444
vt 0.000000 0.444444
vt 1.000000 0.555556
vt 0.000000 0.555556
vt 1.000000 0.666667
vt 0.000000 0.666667
vt 1.000000 0.777778
vt 0.000000 0.777778
s 0
usemtl マテリアル.107
f 4281/2197/522 4296/2198/522 4280/2199/522 4279/2200/522
f 4277/2201/523 4278/2202/523 4289/2203/523 4288/2204/523
f 4288/2204/524 4289/2203/524 4290/2205/524 4287/2206/524
f 4287/2206/525 4290/2205/525 4291/2207/525 4286/2208/525
f 4286/2208/522 4291/2207/522 4292/2209/522 4285/2210/522
f 4285/2210/522 4292/2209/522 4293/2211/522 4284/2212/522
f 4284/2212/522 4293/2211/522 4294/2213/522 4283/2214/522
f 4283/2214/522 4294/2213/522 4295/2215/522 4282/2216/522
f 4282/2216/522 4295/2215/522 4296/2198/522 4281/2197/522
f 4301/2197/522 4316/2198/522 4300/2199/522 4299/2200/522
f 4297/2201/526 4298/2202/526 4309/2203/526 4308/2204/526
f 4308/2204/527 4309/2203/527 4310/2205/527 4307/2206/527
f 4307/2206/528 4310/2205/528 4311/2207/528 4306/2208/528
f 4306/2208/522 4311/2207/522 4312/2209/522 4305/2210/522
f 4305/2210/522 4312/2209/522 4313/2211/522 4304/2212/522
f 4304/2212/522 4313/2211/522 4314/2213/522 4303/2214/522
f 4303/2214/522 4314/2213/522 4315/2215/522 4302/2216/522
f 4302/2216/522 4315/2215/522 4316/2198/522 4301/2197/522
f 4321/2197/522 4336/2198/522 4320/2199/522 4319/2200/522
f 4317/2201/529 4318/2202/529 4329/2203/529 4328/2204/529
f 4328/2204/530 4329/2203/530 4330/2205/530 4327/2206/530
f 4327/2206/531 4330/2205/531 4331/2207/531 4326/2208/531
f 4326/2208/522 4331/2207/522 4332/2209/522 4325/2210/522
f 4325/2210/522 4332/2209/522 4333/2211/522 4324/2212/522
f 4324/2212/522 4333/2211/522 4334/2213/522 4323/2214/522
f 4323/2214/522 4334/2213/522 4335/2215/522 4322/2216/522
f 4322/2216/522 4335/2215/522 4336/2198/522 4321/2197/522
o 平面.001
v 18.215675 -0.762829 -8.316743
v 17.681953 -0.758829 -8.450178
v 17.727968 0.700789 -8.438674
v 17.702389 0.755406 -8.445069
v 17.740404 0.542771 -8.435565
v 17.745008 0.389972 -8.434414
v 17.781948 0.230296 -8.425179
v 17.819643 0.068836 -8.415755
v 17.864983 -0.096104 -8.404419
v 17.921097 -0.259218 -8.390390
v 17.993244 -0.423787 -8.364058
v 18.111734 -0.599629 -8.342730
v 17.656702 -0.589428 -8.450042
v 17.612171 -0.414198 -8.467625
v 17.609518 -0.250305 -8.468288
v 17.604067 -0.085681 -8.469650
v 17.609314 0.076148 -8.468339
v 17.617046 0.237329 -8.466406
v 17.639629 0.394628 -8.460760
v 17.666203 0.550886 -8.454116
v 18.349117 -0.906459 -8.283382
v 17.863628 -0.677884 -8.404758
v 18.484556 0.634778 -8.249521
v 18.482874 0.695402 -8.249942
v 18.433229 0.485329 -8.262353
v 18.376825 0.343944 -8.276455
v 18.347204 0.182656 -8.283860
v 18.317564 0.019421 -8.291271
v 18.293522 -0.150212 -8.297282
v 18.280033 -0.322718 -8.300653
v 18.280432 -0.504132 -8.292260
v 18.318993 -0.713719 -8.290914
v 17.907640 -0.513286 -8.387306
v 17.936636 -0.333965 -8.386506
v 17.999220 -0.183276 -8.370859
v 18.059542 -0.030742 -8.355779
v 18.128517 0.114733 -8.338534
v 18.199503 0.258568 -8.320787
v 18.282503 0.392603 -8.300036
v 18.368732 0.524006 -8.278479
v 18.411293 -1.075909 -8.267838
v 18.043924 -0.676807 -8.359683
v 19.095953 0.301350 -8.096666
v 19.116383 0.358225 -8.091559
v 18.994141 0.182521 -8.122121
v 18.890543 0.073128 -8.148021
v 18.804567 -0.065047 -8.169516
v 18.717867 -0.205019 -8.191192
v 18.634039 -0.353083 -8.212150
v 18.558956 -0.507880 -8.230921
v 18.493382 -0.677042 -8.239020
v 18.453264 -0.885538 -8.257345
v 18.144339 -0.541693 -8.328130
v 18.236385 -0.385968 -8.311566
v 18.349089 -0.270327 -8.283389
v 18.460363 -0.152104 -8.255570
v 18.577103 -0.043763 -8.226384
v 18.695112 0.062283 -8.196880
v 18.820711 0.154609 -8.165480
v 18.948349 0.243250 -8.133569
vn 0.2425 -0.0000 -0.9701
vn 0.2368 0.0165 -0.9714
vn 0.2447 0.0062 -0.9696
vn 0.2528 -0.0219 -0.9673
vn 0.2438 0.0174 -0.9697
vn 0.2469 0.0047 -0.9690
vn 0.2432 -0.0244 -0.9697
vn 0.2500 0.0157 -0.9681
vn 0.2483 0.0027 -0.9687
vn 0.2343 -0.0229 -0.9719
vt 0.000000 0.888889
vt 1.000000 0.888889
vt 1.000000 1.000000
vt 0.000000 1.000000
vt 0.000000 0.000000
vt 1.000000 0.000000
vt 1.000000 0.111111
vt 0.000000 0.111111
vt 1.000000 0.222222
vt 0.000000 0.222222
vt 1.000000 0.333333
vt 0.000000 0.333333
vt 1.000000 0.444444
vt 0.000000 0.444444
vt 1.000000 0.555556
vt 0.000000 0.555556
vt 1.000000 0.666667
vt 0.000000 0.666667
vt 1.000000 0.777778
vt 0.000000 0.777778
s 0
usemtl マテリアル.107
f 4341/2217/532 4356/2218/532 4340/2219/532 4339/2220/532
f 4337/2221/533 4338/2222/533 4349/2223/533 4348/2224/533
f 4348/2224/534 4349/2223/534 4350/2225/534 4347/2226/534
f 4347/2226/535 4350/2225/535 4351/2227/535 4346/2228/535
f 4346/2228/532 4351/2227/532 4352/2229/532 4345/2230/532
f 4345/2230/532 4352/2229/532 4353/2231/532 4344/2232/532
f 4344/2232/532 4353/2231/532 4354/2233/532 4343/2234/532
f 4343/2234/532 4354/2233/532 4355/2235/532 4342/2236/532
f 4342/2236/532 4355/2235/532 4356/2218/532 4341/2217/532
f 4361/2217/532 4376/2218/532 4360/2219/532 4359/2220/532
f 4357/2221/536 4358/2222/536 4369/2223/536 4368/2224/536
f 4368/2224/537 4369/2223/537 4370/2225/537 4367/2226/537
f 4367/2226/538 4370/2225/538 4371/2227/538 4366/2228/538
f 4366/2228/532 4371/2227/532 4372/2229/532 4365/2230/532
f 4365/2230/532 4372/2229/532 4373/2231/532 4364/2232/532
f 4364/2232/532 4373/2231/532 4374/2233/532 4363/2234/532
f 4363/2234/532 4374/2233/532 4375/2235/532 4362/2236/532
f 4362/2236/532 4375/2235/532 4376/2218/532 4361/2217/532
f 4381/2217/532 4396/2218/532 4380/2219/532 4379/2220/532
f 4377/2221/539 4378/2222/539 4389/2223/539 4388/2224/539
f 4388/2224/540 4389/2223/540 4390/2225/540 4387/2226/540
f 4387/2226/541 4390/2225/541 4391/2227/541 4386/2228/541
f 4386/2228/532 4391/2227/532 4392/2229/532 4385/2230/532
f 4385/2230/532 4392/2229/532 4393/2231/532 4384/2232/532
f 4384/2232/532 4393/2231/532 4394/2233/532 4383/2234/532
f 4383/2234/532 4394/2233/532 4395/2235/532 4382/2236/532
f 4382/2236/532 4395/2235/532 4396/2218/532 4381/2217/532
o 平面.001
v 25.871838 -0.762829 -9.825193
v 25.338116 -0.758829 -9.958629
v 25.384130 0.700789 -9.947124
v 25.358551 0.755406 -9.953520
v 25.396566 0.542771 -9.944016
v 25.401171 0.389972 -9.942864
v 25.438110 0.230296 -9.933629
v 25.475805 0.068836 -9.924206
v 25.521145 -0.096104 -9.912869
v 25.577259 -0.259218 -9.898841
v 25.649406 -0.423787 -9.872509
v 25.767897 -0.599629 -9.851180
v 25.312864 -0.589428 -9.958492
v 25.268333 -0.414198 -9.976075
v 25.265680 -0.250305 -9.976739
v 25.260229 -0.085681 -9.978101
v 25.265476 0.076148 -9.976789
v 25.273209 0.237329 -9.974856
v 25.295792 0.394628 -9.969211
v 25.322365 0.550886 -9.962566
v 26.005280 -0.906459 -9.791833
v 25.519791 -0.677884 -9.913209
v 26.140718 0.634778 -9.757972
v 26.139036 0.695402 -9.758392
v 26.089392 0.485329 -9.770803
v 26.032988 0.343944 -9.784905
v 26.003366 0.182656 -9.792311
v 25.973726 0.019421 -9.799722
v 25.949684 -0.150212 -9.805733
v 25.936195 -0.322718 -9.809104
v 25.936594 -0.504132 -9.800711
v 25.975155 -0.713719 -9.799364
v 25.563803 -0.513286 -9.895757
v 25.592798 -0.333965 -9.894957
v 25.655382 -0.183276 -9.879310
v 25.715704 -0.030742 -9.864229
v 25.784679 0.114733 -9.846985
v 25.855665 0.258568 -9.829238
v 25.938665 0.392603 -9.808487
v 26.024895 0.524006 -9.786929
v 26.067455 -1.075909 -9.776288
v 25.700087 -0.676807 -9.868134
v 26.752115 0.301350 -9.605118
v 26.772545 0.358225 -9.600010
v 26.650303 0.182521 -9.630571
v 26.546705 0.073128 -9.656471
v 26.460730 -0.065047 -9.677966
v 26.374029 -0.205019 -9.699642
v 26.290201 -0.353083 -9.720600
v 26.215118 -0.507880 -9.739371
v 26.149544 -0.677042 -9.747471
v 26.109426 -0.885538 -9.765795
v 25.800501 -0.541693 -9.836580
v 25.892548 -0.385968 -9.820017
v 26.005251 -0.270327 -9.791840
v 26.116526 -0.152104 -9.764021
v 26.233265 -0.043763 -9.734835
v 26.351274 0.062283 -9.705331
v 26.476873 0.154609 -9.673930
v 26.604511 0.243250 -9.642019
vn 0.2425 -0.0000 -0.9701
vn 0.2368 0.0165 -0.9714
vn 0.2447 0.0062 -0.9696
vn 0.2528 -0.0219 -0.9673
vn 0.2438 0.0174 -0.9697
vn 0.2469 0.0047 -0.9690
vn 0.2432 -0.0244 -0.9697
vn 0.2500 0.0157 -0.9681
vn 0.2483 0.0027 -0.9687
vn 0.2343 -0.0229 -0.9719
vt 0.000000 0.888889
vt 1.000000 0.888889
vt 1.000000 1.000000
vt 0.000000 1.000000
vt 0.000000 0.000000
vt 1.000000 0.000000
vt 1.000000 0.111111
vt 0.000000 0.111111
vt 1.000000 0.222222
vt 0.000000 0.222222
vt 1.000000 0.333333
vt 0.000000 0.333333
vt 1.000000 0.444444
vt 0.000000 0.444444
vt 1.000000 0.555556
vt 0.000000 0.555556
vt 1.000000 0.666667
vt 0.000000 0.666667
vt 1.000000 0.777778
vt 0.000000 0.777778
s 0
usemtl マテリアル.107
f 4401/2237/542 4416/2238/542 4400/2239/542 4399/2240/542
f 4397/2241/543 4398/2242/543 4409/2243/543 4408/2244/543
f 4408/2244/544 4409/2243/544 4410/2245/544 4407/2246/544
f 4407/2246/545 4410/2245/545 4411/2247/545 4406/2248/545
f 4406/2248/542 4411/2247/542 4412/2249/542 4405/2250/542
f 4405/2250/542 4412/2249/542 4413/2251/542 4404/2252/542
f 4404/2252/542 4413/2251/542 4414/2253/542 4403/2254/542
f 4403/2254/542 4414/2253/542 4415/2255/542 4402/2256/542
f 4402/2256/542 4415/2255/542 4416/2238/542 4401/2237/542
f 4421/2237/542 4436/2238/542 4420/2239/542 4419/2240/542
f 4417/2241/546 4418/2242/546 4429/2243/546 4428/2244/546
f 4428/2244/547 4429/2243/547 4430/2245/547 4427/2246/547
f 4427/2246/548 4430/2245/548 4431/2247/548 4426/2248/548
f 4426/2248/542 4431/2247/542 4432/2249/542 4425/2250/542
f 4425/2250/542 4432/2249/542 4433/2251/542 4424/2252/542
f 4424/2252/542 4433/2251/542 4434/2253/542 4423/2254/542
f 4423/2254/542 4434/2253/542 4435/2255/542 4422/2256/542
f 4422/2256/542 4435/2255/542 4436/2238/542 4421/2237/542
f 4441/2237/542 4456/2238/542 4440/2239/542 4439/2240/542
f 4437/2241/549 4438/2242/549 4449/2243/549 4448/2244/549
f 4448/2244/550 4449/2243/550 4450/2245/550 4447/2246/550
f 4447/2246/551 4450/2245/551 4451/2247/551 4446/2248/551
f 4446/2248/542 4451/2247/542 4452/2249/542 4445/2250/542
f 4445/2250/542 4452/2249/542 4453/2251/542 4444/2252/542
f 4444/2252/542 4453/2251/542 4454/2253/542 4443/2254/542
f 4443/2254/542 4454/2253/542 4455/2255/542 4442/2256/542
f 4442/2256/542 4455/2255/542 4456/2238/542 4441/2237/542
o 平面.001
v 26.518950 -0.762829 -9.120942
v 25.985228 -0.758829 -9.254377
v 26.031242 0.700789 -9.242873
v 26.005663 0.755406 -9.249269
v 26.043678 0.542771 -9.239764
v 26.048283 0.389972 -9.238613
v 26.085222 0.230296 -9.229378
v 26.122917 0.068836 -9.219954
v 26.168257 -0.096104 -9.208618
v 26.224371 -0.259218 -9.194590
v 26.296518 -0.423787 -9.168258
v 26.415009 -0.599629 -9.146929
v 25.959976 -0.589428 -9.254241
v 25.915445 -0.414198 -9.271824
v 25.912792 -0.250305 -9.272488
v 25.907341 -0.085681 -9.273849
v 25.912588 0.076148 -9.272538
v 25.920321 0.237329 -9.270605
v 25.942904 0.394628 -9.264959
v 25.969477 0.550886 -9.258315
v 26.652391 -0.906459 -9.087582
v 26.166903 -0.677884 -9.208958
v 26.787830 0.634778 -9.053720
v 26.786148 0.695402 -9.054141
v 26.736504 0.485329 -9.066552
v 26.680099 0.343944 -9.080654
v 26.650478 0.182656 -9.088059
v 26.620838 0.019421 -9.095470
v 26.596796 -0.150212 -9.101481
v 26.583307 -0.322718 -9.104853
v 26.583706 -0.504132 -9.096459
v 26.622267 -0.713719 -9.095113
v 26.210915 -0.513286 -9.191505
v 26.239910 -0.333965 -9.190705
v 26.302494 -0.183276 -9.175058
v 26.362816 -0.030742 -9.159978
v 26.431791 0.114733 -9.142734
v 26.502777 0.258568 -9.124987
v 26.585777 0.392603 -9.104236
v 26.672007 0.524006 -9.082678
v 26.714567 -1.075909 -9.072037
v 26.347198 -0.676807 -9.163882
v 27.399227 0.301350 -8.900866
v 27.419657 0.358225 -8.895759
v 27.297415 0.182521 -8.926320
v 27.193817 0.073128 -8.952220
v 27.107841 -0.065047 -8.973715
v 27.021141 -0.205019 -8.995391
v 26.937313 -0.353083 -9.016349
v 26.862230 -0.507880 -9.035120
v 26.796656 -0.677042 -9.043220
v 26.756538 -0.885538 -9.061544
v 26.447613 -0.541693 -9.132329
v 26.539660 -0.385968 -9.115766
v 26.652363 -0.270327 -9.087588
v 26.763638 -0.152104 -9.059770
v 26.880377 -0.043763 -9.030583
v 26.998386 0.062283 -9.001080
v 27.123985 0.154609 -8.969679
v 27.251623 0.243250 -8.937768
vn 0.2425 -0.0000 -0.9701
vn 0.2368 0.0165 -0.9714
vn 0.2447 0.0062 -0.9696
vn 0.2528 -0.0219 -0.9673
vn 0.2438 0.0174 -0.9697
vn 0.2469 0.0047 -0.9690
vn 0.2432 -0.0244 -0.9697
vn 0.2500 0.0157 -0.9681
vn 0.2483 0.0027 -0.9687
vn 0.2343 -0.0229 -0.9719
vt 0.000000 0.888889
vt 1.000000 0.888889
vt 1.000000 1.000000
vt 0.000000 1.000000
vt 0.000000 0.000000
vt 1.000000 0.000000
vt 1.000000 0.111111
vt 0.000000 0.111111
vt 1.000000 0.222222
vt 0.000000 0.222222
vt 1.000000 0.333333
vt 0.000000 0.333333
vt 1.000000 0.444444
vt 0.000000 0.444444
vt 1.000000 0.555556
vt 0.000000 0.555556
vt 1.000000 0.666667
vt 0.000000 0.666667
vt 1.000000 0.777778
vt 0.000000 0.777778
s 0
usemtl マテリアル.107
f 4461/2257/552 4476/2258/552 4460/2259/552 4459/2260/552
f 4457/2261/553 4458/2262/553 4469/2263/553 4468/2264/553
f 4468/2264/554 4469/2263/554 4470/2265/554 4467/2266/554
f 4467/2266/555 4470/2265/555 4471/2267/555 4466/2268/555
f 4466/2268/552 4471/2267/552 4472/2269/552 4465/2270/552
f 4465/2270/552 4472/2269/552 4473/2271/552 4464/2272/552
f 4464/2272/552 4473/2271/552 4474/2273/552 4463/2274/552
f 4463/2274/552 4474/2273/552 4475/2275/552 4462/2276/552
f 4462/2276/552 4475/2275/552 4476/2258/552 4461/2257/552
f 4481/2257/552 4496/2258/552 4480/2259/552 4479/2260/552
f 4477/2261/556 4478/2262/556 4489/2263/556 4488/2264/556
f 4488/2264/557 4489/2263/557 4490/2265/557 4487/2266/557
f 4487/2266/558 4490/2265/558 4491/2267/558 4486/2268/558
f 4486/2268/552 4491/2267/552 4492/2269/552 4485/2270/552
f 4485/2270/552 4492/2269/552 4493/2271/552 4484/2272/552
f 4484/2272/552 4493/2271/552 4494/2273/552 4483/2274/552
f 4483/2274/552 4494/2273/552 4495/2275/552 4482/2276/552
f 4482/2276/552 4495/2275/552 4496/2258/552 4481/2257/552
f 4501/2257/552 4516/2258/552 4500/2259/552 4499/2260/552
f 4497/2261/559 4498/2262/559 4509/2263/559 4508/2264/559
f 4508/2264/560 4509/2263/560 4510/2265/560 4507/2266/560
f 4507/2266/561 4510/2265/561 4511/2267/561 4506/2268/561
f 4506/2268/552 4511/2267/552 4512/2269/552 4505/2270/552
f 4505/2270/552 4512/2269/552 4513/2271/552 4504/2272/552
f 4504/2272/552 4513/2271/552 4514/2273/552 4503/2274/552
f 4503/2274/552 4514/2273/552 4515/2275/552 4502/2276/552
f 4502/2276/552 4515/2275/552 4516/2258/552 4501/2257/552
o 平面.001
v 31.670219 -0.762829 -8.316743
v 31.136497 -0.758829 -8.450178
v 31.182512 0.700789 -8.438674
v 31.156933 0.755406 -8.445069
v 31.194948 0.542771 -8.435565
v 31.199553 0.389972 -8.434414
v 31.236492 0.230296 -8.425179
v 31.274187 0.068836 -8.415755
v 31.319527 -0.096104 -8.404419
v 31.375641 -0.259218 -8.390390
v 31.447788 -0.423787 -8.364058
v 31.566278 -0.599629 -8.342730
v 31.111246 -0.589428 -8.450042
v 31.066715 -0.414198 -8.467625
v 31.064062 -0.250305 -8.468288
v 31.058611 -0.085681 -8.469650
v 31.063858 0.076148 -8.468339
v 31.071590 0.237329 -8.466406
v 31.094173 0.394628 -8.460760
v 31.120747 0.550886 -8.454116
v 31.803661 -0.906459 -8.283382
v 31.318172 -0.677884 -8.404758
v 31.939100 0.634778 -8.249521
v 31.937418 0.695402 -8.249942
v 31.887774 0.485329 -8.262353
v 31.831369 0.343944 -8.276455
v 31.801748 0.182656 -8.283860
v 31.772108 0.019421 -8.291271
v 31.748066 -0.150212 -8.297282
v 31.734577 -0.322718 -8.300653
v 31.734976 -0.504132 -8.292260
v 31.773537 -0.713719 -8.290914
v 31.362185 -0.513286 -8.387306
v 31.391180 -0.333965 -8.386506
v 31.453764 -0.183276 -8.370859
v 31.514086 -0.030742 -8.355779
v 31.583061 0.114733 -8.338534
v 31.654047 0.258568 -8.320787
v 31.737047 0.392603 -8.300036
v 31.823277 0.524006 -8.278479
v 31.865837 -1.075909 -8.267838
v 31.498468 -0.676807 -8.359683
v 32.550499 0.301350 -8.096666
v 32.570927 0.358225 -8.091559
v 32.448685 0.182521 -8.122121
v 32.345089 0.073128 -8.148021
v 32.259109 -0.065047 -8.169516
v 32.172409 -0.205019 -8.191192
v 32.088581 -0.353083 -8.212150
v 32.013500 -0.507880 -8.230921
v 31.947926 -0.677042 -8.239020
v 31.907808 -0.885538 -8.257345
v 31.598883 -0.541693 -8.328130
v 31.690929 -0.385968 -8.311566
v 31.803633 -0.270327 -8.283389
v 31.914907 -0.152104 -8.255570
v 32.031647 -0.043763 -8.226384
v 32.149658 0.062283 -8.196880
v 32.275257 0.154609 -8.165480
v 32.402893 0.243250 -8.133569
vn 0.2425 -0.0000 -0.9701
vn 0.2368 0.0165 -0.9714
vn 0.2447 0.0062 -0.9696
vn 0.2528 -0.0219 -0.9673
vn 0.2438 0.0174 -0.9697
vn 0.2469 0.0047 -0.9690
vn 0.2432 -0.0244 -0.9697
vn 0.2500 0.0157 -0.9681
vn 0.2483 0.0027 -0.9687
vn 0.2343 -0.0229 -0.9719
vt 0.000000 0.888889
vt 1.000000 0.888889
vt 1.000000 1.000000
vt 0.000000 1.000000
vt 0.000000 0.000000
vt 1.000000 0.000000
vt 1.000000 0.111111
vt 0.000000 0.111111
vt 1.000000 0.222222
vt 0.000000 0.222222
vt 1.000000 0.333333
vt 0.000000 0.333333
vt 1.000000 0.444444
vt 0.000000 0.444444
vt 1.000000 0.555556
vt 0.000000 0.555556
vt 1.000000 0.666667
vt 0.000000 0.666667
vt 1.000000 0.777778
vt 0.000000 0.777778
s 0
usemtl マテリアル.107
f 4521/2277/562 4536/2278/562 4520/2279/562 4519/2280/562
f 4517/2281/563 4518/2282/563 4529/2283/563 4528/2284/563
f 4528/2284/564 4529/2283/564 4530/2285/564 4527/2286/564
f 4527/2286/565 4530/2285/565 4531/2287/565 4526/2288/565
f 4526/2288/562 4531/2287/562 4532/2289/562 4525/2290/562
f 4525/2290/562 4532/2289/562 4533/2291/562 4524/2292/562
f 4524/2292/562 4533/2291/562 4534/2293/562 4523/2294/562
f 4523/2294/562 4534/2293/562 4535/2295/562 4522/2296/562
f 4522/2296/562 4535/2295/562 4536/2278/562 4521/2277/562
f 4541/2277/562 4556/2278/562 4540/2279/562 4539/2280/562
f 4537/2281/566 4538/2282/566 4549/2283/566 4548/2284/566
f 4548/2284/567 4549/2283/567 4550/2285/567 4547/2286/567
f 4547/2286/568 4550/2285/568 4551/2287/568 4546/2288/568
f 4546/2288/562 4551/2287/562 4552/2289/562 4545/2290/562
f 4545/2290/562 4552/2289/562 4553/2291/562 4544/2292/562
f 4544/2292/562 4553/2291/562 4554/2293/562 4543/2294/562
f 4543/2294/562 4554/2293/562 4555/2295/562 4542/2296/562
f 4542/2296/562 4555/2295/562 4556/2278/562 4541/2277/562
f 4561/2277/562 4576/2278/562 4560/2279/562 4559/2280/562
f 4557/2281/569 4558/2282/569 4569/2283/569 4568/2284/569
f 4568/2284/570 4569/2283/570 4570/2285/570 4567/2286/570
f 4567/2286/571 4570/2285/571 4571/2287/571 4566/2288/571
f 4566/2288/562 4571/2287/562 4572/2289/562 4565/2290/562
f 4565/2290/562 4572/2289/562 4573/2291/562 4564/2292/562
f 4564/2292/562 4573/2291/562 4574/2293/562 4563/2294/562
f 4563/2294/562 4574/2293/562 4575/2295/562 4562/2296/562
f 4562/2296/562 4575/2295/562 4576/2278/562 4561/2277/562
o 平面.001
v 34.841534 -0.762829 -9.825193
v 34.307816 -0.758829 -9.958629
v 34.353828 0.700789 -9.947124
v 34.328247 0.755406 -9.953520
v 34.366264 0.542771 -9.944016
v 34.370869 0.389972 -9.942864
v 34.407806 0.230296 -9.933629
v 34.445503 0.068836 -9.924206
v 34.490845 -0.096104 -9.912869
v 34.546955 -0.259218 -9.898841
v 34.619106 -0.423787 -9.872509
v 34.737595 -0.599629 -9.851180
v 34.282562 -0.589428 -9.958492
v 34.238033 -0.414198 -9.976075
v 34.235378 -0.250305 -9.976739
v 34.229927 -0.085681 -9.978101
v 34.235172 0.076148 -9.976789
v 34.242905 0.237329 -9.974856
v 34.265488 0.394628 -9.969211
v 34.292061 0.550886 -9.962566
v 34.974979 -0.906459 -9.791833
v 34.489491 -0.677884 -9.913209
v 35.110416 0.634778 -9.757972
v 35.108734 0.695402 -9.758392
v 35.059090 0.485329 -9.770803
v 35.002686 0.343944 -9.784905
v 34.973064 0.182656 -9.792311
v 34.943424 0.019421 -9.799722
v 34.919380 -0.150212 -9.805733
v 34.905895 -0.322718 -9.809104
v 34.906292 -0.504132 -9.800711
v 34.944851 -0.713719 -9.799364
v 34.533501 -0.513286 -9.895757
v 34.562496 -0.333965 -9.894957
v 34.625080 -0.183276 -9.879310
v 34.685402 -0.030742 -9.864229
v 34.754379 0.114733 -9.846985
v 34.825363 0.258568 -9.829238
v 34.908363 0.392603 -9.808487
v 34.994591 0.524006 -9.786929
v 35.037155 -1.075909 -9.776288
v 34.669785 -0.676807 -9.868134
v 35.721813 0.301350 -9.605118
v 35.742245 0.358225 -9.600010
v 35.619999 0.182521 -9.630571
v 35.516403 0.073128 -9.656471
v 35.430428 -0.065047 -9.677966
v 35.343727 -0.205019 -9.699642
v 35.259899 -0.353083 -9.720600
v 35.184818 -0.507880 -9.739371
v 35.119240 -0.677042 -9.747471
v 35.079124 -0.885538 -9.765795
v 34.770199 -0.541693 -9.836580
v 34.862247 -0.385968 -9.820017
v 34.974949 -0.270327 -9.791840
v 35.086224 -0.152104 -9.764021
v 35.202965 -0.043763 -9.734835
v 35.320972 0.062283 -9.705331
v 35.446571 0.154609 -9.673930
v 35.574211 0.243250 -9.642019
vn 0.2425 -0.0000 -0.9701
vn 0.2368 0.0165 -0.9714
vn 0.2447 0.0062 -0.9696
vn 0.2528 -0.0219 -0.9673
vn 0.2438 0.0174 -0.9697
vn 0.2469 0.0047 -0.9690
vn 0.2432 -0.0244 -0.9697
vn 0.2500 0.0157 -0.9681
vn 0.2483 0.0027 -0.9687
vn 0.2343 -0.0229 -0.9719
vt 0.000000 0.888889
vt 1.000000 0.888889
vt 1.000000 1.000000
vt 0.000000 1.000000
vt 0.000000 0.000000
vt 1.000000 0.000000
vt 1.000000 0.111111
vt 0.000000 0.111111
vt 1.000000 0.222222
vt 0.000000 0.222222
vt 1.000000 0.333333
vt 0.000000 0.333333
vt 1.000000 0.444444
vt 0.000000 0.444444
vt 1.000000 0.555556
vt 0.000000 0.555556
vt 1.000000 0.666667
vt 0.000000 0.666667
vt 1.000000 0.777778
vt 0.000000 0.777778
s 0
usemtl マテリアル.107
f 4581/2297/572 4596/2298/572 4580/2299/572 4579/2300/572
f 4577/2301/573 4578/2302/573 4589/2303/573 4588/2304/573
f 4588/2304/574 4589/2303/574 4590/2305/574 4587/2306/574
f 4587/2306/575 4590/2305/575 4591/2307/575 4586/2308/575
f 4586/2308/572 4591/2307/572 4592/2309/572 4585/2310/572
f 4585/2310/572 4592/2309/572 4593/2311/572 4584/2312/572
f 4584/2312/572 4593/2311/572 4594/2313/572 4583/2314/572
f 4583/2314/572 4594/2313/572 4595/2315/572 4582/2316/572
f 4582/2316/572 4595/2315/572 4596/2298/572 4581/2297/572
f 4601/2297/572 4616/2298/572 4600/2299/572 4599/2300/572
f 4597/2301/576 4598/2302/576 4609/2303/576 4608/2304/576
f 4608/2304/577 4609/2303/577 4610/2305/577 4607/2306/577
f 4607/2306/578 4610/2305/578 4611/2307/578 4606/2308/578
f 4606/2308/572 4611/2307/572 4612/2309/572 4605/2310/572
f 4605/2310/572 4612/2309/572 4613/2311/572 4604/2312/572
f 4604/2312/572 4613/2311/572 4614/2313/572 4603/2314/572
f 4603/2314/572 4614/2313/572 4615/2315/572 4602/2316/572
f 4602/2316/572 4615/2315/572 4616/2298/572 4601/2297/572
f 4621/2297/572 4636/2298/572 4620/2299/572 4619/2300/572
f 4617/2301/579 4618/2302/579 4629/2303/579 4628/2304/579
f 4628/2304/580 4629/2303/580 4630/2305/580 4627/2306/580
f 4627/2306/581 4630/2305/581 4631/2307/581 4626/2308/581
f 4626/2308/572 4631/2307/572 4632/2309/572 4625/2310/572
f 4625/2310/572 4632/2309/572 4633/2311/572 4624/2312/572
f 4624/2312/572 4633/2311/572 4634/2313/572 4623/2314/572
f 4623/2314/572 4634/2313/572 4635/2315/572 4622/2316/572
f 4622/2316/572 4635/2315/572 4636/2298/572 4621/2297/572
o 平面.001
v 33.246220 -0.762829 -9.120942
v 32.712502 -0.758829 -9.254377
v 32.758514 0.700789 -9.242873
v 32.732933 0.755406 -9.249269
v 32.770950 0.542771 -9.239764
v 32.775555 0.389972 -9.238613
v 32.812492 0.230296 -9.229378
v 32.850189 0.068836 -9.219954
v 32.895531 -0.096104 -9.208618
v 32.951641 -0.259218 -9.194590
v 33.023792 -0.423787 -9.168258
v 33.142281 -0.599629 -9.146929
v 32.687248 -0.589428 -9.254241
v 32.642719 -0.414198 -9.271824
v 32.640064 -0.250305 -9.272488
v 32.634613 -0.085681 -9.273849
v 32.639858 0.076148 -9.272538
v 32.647591 0.237329 -9.270605
v 32.670174 0.394628 -9.264959
v 32.696747 0.550886 -9.258315
v 33.379665 -0.906459 -9.087582
v 32.894176 -0.677884 -9.208958
v 33.515102 0.634778 -9.053720
v 33.513420 0.695402 -9.054141
v 33.463776 0.485329 -9.066552
v 33.407372 0.343944 -9.080654
v 33.377750 0.182656 -9.088059
v 33.348110 0.019421 -9.095470
v 33.324066 -0.150212 -9.101481
v 33.310581 -0.322718 -9.104853
v 33.310978 -0.504132 -9.096459
v 33.349537 -0.713719 -9.095113
v 32.938187 -0.513286 -9.191505
v 32.967182 -0.333965 -9.190705
v 33.029766 -0.183276 -9.175058
v 33.090088 -0.030742 -9.159978
v 33.159065 0.114733 -9.142734
v 33.230049 0.258568 -9.124987
v 33.313049 0.392603 -9.104236
v 33.399277 0.524006 -9.082678
v 33.441841 -1.075909 -9.072037
v 33.074471 -0.676807 -9.163882
v 34.126499 0.301350 -8.900866
v 34.146931 0.358225 -8.895759
v 34.024685 0.182521 -8.926320
v 33.921089 0.073128 -8.952220
v 33.835114 -0.065047 -8.973715
v 33.748413 -0.205019 -8.995391
v 33.664585 -0.353083 -9.016349
v 33.589504 -0.507880 -9.035120
v 33.523926 -0.677042 -9.043220
v 33.483810 -0.885538 -9.061544
v 33.174885 -0.541693 -9.132329
v 33.266933 -0.385968 -9.115766
v 33.379635 -0.270327 -9.087588
v 33.490910 -0.152104 -9.059770
v 33.607651 -0.043763 -9.030583
v 33.725658 0.062283 -9.001080
v 33.851257 0.154609 -8.969679
v 33.978897 0.243250 -8.937768
vn 0.2425 -0.0000 -0.9701
vn 0.2368 0.0165 -0.9714
vn 0.2447 0.0062 -0.9696
vn 0.2528 -0.0219 -0.9673
vn 0.2438 0.0174 -0.9697
vn 0.2469 0.0047 -0.9690
vn 0.2432 -0.0244 -0.9697
vn 0.2500 0.0157 -0.9681
vn 0.2483 0.0027 -0.9687
vn 0.2343 -0.0229 -0.9719
vt 0.000000 0.888889
vt 1.000000 0.888889
vt 1.000000 1.000000
vt 0.000000 1.000000
vt 0.000000 0.000000
vt 1.000000 0.000000
vt 1.000000 0.111111
vt 0.000000 0.111111
vt 1.000000 0.222222
vt 0.000000 0.222222
vt 1.000000 0.333333
vt 0.000000 0.333333
vt 1.000000 0.444444
vt 0.000000 0.444444
vt 1.000000 0.555556
vt 0.000000 0.555556
vt 1.000000 0.666667
vt 0.000000 0.666667
vt 1.000000 0.777778
vt 0.000000 0.777778
s 0
usemtl マテリアル.107
f 4641/2317/582 4656/2318/582 4640/2319/582 4639/2320/582
f 4637/2321/583 4638/2322/583 4649/2323/583 4648/2324/583
f 4648/2324/584 4649/2323/584 4650/2325/584 4647/2326/584
f 4647/2326/585 4650/2325/585 4651/2327/585 4646/2328/585
f 4646/2328/582 4651/2327/582 4652/2329/582 4645/2330/582
f 4645/2330/582 4652/2329/582 4653/2331/582 4644/2332/582
f 4644/2332/582 4653/2331/582 4654/2333/582 4643/2334/582
f 4643/2334/582 4654/2333/582 4655/2335/582 4642/2336/582
f 4642/2336/582 4655/2335/582 4656/2318/582 4641/2317/582
f 4661/2317/582 4676/2318/582 4660/2319/582 4659/2320/582
f 4657/2321/586 4658/2322/586 4669/2323/586 4668/2324/586
f 4668/2324/587 4669/2323/587 4670/2325/587 4667/2326/587
f 4667/2326/588 4670/2325/588 4671/2327/588 4666/2328/588
f 4666/2328/582 4671/2327/582 4672/2329/582 4665/2330/582
f 4665/2330/582 4672/2329/582 4673/2331/582 4664/2332/582
f 4664/2332/582 4673/2331/582 4674/2333/582 4663/2334/582
f 4663/2334/582 4674/2333/582 4675/2335/582 4662/2336/582
f 4662/2336/582 4675/2335/582 4676/2318/582 4661/2317/582
f 4681/2317/582 4696/2318/582 4680/2319/582 4679/2320/582
f 4677/2321/589 4678/2322/589 4689/2323/589 4688/2324/589
f 4688/2324/590 4689/2323/590 4690/2325/590 4687/2326/590
f 4687/2326/591 4690/2325/591 4691/2327/591 4686/2328/591
f 4686/2328/582 4691/2327/582 4692/2329/582 4685/2330/582
f 4685/2330/582 4692/2329/582 4693/2331/582 4684/2332/582
f 4684/2332/582 4693/2331/582 4694/2333/582 4683/2334/582
f 4683/2334/582 4694/2333/582 4695/2335/582 4682/2336/582
f 4682/2336/582 4695/2335/582 4696/2318/582 4681/2317/582
o 平面.001
v -19.905537 -0.762829 -6.074318
v -20.439257 -0.758829 -6.207753
v -20.393242 0.700789 -6.196249
v -20.418823 0.755405 -6.202644
v -20.380808 0.542770 -6.193140
v -20.376204 0.389971 -6.191989
v -20.339264 0.230296 -6.182754
v -20.301569 0.068835 -6.173330
v -20.256229 -0.096104 -6.161994
v -20.200115 -0.259218 -6.147965
v -20.127968 -0.423787 -6.121634
v -20.009478 -0.599629 -6.100304
v -20.464510 -0.589428 -6.207617
v -20.509041 -0.414198 -6.225199
v -20.511694 -0.250305 -6.225863
v -20.517145 -0.085681 -6.227226
v -20.511898 0.076148 -6.225914
v -20.504166 0.237328 -6.223981
v -20.481583 0.394628 -6.218335
v -20.455009 0.550886 -6.211691
v -19.772095 -0.906459 -6.040957
v -20.257584 -0.677884 -6.162333
v -19.636656 0.634778 -6.007096
v -19.638338 0.695401 -6.007517
v -19.687983 0.485329 -6.019928
v -19.744387 0.343944 -6.034030
v -19.774008 0.182656 -6.041436
v -19.803648 0.019421 -6.048846
v -19.827690 -0.150212 -6.054857
v -19.841179 -0.322718 -6.058229
v -19.840780 -0.504132 -6.049835
v -19.802219 -0.713719 -6.048489
v -20.213572 -0.513286 -6.144881
v -20.184576 -0.333965 -6.144081
v -20.121992 -0.183276 -6.128435
v -20.061670 -0.030742 -6.113354
v -19.992695 0.114732 -6.096109
v -19.921709 0.258568 -6.078362
v -19.838709 0.392603 -6.057611
v -19.752480 0.524006 -6.036054
v -19.709919 -1.075909 -6.025413
v -20.077288 -0.676807 -6.117258
v -19.025259 0.301350 -5.854242
v -19.004829 0.358225 -5.849134
v -19.127071 0.182521 -5.879696
v -19.230669 0.073128 -5.905596
v -19.316645 -0.065047 -5.927091
v -19.403345 -0.205019 -5.948767
v -19.487173 -0.353084 -5.969725
v -19.562256 -0.507881 -5.988496
v -19.627831 -0.677042 -5.996596
v -19.667948 -0.885538 -6.014920
v -19.976873 -0.541693 -6.085704
v -19.884827 -0.385968 -6.069141
v -19.772123 -0.270327 -6.040965
v -19.660849 -0.152104 -6.013145
v -19.544109 -0.043763 -5.983959
v -19.426100 0.062283 -5.954455
v -19.300501 0.154609 -5.923055
v -19.172863 0.243250 -5.891144
vn 0.2425 -0.0000 -0.9701
vn 0.2368 0.0165 -0.9714
vn 0.2447 0.0062 -0.9696
vn 0.2528 -0.0219 -0.9673
vn 0.2438 0.0174 -0.9697
vn 0.2469 0.0047 -0.9690
vn 0.2432 -0.0244 -0.9697
vn 0.2500 0.0157 -0.9681
vn 0.2483 0.0027 -0.9687
vn 0.2343 -0.0229 -0.9719
vt 0.000000 0.888889
vt 1.000000 0.888889
vt 1.000000 1.000000
vt 0.000000 1.000000
vt 0.000000 0.000000
vt 1.000000 0.000000
vt 1.000000 0.111111
vt 0.000000 0.111111
vt 1.000000 0.222222
vt 0.000000 0.222222
vt 1.000000 0.333333
vt 0.000000 0.333333
vt 1.000000 0.444444
vt 0.000000 0.444444
vt 1.000000 0.555556
vt 0.000000 0.555556
vt 1.000000 0.666667
vt 0.000000 0.666667
vt 1.000000 0.777778
vt 0.000000 0.777778
s 0
usemtl マテリアル.107
f 4701/2337/592 4716/2338/592 4700/2339/592 4699/2340/592
f 4697/2341/593 4698/2342/593 4709/2343/593 4708/2344/593
f 4708/2344/594 4709/2343/594 4710/2345/594 4707/2346/594
f 4707/2346/595 4710/2345/595 4711/2347/595 4706/2348/595
f 4706/2348/592 4711/2347/592 4712/2349/592 4705/2350/592
f 4705/2350/592 4712/2349/592 4713/2351/592 4704/2352/592
f 4704/2352/592 4713/2351/592 4714/2353/592 4703/2354/592
f 4703/2354/592 4714/2353/592 4715/2355/592 4702/2356/592
f 4702/2356/592 4715/2355/592 4716/2338/592 4701/2337/592
f 4721/2337/592 4736/2338/592 4720/2339/592 4719/2340/592
f 4717/2341/596 4718/2342/596 4729/2343/596 4728/2344/596
f 4728/2344/597 4729/2343/597 4730/2345/597 4727/2346/597
f 4727/2346/598 4730/2345/598 4731/2347/598 4726/2348/598
f 4726/2348/592 4731/2347/592 4732/2349/592 4725/2350/592
f 4725/2350/592 4732/2349/592 4733/2351/592 4724/2352/592
f 4724/2352/592 4733/2351/592 4734/2353/592 4723/2354/592
f 4723/2354/592 4734/2353/592 4735/2355/592 4722/2356/592
f 4722/2356/592 4735/2355/592 4736/2338/592 4721/2337/592
f 4741/2337/592 4756/2338/592 4740/2339/592 4739/2340/592
f 4737/2341/599 4738/2342/599 4749/2343/599 4748/2344/599
f 4748/2344/600 4749/2343/600 4750/2345/600 4747/2346/600
f 4747/2346/601 4750/2345/601 4751/2347/601 4746/2348/601
f 4746/2348/592 4751/2347/592 4752/2349/592 4745/2350/592
f 4745/2350/592 4752/2349/592 4753/2351/592 4744/2352/592
f 4744/2352/592 4753/2351/592 4754/2353/592 4743/2354/592
f 4743/2354/592 4754/2353/592 4755/2355/592 4742/2356/592
f 4742/2356/592 4755/2355/592 4756/2338/592 4741/2337/592
o 平面.001
v 28.114262 -0.762829 -7.582769
v 27.580542 -0.758829 -7.716204
v 27.626556 0.700789 -7.704700
v 27.600975 0.755405 -7.711095
v 27.638990 0.542770 -7.701591
v 27.643595 0.389971 -7.700440
v 27.680534 0.230296 -7.691205
v 27.718229 0.068835 -7.681781
v 27.763569 -0.096104 -7.670445
v 27.819683 -0.259218 -7.656416
v 27.891830 -0.423787 -7.630085
v 28.010321 -0.599629 -7.608755
v 27.555288 -0.589428 -7.716068
v 27.510757 -0.414198 -7.733650
v 27.508104 -0.250305 -7.734314
v 27.502653 -0.085681 -7.735677
v 27.507900 0.076148 -7.734365
v 27.515633 0.237328 -7.732432
v 27.538216 0.394628 -7.726786
v 27.564789 0.550886 -7.720142
v 28.247704 -0.906459 -7.549408
v 27.762215 -0.677884 -7.670784
v 28.383142 0.634778 -7.515547
v 28.381460 0.695401 -7.515968
v 28.331816 0.485329 -7.528379
v 28.275412 0.343944 -7.542481
v 28.245790 0.182656 -7.549887
v 28.216150 0.019421 -7.557297
v 28.192108 -0.150212 -7.563308
v 28.178619 -0.322718 -7.566680
v 28.179018 -0.504132 -7.558286
v 28.217579 -0.713719 -7.556940
v 27.806227 -0.513286 -7.653332
v 27.835222 -0.333965 -7.652532
v 27.897806 -0.183276 -7.636886
v 27.958128 -0.030742 -7.621805
v 28.027103 0.114732 -7.604560
v 28.098089 0.258568 -7.586813
v 28.181089 0.392603 -7.566062
v 28.267319 0.524006 -7.544505
v 28.309879 -1.075909 -7.533864
v 27.942511 -0.676807 -7.625709
v 28.994539 0.301350 -7.362693
v 29.014969 0.358225 -7.357585
v 28.892727 0.182521 -7.388147
v 28.789129 0.073128 -7.414047
v 28.703154 -0.065047 -7.435542
v 28.616453 -0.205019 -7.457218
v 28.532625 -0.353084 -7.478176
v 28.457542 -0.507881 -7.496947
v 28.391968 -0.677042 -7.505047
v 28.351851 -0.885538 -7.523371
v 28.042925 -0.541693 -7.594155
v 28.134972 -0.385968 -7.577592
v 28.247675 -0.270327 -7.549416
v 28.358950 -0.152104 -7.521596
v 28.475689 -0.043763 -7.492410
v 28.593699 0.062283 -7.462906
v 28.719297 0.154609 -7.431506
v 28.846935 0.243250 -7.399595
vn 0.2425 -0.0000 -0.9701
vn 0.2368 0.0165 -0.9714
vn 0.2447 0.0062 -0.9696
vn 0.2528 -0.0219 -0.9673
vn 0.2438 0.0174 -0.9697
vn 0.2469 0.0047 -0.9690
vn 0.2432 -0.0244 -0.9697
vn 0.2500 0.0157 -0.9681
vn 0.2483 0.0027 -0.9687
vn 0.2343 -0.0229 -0.9719
vt 0.000000 0.888889
vt 1.000000 0.888889
vt 1.000000 1.000000
vt 0.000000 1.000000
vt 0.000000 0.000000
vt 1.000000 0.000000
vt 1.000000 0.111111
vt 0.000000 0.111111
vt 1.000000 0.222222
vt 0.000000 0.222222
vt 1.000000 0.333333
vt 0.000000 0.333333
vt 1.000000 0.444444
vt 0.000000 0.444444
vt 1.000000 0.555556
vt 0.000000 0.555556
vt 1.000000 0.666667
vt 0.000000 0.666667
vt 1.000000 0.777778
vt 0.000000 0.777778
s 0
usemtl マテリアル.107
f 4761/2357/602 4776/2358/602 4760/2359/602 4759/2360/602
f 4757/2361/603 4758/2362/603 4769/2363/603 4768/2364/603
f 4768/2364/604 4769/2363/604 4770/2365/604 4767/2366/604
f 4767/2366/605 4770/2365/605 4771/2367/605 4766/2368/605
f 4766/2368/602 4771/2367/602 4772/2369/602 4765/2370/602
f 4765/2370/602 4772/2369/602 4773/2371/602 4764/2372/602
f 4764/2372/602 4773/2371/602 4774/2373/602 4763/2374/602
f 4763/2374/602 4774/2373/602 4775/2375/602 4762/2376/602
f 4762/2376/602 4775/2375/602 4776/2358/602 4761/2357/602
f 4781/2357/602 4796/2358/602 4780/2359/602 4779/2360/602
f 4777/2361/606 4778/2362/606 4789/2363/606 4788/2364/606
f 4788/2364/607 4789/2363/607 4790/2365/607 4787/2366/607
f 4787/2366/608 4790/2365/608 4791/2367/608 4786/2368/608
f 4786/2368/602 4791/2367/602 4792/2369/602 4785/2370/602
f 4785/2370/602 4792/2369/602 4793/2371/602 4784/2372/602
f 4784/2372/602 4793/2371/602 4794/2373/602 4783/2374/602
f 4783/2374/602 4794/2373/602 4795/2375/602 4782/2376/602
f 4782/2376/602 4795/2375/602 4796/2358/602 4781/2357/602
f 4801/2357/602 4816/2358/602 4800/2359/602 4799/2360/602
f 4797/2361/609 4798/2362/609 4809/2363/609 4808/2364/609
f 4808/2364/610 4809/2363/610 4810/2365/610 4807/2366/610
f 4807/2366/611 4810/2365/611 4811/2367/611 4806/2368/611
f 4806/2368/602 4811/2367/602 4812/2369/602 4805/2370/602
f 4805/2370/602 4812/2369/602 4813/2371/602 4804/2372/602
f 4804/2372/602 4813/2371/602 4814/2373/602 4803/2374/602
f 4803/2374/602 4814/2373/602 4815/2375/602 4802/2376/602
f 4802/2376/602 4815/2375/602 4816/2358/602 4801/2357/602
o 平面.001
v -27.299232 -0.762829 -4.636094
v -27.832954 -0.758829 -4.769528
v -27.786940 0.700789 -4.758024
v -27.812519 0.755406 -4.764420
v -27.774504 0.542771 -4.754915
v -27.769899 0.389972 -4.753765
v -27.732960 0.230296 -4.744529
v -27.695265 0.068836 -4.735105
v -27.649925 -0.096104 -4.723770
v -27.593811 -0.259218 -4.709741
v -27.521664 -0.423787 -4.683409
v -27.403173 -0.599629 -4.662079
v -27.858206 -0.589428 -4.769392
v -27.902737 -0.414198 -4.786974
v -27.905390 -0.250305 -4.787638
v -27.910841 -0.085681 -4.789001
v -27.905594 0.076148 -4.787689
v -27.897861 0.237329 -4.785756
v -27.875278 0.394628 -4.780110
v -27.848705 0.550886 -4.773467
v -27.165791 -0.906459 -4.602733
v -27.651279 -0.677884 -4.724109
v -27.030352 0.634778 -4.568871
v -27.032034 0.695402 -4.569292
v -27.081678 0.485329 -4.581704
v -27.138083 0.343944 -4.595805
v -27.167704 0.182656 -4.603211
v -27.197344 0.019421 -4.610621
v -27.221386 -0.150212 -4.616632
v -27.234875 -0.322718 -4.620004
v -27.234476 -0.504132 -4.611610
v -27.195915 -0.713719 -4.610264
v -27.607267 -0.513286 -4.706656
v -27.578272 -0.333965 -4.705856
v -27.515688 -0.183276 -4.690210
v -27.455366 -0.030742 -4.675129
v -27.386391 0.114733 -4.657885
v -27.315405 0.258568 -4.640137
v -27.232405 0.392603 -4.619387
v -27.146175 0.524006 -4.597829
v -27.103615 -1.075909 -4.587188
v -27.470984 -0.676807 -4.679033
v -26.418955 0.301350 -4.416017
v -26.398525 0.358225 -4.410910
v -26.520767 0.182521 -4.441471
v -26.624365 0.073128 -4.467371
v -26.710340 -0.065047 -4.488866
v -26.797041 -0.205019 -4.510542
v -26.880869 -0.353083 -4.531500
v -26.955952 -0.507880 -4.550271
v -27.021526 -0.677042 -4.558371
v -27.061644 -0.885538 -4.576695
v -27.370569 -0.541693 -4.647480
v -27.278522 -0.385968 -4.630917
v -27.165819 -0.270327 -4.602740
v -27.054544 -0.152104 -4.574920
v -26.937805 -0.043763 -4.545734
v -26.819796 0.062283 -4.516231
v -26.694197 0.154609 -4.484830
v -26.566559 0.243250 -4.452919
vn 0.2425 -0.0000 -0.9701
vn 0.2368 0.0165 -0.9714
vn 0.2447 0.0062 -0.9696
vn 0.2528 -0.0219 -0.9673
vn 0.2438 0.0174 -0.9697
vn 0.2469 0.0047 -0.9690
vn 0.2432 -0.0244 -0.9697
vn 0.2500 0.0157 -0.9681
vn 0.2483 0.0027 -0.9687
vn 0.2343 -0.0229 -0.9719
vt 0.000000 0.888889
vt 1.000000 0.888889
vt 1.000000 1.000000
vt 0.000000 1.000000
vt 0.000000 0.000000
vt 1.000000 0.000000
vt 1.000000 0.111111
vt 0.000000 0.111111
vt 1.000000 0.222222
vt 0.000000 0.222222
vt 1.000000 0.333333
vt 0.000000 0.333333
vt 1.000000 0.444444
vt 0.000000 0.444444
vt 1.000000 0.555556
vt 0.000000 0.555556
vt 1.000000 0.666667
vt 0.000000 0.666667
vt 1.000000 0.777778
vt 0.000000 0.777778
s 0
usemtl マテリアル.107
f 4821/2377/612 4836/2378/612 4820/2379/612 4819/2380/612
f 4817/2381/613 4818/2382/613 4829/2383/613 4828/2384/613
f 4828/2384/614 4829/2383/614 4830/2385/614 4827/2386/614
f 4827/2386/615 4830/2385/615 4831/2387/615 4826/2388/615
f 4826/2388/612 4831/2387/612 4832/2389/612 4825/2390/612
f 4825/2390/612 4832/2389/612 4833/2391/612 4824/2392/612
f 4824/2392/612 4833/2391/612 4834/2393/612 4823/2394/612
f 4823/2394/612 4834/2393/612 4835/2395/612 4822/2396/612
f 4822/2396/612 4835/2395/612 4836/2378/612 4821/2377/612
f 4841/2377/612 4856/2378/612 4840/2379/612 4839/2380/612
f 4837/2381/616 4838/2382/616 4849/2383/616 4848/2384/616
f 4848/2384/617 4849/2383/617 4850/2385/617 4847/2386/617
f 4847/2386/618 4850/2385/618 4851/2387/618 4846/2388/618
f 4846/2388/612 4851/2387/612 4852/2389/612 4845/2390/612
f 4845/2390/612 4852/2389/612 4853/2391/612 4844/2392/612
f 4844/2392/612 4853/2391/612 4854/2393/612 4843/2394/612
f 4843/2394/612 4854/2393/612 4855/2395/612 4842/2396/612
f 4842/2396/612 4855/2395/612 4856/2378/612 4841/2377/612
f 4861/2377/612 4876/2378/612 4860/2379/612 4859/2380/612
f 4857/2381/619 4858/2382/619 4869/2383/619 4868/2384/619
f 4868/2384/620 4869/2383/620 4870/2385/620 4867/2386/620
f 4867/2386/621 4870/2385/621 4871/2387/621 4866/2388/621
f 4866/2388/612 4871/2387/612 4872/2389/612 4865/2390/612
f 4865/2390/612 4872/2389/612 4873/2391/612 4864/2392/612
f 4864/2392/612 4873/2391/612 4874/2393/612 4863/2394/612
f 4863/2394/612 4874/2393/612 4875/2395/612 4862/2396/612
f 4862/2396/612 4875/2395/612 4876/2378/612 4861/2377/612
o 平面.001
v -19.905537 -0.762829 -3.831894
v -20.439259 -0.758829 -3.965329
v -20.393244 0.700789 -3.953825
v -20.418823 0.755406 -3.960220
v -20.380808 0.542771 -3.950716
v -20.376204 0.389972 -3.949565
v -20.339264 0.230296 -3.940329
v -20.301569 0.068836 -3.930906
v -20.256229 -0.096104 -3.919570
v -20.200115 -0.259218 -3.905541
v -20.127968 -0.423787 -3.879209
v -20.009478 -0.599629 -3.857880
v -20.464510 -0.589428 -3.965193
v -20.509041 -0.414198 -3.982775
v -20.511694 -0.250305 -3.983438
v -20.517145 -0.085681 -3.984801
v -20.511898 0.076148 -3.983489
v -20.504166 0.237329 -3.981556
v -20.481583 0.394628 -3.975910
v -20.455009 0.550886 -3.969267
v -19.772095 -0.906459 -3.798533
v -20.257584 -0.677884 -3.919909
v -19.636656 0.634778 -3.764672
v -19.638338 0.695402 -3.765092
v -19.687983 0.485329 -3.777504
v -19.744387 0.343944 -3.791605
v -19.774008 0.182656 -3.799011
v -19.803648 0.019421 -3.806422
v -19.827690 -0.150212 -3.812432
v -19.841179 -0.322718 -3.815804
v -19.840780 -0.504132 -3.807410
v -19.802219 -0.713719 -3.806064
v -20.213572 -0.513286 -3.902457
v -20.184576 -0.333965 -3.901656
v -20.121992 -0.183276 -3.886010
v -20.061670 -0.030742 -3.870929
v -19.992695 0.114733 -3.853685
v -19.921709 0.258568 -3.835938
v -19.838709 0.392603 -3.815187
v -19.752480 0.524006 -3.793629
v -19.709919 -1.075909 -3.782988
v -20.077288 -0.676807 -3.874834
v -19.025259 0.301350 -3.611817
v -19.004829 0.358225 -3.606710
v -19.127071 0.182521 -3.637271
v -19.230669 0.073128 -3.663172
v -19.316645 -0.065047 -3.684666
v -19.403345 -0.205019 -3.706342
v -19.487173 -0.353083 -3.727300
v -19.562256 -0.507880 -3.746071
v -19.627831 -0.677042 -3.754171
v -19.667948 -0.885538 -3.772495
v -19.976873 -0.541693 -3.843280
v -19.884827 -0.385968 -3.826717
v -19.772123 -0.270327 -3.798540
v -19.660849 -0.152104 -3.770720
v -19.544109 -0.043763 -3.741534
v -19.426100 0.062283 -3.712031
v -19.300501 0.154609 -3.680630
v -19.172863 0.243250 -3.648720
vn 0.2425 -0.0000 -0.9701
vn 0.2368 0.0165 -0.9714
vn 0.2447 0.0062 -0.9696
vn 0.2528 -0.0219 -0.9673
vn 0.2438 0.0174 -0.9697
vn 0.2469 0.0047 -0.9690
vn 0.2432 -0.0244 -0.9697
vn 0.2500 0.0157 -0.9681
vn 0.2483 0.0027 -0.9687
vn 0.2343 -0.0229 -0.9719
vt 0.000000 0.888889
vt 1.000000 0.888889
vt 1.000000 1.000000
vt 0.000000 1.000000
vt 0.000000 0.000000
vt 1.000000 0.000000
vt 1.000000 0.111111
vt 0.000000 0.111111
vt 1.000000 0.222222
vt 0.000000 0.222222
vt 1.000000 0.333333
vt 0.000000 0.333333
vt 1.000000 0.444444
vt 0.000000 0.444444
vt 1.000000 0.555556
vt 0.000000 0.555556
vt 1.000000 0.666667
vt 0.000000 0.666667
vt 1.000000 0.777778
vt 0.000000 0.777778
s 0
usemtl マテリアル.107
f 4881/2397/622 4896/2398/622 4880/2399/622 4879/2400/622
f 4877/2401/623 4878/2402/623 4889/2403/623 4888/2404/623
f 4888/2404/624 4889/2403/624 4890/2405/624 4887/2406/624
f 4887/2406/625 4890/2405/625 4891/2407/625 4886/2408/625
f 4886/2408/622 4891/2407/622 4892/2409/622 4885/2410/622
f 4885/2410/622 4892/2409/622 4893/2411/622 4884/2412/622
f 4884/2412/622 4893/2411/622 4894/2413/622 4883/2414/622
f 4883/2414/622 4894/2413/622 4895/2415/622 4882/2416/622
f 4882/2416/622 4895/2415/622 4896/2398/622 4881/2397/622
f 4901/2397/622 4916/2398/622 4900/2399/622 4899/2400/622
f 4897/2401/626 4898/2402/626 4909/2403/626 4908/2404/626
f 4908/2404/627 4909/2403/627 4910/2405/627 4907/2406/627
f 4907/2406/628 4910/2405/628 4911/2407/628 4906/2408/628
f 4906/2408/622 4911/2407/622 4912/2409/622 4905/2410/622
f 4905/2410/622 4912/2409/622 4913/2411/622 4904/2412/622
f 4904/2412/622 4913/2411/622 4914/2413/622 4903/2414/622
f 4903/2414/622 4914/2413/622 4915/2415/622 4902/2416/622
f 4902/2416/622 4915/2415/622 4916/2398/622 4901/2397/622
f 4921/2397/622 4936/2398/622 4920/2399/622 4919/2400/622
f 4917/2401/629 4918/2402/629 4929/2403/629 4928/2404/629
f 4928/2404/630 4929/2403/630 4930/2405/630 4927/2406/630
f 4927/2406/631 4930/2405/631 4931/2407/631 4926/2408/631
f 4926/2408/622 4931/2407/622 4932/2409/622 4925/2410/622
f 4925/2410/622 4932/2409/622 4933/2411/622 4924/2412/622
f 4924/2412/622 4933/2411/622 4934/2413/622 4923/2414/622
f 4923/2414/622 4934/2413/622 4935/2415/622 4922/2416/622
f 4922/2416/622 4935/2415/622 4936/2398/622 4921/2397/622
o 平面.001
v 23.629414 -0.762829 -5.340345
v 23.095694 -0.758829 -5.473780
v 23.141708 0.700789 -5.462276
v 23.116127 0.755405 -5.468671
v 23.154142 0.542770 -5.459167
v 23.158747 0.389971 -5.458016
v 23.195686 0.230296 -5.448781
v 23.233381 0.068835 -5.439356
v 23.278721 -0.096104 -5.428021
v 23.334835 -0.259218 -5.413992
v 23.406982 -0.423787 -5.387660
v 23.525473 -0.599629 -5.366331
v 23.070440 -0.589428 -5.473643
v 23.025909 -0.414198 -5.491226
v 23.023256 -0.250305 -5.491889
v 23.017805 -0.085681 -5.493252
v 23.023052 0.076148 -5.491940
v 23.030785 0.237328 -5.490007
v 23.053368 0.394628 -5.484361
v 23.079941 0.550886 -5.477718
v 23.762856 -0.906459 -5.306984
v 23.277367 -0.677884 -5.428360
v 23.898294 0.634778 -5.273123
v 23.896612 0.695401 -5.273543
v 23.846968 0.485329 -5.285955
v 23.790564 0.343944 -5.300056
v 23.760942 0.182656 -5.307462
v 23.731302 0.019421 -5.314873
v 23.707260 -0.150212 -5.320883
v 23.693771 -0.322718 -5.324255
v 23.694170 -0.504132 -5.315861
v 23.732731 -0.713719 -5.314516
v 23.321379 -0.513286 -5.410907
v 23.350374 -0.333965 -5.410108
v 23.412958 -0.183276 -5.394461
v 23.473280 -0.030742 -5.379380
v 23.542255 0.114732 -5.362136
v 23.613241 0.258568 -5.344389
v 23.696241 0.392603 -5.323638
v 23.782471 0.524006 -5.302080
v 23.825031 -1.075909 -5.291440
v 23.457663 -0.676807 -5.383285
v 24.509691 0.301350 -5.120268
v 24.530121 0.358225 -5.115161
v 24.407879 0.182521 -5.145722
v 24.304281 0.073128 -5.171623
v 24.218306 -0.065047 -5.193118
v 24.131605 -0.205019 -5.214793
v 24.047777 -0.353084 -5.235751
v 23.972694 -0.507881 -5.254522
v 23.907120 -0.677042 -5.262622
v 23.867002 -0.885538 -5.280946
v 23.558077 -0.541693 -5.351731
v 23.650124 -0.385968 -5.335168
v 23.762827 -0.270327 -5.306991
v 23.874102 -0.152104 -5.279171
v 23.990841 -0.043763 -5.249985
v 24.108850 0.062283 -5.220482
v 24.234449 0.154609 -5.189081
v 24.362087 0.243250 -5.157171
vn 0.2425 -0.0000 -0.9701
vn 0.2368 0.0165 -0.9714
vn 0.2447 0.0062 -0.9696
vn 0.2528 -0.0219 -0.9673
vn 0.2438 0.0174 -0.9697
vn 0.2469 0.0047 -0.9690
vn 0.2432 -0.0244 -0.9697
vn 0.2500 0.0157 -0.9681
vn 0.2483 0.0027 -0.9687
vn 0.2343 -0.0229 -0.9719
vt 0.000000 0.888889
vt 1.000000 0.888889
vt 1.000000 1.000000
vt 0.000000 1.000000
vt 0.000000 0.000000
vt 1.000000 0.000000
vt 1.000000 0.111111
vt 0.000000 0.111111
vt 1.000000 0.222222
vt 0.000000 0.222222
vt 1.000000 0.333333
vt 0.000000 0.333333
vt 1.000000 0.444444
vt 0.000000 0.444444
vt 1.000000 0.555556
vt 0.000000 0.555556
vt 1.000000 0.666667
vt 0.000000 0.666667
vt 1.000000 0.777778
vt 0.000000 0.777778
s 0
usemtl マテリアル.107
f 4941/2417/632 4956/2418/632 4940/2419/632 4939/2420/632
f 4937/2421/633 4938/2422/633 4949/2423/633 4948/2424/633
f 4948/2424/634 4949/2423/634 4950/2425/634 4947/2426/634
f 4947/2426/635 4950/2425/635 4951/2427/635 4946/2428/635
f 4946/2428/632 4951/2427/632 4952/2429/632 4945/2430/632
f 4945/2430/632 4952/2429/632 4953/2431/632 4944/2432/632
f 4944/2432/632 4953/2431/632 4954/2433/632 4943/2434/632
f 4943/2434/632 4954/2433/632 4955/2435/632 4942/2436/632
f 4942/2436/632 4955/2435/632 4956/2418/632 4941/2417/632
f 4961/2417/632 4976/2418/632 4960/2419/632 4959/2420/632
f 4957/2421/636 4958/2422/636 4969/2423/636 4968/2424/636
f 4968/2424/637 4969/2423/637 4970/2425/637 4967/2426/637
f 4967/2426/638 4970/2425/638 4971/2427/638 4966/2428/638
f 4966/2428/632 4971/2427/632 4972/2429/632 4965/2430/632
f 4965/2430/632 4972/2429/632 4973/2431/632 4964/2432/632
f 4964/2432/632 4973/2431/632 4974/2433/632 4963/2434/632
f 4963/2434/632 4974/2433/632 4975/2435/632 4962/2436/632
f 4962/2436/632 4975/2435/632 4976/2418/632 4961/2417/632
f 4981/2417/632 4996/2418/632 4980/2419/632 4979/2420/632
f 4977/2421/639 4978/2422/639 4989/2423/639 4988/2424/639
f 4988/2424/640 4989/2423/640 4990/2425/640 4987/2426/640
f 4987/2426/641 4990/2425/641 4991/2427/641 4986/2428/641
f 4986/2428/632 4991/2427/632 4992/2429/632 4985/2430/632
f 4985/2430/632 4992/2429/632 4993/2431/632 4984/2432/632
f 4984/2432/632 4993/2431/632 4994/2433/632 4983/2434/632
f 4983/2434/632 4994/2433/632 4995/2435/632 4982/2436/632
f 4982/2436/632 4995/2435/632 4996/2418/632 4981/2417/632
o 平面.001
v 24.276525 -0.762829 -4.636095
v 23.742805 -0.758829 -4.769529
v 23.788818 0.700789 -4.758025
v 23.763239 0.755405 -4.764421
v 23.801254 0.542770 -4.754916
v 23.805859 0.389971 -4.753766
v 23.842798 0.230296 -4.744530
v 23.880493 0.068835 -4.735106
v 23.925833 -0.096104 -4.723771
v 23.981947 -0.259218 -4.709742
v 24.054094 -0.423787 -4.683410
v 24.172585 -0.599629 -4.662080
v 23.717552 -0.589428 -4.769393
v 23.673021 -0.414198 -4.786975
v 23.670368 -0.250305 -4.787639
v 23.664917 -0.085681 -4.789002
v 23.670164 0.076148 -4.787690
v 23.677896 0.237328 -4.785757
v 23.700480 0.394628 -4.780111
v 23.727053 0.550886 -4.773468
v 24.409967 -0.906459 -4.602734
v 23.924479 -0.677884 -4.724110
v 24.545406 0.634778 -4.568872
v 24.543724 0.695401 -4.569293
v 24.494080 0.485329 -4.581705
v 24.437675 0.343944 -4.595806
v 24.408054 0.182656 -4.603212
v 24.378414 0.019421 -4.610622
v 24.354372 -0.150212 -4.616633
v 24.340883 -0.322718 -4.620005
v 24.341282 -0.504132 -4.611611
v 24.379843 -0.713719 -4.610265
v 23.968491 -0.513286 -4.706657
v 23.997486 -0.333965 -4.705857
v 24.060070 -0.183276 -4.690211
v 24.120392 -0.030742 -4.675130
v 24.189367 0.114732 -4.657886
v 24.260353 0.258568 -4.640139
v 24.343353 0.392603 -4.619388
v 24.429583 0.524006 -4.597830
v 24.472143 -1.075909 -4.587189
v 24.104774 -0.676807 -4.679034
v 25.156803 0.301350 -4.416018
v 25.177233 0.358225 -4.410911
v 25.054991 0.182521 -4.441472
v 24.951393 0.073128 -4.467372
v 24.865417 -0.065047 -4.488867
v 24.778717 -0.205019 -4.510543
v 24.694889 -0.353084 -4.531501
v 24.619806 -0.507881 -4.550272
v 24.554232 -0.677042 -4.558372
v 24.514114 -0.885538 -4.576696
v 24.205189 -0.541693 -4.647480
v 24.297235 -0.385968 -4.630918
v 24.409939 -0.270327 -4.602741
v 24.521214 -0.152104 -4.574921
v 24.637953 -0.043763 -4.545735
v 24.755962 0.062283 -4.516232
v 24.881561 0.154609 -4.484831
v 25.009199 0.243250 -4.452920
vn 0.2425 -0.0000 -0.9701
vn 0.2368 0.0165 -0.9714
vn 0.2447 0.0062 -0.9696
vn 0.2528 -0.0219 -0.9673
vn 0.2438 0.0174 -0.9697
vn 0.2469 0.0047 -0.9690
vn 0.2432 -0.0244 -0.9697
vn 0.2500 0.0157 -0.9681
vn 0.2483 0.0027 -0.9687
vn 0.2343 -0.0229 -0.9719
vt 0.000000 0.888889
vt 1.000000 0.888889
vt 1.000000 1.000000
vt 0.000000 1.000000
vt 0.000000 0.000000
vt 1.000000 0.000000
vt 1.000000 0.111111
vt 0.000000 0.111111
vt 1.000000 0.222222
vt 0.000000 0.222222
vt 1.000000 0.333333
vt 0.000000 0.333333
vt 1.000000 0.444444
vt 0.000000 0.444444
vt 1.000000 0.555556
vt 0.000000 0.555556
vt 1.000000 0.666667
vt 0.000000 0.666667
vt 1.000000 0.777778
vt 0.000000 0.777778
s 0
usemtl マテリアル.107
f 5001/2437/642 5016/2438/642 5000/2439/642 4999/2440/642
f 4997/2441/643 4998/2442/643 5009/2443/643 5008/2444/643
f 5008/2444/644 5009/2443/644 5010/2445/644 5007/2446/644
f 5007/2446/645 5010/2445/645 5011/2447/645 5006/2448/645
f 5006/2448/642 5011/2447/642 5012/2449/642 5005/2450/642
f 5005/2450/642 5012/2449/642 5013/2451/642 5004/2452/642
f 5004/2452/642 5013/2451/642 5014/2453/642 5003/2454/642
f 5003/2454/642 5014/2453/642 5015/2455/642 5002/2456/642
f 5002/2456/642 5015/2455/642 5016/2438/642 5001/2437/642
f 5021/2437/642 5036/2438/642 5020/2439/642 5019/2440/642
f 5017/2441/646 5018/2442/646 5029/2443/646 5028/2444/646
f 5028/2444/647 5029/2443/647 5030/2445/647 5027/2446/647
f 5027/2446/648 5030/2445/648 5031/2447/648 5026/2448/648
f 5026/2448/642 5031/2447/642 5032/2449/642 5025/2450/642
f 5025/2450/642 5032/2449/642 5033/2451/642 5024/2452/642
f 5024/2452/642 5033/2451/642 5034/2453/642 5023/2454/642
f 5023/2454/642 5034/2453/642 5035/2455/642 5022/2456/642
f 5022/2456/642 5035/2455/642 5036/2438/642 5021/2437/642
f 5041/2437/642 5056/2438/642 5040/2439/642 5039/2440/642
f 5037/2441/649 5038/2442/649 5049/2443/649 5048/2444/649
f 5048/2444/650 5049/2443/650 5050/2445/650 5047/2446/650
f 5047/2446/651 5050/2445/651 5051/2447/651 5046/2448/651
f 5046/2448/642 5051/2447/642 5052/2449/642 5045/2450/642
f 5045/2450/642 5052/2449/642 5053/2451/642 5044/2452/642
f 5044/2452/642 5053/2451/642 5054/2453/642 5043/2454/642
f 5043/2454/642 5054/2453/642 5055/2455/642 5042/2456/642
f 5042/2456/642 5055/2455/642 5056/2438/642 5041/2437/642
o 平面.001
v 24.942947 -0.762829 -3.831895
v 24.409227 -0.758829 -3.965329
v 24.455242 0.700789 -3.953825
v 24.429661 0.755405 -3.960221
v 24.467676 0.542770 -3.950716
v 24.472281 0.389971 -3.949565
v 24.509220 0.230296 -3.940330
v 24.546915 0.068835 -3.930906
v 24.592255 -0.096104 -3.919570
v 24.648369 -0.259218 -3.905542
v 24.720516 -0.423787 -3.879210
v 24.839006 -0.599629 -3.857881
v 24.383974 -0.589428 -3.965193
v 24.339443 -0.414198 -3.982775
v 24.336790 -0.250305 -3.983439
v 24.331339 -0.085681 -3.984802
v 24.336586 0.076148 -3.983490
v 24.344318 0.237328 -3.981557
v 24.366901 0.394628 -3.975911
v 24.393475 0.550886 -3.969267
v 25.076389 -0.906459 -3.798533
v 24.590900 -0.677884 -3.919910
v 25.211828 0.634778 -3.764673
v 25.210146 0.695401 -3.765093
v 25.160501 0.485329 -3.777505
v 25.104097 0.343944 -3.791606
v 25.074476 0.182656 -3.799012
v 25.044836 0.019421 -3.806422
v 25.020794 -0.150212 -3.812433
v 25.007305 -0.322718 -3.815805
v 25.007704 -0.504132 -3.807411
v 25.046265 -0.713719 -3.806065
v 24.634912 -0.513286 -3.902457
v 24.663908 -0.333965 -3.901657
v 24.726492 -0.183276 -3.886011
v 24.786814 -0.030742 -3.870930
v 24.855789 0.114732 -3.853685
v 24.926775 0.258568 -3.835938
v 25.009775 0.392603 -3.815187
v 25.096004 0.524006 -3.793630
v 25.138565 -1.075909 -3.782989
v 24.771196 -0.676807 -3.874834
v 25.823225 0.301350 -3.611818
v 25.843655 0.358225 -3.606710
v 25.721413 0.182521 -3.637272
v 25.617815 0.073128 -3.663172
v 25.531839 -0.065047 -3.684667
v 25.445139 -0.205019 -3.706343
v 25.361311 -0.353084 -3.727301
v 25.286228 -0.507881 -3.746072
v 25.220654 -0.677042 -3.754172
v 25.180536 -0.885538 -3.772496
v 24.871611 -0.541693 -3.843281
v 24.963657 -0.385968 -3.826717
v 25.076361 -0.270327 -3.798541
v 25.187635 -0.152104 -3.770721
v 25.304375 -0.043763 -3.741535
v 25.422384 0.062283 -3.712032
v 25.547983 0.154609 -3.680631
v 25.675621 0.243250 -3.648721
vn 0.2425 -0.0000 -0.9701
vn 0.2368 0.0165 -0.9714
vn 0.2447 0.0062 -0.9696
vn 0.2528 -0.0219 -0.9673
vn 0.2438 0.0174 -0.9697
vn 0.2469 0.0047 -0.9690
vn 0.2432 -0.0244 -0.9697
vn 0.2500 0.0157 -0.9681
vn 0.2483 0.0027 -0.9687
vn 0.2343 -0.0229 -0.9719
vt 0.000000 0.888889
vt 1.000000 0.888889
vt 1.000000 1.000000
vt 0.000000 1.000000
vt 0.000000 0.000000
vt 1.000000 0.000000
vt 1.000000 0.111111
vt 0.000000 0.111111
vt 1.000000 0.222222
vt 0.000000 0.222222
vt 1.000000 0.333333
vt 0.000000 0.333333
vt 1.000000 0.444444
vt 0.000000 0.444444
vt 1.000000 0.555556
vt 0.000000 0.555556
vt 1.000000 0.666667
vt 0.000000 0.666667
vt 1.000000 0.777778
vt 0.000000 0.777778
s 0
usemtl マテリアル.107
f 5061/2457/652 5076/2458/652 5060/2459/652 5059/2460/652
f 5057/2461/653 5058/2462/653 5069/2463/653 5068/2464/653
f 5068/2464/654 5069/2463/654 5070/2465/654 5067/2466/654
f 5067/2466/655 5070/2465/655 5071/2467/655 5066/2468/655
f 5066/2468/652 5071/2467/652 5072/2469/652 5065/2470/652
f 5065/2470/652 5072/2469/652 5073/2471/652 5064/2472/652
f 5064/2472/652 5073/2471/652 5074/2473/652 5063/2474/652
f 5063/2474/652 5074/2473/652 5075/2475/652 5062/2476/652
f 5062/2476/652 5075/2475/652 5076/2458/652 5061/2457/652
f 5081/2457/652 5096/2458/652 5080/2459/652 5079/2460/652
f 5077/2461/656 5078/2462/656 5089/2463/656 5088/2464/656
f 5088/2464/657 5089/2463/657 5090/2465/657 5087/2466/657
f 5087/2466/658 5090/2465/658 5091/2467/658 5086/2468/658
f 5086/2468/652 5091/2467/652 5092/2469/652 5085/2470/652
f 5085/2470/652 5092/2469/652 5093/2471/652 5084/2472/652
f 5084/2472/652 5093/2471/652 5094/2473/652 5083/2474/652
f 5083/2474/652 5094/2473/652 5095/2475/652 5082/2476/652
f 5082/2476/652 5095/2475/652 5096/2458/652 5081/2457/652
f 5101/2457/652 5116/2458/652 5100/2459/652 5099/2460/652
f 5097/2461/659 5098/2462/659 5109/2463/659 5108/2464/659
f 5108/2464/660 5109/2463/660 5110/2465/660 5107/2466/660
f 5107/2466/661 5110/2465/661 5111/2467/661 5106/2468/661
f 5106/2468/652 5111/2467/652 5112/2469/652 5105/2470/652
f 5105/2470/652 5112/2469/652 5113/2471/652 5104/2472/652
f 5104/2472/652 5113/2471/652 5114/2473/652 5103/2474/652
f 5103/2474/652 5114/2473/652 5115/2475/652 5102/2476/652
f 5102/2476/652 5115/2475/652 5116/2458/652 5101/2457/652
o 平面.001
v 34.841534 -0.762829 -5.340345
v 34.307816 -0.758829 -5.473780
v 34.353828 0.700789 -5.462276
v 34.328251 0.755405 -5.468671
v 34.366264 0.542770 -5.459167
v 34.370869 0.389971 -5.458016
v 34.407806 0.230296 -5.448781
v 34.445503 0.068835 -5.439356
v 34.490845 -0.096104 -5.428021
v 34.546955 -0.259218 -5.413992
v 34.619106 -0.423787 -5.387660
v 34.737595 -0.599629 -5.366331
v 34.282562 -0.589428 -5.473643
v 34.238033 -0.414198 -5.491226
v 34.235378 -0.250305 -5.491889
v 34.229927 -0.085681 -5.493252
v 34.235172 0.076148 -5.491940
v 34.242905 0.237328 -5.490007
v 34.265491 0.394628 -5.484361
v 34.292061 0.550886 -5.477718
v 34.974979 -0.906459 -5.306984
v 34.489491 -0.677884 -5.428360
v 35.110416 0.634778 -5.273123
v 35.108734 0.695401 -5.273543
v 35.059090 0.485329 -5.285955
v 35.002686 0.343944 -5.300056
v 34.973064 0.182656 -5.307462
v 34.943424 0.019421 -5.314873
v 34.919380 -0.150212 -5.320883
v 34.905895 -0.322718 -5.324255
v 34.906292 -0.504132 -5.315861
v 34.944851 -0.713719 -5.314516
v 34.533501 -0.513286 -5.410907
v 34.562496 -0.333965 -5.410108
v 34.625080 -0.183276 -5.394461
v 34.685402 -0.030742 -5.379380
v 34.754379 0.114732 -5.362136
v 34.825363 0.258568 -5.344389
v 34.908363 0.392603 -5.323638
v 34.994591 0.524006 -5.302080
v 35.037155 -1.075909 -5.291440
v 34.669785 -0.676807 -5.383285
v 35.721813 0.301350 -5.120268
v 35.742245 0.358225 -5.115161
v 35.619999 0.182521 -5.145722
v 35.516403 0.073128 -5.171623
v 35.430428 -0.065047 -5.193118
v 35.343727 -0.205019 -5.214793
v 35.259899 -0.353084 -5.235751
v 35.184818 -0.507881 -5.254522
v 35.119240 -0.677042 -5.262622
v 35.079124 -0.885538 -5.280946
v 34.770199 -0.541693 -5.351731
v 34.862247 -0.385968 -5.335168
v 34.974949 -0.270327 -5.306991
v 35.086224 -0.152104 -5.279171
v 35.202965 -0.043763 -5.249985
v 35.320972 0.062283 -5.220482
v 35.446571 0.154609 -5.189081
v 35.574211 0.243250 -5.157171
vn 0.2425 -0.0000 -0.9701
vn 0.2368 0.0165 -0.9714
vn 0.2447 0.0062 -0.9696
vn 0.2528 -0.0219 -0.9673
vn 0.2438 0.0174 -0.9697
vn 0.2469 0.0047 -0.9690
vn 0.2432 -0.0244 -0.9697
vn 0.2500 0.0157 -0.9681
vn 0.2483 0.0027 -0.9687
vn 0.2343 -0.0229 -0.9719
vt 0.000000 0.888889
vt 1.000000 0.888889
vt 1.000000 1.000000
vt 0.000000 1.000000
vt 0.000000 0.000000
vt 1.000000 0.000000
vt 1.000000 0.111111
vt 0.000000 0.111111
vt 1.000000 0.222222
vt 0.000000 0.222222
vt 1.000000 0.333333
vt 0.000000 0.333333
vt 1.000000 0.444444
vt 0.000000 0.444444
vt 1.000000 0.555556
vt 0.000000 0.555556
vt 1.000000 0.666667
vt 0.000000 0.666667
vt 1.000000 0.777778
vt 0.000000 0.777778
s 0
usemtl マテリアル.107
f 5121/2477/662 5136/2478/662 5120/2479/662 5119/2480/662
f 5117/2481/663 5118/2482/663 5129/2483/663 5128/2484/663
f 5128/2484/664 5129/2483/664 5130/2485/664 5127/2486/664
f 5127/2486/665 5130/2485/665 5131/2487/665 5126/2488/665
f 5126/2488/662 5131/2487/662 5132/2489/662 5125/2490/662
f 5125/2490/662 5132/2489/662 5133/2491/662 5124/2492/662
f 5124/2492/662 5133/2491/662 5134/2493/662 5123/2494/662
f 5123/2494/662 5134/2493/662 5135/2495/662 5122/2496/662
f 5122/2496/662 5135/2495/662 5136/2478/662 5121/2477/662
f 5141/2477/662 5156/2478/662 5140/2479/662 5139/2480/662
f 5137/2481/666 5138/2482/666 5149/2483/666 5148/2484/666
f 5148/2484/667 5149/2483/667 5150/2485/667 5147/2486/667
f 5147/2486/668 5150/2485/668 5151/2487/668 5146/2488/668
f 5146/2488/662 5151/2487/662 5152/2489/662 5145/2490/662
f 5145/2490/662 5152/2489/662 5153/2491/662 5144/2492/662
f 5144/2492/662 5153/2491/662 5154/2493/662 5143/2494/662
f 5143/2494/662 5154/2493/662 5155/2495/662 5142/2496/662
f 5142/2496/662 5155/2495/662 5156/2478/662 5141/2477/662
f 5161/2477/662 5176/2478/662 5160/2479/662 5159/2480/662
f 5157/2481/669 5158/2482/669 5169/2483/669 5168/2484/669
f 5168/2484/670 5169/2483/670 5170/2485/670 5167/2486/670
f 5167/2486/671 5170/2485/671 5171/2487/671 5166/2488/671
f 5166/2488/662 5171/2487/662 5172/2489/662 5165/2490/662
f 5165/2490/662 5172/2489/662 5173/2491/662 5164/2492/662
f 5164/2492/662 5173/2491/662 5174/2493/662 5163/2494/662
f 5163/2494/662 5174/2493/662 5175/2495/662 5162/2496/662
f 5162/2496/662 5175/2495/662 5176/2478/662 5161/2477/662
o 平面.001
v -34.026505 -0.762829 -2.393669
v -34.560223 -0.758829 -2.527104
v -34.514210 0.700789 -2.515599
v -34.539787 0.755405 -2.521995
v -34.501774 0.542770 -2.512491
v -34.497169 0.389971 -2.511340
v -34.460232 0.230296 -2.502104
v -34.422535 0.068835 -2.492681
v -34.377193 -0.096104 -2.481345
v -34.321083 -0.259218 -2.467316
v -34.248932 -0.423787 -2.440984
v -34.130444 -0.599629 -2.419655
v -34.585476 -0.589428 -2.526968
v -34.630005 -0.414198 -2.544550
v -34.632660 -0.250305 -2.545213
v -34.638111 -0.085681 -2.546576
v -34.632866 0.076148 -2.545264
v -34.625134 0.237328 -2.543331
v -34.602547 0.394628 -2.537685
v -34.575974 0.550886 -2.531042
v -33.893059 -0.906459 -2.360308
v -34.378548 -0.677884 -2.481684
v -33.757622 0.634778 -2.326447
v -33.759304 0.695401 -2.326867
v -33.808949 0.485329 -2.339279
v -33.865353 0.343944 -2.353380
v -33.894974 0.182656 -2.360786
v -33.924614 0.019421 -2.368196
v -33.948658 -0.150212 -2.374207
v -33.962143 -0.322718 -2.377579
v -33.961746 -0.504132 -2.369185
v -33.923187 -0.713719 -2.367839
v -34.334538 -0.513286 -2.464231
v -34.305542 -0.333965 -2.463431
v -34.242958 -0.183276 -2.447785
v -34.182636 -0.030742 -2.432704
v -34.113659 0.114732 -2.415460
v -34.042675 0.258568 -2.397713
v -33.959675 0.392603 -2.376962
v -33.873447 0.524006 -2.355404
v -33.830883 -1.075909 -2.344763
v -34.198254 -0.676807 -2.436609
v -33.146225 0.301350 -2.173592
v -33.125793 0.358225 -2.168485
v -33.248039 0.182521 -2.199047
v -33.351635 0.073128 -2.224947
v -33.437611 -0.065047 -2.246441
v -33.524311 -0.205019 -2.268117
v -33.608139 -0.353084 -2.289075
v -33.683220 -0.507881 -2.307846
v -33.748798 -0.677042 -2.315946
v -33.788914 -0.885538 -2.334270
v -34.097839 -0.541693 -2.405055
v -34.005791 -0.385968 -2.388492
v -33.893089 -0.270327 -2.360315
v -33.781815 -0.152104 -2.332495
v -33.665073 -0.043763 -2.303309
v -33.547066 0.062283 -2.273806
v -33.421467 0.154609 -2.242405
v -33.293827 0.243250 -2.210495
vn 0.2425 -0.0000 -0.9701
vn 0.2368 0.0165 -0.9714
vn 0.2447 0.0062 -0.9696
vn 0.2528 -0.0219 -0.9673
vn 0.2438 0.0174 -0.9697
vn 0.2469 0.0047 -0.9690
vn 0.2432 -0.0244 -0.9697
vn 0.2500 0.0157 -0.9681
vn 0.2483 0.0027 -0.9687
vn 0.2343 -0.0229 -0.9719
vt 0.000000 0.888889
vt 1.000000 0.888889
vt 1.000000 1.000000
vt 0.000000 1.000000
vt 0.000000 0.000000
vt 1.000000 0.000000
vt 1.000000 0.111111
vt 0.000000 0.111111
vt 1.000000 0.222222
vt 0.000000 0.222222
vt 1.000000 0.333333
vt 0.000000 0.333333
vt 1.000000 0.444444
vt 0.000000 0.444444
vt 1.000000 0.555556
vt 0.000000 0.555556
vt 1.000000 0.666667
vt 0.000000 0.666667
vt 1.000000 0.777778
vt 0.000000 0.777778
s 0
usemtl マテリアル.107
f 5181/2497/672 5196/2498/672 5180/2499/672 5179/2500/672
f 5177/2501/673 5178/2502/673 5189/2503/673 5188/2504/673
f 5188/2504/674 5189/2503/674 5190/2505/674 5187/2506/674
f 5187/2506/675 5190/2505/675 5191/2507/675 5186/2508/675
f 5186/2508/672 5191/2507/672 5192/2509/672 5185/2510/672
f 5185/2510/672 5192/2509/672 5193/2511/672 5184/2512/672
f 5184/2512/672 5193/2511/672 5194/2513/672 5183/2514/672
f 5183/2514/672 5194/2513/672 5195/2515/672 5182/2516/672
f 5182/2516/672 5195/2515/672 5196/2498/672 5181/2497/672
f 5201/2497/672 5216/2498/672 5200/2499/672 5199/2500/672
f 5197/2501/676 5198/2502/676 5209/2503/676 5208/2504/676
f 5208/2504/677 5209/2503/677 5210/2505/677 5207/2506/677
f 5207/2506/678 5210/2505/678 5211/2507/678 5206/2508/678
f 5206/2508/672 5211/2507/672 5212/2509/672 5205/2510/672
f 5205/2510/672 5212/2509/672 5213/2511/672 5204/2512/672
f 5204/2512/672 5213/2511/672 5214/2513/672 5203/2514/672
f 5203/2514/672 5214/2513/672 5215/2515/672 5202/2516/672
f 5202/2516/672 5215/2515/672 5216/2498/672 5201/2497/672
f 5221/2497/672 5236/2498/672 5220/2499/672 5219/2500/672
f 5217/2501/679 5218/2502/679 5229/2503/679 5228/2504/679
f 5228/2504/680 5229/2503/680 5230/2505/680 5227/2506/680
f 5227/2506/681 5230/2505/681 5231/2507/681 5226/2508/681
f 5226/2508/672 5231/2507/672 5232/2509/672 5225/2510/672
f 5225/2510/672 5232/2509/672 5233/2511/672 5224/2512/672
f 5224/2512/672 5233/2511/672 5234/2513/672 5223/2514/672
f 5223/2514/672 5234/2513/672 5235/2515/672 5222/2516/672
f 5222/2516/672 5235/2515/672 5236/2498/672 5221/2497/672
o 平面.001
v -19.905537 -0.762829 -1.589469
v -20.439259 -0.758829 -1.722904
v -20.393244 0.700789 -1.711400
v -20.418823 0.755406 -1.717795
v -20.380808 0.542771 -1.708291
v -20.376204 0.389972 -1.707140
v -20.339264 0.230296 -1.697904
v -20.301569 0.068836 -1.688481
v -20.256229 -0.096104 -1.677145
v -20.200115 -0.259218 -1.663116
v -20.127968 -0.423787 -1.636784
v -20.009478 -0.599629 -1.615455
v -20.464510 -0.589428 -1.722768
v -20.509041 -0.414198 -1.740350
v -20.511694 -0.250305 -1.741014
v -20.517145 -0.085681 -1.742376
v -20.511898 0.076148 -1.741065
v -20.504166 0.237329 -1.739132
v -20.481583 0.394628 -1.733485
v -20.455009 0.550886 -1.726842
v -19.772095 -0.906459 -1.556108
v -20.257584 -0.677884 -1.677484
v -19.636656 0.634778 -1.522247
v -19.638338 0.695402 -1.522667
v -19.687983 0.485329 -1.535079
v -19.744387 0.343944 -1.549181
v -19.774008 0.182656 -1.556586
v -19.803648 0.019421 -1.563997
v -19.827690 -0.150212 -1.570007
v -19.841179 -0.322718 -1.573379
v -19.840780 -0.504132 -1.564986
v -19.802219 -0.713719 -1.563640
v -20.213572 -0.513286 -1.660032
v -20.184576 -0.333965 -1.659232
v -20.121992 -0.183276 -1.643585
v -20.061670 -0.030742 -1.628505
v -19.992695 0.114733 -1.611260
v -19.921709 0.258568 -1.593513
v -19.838709 0.392603 -1.572762
v -19.752480 0.524006 -1.551204
v -19.709919 -1.075909 -1.540563
v -20.077288 -0.676807 -1.632409
v -19.025259 0.301350 -1.369393
v -19.004829 0.358225 -1.364285
v -19.127071 0.182521 -1.394847
v -19.230669 0.073128 -1.420747
v -19.316645 -0.065047 -1.442242
v -19.403345 -0.205019 -1.463917
v -19.487173 -0.353083 -1.484875
v -19.562256 -0.507880 -1.503646
v -19.627831 -0.677042 -1.511746
v -19.667948 -0.885538 -1.530070
v -19.976873 -0.541693 -1.600855
v -19.884827 -0.385968 -1.584292
v -19.772123 -0.270327 -1.556115
v -19.660849 -0.152104 -1.528296
v -19.544109 -0.043763 -1.499110
v -19.426100 0.062283 -1.469606
v -19.300501 0.154609 -1.438205
v -19.172863 0.243250 -1.406295
vn 0.2425 -0.0000 -0.9701
vn 0.2368 0.0165 -0.9714
vn 0.2447 0.0062 -0.9696
vn 0.2528 -0.0219 -0.9673
vn 0.2438 0.0174 -0.9697
vn 0.2469 0.0047 -0.9690
vn 0.2432 -0.0244 -0.9697
vn 0.2500 0.0157 -0.9681
vn 0.2483 0.0027 -0.9687
vn 0.2343 -0.0229 -0.9719
vt 0.000000 0.888889
vt 1.000000 0.888889
vt 1.000000 1.000000
vt 0.000000 1.000000
vt 0.000000 0.000000
vt 1.000000 0.000000
vt 1.000000 0.111111
vt 0.000000 0.111111
vt 1.000000 0.222222
vt 0.000000 0.222222
vt 1.000000 0.333333
vt 0.000000 0.333333
vt 1.000000 0.444444
vt 0.000000 0.444444
vt 1.000000 0.555556
vt 0.000000 0.555556
vt 1.000000 0.666667
vt 0.000000 0.666667
vt 1.000000 0.777778
vt 0.000000 0.777778
s 0
usemtl マテリアル.107
f 5241/2517/682 5256/2518/682 5240/2519/682 5239/2520/682
f 5237/2521/683 5238/2522/683 5249/2523/683 5248/2524/683
f 5248/2524/684 5249/2523/684 5250/2525/684 5247/2526/684
f 5247/2526/685 5250/2525/685 5251/2527/685 5246/2528/685
f 5246/2528/682 5251/2527/682 5252/2529/682 5245/2530/682
f 5245/2530/682 5252/2529/682 5253/2531/682 5244/2532/682
f 5244/2532/682 5253/2531/682 5254/2533/682 5243/2534/682
f 5243/2534/682 5254/2533/682 5255/2535/682 5242/2536/682
f 5242/2536/682 5255/2535/682 5256/2518/682 5241/2517/682
f 5261/2517/682 5276/2518/682 5260/2519/682 5259/2520/682
f 5257/2521/686 5258/2522/686 5269/2523/686 5268/2524/686
f 5268/2524/687 5269/2523/687 5270/2525/687 5267/2526/687
f 5267/2526/688 5270/2525/688 5271/2527/688 5266/2528/688
f 5266/2528/682 5271/2527/682 5272/2529/682 5265/2530/682
f 5265/2530/682 5272/2529/682 5273/2531/682 5264/2532/682
f 5264/2532/682 5273/2531/682 5274/2533/682 5263/2534/682
f 5263/2534/682 5274/2533/682 5275/2535/682 5262/2536/682
f 5262/2536/682 5275/2535/682 5276/2518/682 5261/2517/682
f 5281/2517/682 5296/2518/682 5280/2519/682 5279/2520/682
f 5277/2521/689 5278/2522/689 5289/2523/689 5288/2524/689
f 5288/2524/690 5289/2523/690 5290/2525/690 5287/2526/690
f 5287/2526/691 5290/2525/691 5291/2527/691 5286/2528/691
f 5286/2528/682 5291/2527/682 5292/2529/682 5285/2530/682
f 5285/2530/682 5292/2529/682 5293/2531/682 5284/2532/682
f 5284/2532/682 5293/2531/682 5294/2533/682 5283/2534/682
f 5283/2534/682 5294/2533/682 5295/2535/682 5282/2536/682
f 5282/2536/682 5295/2535/682 5296/2518/682 5281/2517/682
o 平面.001
v 23.629414 -0.762829 -3.097921
v 23.095694 -0.758829 -3.231355
v 23.141708 0.700789 -3.219851
v 23.116127 0.755405 -3.226247
v 23.154142 0.542770 -3.216742
v 23.158747 0.389971 -3.215591
v 23.195686 0.230296 -3.206356
v 23.233381 0.068835 -3.196932
v 23.278721 -0.096104 -3.185596
v 23.334835 -0.259218 -3.171568
v 23.406982 -0.423787 -3.145236
v 23.525473 -0.599629 -3.123907
v 23.070440 -0.589428 -3.231219
v 23.025909 -0.414198 -3.248801
v 23.023256 -0.250305 -3.249465
v 23.017805 -0.085681 -3.250828
v 23.023052 0.076148 -3.249516
v 23.030785 0.237328 -3.247583
v 23.053368 0.394628 -3.241937
v 23.079941 0.550886 -3.235293
v 23.762856 -0.906459 -3.064559
v 23.277367 -0.677884 -3.185936
v 23.898294 0.634778 -3.030699
v 23.896612 0.695401 -3.031119
v 23.846968 0.485329 -3.043531
v 23.790564 0.343944 -3.057632
v 23.760942 0.182656 -3.065038
v 23.731302 0.019421 -3.072448
v 23.707260 -0.150212 -3.078459
v 23.693771 -0.322718 -3.081831
v 23.694170 -0.504132 -3.073437
v 23.732731 -0.713719 -3.072091
v 23.321379 -0.513286 -3.168483
v 23.350374 -0.333965 -3.167683
v 23.412958 -0.183276 -3.152037
v 23.473280 -0.030742 -3.136956
v 23.542255 0.114732 -3.119711
v 23.613241 0.258568 -3.101964
v 23.696241 0.392603 -3.081213
v 23.782471 0.524006 -3.059656
v 23.825031 -1.075909 -3.049015
v 23.457663 -0.676807 -3.140860
v 24.509691 0.301350 -2.877844
v 24.530121 0.358225 -2.872736
v 24.407879 0.182521 -2.903298
v 24.304281 0.073128 -2.929199
v 24.218306 -0.065047 -2.950693
v 24.131605 -0.205019 -2.972369
v 24.047777 -0.353084 -2.993327
v 23.972694 -0.507881 -3.012098
v 23.907120 -0.677042 -3.020198
v 23.867002 -0.885538 -3.038522
v 23.558077 -0.541693 -3.109307
v 23.650124 -0.385968 -3.092743
v 23.762827 -0.270327 -3.064567
v 23.874102 -0.152104 -3.036747
v 23.990841 -0.043763 -3.007561
v 24.108850 0.062283 -2.978058
v 24.234449 0.154609 -2.946657
v 24.362087 0.243250 -2.914747
vn 0.2425 -0.0000 -0.9701
vn 0.2368 0.0165 -0.9714
vn 0.2447 0.0062 -0.9696
vn 0.2528 -0.0219 -0.9673
vn 0.2438 0.0174 -0.9697
vn 0.2469 0.0047 -0.9690
vn 0.2432 -0.0244 -0.9697
vn 0.2500 0.0157 -0.9681
vn 0.2483 0.0027 -0.9687
vn 0.2343 -0.0229 -0.9719
vt 0.000000 0.888889
vt 1.000000 0.888889
vt 1.000000 1.000000
vt 0.000000 1.000000
vt 0.000000 0.000000
vt 1.000000 0.000000
vt 1.000000 0.111111
vt 0.000000 0.111111
vt 1.000000 0.222222
vt 0.000000 0.222222
vt 1.000000 0.333333
vt 0.000000 0.333333
vt 1.000000 0.444444
vt 0.000000 0.444444
vt 1.000000 0.555556
vt 0.000000 0.555556
vt 1.000000 0.666667
vt 0.000000 0.666667
vt 1.000000 0.777778
vt 0.000000 0.777778
s 0
usemtl マテリアル.107
f 5301/2537/692 5316/2538/692 5300/2539/692 5299/2540/692
f 5297/2541/693 5298/2542/693 5309/2543/693 5308/2544/693
f 5308/2544/694 5309/2543/694 5310/2545/694 5307/2546/694
f 5307/2546/695 5310/2545/695 5311/2547/695 5306/2548/695
f 5306/2548/692 5311/2547/692 5312/2549/692 5305/2550/692
f 5305/2550/692 5312/2549/692 5313/2551/692 5304/2552/692
f 5304/2552/692 5313/2551/692 5314/2553/692 5303/2554/692
f 5303/2554/692 5314/2553/692 5315/2555/692 5302/2556/692
f 5302/2556/692 5315/2555/692 5316/2538/692 5301/2537/692
f 5321/2537/692 5336/2538/692 5320/2539/692 5319/2540/692
f 5317/2541/696 5318/2542/696 5329/2543/696 5328/2544/696
f 5328/2544/697 5329/2543/697 5330/2545/697 5327/2546/697
f 5327/2546/698 5330/2545/698 5331/2547/698 5326/2548/698
f 5326/2548/692 5331/2547/692 5332/2549/692 5325/2550/692
f 5325/2550/692 5332/2549/692 5333/2551/692 5324/2552/692
f 5324/2552/692 5333/2551/692 5334/2553/692 5323/2554/692
f 5323/2554/692 5334/2553/692 5335/2555/692 5322/2556/692
f 5322/2556/692 5335/2555/692 5336/2538/692 5321/2537/692
f 5341/2537/692 5356/2538/692 5340/2539/692 5339/2540/692
f 5337/2541/699 5338/2542/699 5349/2543/699 5348/2544/699
f 5348/2544/700 5349/2543/700 5350/2545/700 5347/2546/700
f 5347/2546/701 5350/2545/701 5351/2547/701 5346/2548/701
f 5346/2548/692 5351/2547/692 5352/2549/692 5345/2550/692
f 5345/2550/692 5352/2549/692 5353/2551/692 5344/2552/692
f 5344/2552/692 5353/2551/692 5354/2553/692 5343/2554/692
f 5343/2554/692 5354/2553/692 5355/2555/692 5342/2556/692
f 5342/2556/692 5355/2555/692 5356/2538/692 5341/2537/692
o 平面.001
v 31.003796 -0.762829 -2.393670
v 30.470076 -0.758829 -2.527105
v 30.516090 0.700789 -2.515601
v 30.490509 0.755405 -2.521996
v 30.528524 0.542770 -2.512492
v 30.533129 0.389971 -2.511341
v 30.570068 0.230296 -2.502106
v 30.607763 0.068835 -2.492682
v 30.653103 -0.096104 -2.481346
v 30.709217 -0.259218 -2.467317
v 30.781364 -0.423787 -2.440985
v 30.899855 -0.599629 -2.419656
v 30.444822 -0.589428 -2.526969
v 30.400291 -0.414198 -2.544551
v 30.397638 -0.250305 -2.545215
v 30.392187 -0.085681 -2.546578
v 30.397434 0.076148 -2.545266
v 30.405167 0.237328 -2.543333
v 30.427750 0.394628 -2.537687
v 30.454323 0.550886 -2.531043
v 31.137238 -0.906459 -2.360309
v 30.651749 -0.677884 -2.481686
v 31.272676 0.634778 -2.326448
v 31.270994 0.695401 -2.326869
v 31.221350 0.485329 -2.339280
v 31.164946 0.343944 -2.353382
v 31.135324 0.182656 -2.360787
v 31.105684 0.019421 -2.368198
v 31.081642 -0.150212 -2.374209
v 31.068153 -0.322718 -2.377581
v 31.068552 -0.504132 -2.369187
v 31.107113 -0.713719 -2.367841
v 30.695761 -0.513286 -2.464233
v 30.724756 -0.333965 -2.463433
v 30.787340 -0.183276 -2.447787
v 30.847662 -0.030742 -2.432706
v 30.916637 0.114732 -2.415461
v 30.987623 0.258568 -2.397714
v 31.070623 0.392603 -2.376963
v 31.156853 0.524006 -2.355406
v 31.199413 -1.075909 -2.344765
v 30.832045 -0.676807 -2.436610
v 31.884073 0.301350 -2.173594
v 31.904503 0.358225 -2.168486
v 31.782261 0.182521 -2.199048
v 31.678663 0.073128 -2.224948
v 31.592688 -0.065047 -2.246443
v 31.505987 -0.205019 -2.268119
v 31.422159 -0.353084 -2.289077
v 31.347076 -0.507881 -2.307847
v 31.281502 -0.677042 -2.315948
v 31.241385 -0.885538 -2.334272
v 30.932459 -0.541693 -2.405056
v 31.024506 -0.385968 -2.388493
v 31.137209 -0.270327 -2.360317
v 31.248484 -0.152104 -2.332497
v 31.365223 -0.043763 -2.303311
v 31.483232 0.062283 -2.273807
v 31.608831 0.154609 -2.242407
v 31.736469 0.243250 -2.210496
vn 0.2425 -0.0000 -0.9701
vn 0.2368 0.0165 -0.9714
vn 0.2447 0.0062 -0.9696
vn 0.2528 -0.0219 -0.9673
vn 0.2438 0.0174 -0.9697
vn 0.2469 0.0047 -0.9690
vn 0.2432 -0.0244 -0.9697
vn 0.2500 0.0157 -0.9681
vn 0.2483 0.0027 -0.9687
vn 0.2343 -0.0229 -0.9719
vt 0.000000 0.888889
vt 1.000000 0.888889
vt 1.000000 1.000000
vt 0.000000 1.000000
vt 0.000000 0.000000
vt 1.000000 0.000000
vt 1.000000 0.111111
vt 0.000000 0.111111
vt 1.000000 0.222222
vt 0.000000 0.222222
vt 1.000000 0.333333
vt 0.000000 0.333333
vt 1.000000 0.444444
vt 0.000000 0.444444
vt 1.000000 0.555556
vt 0.000000 0.555556
vt 1.000000 0.666667
vt 0.000000 0.666667
vt 1.000000 0.777778
vt 0.000000 0.777778
s 0
usemtl マテリアル.107
f 5361/2557/702 5376/2558/702 5360/2559/702 5359/2560/702
f 5357/2561/703 5358/2562/703 5369/2563/703 5368/2564/703
f 5368/2564/704 5369/2563/704 5370/2565/704 5367/2566/704
f 5367/2566/705 5370/2565/705 5371/2567/705 5366/2568/705
f 5366/2568/702 5371/2567/702 5372/2569/702 5365/2570/702
f 5365/2570/702 5372/2569/702 5373/2571/702 5364/2572/702
f 5364/2572/702 5373/2571/702 5374/2573/702 5363/2574/702
f 5363/2574/702 5374/2573/702 5375/2575/702 5362/2576/702
f 5362/2576/702 5375/2575/702 5376/2558/702 5361/2557/702
f 5381/2557/702 5396/2558/702 5380/2559/702 5379/2560/702
f 5377/2561/706 5378/2562/706 5389/2563/706 5388/2564/706
f 5388/2564/707 5389/2563/707 5390/2565/707 5387/2566/707
f 5387/2566/708 5390/2565/708 5391/2567/708 5386/2568/708
f 5386/2568/702 5391/2567/702 5392/2569/702 5385/2570/702
f 5385/2570/702 5392/2569/702 5393/2571/702 5384/2572/702
f 5384/2572/702 5393/2571/702 5394/2573/702 5383/2574/702
f 5383/2574/702 5394/2573/702 5395/2575/702 5382/2576/702
f 5382/2576/702 5395/2575/702 5396/2558/702 5381/2557/702
f 5401/2557/702 5416/2558/702 5400/2559/702 5399/2560/702
f 5397/2561/709 5398/2562/709 5409/2563/709 5408/2564/709
f 5408/2564/710 5409/2563/710 5410/2565/710 5407/2566/710
f 5407/2566/711 5410/2565/711 5411/2567/711 5406/2568/711
f 5406/2568/702 5411/2567/702 5412/2569/702 5405/2570/702
f 5405/2570/702 5412/2569/702 5413/2571/702 5404/2572/702
f 5404/2572/702 5413/2571/702 5414/2573/702 5403/2574/702
f 5403/2574/702 5414/2573/702 5415/2575/702 5402/2576/702
f 5402/2576/702 5415/2575/702 5416/2558/702 5401/2557/702
o 平面.001
v -31.117661 -0.762829 0.652955
v -31.651382 -0.758829 0.519521
v -31.605368 0.700789 0.531025
v -31.630947 0.755406 0.524630
v -31.592932 0.542771 0.534134
v -31.588327 0.389972 0.535285
v -31.551388 0.230296 0.544520
v -31.513693 0.068836 0.553944
v -31.468353 -0.096104 0.565280
v -31.412239 -0.259218 0.579308
v -31.340092 -0.423787 0.605640
v -31.221601 -0.599629 0.626970
v -31.676634 -0.589428 0.519657
v -31.721165 -0.414198 0.502075
v -31.723818 -0.250305 0.501411
v -31.729269 -0.085681 0.500048
v -31.724022 0.076148 0.501360
v -31.716290 0.237329 0.503293
v -31.693707 0.394628 0.508939
v -31.667133 0.550886 0.515583
v -30.984219 -0.906459 0.686317
v -31.469707 -0.677884 0.564940
v -30.848780 0.634778 0.720178
v -30.850462 0.695402 0.719757
v -30.900106 0.485329 0.707345
v -30.956511 0.343944 0.693244
v -30.986132 0.182656 0.685838
v -31.015772 0.019421 0.678428
v -31.039814 -0.150212 0.672417
v -31.053303 -0.322718 0.669045
v -31.052904 -0.504132 0.677439
v -31.014343 -0.713719 0.678785
v -31.425695 -0.513286 0.582393
v -31.396700 -0.333965 0.583193
v -31.334116 -0.183276 0.598839
v -31.273794 -0.030742 0.613920
v -31.204819 0.114733 0.631165
v -31.133833 0.258568 0.648912
v -31.050833 0.392603 0.669663
v -30.964603 0.524006 0.691220
v -30.922043 -1.075909 0.701861
v -31.289412 -0.676807 0.610016
v -30.237383 0.301350 0.873032
v -30.216953 0.358225 0.878140
v -30.339195 0.182521 0.847578
v -30.442793 0.073128 0.821678
v -30.528769 -0.065047 0.800183
v -30.615469 -0.205019 0.778507
v -30.699297 -0.353083 0.757549
v -30.774380 -0.507880 0.738778
v -30.839954 -0.677042 0.730678
v -30.880072 -0.885538 0.712354
v -31.188997 -0.541693 0.641569
v -31.096951 -0.385968 0.658133
v -30.984247 -0.270327 0.686309
v -30.872972 -0.152104 0.714129
v -30.756233 -0.043763 0.743315
v -30.638224 0.062283 0.772818
v -30.512625 0.154609 0.804219
v -30.384987 0.243250 0.836130
vn 0.2425 -0.0000 -0.9701
vn 0.2368 0.0165 -0.9714
vn 0.2447 0.0062 -0.9696
vn 0.2528 -0.0219 -0.9673
vn 0.2438 0.0174 -0.9697
vn 0.2469 0.0047 -0.9690
vn 0.2432 -0.0244 -0.9697
vn 0.2500 0.0157 -0.9681
vn 0.2483 0.0027 -0.9687
vn 0.2343 -0.0229 -0.9719
vt 0.000000 0.888889
vt 1.000000 0.888889
vt 1.000000 1.000000
vt 0.000000 1.000000
vt 0.000000 0.000000
vt 1.000000 0.000000
vt 1.000000 0.111111
vt 0.000000 0.111111
vt 1.000000 0.222222
vt 0.000000 0.222222
vt 1.000000 0.333333
vt 0.000000 0.333333
vt 1.000000 0.444444
vt 0.000000 0.444444
vt 1.000000 0.555556
vt 0.000000 0.555556
vt 1.000000 0.666667
vt 0.000000 0.666667
vt 1.000000 0.777778
vt 0.000000 0.777778
s 0
usemtl マテリアル.107
f 5421/2577/712 5436/2578/712 5420/2579/712 5419/2580/712
f 5417/2581/713 5418/2582/713 5429/2583/713 5428/2584/713
f 5428/2584/714 5429/2583/714 5430/2585/714 5427/2586/714
f 5427/2586/715 5430/2585/715 5431/2587/715 5426/2588/715
f 5426/2588/712 5431/2587/712 5432/2589/712 5425/2590/712
f 5425/2590/712 5432/2589/712 5433/2591/712 5424/2592/712
f 5424/2592/712 5433/2591/712 5434/2593/712 5423/2594/712
f 5423/2594/712 5434/2593/712 5435/2595/712 5422/2596/712
f 5422/2596/712 5435/2595/712 5436/2578/712 5421/2577/712
f 5441/2577/712 5456/2578/712 5440/2579/712 5439/2580/712
f 5437/2581/716 5438/2582/716 5449/2583/716 5448/2584/716
f 5448/2584/717 5449/2583/717 5450/2585/717 5447/2586/717
f 5447/2586/718 5450/2585/718 5451/2587/718 5446/2588/718
f 5446/2588/712 5451/2587/712 5452/2589/712 5445/2590/712
f 5445/2590/712 5452/2589/712 5453/2591/712 5444/2592/712
f 5444/2592/712 5453/2591/712 5454/2593/712 5443/2594/712
f 5443/2594/712 5454/2593/712 5455/2595/712 5442/2596/712
f 5442/2596/712 5455/2595/712 5456/2578/712 5441/2577/712
f 5461/2577/712 5476/2578/712 5460/2579/712 5459/2580/712
f 5457/2581/719 5458/2582/719 5469/2583/719 5468/2584/719
f 5468/2584/720 5469/2583/720 5470/2585/720 5467/2586/720
f 5467/2586/721 5470/2585/721 5471/2587/721 5466/2588/721
f 5466/2588/712 5471/2587/712 5472/2589/712 5465/2590/712
f 5465/2590/712 5472/2589/712 5473/2591/712 5464/2592/712
f 5464/2592/712 5473/2591/712 5474/2593/712 5463/2594/712
f 5463/2594/712 5474/2593/712 5475/2595/712 5462/2596/712
f 5462/2596/712 5475/2595/712 5476/2578/712 5461/2577/712
o 平面.001
v -30.188770 -0.762829 -0.855495
v -30.722492 -0.758829 -0.988930
v -30.676477 0.700789 -0.977426
v -30.702057 0.755406 -0.983821
v -30.664042 0.542771 -0.974317
v -30.659437 0.389972 -0.973166
v -30.622498 0.230296 -0.963931
v -30.584803 0.068836 -0.954507
v -30.539463 -0.096104 -0.943171
v -30.483349 -0.259218 -0.929142
v -30.411201 -0.423787 -0.902810
v -30.292711 -0.599629 -0.881481
v -30.747744 -0.589428 -0.988794
v -30.792274 -0.414198 -1.006376
v -30.794928 -0.250305 -1.007040
v -30.800379 -0.085681 -1.008403
v -30.795132 0.076148 -1.007091
v -30.787399 0.237329 -1.005158
v -30.764816 0.394628 -0.999512
v -30.738243 0.550886 -0.992868
v -30.055328 -0.906459 -0.822134
v -30.540817 -0.677884 -0.943511
v -29.919889 0.634778 -0.788273
v -29.921572 0.695402 -0.788694
v -29.971216 0.485329 -0.801105
v -30.027620 0.343944 -0.815207
v -30.057241 0.182656 -0.822612
v -30.086882 0.019421 -0.830023
v -30.110924 -0.150212 -0.836034
v -30.124413 -0.322718 -0.839406
v -30.124014 -0.504132 -0.831012
v -30.085453 -0.713719 -0.829666
v -30.496805 -0.513286 -0.926058
v -30.467810 -0.333965 -0.925258
v -30.405226 -0.183276 -0.909611
v -30.344904 -0.030742 -0.894531
v -30.275928 0.114733 -0.877286
v -30.204943 0.258568 -0.859539
v -30.121943 0.392603 -0.838788
v -30.035713 0.524006 -0.817230
v -29.993153 -1.075909 -0.806590
v -30.360521 -0.676807 -0.898435
v -29.308493 0.301350 -0.635419
v -29.288063 0.358225 -0.630311
v -29.410305 0.182521 -0.660873
v -29.513903 0.073128 -0.686773
v -29.599878 -0.065047 -0.708268
v -29.686579 -0.205019 -0.729944
v -29.770407 -0.353083 -0.750901
v -29.845490 -0.507880 -0.769672
v -29.911064 -0.677042 -0.777773
v -29.951181 -0.885538 -0.796097
v -30.260107 -0.541693 -0.866881
v -30.168060 -0.385968 -0.850318
v -30.055357 -0.270327 -0.822141
v -29.944082 -0.152104 -0.794322
v -29.827343 -0.043763 -0.765136
v -29.709333 0.062283 -0.735632
v -29.583735 0.154609 -0.704231
v -29.456097 0.243250 -0.672321
vn 0.2425 -0.0000 -0.9701
vn 0.2368 0.0165 -0.9714
vn 0.2447 0.0062 -0.9696
vn 0.2528 -0.0219 -0.9673
vn 0.2438 0.0174 -0.9697
vn 0.2469 0.0047 -0.9690
vn 0.2432 -0.0244 -0.9697
vn 0.2500 0.0157 -0.9681
vn 0.2483 0.0027 -0.9687
vn 0.2343 -0.0229 -0.9719
vt 0.000000 0.888889
vt 1.000000 0.888889
vt 1.000000 1.000000
vt 0.000000 1.000000
vt 0.000000 0.000000
vt 1.000000 0.000000
vt 1.000000 0.111111
vt 0.000000 0.111111
vt 1.000000 0.222222
vt 0.000000 0.222222
vt 1.000000 0.333333
vt 0.000000 0.333333
vt 1.000000 0.444444
vt 0.000000 0.444444
vt 1.000000 0.555556
vt 0.000000 0.555556
vt 1.000000 0.666667
vt 0.000000 0.666667
vt 1.000000 0.777778
vt 0.000000 0.777778
s 0
usemtl マテリアル.107
f 5481/2597/722 5496/2598/722 5480/2599/722 5479/2600/722
f 5477/2601/723 5478/2602/723 5489/2603/723 5488/2604/723
f 5488/2604/724 5489/2603/724 5490/2605/724 5487/2606/724
f 5487/2606/725 5490/2605/725 5491/2607/725 5486/2608/725
f 5486/2608/722 5491/2607/722 5492/2609/722 5485/2610/722
f 5485/2610/722 5492/2609/722 5493/2611/722 5484/2612/722
f 5484/2612/722 5493/2611/722 5494/2613/722 5483/2614/722
f 5483/2614/722 5494/2613/722 5495/2615/722 5482/2616/722
f 5482/2616/722 5495/2615/722 5496/2598/722 5481/2597/722
f 5501/2597/722 5516/2598/722 5500/2599/722 5499/2600/722
f 5497/2601/726 5498/2602/726 5509/2603/726 5508/2604/726
f 5508/2604/727 5509/2603/727 5510/2605/727 5507/2606/727
f 5507/2606/728 5510/2605/728 5511/2607/728 5506/2608/728
f 5506/2608/722 5511/2607/722 5512/2609/722 5505/2610/722
f 5505/2610/722 5512/2609/722 5513/2611/722 5504/2612/722
f 5504/2612/722 5513/2611/722 5514/2613/722 5503/2614/722
f 5503/2614/722 5514/2613/722 5515/2615/722 5502/2616/722
f 5502/2616/722 5515/2615/722 5516/2598/722 5501/2597/722
f 5521/2597/722 5536/2598/722 5520/2599/722 5519/2600/722
f 5517/2601/729 5518/2602/729 5529/2603/729 5528/2604/729
f 5528/2604/730 5529/2603/730 5530/2605/730 5527/2606/730
f 5527/2606/731 5530/2605/731 5531/2607/731 5526/2608/731
f 5526/2608/722 5531/2607/722 5532/2609/722 5525/2610/722
f 5525/2610/722 5532/2609/722 5533/2611/722 5524/2612/722
f 5524/2612/722 5533/2611/722 5534/2613/722 5523/2614/722
f 5523/2614/722 5534/2613/722 5535/2615/722 5522/2616/722
f 5522/2616/722 5535/2615/722 5536/2598/722 5521/2597/722
o 平面.001
v -22.814383 -0.762829 -0.151245
v -23.348104 -0.758829 -0.284680
v -23.302090 0.700789 -0.273176
v -23.327669 0.755406 -0.279571
v -23.289654 0.542771 -0.270067
v -23.285049 0.389972 -0.268916
v -23.248110 0.230296 -0.259680
v -23.210415 0.068836 -0.250257
v -23.165075 -0.096104 -0.238921
v -23.108961 -0.259218 -0.224892
v -23.036814 -0.423787 -0.198560
v -22.918324 -0.599629 -0.177231
v -23.373356 -0.589428 -0.284544
v -23.417887 -0.414198 -0.302126
v -23.420540 -0.250305 -0.302790
v -23.425991 -0.085681 -0.304152
v -23.420744 0.076148 -0.302841
v -23.413012 0.237329 -0.300907
v -23.390429 0.394628 -0.295261
v -23.363855 0.550886 -0.288618
v -22.680941 -0.906459 -0.117884
v -23.166430 -0.677884 -0.239260
v -22.545502 0.634778 -0.084023
v -22.547184 0.695402 -0.084443
v -22.596828 0.485329 -0.096855
v -22.653233 0.343944 -0.110957
v -22.682854 0.182656 -0.118362
v -22.712494 0.019421 -0.125773
v -22.736536 -0.150212 -0.131783
v -22.750025 -0.322718 -0.135155
v -22.749626 -0.504132 -0.126762
v -22.711065 -0.713719 -0.125416
v -23.122417 -0.513286 -0.221808
v -23.093422 -0.333965 -0.221008
v -23.030838 -0.183276 -0.205361
v -22.970516 -0.030742 -0.190280
v -22.901541 0.114733 -0.173036
v -22.830555 0.258568 -0.155289
v -22.747555 0.392603 -0.134538
v -22.661325 0.524006 -0.112980
v -22.618765 -1.075909 -0.102339
v -22.986134 -0.676807 -0.194185
v -21.934105 0.301350 0.068832
v -21.913675 0.358225 0.073939
v -22.035917 0.182521 0.043377
v -22.139515 0.073128 0.017477
v -22.225491 -0.065047 -0.004018
v -22.312191 -0.205019 -0.025693
v -22.396019 -0.353083 -0.046651
v -22.471102 -0.507880 -0.065422
v -22.536676 -0.677042 -0.073522
v -22.576794 -0.885538 -0.091846
v -22.885719 -0.541693 -0.162631
v -22.793673 -0.385968 -0.146068
v -22.680969 -0.270327 -0.117891
v -22.569695 -0.152104 -0.090072
v -22.452955 -0.043763 -0.060886
v -22.334946 0.062283 -0.031382
v -22.209347 0.154609 0.000019
v -22.081709 0.243250 0.031929
vn 0.2425 -0.0000 -0.9701
vn 0.2368 0.0165 -0.9714
vn 0.2447 0.0062 -0.9696
vn 0.2528 -0.0219 -0.9673
vn 0.2438 0.0174 -0.9697
vn 0.2469 0.0047 -0.9690
vn 0.2432 -0.0244 -0.9697
vn 0.2500 0.0157 -0.9681
vn 0.2483 0.0027 -0.9687
vn 0.2343 -0.0229 -0.9719
vt 0.000000 0.888889
vt 1.000000 0.888889
vt 1.000000 1.000000
vt 0.000000 1.000000
vt 0.000000 0.000000
vt 1.000000 0.000000
vt 1.000000 0.111111
vt 0.000000 0.111111
vt 1.000000 0.222222
vt 0.000000 0.222222
vt 1.000000 0.333333
vt 0.000000 0.333333
vt 1.000000 0.444444
vt 0.000000 0.444444
vt 1.000000 0.555556
vt 0.000000 0.555556
vt 1.000000 0.666667
vt 0.000000 0.666667
vt 1.000000 0.777778
vt 0.000000 0.777778
s 0
usemtl マテリアル.107
f 5541/2617/732 5556/2618/732 5540/2619/732 5539/2620/732
f 5537/2621/733 5538/2622/733 5549/2623/733 5548/2624/733
f 5548/2624/734 5549/2623/734 5550/2625/734 5547/2626/734
f 5547/2626/735 5550/2625/735 5551/2627/735 5546/2628/735
f 5546/2628/732 5551/2627/732 5552/2629/732 5545/2630/732
f 5545/2630/732 5552/2629/732 5553/2631/732 5544/2632/732
f 5544/2632/732 5553/2631/732 5554/2633/732 5543/2634/732
f 5543/2634/732 5554/2633/732 5555/2635/732 5542/2636/732
f 5542/2636/732 5555/2635/732 5556/2618/732 5541/2617/732
f 5561/2617/732 5576/2618/732 5560/2619/732 5559/2620/732
f 5557/2621/736 5558/2622/736 5569/2623/736 5568/2624/736
f 5568/2624/737 5569/2623/737 5570/2625/737 5567/2626/737
f 5567/2626/738 5570/2625/738 5571/2627/738 5566/2628/738
f 5566/2628/732 5571/2627/732 5572/2629/732 5565/2630/732
f 5565/2630/732 5572/2629/732 5573/2631/732 5564/2632/732
f 5564/2632/732 5573/2631/732 5574/2633/732 5563/2634/732
f 5563/2634/732 5574/2633/732 5575/2635/732 5562/2636/732
f 5562/2636/732 5575/2635/732 5576/2618/732 5561/2617/732
f 5581/2617/732 5596/2618/732 5580/2619/732 5579/2620/732
f 5577/2621/739 5578/2622/739 5589/2623/739 5588/2624/739
f 5588/2624/740 5589/2623/740 5590/2625/740 5587/2626/740
f 5587/2626/741 5590/2625/741 5591/2627/741 5586/2628/741
f 5586/2628/732 5591/2627/732 5592/2629/732 5585/2630/732
f 5585/2630/732 5592/2629/732 5593/2631/732 5584/2632/732
f 5584/2632/732 5593/2631/732 5594/2633/732 5583/2634/732
f 5583/2634/732 5594/2633/732 5595/2635/732 5582/2636/732
f 5582/2636/732 5595/2635/732 5596/2618/732 5581/2617/732
o 平面.001
v -17.663115 -0.762829 0.652955
v -18.196836 -0.758829 0.519521
v -18.150822 0.700789 0.531025
v -18.176401 0.755406 0.524629
v -18.138386 0.542771 0.534134
v -18.133781 0.389972 0.535284
v -18.096842 0.230296 0.544520
v -18.059147 0.068836 0.553944
v -18.013807 -0.096104 0.565279
v -17.957693 -0.259218 0.579308
v -17.885546 -0.423787 0.605640
v -17.767056 -0.599629 0.626969
v -18.222088 -0.589428 0.519657
v -18.266619 -0.414198 0.502074
v -18.269272 -0.250305 0.501411
v -18.274723 -0.085681 0.500048
v -18.269476 0.076148 0.501360
v -18.261744 0.237329 0.503293
v -18.239161 0.394628 0.508939
v -18.212587 0.550886 0.515582
v -17.529673 -0.906459 0.686316
v -18.015162 -0.677884 0.564940
v -17.394234 0.634778 0.720177
v -17.395916 0.695402 0.719757
v -17.445560 0.485329 0.707345
v -17.501965 0.343944 0.693244
v -17.531586 0.182656 0.685838
v -17.561226 0.019421 0.678428
v -17.585268 -0.150212 0.672417
v -17.598757 -0.322718 0.669045
v -17.598358 -0.504132 0.677439
v -17.559797 -0.713719 0.678785
v -17.971149 -0.513286 0.582393
v -17.942154 -0.333965 0.583193
v -17.879570 -0.183276 0.598839
v -17.819248 -0.030742 0.613920
v -17.750273 0.114733 0.631164
v -17.679287 0.258568 0.648911
v -17.596287 0.392603 0.669662
v -17.510057 0.524006 0.691220
v -17.467497 -1.075909 0.701861
v -17.834866 -0.676807 0.610015
v -16.782837 0.301350 0.873032
v -16.762407 0.358225 0.878139
v -16.884649 0.182521 0.847578
v -16.988247 0.073128 0.821677
v -17.074223 -0.065047 0.800183
v -17.160923 -0.205019 0.778507
v -17.244751 -0.353083 0.757549
v -17.319834 -0.507880 0.738778
v -17.385408 -0.677042 0.730678
v -17.425526 -0.885538 0.712354
v -17.734451 -0.541693 0.641569
v -17.642405 -0.385968 0.658132
v -17.529701 -0.270327 0.686309
v -17.418427 -0.152104 0.714129
v -17.301687 -0.043763 0.743315
v -17.183678 0.062283 0.772818
v -17.058079 0.154609 0.804219
v -16.930441 0.243250 0.836129
vn 0.2425 -0.0000 -0.9701
vn 0.2368 0.0165 -0.9714
vn 0.2447 0.0062 -0.9696
vn 0.2528 -0.0219 -0.9673
vn 0.2438 0.0174 -0.9697
vn 0.2469 0.0047 -0.9690
vn 0.2432 -0.0244 -0.9697
vn 0.2500 0.0157 -0.9681
vn 0.2483 0.0027 -0.9687
vn 0.2343 -0.0229 -0.9719
vt 0.000000 0.888889
vt 1.000000 0.888889
vt 1.000000 1.000000
vt 0.000000 1.000000
vt 0.000000 0.000000
vt 1.000000 0.000000
vt 1.000000 0.111111
vt 0.000000 0.111111
vt 1.000000 0.222222
vt 0.000000 0.222222
vt 1.000000 0.333333
vt 0.000000 0.333333
vt 1.000000 0.444444
vt 0.000000 0.444444
vt 1.000000 0.555556
vt 0.000000 0.555556
vt 1.000000 0.666667
vt 0.000000 0.666667
vt 1.000000 0.777778
vt 0.000000 0.777778
s 0
usemtl マテリアル.107
f 5601/2637/742 5616/2638/742 5600/2639/742 5599/2640/742
f 5597/2641/743 5598/2642/743 5609/2643/743 5608/2644/743
f 5608/2644/744 5609/2643/744 5610/2645/744 5607/2646/744
f 5607/2646/745 5610/2645/745 5611/2647/745 5606/2648/745
f 5606/2648/742 5611/2647/742 5612/2649/742 5605/2650/742
f 5605/2650/742 5612/2649/742 5613/2651/742 5604/2652/742
f 5604/2652/742 5613/2651/742 5614/2653/742 5603/2654/742
f 5603/2654/742 5614/2653/742 5615/2655/742 5602/2656/742
f 5602/2656/742 5615/2655/742 5616/2638/742 5601/2637/742
f 5621/2637/742 5636/2638/742 5620/2639/742 5619/2640/742
f 5617/2641/746 5618/2642/746 5629/2643/746 5628/2644/746
f 5628/2644/747 5629/2643/747 5630/2645/747 5627/2646/747
f 5627/2646/748 5630/2645/748 5631/2647/748 5626/2648/748
f 5626/2648/742 5631/2647/742 5632/2649/742 5625/2650/742
f 5625/2650/742 5632/2649/742 5633/2651/742 5624/2652/742
f 5624/2652/742 5633/2651/742 5634/2653/742 5623/2654/742
f 5623/2654/742 5634/2653/742 5635/2655/742 5622/2656/742
f 5622/2656/742 5635/2655/742 5636/2638/742 5621/2637/742
f 5641/2637/742 5656/2638/742 5640/2639/742 5639/2640/742
f 5637/2641/749 5638/2642/749 5649/2643/749 5648/2644/749
f 5648/2644/750 5649/2643/750 5650/2645/750 5647/2646/750
f 5647/2646/751 5650/2645/751 5651/2647/751 5646/2648/751
f 5646/2648/742 5651/2647/742 5652/2649/742 5645/2650/742
f 5645/2650/742 5652/2649/742 5653/2651/742 5644/2652/742
f 5644/2652/742 5653/2651/742 5654/2653/742 5643/2654/742
f 5643/2654/742 5654/2653/742 5655/2655/742 5642/2656/742
f 5642/2656/742 5655/2655/742 5656/2638/742 5641/2637/742
o 平面.001
v 25.871838 -0.762829 -0.855496
v 25.338116 -0.758829 -0.988931
v 25.384130 0.700789 -0.977427
v 25.358551 0.755406 -0.983822
v 25.396566 0.542771 -0.974318
v 25.401171 0.389972 -0.973167
v 25.438110 0.230296 -0.963932
v 25.475805 0.068836 -0.954508
v 25.521145 -0.096104 -0.943172
v 25.577259 -0.259218 -0.929143
v 25.649406 -0.423787 -0.902811
v 25.767897 -0.599629 -0.881482
v 25.312864 -0.589428 -0.988795
v 25.268333 -0.414198 -1.006377
v 25.265680 -0.250305 -1.007041
v 25.260229 -0.085681 -1.008404
v 25.265476 0.076148 -1.007092
v 25.273209 0.237329 -1.005159
v 25.295792 0.394628 -0.999513
v 25.322365 0.550886 -0.992869
v 26.005280 -0.906459 -0.822135
v 25.519791 -0.677884 -0.943512
v 26.140718 0.634778 -0.788274
v 26.139036 0.695402 -0.788695
v 26.089392 0.485329 -0.801106
v 26.032988 0.343944 -0.815208
v 26.003366 0.182656 -0.822613
v 25.973726 0.019421 -0.830024
v 25.949684 -0.150212 -0.836035
v 25.936195 -0.322718 -0.839407
v 25.936594 -0.504132 -0.831013
v 25.975155 -0.713719 -0.829667
v 25.563803 -0.513286 -0.926059
v 25.592798 -0.333965 -0.925259
v 25.655382 -0.183276 -0.909612
v 25.715704 -0.030742 -0.894532
v 25.784679 0.114733 -0.877287
v 25.855665 0.258568 -0.859540
v 25.938665 0.392603 -0.838789
v 26.024895 0.524006 -0.817231
v 26.067455 -1.075909 -0.806591
v 25.700087 -0.676807 -0.898436
v 26.752115 0.301350 -0.635420
v 26.772545 0.358225 -0.630312
v 26.650303 0.182521 -0.660874
v 26.546705 0.073128 -0.686774
v 26.460730 -0.065047 -0.708269
v 26.374029 -0.205019 -0.729945
v 26.290201 -0.353083 -0.750902
v 26.215118 -0.507880 -0.769673
v 26.149544 -0.677042 -0.777773
v 26.109426 -0.885538 -0.796098
v 25.800501 -0.541693 -0.866882
v 25.892548 -0.385968 -0.850319
v 26.005251 -0.270327 -0.822142
v 26.116526 -0.152104 -0.794323
v 26.233265 -0.043763 -0.765137
v 26.351274 0.062283 -0.735633
v 26.476873 0.154609 -0.704232
v 26.604511 0.243250 -0.672322
vn 0.2425 -0.0000 -0.9701
vn 0.2368 0.0165 -0.9714
vn 0.2447 0.0062 -0.9696
vn 0.2528 -0.0219 -0.9673
vn 0.2438 0.0174 -0.9697
vn 0.2469 0.0047 -0.9690
vn 0.2432 -0.0244 -0.9697
vn 0.2500 0.0157 -0.9681
vn 0.2483 0.0027 -0.9687
vn 0.2343 -0.0229 -0.9719
vt 0.000000 0.888889
vt 1.000000 0.888889
vt 1.000000 1.000000
vt 0.000000 1.000000
vt 0.000000 0.000000
vt 1.000000 0.000000
vt 1.000000 0.111111
vt 0.000000 0.111111
vt 1.000000 0.222222
vt 0.000000 0.222222
vt 1.000000 0.333333
vt 0.000000 0.333333
vt 1.000000 0.444444
vt 0.000000 0.444444
vt 1.000000 0.555556
vt 0.000000 0.555556
vt 1.000000 0.666667
vt 0.000000 0.666667
vt 1.000000 0.777778
vt 0.000000 0.777778
s 0
usemtl マテリアル.107
f 5661/2657/752 5676/2658/752 5660/2659/752 5659/2660/752
f 5657/2661/753 5658/2662/753 5669/2663/753 5668/2664/753
f 5668/2664/754 5669/2663/754 5670/2665/754 5667/2666/754
f 5667/2666/755 5670/2665/755 5671/2667/755 5666/2668/755
f 5666/2668/752 5671/2667/752 5672/2669/752 5665/2670/752
f 5665/2670/752 5672/2669/752 5673/2671/752 5664/2672/752
f 5664/2672/752 5673/2671/752 5674/2673/752 5663/2674/752
f 5663/2674/752 5674/2673/752 5675/2675/752 5662/2676/752
f 5662/2676/752 5675/2675/752 5676/2658/752 5661/2657/752
f 5681/2657/752 5696/2658/752 5680/2659/752 5679/2660/752
f 5677/2661/756 5678/2662/756 5689/2663/756 5688/2664/756
f 5688/2664/757 5689/2663/757 5690/2665/757 5687/2666/757
f 5687/2666/758 5690/2665/758 5691/2667/758 5686/2668/758
f 5686/2668/752 5691/2667/752 5692/2669/752 5685/2670/752
f 5685/2670/752 5692/2669/752 5693/2671/752 5684/2672/752
f 5684/2672/752 5693/2671/752 5694/2673/752 5683/2674/752
f 5683/2674/752 5694/2673/752 5695/2675/752 5682/2676/752
f 5682/2676/752 5695/2675/752 5696/2658/752 5681/2657/752
f 5701/2657/752 5716/2658/752 5700/2659/752 5699/2660/752
f 5697/2661/759 5698/2662/759 5709/2663/759 5708/2664/759
f 5708/2664/760 5709/2663/760 5710/2665/760 5707/2666/760
f 5707/2666/761 5710/2665/761 5711/2667/761 5706/2668/761
f 5706/2668/752 5711/2667/752 5712/2669/752 5705/2670/752
f 5705/2670/752 5712/2669/752 5713/2671/752 5704/2672/752
f 5704/2672/752 5713/2671/752 5714/2673/752 5703/2674/752
f 5703/2674/752 5714/2673/752 5715/2675/752 5702/2676/752
f 5702/2676/752 5715/2675/752 5716/2658/752 5701/2657/752
o 平面.001
v 26.518950 -0.762829 -0.151246
v 25.985228 -0.758829 -0.284681
v 26.031242 0.700789 -0.273177
v 26.005663 0.755406 -0.279572
v 26.043678 0.542771 -0.270068
v 26.048283 0.389972 -0.268917
v 26.085222 0.230296 -0.259681
v 26.122917 0.068836 -0.250258
v 26.168257 -0.096104 -0.238922
v 26.224371 -0.259218 -0.224893
v 26.296518 -0.423787 -0.198561
v 26.415009 -0.599629 -0.177232
v 25.959976 -0.589428 -0.284545
v 25.915445 -0.414198 -0.302127
v 25.912792 -0.250305 -0.302791
v 25.907341 -0.085681 -0.304153
v 25.912588 0.076148 -0.302841
v 25.920321 0.237329 -0.300908
v 25.942904 0.394628 -0.295262
v 25.969477 0.550886 -0.288619
v 26.652391 -0.906459 -0.117885
v 26.166903 -0.677884 -0.239261
v 26.787830 0.634778 -0.084024
v 26.786148 0.695402 -0.084444
v 26.736504 0.485329 -0.096856
v 26.680099 0.343944 -0.110958
v 26.650478 0.182656 -0.118363
v 26.620838 0.019421 -0.125774
v 26.596796 -0.150212 -0.131784
v 26.583307 -0.322718 -0.135156
v 26.583706 -0.504132 -0.126762
v 26.622267 -0.713719 -0.125416
v 26.210915 -0.513286 -0.221808
v 26.239910 -0.333965 -0.221009
v 26.302494 -0.183276 -0.205362
v 26.362816 -0.030742 -0.190281
v 26.431791 0.114733 -0.173037
v 26.502777 0.258568 -0.155290
v 26.585777 0.392603 -0.134539
v 26.672007 0.524006 -0.112981
v 26.714567 -1.075909 -0.102340
v 26.347198 -0.676807 -0.194186
v 27.399227 0.301350 0.068831
v 27.419657 0.358225 0.073938
v 27.297415 0.182521 0.043376
v 27.193817 0.073128 0.017476
v 27.107841 -0.065047 -0.004019
v 27.021141 -0.205019 -0.025694
v 26.937313 -0.353083 -0.046652
v 26.862230 -0.507880 -0.065423
v 26.796656 -0.677042 -0.073523
v 26.756538 -0.885538 -0.091847
v 26.447613 -0.541693 -0.162632
v 26.539660 -0.385968 -0.146069
v 26.652363 -0.270327 -0.117892
v 26.763638 -0.152104 -0.090073
v 26.880377 -0.043763 -0.060886
v 26.998386 0.062283 -0.031383
v 27.123985 0.154609 0.000018
v 27.251623 0.243250 0.031928
vn 0.2425 -0.0000 -0.9701
vn 0.2368 0.0165 -0.9714
vn 0.2447 0.0062 -0.9696
vn 0.2528 -0.0219 -0.9673
vn 0.2438 0.0174 -0.9697
vn 0.2469 0.0047 -0.9690
vn 0.2432 -0.0244 -0.9697
vn 0.2500 0.0157 -0.9681
vn 0.2483 0.0027 -0.9687
vn 0.2343 -0.0229 -0.9719
vt 0.000000 0.888889
vt 1.000000 0.888889
vt 1.000000 1.000000
vt 0.000000 1.000000
vt 0.000000 0.000000
vt 1.000000 0.000000
vt 1.000000 0.111111
vt 0.000000 0.111111
vt 1.000000 0.222222
vt 0.000000 0.222222
vt 1.000000 0.333333
vt 0.000000 0.333333
vt 1.000000 0.444444
vt 0.000000 0.444444
vt 1.000000 0.555556
vt 0.000000 0.555556
vt 1.000000 0.666667
vt 0.000000 0.666667
vt 1.000000 0.777778
vt 0.000000 0.777778
s 0
usemtl マテリアル.107
f 5721/2677/762 5736/2678/762 5720/2679/762 5719/2680/762
f 5717/2681/763 5718/2682/763 5729/2683/763 5728/2684/763
f 5728/2684/764 5729/2683/764 5730/2685/764 5727/2686/764
f 5727/2686/765 5730/2685/765 5731/2687/765 5726/2688/765
f 5726/2688/762 5731/2687/762 5732/2689/762 5725/2690/762
f 5725/2690/762 5732/2689/762 5733/2691/762 5724/2692/762
f 5724/2692/762 5733/2691/762 5734/2693/762 5723/2694/762
f 5723/2694/762 5734/2693/762 5735/2695/762 5722/2696/762
f 5722/2696/762 5735/2695/762 5736/2678/762 5721/2677/762
f 5741/2677/762 5756/2678/762 5740/2679/762 5739/2680/762
f 5737/2681/766 5738/2682/766 5749/2683/766 5748/2684/766
f 5748/2684/767 5749/2683/767 5750/2685/767 5747/2686/767
f 5747/2686/768 5750/2685/768 5751/2687/768 5746/2688/768
f 5746/2688/762 5751/2687/762 5752/2689/762 5745/2690/762
f 5745/2690/762 5752/2689/762 5753/2691/762 5744/2692/762
f 5744/2692/762 5753/2691/762 5754/2693/762 5743/2694/762
f 5743/2694/762 5754/2693/762 5755/2695/762 5742/2696/762
f 5742/2696/762 5755/2695/762 5756/2678/762 5741/2677/762
f 5761/2677/762 5776/2678/762 5760/2679/762 5759/2680/762
f 5757/2681/769 5758/2682/769 5769/2683/769 5768/2684/769
f 5768/2684/770 5769/2683/770 5770/2685/770 5767/2686/770
f 5767/2686/771 5770/2685/771 5771/2687/771 5766/2688/771
f 5766/2688/762 5771/2687/762 5772/2689/762 5765/2690/762
f 5765/2690/762 5772/2689/762 5773/2691/762 5764/2692/762
f 5764/2692/762 5773/2691/762 5774/2693/762 5763/2694/762
f 5763/2694/762 5774/2693/762 5775/2695/762 5762/2696/762
f 5762/2696/762 5775/2695/762 5776/2678/762 5761/2677/762
o 平面.001
v -26.632812 -0.762829 2.895379
v -27.166534 -0.758829 2.761945
v -27.120520 0.700789 2.773449
v -27.146099 0.755406 2.767053
v -27.108084 0.542771 2.776558
v -27.103479 0.389972 2.777709
v -27.066540 0.230296 2.786944
v -27.028845 0.068836 2.796368
v -26.983505 -0.096104 2.807703
v -26.927391 -0.259218 2.821732
v -26.855244 -0.423787 2.848064
v -26.736753 -0.599629 2.869393
v -27.191786 -0.589428 2.762081
v -27.236317 -0.414198 2.744498
v -27.238970 -0.250305 2.743835
v -27.244421 -0.085681 2.742472
v -27.239174 0.076148 2.743784
v -27.231441 0.237329 2.745717
v -27.208858 0.394628 2.751363
v -27.182285 0.550886 2.758007
v -26.499371 -0.906459 2.928741
v -26.984859 -0.677884 2.807364
v -26.363932 0.634778 2.962601
v -26.365614 0.695402 2.962181
v -26.415258 0.485329 2.949769
v -26.471663 0.343944 2.935668
v -26.501284 0.182656 2.928262
v -26.530924 0.019421 2.920852
v -26.554966 -0.150212 2.914841
v -26.568455 -0.322718 2.911469
v -26.568056 -0.504132 2.919863
v -26.529495 -0.713719 2.921209
v -26.940847 -0.513286 2.824817
v -26.911852 -0.333965 2.825617
v -26.849268 -0.183276 2.841263
v -26.788946 -0.030742 2.856344
v -26.719971 0.114733 2.873589
v -26.648985 0.258568 2.891335
v -26.565985 0.392603 2.912086
v -26.479755 0.524006 2.933644
v -26.437195 -1.075909 2.944285
v -26.804564 -0.676807 2.852440
v -25.752535 0.301350 3.115456
v -25.732105 0.358225 3.120564
v -25.854347 0.182521 3.090002
v -25.957945 0.073128 3.064101
v -26.043921 -0.065047 3.042607
v -26.130621 -0.205019 3.020931
v -26.214449 -0.353083 2.999973
v -26.289532 -0.507880 2.981202
v -26.355106 -0.677042 2.973102
v -26.395224 -0.885538 2.954778
v -26.704149 -0.541693 2.883993
v -26.612103 -0.385968 2.900557
v -26.499399 -0.270327 2.928733
v -26.388124 -0.152104 2.956553
v -26.271385 -0.043763 2.985739
v -26.153376 0.062283 3.015242
v -26.027777 0.154609 3.046643
v -25.900139 0.243250 3.078554
vn 0.2425 -0.0000 -0.9701
vn 0.2368 0.0165 -0.9714
vn 0.2447 0.0062 -0.9696
vn 0.2528 -0.0219 -0.9673
vn 0.2438 0.0174 -0.9697
vn 0.2469 0.0047 -0.9690
vn 0.2432 -0.0244 -0.9697
vn 0.2500 0.0157 -0.9681
vn 0.2483 0.0027 -0.9687
vn 0.2343 -0.0229 -0.9719
vt 0.000000 0.888889
vt 1.000000 0.888889
vt 1.000000 1.000000
vt 0.000000 1.000000
vt 0.000000 0.000000
vt 1.000000 0.000000
vt 1.000000 0.111111
vt 0.000000 0.111111
vt 1.000000 0.222222
vt 0.000000 0.222222
vt 1.000000 0.333333
vt 0.000000 0.333333
vt 1.000000 0.444444
vt 0.000000 0.444444
vt 1.000000 0.555556
vt 0.000000 0.555556
vt 1.000000 0.666667
vt 0.000000 0.666667
vt 1.000000 0.777778
vt 0.000000 0.777778
s 0
usemtl マテリアル.107
f 5781/2697/772 5796/2698/772 5780/2699/772 5779/2700/772
f 5777/2701/773 5778/2702/773 5789/2703/773 5788/2704/773
f 5788/2704/774 5789/2703/774 5790/2705/774 5787/2706/774
f 5787/2706/775 5790/2705/775 5791/2707/775 5786/2708/775
f 5786/2708/772 5791/2707/772 5792/2709/772 5785/2710/772
f 5785/2710/772 5792/2709/772 5793/2711/772 5784/2712/772
f 5784/2712/772 5793/2711/772 5794/2713/772 5783/2714/772
f 5783/2714/772 5794/2713/772 5795/2715/772 5782/2716/772
f 5782/2716/772 5795/2715/772 5796/2698/772 5781/2697/772
f 5801/2697/772 5816/2698/772 5800/2699/772 5799/2700/772
f 5797/2701/776 5798/2702/776 5809/2703/776 5808/2704/776
f 5808/2704/777 5809/2703/777 5810/2705/777 5807/2706/777
f 5807/2706/778 5810/2705/778 5811/2707/778 5806/2708/778
f 5806/2708/772 5811/2707/772 5812/2709/772 5805/2710/772
f 5805/2710/772 5812/2709/772 5813/2711/772 5804/2712/772
f 5804/2712/772 5813/2711/772 5814/2713/772 5803/2714/772
f 5803/2714/772 5814/2713/772 5815/2715/772 5802/2716/772
f 5802/2716/772 5815/2715/772 5816/2698/772 5801/2697/772
f 5821/2697/772 5836/2698/772 5820/2699/772 5819/2700/772
f 5817/2701/779 5818/2702/779 5829/2703/779 5828/2704/779
f 5828/2704/780 5829/2703/780 5830/2705/780 5827/2706/780
f 5827/2706/781 5830/2705/781 5831/2707/781 5826/2708/781
f 5826/2708/772 5831/2707/772 5832/2709/772 5825/2710/772
f 5825/2710/772 5832/2709/772 5833/2711/772 5824/2712/772
f 5824/2712/772 5833/2711/772 5834/2713/772 5823/2714/772
f 5823/2714/772 5834/2713/772 5835/2715/772 5822/2716/772
f 5822/2716/772 5835/2715/772 5836/2698/772 5821/2697/772
o 平面.001
v -21.219070 -0.762829 1.386929
v -21.752790 -0.758829 1.253494
v -21.706776 0.700789 1.264998
v -21.732357 0.755405 1.258603
v -21.694342 0.542770 1.268107
v -21.689737 0.389971 1.269258
v -21.652798 0.230296 1.278493
v -21.615103 0.068835 1.287917
v -21.569763 -0.096104 1.299253
v -21.513649 -0.259218 1.313282
v -21.441502 -0.423787 1.339614
v -21.323011 -0.599629 1.360943
v -21.778044 -0.589428 1.253630
v -21.822575 -0.414198 1.236048
v -21.825228 -0.250305 1.235384
v -21.830679 -0.085681 1.234021
v -21.825432 0.076148 1.235333
v -21.817699 0.237328 1.237266
v -21.795116 0.394628 1.242912
v -21.768543 0.550886 1.249556
v -21.085629 -0.906459 1.420290
v -21.571117 -0.677884 1.298913
v -20.950190 0.634778 1.454151
v -20.951872 0.695401 1.453730
v -21.001516 0.485329 1.441319
v -21.057920 0.343944 1.427217
v -21.087542 0.182656 1.419811
v -21.117182 0.019421 1.412401
v -21.141224 -0.150212 1.406390
v -21.154713 -0.322718 1.403018
v -21.154314 -0.504132 1.411412
v -21.115753 -0.713719 1.412758
v -21.527105 -0.513286 1.316366
v -21.498110 -0.333965 1.317166
v -21.435526 -0.183276 1.332813
v -21.375204 -0.030742 1.347893
v -21.306229 0.114732 1.365138
v -21.235243 0.258568 1.382885
v -21.152243 0.392603 1.403636
v -21.066013 0.524006 1.425194
v -21.023453 -1.075909 1.435834
v -21.390821 -0.676807 1.343989
v -20.338793 0.301350 1.607005
v -20.318363 0.358225 1.612113
v -20.440605 0.182521 1.581551
v -20.544203 0.073128 1.555651
v -20.630178 -0.065047 1.534156
v -20.716879 -0.205019 1.512480
v -20.800707 -0.353084 1.491522
v -20.875790 -0.507881 1.472751
v -20.941364 -0.677042 1.464651
v -20.981482 -0.885538 1.446327
v -21.290407 -0.541693 1.375543
v -21.198360 -0.385968 1.392106
v -21.085657 -0.270327 1.420283
v -20.974382 -0.152104 1.448102
v -20.857643 -0.043763 1.477288
v -20.739634 0.062283 1.506792
v -20.614035 0.154609 1.538192
v -20.486397 0.243250 1.570103
vn 0.2425 -0.0000 -0.9701
vn 0.2368 0.0165 -0.9714
vn 0.2447 0.0062 -0.9696
vn 0.2528 -0.0219 -0.9673
vn 0.2438 0.0174 -0.9697
vn 0.2469 0.0047 -0.9690
vn 0.2432 -0.0244 -0.9697
vn 0.2500 0.0157 -0.9681
vn 0.2483 0.0027 -0.9687
vn 0.2343 -0.0229 -0.9719
vt 0.000000 0.888889
vt 1.000000 0.888889
vt 1.000000 1.000000
vt 0.000000 1.000000
vt 0.000000 0.000000
vt 1.000000 0.000000
vt 1.000000 0.111111
vt 0.000000 0.111111
vt 1.000000 0.222222
vt 0.000000 0.222222
vt 1.000000 0.333333
vt 0.000000 0.333333
vt 1.000000 0.444444
vt 0.000000 0.444444
vt 1.000000 0.555556
vt 0.000000 0.555556
vt 1.000000 0.666667
vt 0.000000 0.666667
vt 1.000000 0.777778
vt 0.000000 0.777778
s 0
usemtl マテリアル.107
f 5841/2717/782 5856/2718/782 5840/2719/782 5839/2720/782
f 5837/2721/783 5838/2722/783 5849/2723/783 5848/2724/783
f 5848/2724/784 5849/2723/784 5850/2725/784 5847/2726/784
f 5847/2726/785 5850/2725/785 5851/2727/785 5846/2728/785
f 5846/2728/782 5851/2727/782 5852/2729/782 5845/2730/782
f 5845/2730/782 5852/2729/782 5853/2731/782 5844/2732/782
f 5844/2732/782 5853/2731/782 5854/2733/782 5843/2734/782
f 5843/2734/782 5854/2733/782 5855/2735/782 5842/2736/782
f 5842/2736/782 5855/2735/782 5856/2718/782 5841/2717/782
f 5861/2717/782 5876/2718/782 5860/2719/782 5859/2720/782
f 5857/2721/786 5858/2722/786 5869/2723/786 5868/2724/786
f 5868/2724/787 5869/2723/787 5870/2725/787 5867/2726/787
f 5867/2726/788 5870/2725/788 5871/2727/788 5866/2728/788
f 5866/2728/782 5871/2727/782 5872/2729/782 5865/2730/782
f 5865/2730/782 5872/2729/782 5873/2731/782 5864/2732/782
f 5864/2732/782 5873/2731/782 5874/2733/782 5863/2734/782
f 5863/2734/782 5874/2733/782 5875/2735/782 5862/2736/782
f 5862/2736/782 5875/2735/782 5876/2718/782 5861/2717/782
f 5881/2717/782 5896/2718/782 5880/2719/782 5879/2720/782
f 5877/2721/789 5878/2722/789 5889/2723/789 5888/2724/789
f 5888/2724/790 5889/2723/790 5890/2725/790 5887/2726/790
f 5887/2726/791 5890/2725/791 5891/2727/791 5886/2728/791
f 5886/2728/782 5891/2727/782 5892/2729/782 5885/2730/782
f 5885/2730/782 5892/2729/782 5893/2731/782 5884/2732/782
f 5884/2732/782 5893/2731/782 5894/2733/782 5883/2734/782
f 5883/2734/782 5894/2733/782 5895/2735/782 5882/2736/782
f 5882/2736/782 5895/2735/782 5896/2718/782 5881/2717/782
o 平面.001
v -20.571959 -0.762829 2.091179
v -21.105679 -0.758829 1.957744
v -21.059666 0.700789 1.969248
v -21.085245 0.755405 1.962853
v -21.047230 0.542770 1.972357
v -21.042625 0.389971 1.973508
v -21.005686 0.230296 1.982744
v -20.967991 0.068835 1.992167
v -20.922651 -0.096104 2.003503
v -20.866537 -0.259218 2.017532
v -20.794390 -0.423787 2.043864
v -20.675900 -0.599629 2.065193
v -21.130932 -0.589428 1.957880
v -21.175463 -0.414198 1.940298
v -21.178116 -0.250305 1.939634
v -21.183567 -0.085681 1.938272
v -21.178320 0.076148 1.939583
v -21.170588 0.237328 1.941516
v -21.148005 0.394628 1.947163
v -21.121431 0.550886 1.953806
v -20.438517 -0.906459 2.124540
v -20.924006 -0.677884 2.003164
v -20.303078 0.634778 2.158401
v -20.304760 0.695401 2.157980
v -20.354404 0.485329 2.145569
v -20.410809 0.343944 2.131467
v -20.440430 0.182656 2.124062
v -20.470070 0.019421 2.116651
v -20.494112 -0.150212 2.110641
v -20.507601 -0.322718 2.107269
v -20.507202 -0.504132 2.115662
v -20.468641 -0.713719 2.117008
v -20.879993 -0.513286 2.020616
v -20.850998 -0.333965 2.021416
v -20.788414 -0.183276 2.037063
v -20.728092 -0.030742 2.052144
v -20.659117 0.114732 2.069388
v -20.588131 0.258568 2.087135
v -20.505131 0.392603 2.107886
v -20.418901 0.524006 2.129444
v -20.376341 -1.075909 2.140085
v -20.743710 -0.676807 2.048239
v -19.691681 0.301350 2.311255
v -19.671251 0.358225 2.316363
v -19.793493 0.182521 2.285801
v -19.897091 0.073128 2.259901
v -19.983067 -0.065047 2.238406
v -20.069767 -0.205019 2.216731
v -20.153595 -0.353084 2.195773
v -20.228678 -0.507881 2.177002
v -20.294252 -0.677042 2.168902
v -20.334370 -0.885538 2.150578
v -20.643295 -0.541693 2.079793
v -20.551249 -0.385968 2.096356
v -20.438545 -0.270327 2.124533
v -20.327271 -0.152104 2.152352
v -20.210531 -0.043763 2.181538
v -20.092522 0.062283 2.211042
v -19.966923 0.154609 2.242443
v -19.839285 0.243250 2.274353
vn 0.2425 -0.0000 -0.9701
vn 0.2368 0.0165 -0.9714
vn 0.2447 0.0062 -0.9696
vn 0.2528 -0.0219 -0.9673
vn 0.2438 0.0174 -0.9697
vn 0.2469 0.0047 -0.9690
vn 0.2432 -0.0244 -0.9697
vn 0.2500 0.0157 -0.9681
vn 0.2483 0.0027 -0.9687
vn 0.2343 -0.0229 -0.9719
vt 0.000000 0.888889
vt 1.000000 0.888889
vt 1.000000 1.000000
vt 0.000000 1.000000
vt 0.000000 0.000000
vt 1.000000 0.000000
vt 1.000000 0.111111
vt 0.000000 0.111111
vt 1.000000 0.222222
vt 0.000000 0.222222
vt 1.000000 0.333333
vt 0.000000 0.333333
vt 1.000000 0.444444
vt 0.000000 0.444444
vt 1.000000 0.555556
vt 0.000000 0.555556
vt 1.000000 0.666667
vt 0.000000 0.666667
vt 1.000000 0.777778
vt 0.000000 0.777778
s 0
usemtl マテリアル.107
f 5901/2737/792 5916/2738/792 5900/2739/792 5899/2740/792
f 5897/2741/793 5898/2742/793 5909/2743/793 5908/2744/793
f 5908/2744/794 5909/2743/794 5910/2745/794 5907/2746/794
f 5907/2746/795 5910/2745/795 5911/2747/795 5906/2748/795
f 5906/2748/792 5911/2747/792 5912/2749/792 5905/2750/792
f 5905/2750/792 5912/2749/792 5913/2751/792 5904/2752/792
f 5904/2752/792 5913/2751/792 5914/2753/792 5903/2754/792
f 5903/2754/792 5914/2753/792 5915/2755/792 5902/2756/792
f 5902/2756/792 5915/2755/792 5916/2738/792 5901/2737/792
f 5921/2737/792 5936/2738/792 5920/2739/792 5919/2740/792
f 5917/2741/796 5918/2742/796 5929/2743/796 5928/2744/796
f 5928/2744/797 5929/2743/797 5930/2745/797 5927/2746/797
f 5927/2746/798 5930/2745/798 5931/2747/798 5926/2748/798
f 5926/2748/792 5931/2747/792 5932/2749/792 5925/2750/792
f 5925/2750/792 5932/2749/792 5933/2751/792 5924/2752/792
f 5924/2752/792 5933/2751/792 5934/2753/792 5923/2754/792
f 5923/2754/792 5934/2753/792 5935/2755/792 5922/2756/792
f 5922/2756/792 5935/2755/792 5936/2738/792 5921/2737/792
f 5941/2737/792 5956/2738/792 5940/2739/792 5939/2740/792
f 5937/2741/799 5938/2742/799 5949/2743/799 5948/2744/799
f 5948/2744/800 5949/2743/800 5950/2745/800 5947/2746/800
f 5947/2746/801 5950/2745/801 5951/2747/801 5946/2748/801
f 5946/2748/792 5951/2747/792 5952/2749/792 5945/2750/792
f 5945/2750/792 5952/2749/792 5953/2751/792 5944/2752/792
f 5944/2752/792 5953/2751/792 5954/2753/792 5943/2754/792
f 5943/2754/792 5954/2753/792 5955/2755/792 5942/2756/792
f 5942/2756/792 5955/2755/792 5956/2738/792 5941/2737/792
o 平面.001
v 24.942947 -0.762829 2.895378
v 24.409225 -0.758829 2.761944
v 24.455240 0.700789 2.773448
v 24.429661 0.755406 2.767052
v 24.467676 0.542771 2.776557
v 24.472281 0.389972 2.777708
v 24.509220 0.230296 2.786943
v 24.546915 0.068836 2.796367
v 24.592255 -0.096104 2.807703
v 24.648369 -0.259218 2.821731
v 24.720516 -0.423787 2.848063
v 24.839006 -0.599629 2.869392
v 24.383974 -0.589428 2.762080
v 24.339443 -0.414198 2.744497
v 24.336790 -0.250305 2.743834
v 24.331339 -0.085681 2.742471
v 24.336586 0.076148 2.743783
v 24.344318 0.237329 2.745716
v 24.366901 0.394628 2.751362
v 24.393475 0.550886 2.758006
v 25.076389 -0.906459 2.928740
v 24.590900 -0.677884 2.807363
v 25.211828 0.634778 2.962600
v 25.210146 0.695402 2.962180
v 25.160501 0.485329 2.949768
v 25.104097 0.343944 2.935667
v 25.074476 0.182656 2.928261
v 25.044836 0.019421 2.920851
v 25.020794 -0.150212 2.914840
v 25.007305 -0.322718 2.911468
v 25.007704 -0.504132 2.919862
v 25.046265 -0.713719 2.921208
v 24.634912 -0.513286 2.824816
v 24.663908 -0.333965 2.825616
v 24.726492 -0.183276 2.841262
v 24.786814 -0.030742 2.856343
v 24.855789 0.114733 2.873588
v 24.926775 0.258568 2.891335
v 25.009775 0.392603 2.912086
v 25.096004 0.524006 2.933643
v 25.138565 -1.075909 2.944284
v 24.771196 -0.676807 2.852439
v 25.823225 0.301350 3.115455
v 25.843655 0.358225 3.120563
v 25.721413 0.182521 3.090001
v 25.617815 0.073128 3.064101
v 25.531839 -0.065047 3.042606
v 25.445139 -0.205019 3.020930
v 25.361311 -0.353083 2.999972
v 25.286228 -0.507880 2.981201
v 25.220654 -0.677042 2.973101
v 25.180536 -0.885538 2.954777
v 24.871611 -0.541693 2.883992
v 24.963657 -0.385968 2.900556
v 25.076361 -0.270327 2.928732
v 25.187635 -0.152104 2.956552
v 25.304375 -0.043763 2.985738
v 25.422384 0.062283 3.015241
v 25.547983 0.154609 3.046642
v 25.675621 0.243250 3.078553
vn 0.2425 -0.0000 -0.9701
vn 0.2368 0.0165 -0.9714
vn 0.2447 0.0062 -0.9696
vn 0.2528 -0.0219 -0.9673
vn 0.2438 0.0174 -0.9697
vn 0.2469 0.0047 -0.9690
vn 0.2432 -0.0244 -0.9697
vn 0.2500 0.0157 -0.9681
vn 0.2483 0.0027 -0.9687
vn 0.2343 -0.0229 -0.9719
vt 0.000000 0.888889
vt 1.000000 0.888889
vt 1.000000 1.000000
vt 0.000000 1.000000
vt 0.000000 0.000000
vt 1.000000 0.000000
vt 1.000000 0.111111
vt 0.000000 0.111111
vt 1.000000 0.222222
vt 0.000000 0.222222
vt 1.000000 0.333333
vt 0.000000 0.333333
vt 1.000000 0.444444
vt 0.000000 0.444444
vt 1.000000 0.555556
vt 0.000000 0.555556
vt 1.000000 0.666667
vt 0.000000 0.666667
vt 1.000000 0.777778
vt 0.000000 0.777778
s 0
usemtl マテリアル.107
f 5961/2757/802 5976/2758/802 5960/2759/802 5959/2760/802
f 5957/2761/803 5958/2762/803 5969/2763/803 5968/2764/803
f 5968/2764/804 5969/2763/804 5970/2765/804 5967/2766/804
f 5967/2766/805 5970/2765/805 5971/2767/805 5966/2768/805
f 5966/2768/802 5971/2767/802 5972/2769/802 5965/2770/802
f 5965/2770/802 5972/2769/802 5973/2771/802 5964/2772/802
f 5964/2772/802 5973/2771/802 5974/2773/802 5963/2774/802
f 5963/2774/802 5974/2773/802 5975/2775/802 5962/2776/802
f 5962/2776/802 5975/2775/802 5976/2758/802 5961/2757/802
f 5981/2757/802 5996/2758/802 5980/2759/802 5979/2760/802
f 5977/2761/806 5978/2762/806 5989/2763/806 5988/2764/806
f 5988/2764/807 5989/2763/807 5990/2765/807 5987/2766/807
f 5987/2766/808 5990/2765/808 5991/2767/808 5986/2768/808
f 5986/2768/802 5991/2767/802 5992/2769/802 5985/2770/802
f 5985/2770/802 5992/2769/802 5993/2771/802 5984/2772/802
f 5984/2772/802 5993/2771/802 5994/2773/802 5983/2774/802
f 5983/2774/802 5994/2773/802 5995/2775/802 5982/2776/802
f 5982/2776/802 5995/2775/802 5996/2758/802 5981/2757/802
f 6001/2757/802 6016/2758/802 6000/2759/802 5999/2760/802
f 5997/2761/809 5998/2762/809 6009/2763/809 6008/2764/809
f 6008/2764/810 6009/2763/810 6010/2765/810 6007/2766/810
f 6007/2766/811 6010/2765/811 6011/2767/811 6006/2768/811
f 6006/2768/802 6011/2767/802 6012/2769/802 6005/2770/802
f 6005/2770/802 6012/2769/802 6013/2771/802 6004/2772/802
f 6004/2772/802 6013/2771/802 6014/2773/802 6003/2774/802
f 6003/2774/802 6014/2773/802 6015/2775/802 6002/2776/802
f 6002/2776/802 6015/2775/802 6016/2758/802 6001/2757/802
o 平面.001
v 34.841534 -0.762829 1.386928
v 34.307816 -0.758829 1.253493
v 34.353828 0.700789 1.264997
v 34.328247 0.755406 1.258602
v 34.366264 0.542771 1.268106
v 34.370869 0.389972 1.269257
v 34.407806 0.230296 1.278492
v 34.445503 0.068836 1.287916
v 34.490845 -0.096104 1.299252
v 34.546955 -0.259218 1.313281
v 34.619106 -0.423787 1.339613
v 34.737595 -0.599629 1.360942
v 34.282562 -0.589428 1.253629
v 34.238033 -0.414198 1.236047
v 34.235378 -0.250305 1.235383
v 34.229927 -0.085681 1.234020
v 34.235172 0.076148 1.235332
v 34.242905 0.237329 1.237265
v 34.265488 0.394628 1.242911
v 34.292061 0.550886 1.249555
v 34.974979 -0.906459 1.420289
v 34.489491 -0.677884 1.298912
v 35.110416 0.634778 1.454150
v 35.108734 0.695402 1.453729
v 35.059090 0.485329 1.441318
v 35.002686 0.343944 1.427216
v 34.973064 0.182656 1.419811
v 34.943424 0.019421 1.412400
v 34.919380 -0.150212 1.406389
v 34.905895 -0.322718 1.403017
v 34.906292 -0.504132 1.411411
v 34.944851 -0.713719 1.412757
v 34.533501 -0.513286 1.316365
v 34.562496 -0.333965 1.317165
v 34.625080 -0.183276 1.332812
v 34.685402 -0.030742 1.347892
v 34.754379 0.114733 1.365137
v 34.825363 0.258568 1.382884
v 34.908363 0.392603 1.403635
v 34.994591 0.524006 1.425193
v 35.037155 -1.075909 1.435833
v 34.669785 -0.676807 1.343988
v 35.721813 0.301350 1.607004
v 35.742245 0.358225 1.612112
v 35.619999 0.182521 1.581550
v 35.516403 0.073128 1.555650
v 35.430428 -0.065047 1.534155
v 35.343727 -0.205019 1.512479
v 35.259899 -0.353083 1.491521
v 35.184818 -0.507880 1.472750
v 35.119240 -0.677042 1.464650
v 35.079124 -0.885538 1.446326
v 34.770199 -0.541693 1.375542
v 34.862247 -0.385968 1.392105
v 34.974949 -0.270327 1.420282
v 35.086224 -0.152104 1.448101
v 35.202965 -0.043763 1.477287
v 35.320972 0.062283 1.506791
v 35.446571 0.154609 1.538192
v 35.574211 0.243250 1.570102
vn 0.2425 -0.0000 -0.9701
vn 0.2368 0.0165 -0.9714
vn 0.2447 0.0062 -0.9696
vn 0.2528 -0.0219 -0.9673
vn 0.2438 0.0174 -0.9697
vn 0.2469 0.0047 -0.9690
vn 0.2432 -0.0244 -0.9697
vn 0.2500 0.0157 -0.9681
vn 0.2483 0.0027 -0.9687
vn 0.2343 -0.0229 -0.9719
vt 0.000000 0.888889
vt 1.000000 0.888889
vt 1.000000 1.000000
vt 0.000000 1.000000
vt 0.000000 0.000000
vt 1.000000 0.000000
vt 1.000000 0.111111
vt 0.000000 0.111111
vt 1.000000 0.222222
vt 0.000000 0.222222
vt 1.000000 0.333333
vt 0.000000 0.333333
vt 1.000000 0.444444
vt 0.000000 0.444444
vt 1.000000 0.555556
vt 0.000000 0.555556
vt 1.000000 0.666667
vt 0.000000 0.666667
vt 1.000000 0.777778
vt 0.000000 0.777778
s 0
usemtl マテリアル.107
f 6021/2777/812 6036/2778/812 6020/2779/812 6019/2780/812
f 6017/2781/813 6018/2782/813 6029/2783/813 6028/2784/813
f 6028/2784/814 6029/2783/814 6030/2785/814 6027/2786/814
f 6027/2786/815 6030/2785/815 6031/2787/815 6026/2788/815
f 6026/2788/812 6031/2787/812 6032/2789/812 6025/2790/812
f 6025/2790/812 6032/2789/812 6033/2791/812 6024/2792/812
f 6024/2792/812 6033/2791/812 6034/2793/812 6023/2794/812
f 6023/2794/812 6034/2793/812 6035/2795/812 6022/2796/812
f 6022/2796/812 6035/2795/812 6036/2778/812 6021/2777/812
f 6041/2777/812 6056/2778/812 6040/2779/812 6039/2780/812
f 6037/2781/816 6038/2782/816 6049/2783/816 6048/2784/816
f 6048/2784/817 6049/2783/817 6050/2785/817 6047/2786/817
f 6047/2786/818 6050/2785/818 6051/2787/818 6046/2788/818
f 6046/2788/812 6051/2787/812 6052/2789/812 6045/2790/812
f 6045/2790/812 6052/2789/812 6053/2791/812 6044/2792/812
f 6044/2792/812 6053/2791/812 6054/2793/812 6043/2794/812
f 6043/2794/812 6054/2793/812 6055/2795/812 6042/2796/812
f 6042/2796/812 6055/2795/812 6056/2778/812 6041/2777/812
f 6061/2777/812 6076/2778/812 6060/2779/812 6059/2780/812
f 6057/2781/819 6058/2782/819 6069/2783/819 6068/2784/819
f 6068/2784/820 6069/2783/820 6070/2785/820 6067/2786/820
f 6067/2786/821 6070/2785/821 6071/2787/821 6066/2788/821
f 6066/2788/812 6071/2787/812 6072/2789/812 6065/2790/812
f 6065/2790/812 6072/2789/812 6073/2791/812 6064/2792/812
f 6064/2792/812 6073/2791/812 6074/2793/812 6063/2794/812
f 6063/2794/812 6074/2793/812 6075/2795/812 6062/2796/812
f 6062/2796/812 6075/2795/812 6076/2778/812 6061/2777/812
o 平面.001
v -13.844689 -0.762829 4.333602
v -14.378409 -0.758829 4.200167
v -14.332395 0.700789 4.211671
v -14.357975 0.755405 4.205276
v -14.319960 0.542770 4.214780
v -14.315356 0.389971 4.215931
v -14.278416 0.230296 4.225166
v -14.240722 0.068835 4.234591
v -14.195380 -0.096104 4.245926
v -14.139267 -0.259218 4.259955
v -14.067120 -0.423787 4.286287
v -13.948629 -0.599629 4.307616
v -14.403662 -0.589428 4.200304
v -14.448192 -0.414198 4.182721
v -14.450847 -0.250305 4.182057
v -14.456297 -0.085681 4.180695
v -14.451050 0.076148 4.182006
v -14.443318 0.237328 4.183939
v -14.420734 0.394628 4.189586
v -14.394161 0.550886 4.196229
v -13.711246 -0.906459 4.366963
v -14.196735 -0.677884 4.245587
v -13.575808 0.634778 4.400824
v -13.577489 0.695401 4.400403
v -13.627134 0.485329 4.387992
v -13.683538 0.343944 4.373890
v -13.713160 0.182656 4.366485
v -13.742801 0.019421 4.359074
v -13.766843 -0.150212 4.353064
v -13.780330 -0.322718 4.349691
v -13.779932 -0.504132 4.358086
v -13.741372 -0.713719 4.359431
v -14.152723 -0.513286 4.263040
v -14.123727 -0.333965 4.263839
v -14.061144 -0.183276 4.279486
v -14.000822 -0.030742 4.294567
v -13.931847 0.114732 4.311811
v -13.860861 0.258568 4.329558
v -13.777861 0.392603 4.350309
v -13.691632 0.524006 4.371867
v -13.649071 -1.075909 4.382507
v -14.016439 -0.676807 4.290662
v -12.964411 0.301350 4.553679
v -12.943981 0.358225 4.558786
v -13.066223 0.182521 4.528224
v -13.169821 0.073128 4.502324
v -13.255796 -0.065047 4.480829
v -13.342497 -0.205019 4.459154
v -13.426326 -0.353084 4.438196
v -13.501407 -0.507881 4.419425
v -13.566982 -0.677042 4.411325
v -13.607100 -0.885538 4.393001
v -13.916026 -0.541693 4.322216
v -13.823978 -0.385968 4.338779
v -13.711275 -0.270327 4.366956
v -13.600001 -0.152104 4.394775
v -13.483261 -0.043763 4.423962
v -13.365251 0.062283 4.453465
v -13.239652 0.154609 4.484866
v -13.112015 0.243250 4.516776
vn 0.2425 -0.0000 -0.9701
vn 0.2368 0.0165 -0.9714
vn 0.2447 0.0062 -0.9696
vn 0.2528 -0.0219 -0.9673
vn 0.2438 0.0174 -0.9697
vn 0.2469 0.0047 -0.9690
vn 0.2432 -0.0244 -0.9697
vn 0.2500 0.0157 -0.9681
vn 0.2483 0.0027 -0.9687
vn 0.2343 -0.0229 -0.9719
vt 0.000000 0.888889
vt 1.000000 0.888889
vt 1.000000 1.000000
vt 0.000000 1.000000
vt 0.000000 0.000000
vt 1.000000 0.000000
vt 1.000000 0.111111
vt 0.000000 0.111111
vt 1.000000 0.222222
vt 0.000000 0.222222
vt 1.000000 0.333333
vt 0.000000 0.333333
vt 1.000000 0.444444
vt 0.000000 0.444444
vt 1.000000 0.555556
vt 0.000000 0.555556
vt 1.000000 0.666667
vt 0.000000 0.666667
vt 1.000000 0.777778
vt 0.000000 0.777778
s 0
usemtl マテリアル.107
f 6081/2797/822 6096/2798/822 6080/2799/822 6079/2800/822
f 6077/2801/823 6078/2802/823 6089/2803/823 6088/2804/823
f 6088/2804/824 6089/2803/824 6090/2805/824 6087/2806/824
f 6087/2806/825 6090/2805/825 6091/2807/825 6086/2808/825
f 6086/2808/822 6091/2807/822 6092/2809/822 6085/2810/822
f 6085/2810/822 6092/2809/822 6093/2811/822 6084/2812/822
f 6084/2812/822 6093/2811/822 6094/2813/822 6083/2814/822
f 6083/2814/822 6094/2813/822 6095/2815/822 6082/2816/822
f 6082/2816/822 6095/2815/822 6096/2798/822 6081/2797/822
f 6101/2797/822 6116/2798/822 6100/2799/822 6099/2800/822
f 6097/2801/826 6098/2802/826 6109/2803/826 6108/2804/826
f 6108/2804/827 6109/2803/827 6110/2805/827 6107/2806/827
f 6107/2806/828 6110/2805/828 6111/2807/828 6106/2808/828
f 6106/2808/822 6111/2807/822 6112/2809/822 6105/2810/822
f 6105/2810/822 6112/2809/822 6113/2811/822 6104/2812/822
f 6104/2812/822 6113/2811/822 6114/2813/822 6103/2814/822
f 6103/2814/822 6114/2813/822 6115/2815/822 6102/2816/822
f 6102/2816/822 6115/2815/822 6116/2798/822 6101/2797/822
f 6121/2797/822 6136/2798/822 6120/2799/822 6119/2800/822
f 6117/2801/829 6118/2802/829 6129/2803/829 6128/2804/829
f 6128/2804/830 6129/2803/830 6130/2805/830 6127/2806/830
f 6127/2806/831 6130/2805/831 6131/2807/831 6126/2808/831
f 6126/2808/822 6131/2807/822 6132/2809/822 6125/2810/822
f 6125/2810/822 6132/2809/822 6133/2811/822 6124/2812/822
f 6124/2812/822 6133/2811/822 6134/2813/822 6123/2814/822
f 6123/2814/822 6134/2813/822 6135/2815/822 6122/2816/822
f 6122/2816/822 6135/2815/822 6136/2798/822 6121/2797/822
o 平面.001
v 31.670219 -0.762829 5.137803
v 31.136499 -0.758829 5.004368
v 31.182514 0.700789 5.015872
v 31.156933 0.755405 5.009477
v 31.194948 0.542770 5.018981
v 31.199553 0.389971 5.020132
v 31.236492 0.230296 5.029367
v 31.274187 0.068835 5.038791
v 31.319527 -0.096104 5.050127
v 31.375641 -0.259218 5.064156
v 31.447788 -0.423787 5.090487
v 31.566278 -0.599629 5.111817
v 31.111246 -0.589428 5.004504
v 31.066715 -0.414198 4.986922
v 31.064062 -0.250305 4.986258
v 31.058611 -0.085681 4.984895
v 31.063858 0.076148 4.986207
v 31.071590 0.237328 4.988140
v 31.094173 0.394628 4.993786
v 31.120747 0.550886 5.000430
v 31.803661 -0.906459 5.171164
v 31.318172 -0.677884 5.049788
v 31.939100 0.634778 5.205025
v 31.937418 0.695401 5.204604
v 31.887774 0.485329 5.192193
v 31.831369 0.343944 5.178091
v 31.801748 0.182656 5.170685
v 31.772108 0.019421 5.163275
v 31.748066 -0.150212 5.157264
v 31.734577 -0.322718 5.153892
v 31.734976 -0.504132 5.162286
v 31.773537 -0.713719 5.163632
v 31.362185 -0.513286 5.067240
v 31.391180 -0.333965 5.068040
v 31.453764 -0.183276 5.083686
v 31.514086 -0.030742 5.098767
v 31.583061 0.114732 5.116012
v 31.654047 0.258568 5.133759
v 31.737047 0.392603 5.154510
v 31.823277 0.524006 5.176067
v 31.865837 -1.075909 5.186708
v 31.498468 -0.676807 5.094863
v 32.550499 0.301350 5.357879
v 32.570927 0.358225 5.362987
v 32.448685 0.182521 5.332425
v 32.345085 0.073128 5.306525
v 32.259109 -0.065047 5.285030
v 32.172409 -0.205019 5.263354
v 32.088581 -0.353084 5.242396
v 32.013500 -0.507881 5.223625
v 31.947926 -0.677042 5.215525
v 31.907808 -0.885538 5.197201
v 31.598883 -0.541693 5.126417
v 31.690929 -0.385968 5.142980
v 31.803633 -0.270327 5.171156
v 31.914907 -0.152104 5.198976
v 32.031647 -0.043763 5.228162
v 32.149658 0.062283 5.257666
v 32.275257 0.154609 5.289066
v 32.402893 0.243250 5.320977
vn 0.2425 -0.0000 -0.9701
vn 0.2368 0.0165 -0.9714
vn 0.2447 0.0062 -0.9696
vn 0.2528 -0.0219 -0.9673
vn 0.2438 0.0174 -0.9697
vn 0.2469 0.0047 -0.9690
vn 0.2432 -0.0244 -0.9697
vn 0.2500 0.0157 -0.9681
vn 0.2483 0.0027 -0.9687
vn 0.2343 -0.0229 -0.9719
vt 0.000000 0.888889
vt 1.000000 0.888889
vt 1.000000 1.000000
vt 0.000000 1.000000
vt 0.000000 0.000000
vt 1.000000 0.000000
vt 1.000000 0.111111
vt 0.000000 0.111111
vt 1.000000 0.222222
vt 0.000000 0.222222
vt 1.000000 0.333333
vt 0.000000 0.333333
vt 1.000000 0.444444
vt 0.000000 0.444444
vt 1.000000 0.555556
vt 0.000000 0.555556
vt 1.000000 0.666667
vt 0.000000 0.666667
vt 1.000000 0.777778
vt 0.000000 0.777778
s 0
usemtl マテリアル.107
f 6141/2817/832 6156/2818/832 6140/2819/832 6139/2820/832
f 6137/2821/833 6138/2822/833 6149/2823/833 6148/2824/833
f 6148/2824/834 6149/2823/834 6150/2825/834 6147/2826/834
f 6147/2826/835 6150/2825/835 6151/2827/835 6146/2828/835
f 6146/2828/832 6151/2827/832 6152/2829/832 6145/2830/832
f 6145/2830/832 6152/2829/832 6153/2831/832 6144/2832/832
f 6144/2832/832 6153/2831/832 6154/2833/832 6143/2834/832
f 6143/2834/832 6154/2833/832 6155/2835/832 6142/2836/832
f 6142/2836/832 6155/2835/832 6156/2818/832 6141/2817/832
f 6161/2817/832 6176/2818/832 6160/2819/832 6159/2820/832
f 6157/2821/836 6158/2822/836 6169/2823/836 6168/2824/836
f 6168/2824/837 6169/2823/837 6170/2825/837 6167/2826/837
f 6167/2826/838 6170/2825/838 6171/2827/838 6166/2828/838
f 6166/2828/832 6171/2827/832 6172/2829/832 6165/2830/832
f 6165/2830/832 6172/2829/832 6173/2831/832 6164/2832/832
f 6164/2832/832 6173/2831/832 6174/2833/832 6163/2834/832
f 6163/2834/832 6174/2833/832 6175/2835/832 6162/2836/832
f 6162/2836/832 6175/2835/832 6176/2818/832 6161/2817/832
f 6181/2817/832 6196/2818/832 6180/2819/832 6179/2820/832
f 6177/2821/839 6178/2822/839 6189/2823/839 6188/2824/839
f 6188/2824/840 6189/2823/840 6190/2825/840 6187/2826/840
f 6187/2826/841 6190/2825/841 6191/2827/841 6186/2828/841
f 6186/2828/832 6191/2827/832 6192/2829/832 6185/2830/832
f 6185/2830/832 6192/2829/832 6193/2831/832 6184/2832/832
f 6184/2832/832 6193/2831/832 6194/2833/832 6183/2834/832
f 6183/2834/832 6194/2833/832 6195/2835/832 6182/2836/832
f 6182/2836/832 6195/2835/832 6196/2818/832 6181/2817/832
o 平面.001
v -21.219070 -0.762829 5.871776
v -21.752790 -0.758829 5.738341
v -21.706776 0.700789 5.749845
v -21.732357 0.755405 5.743450
v -21.694342 0.542770 5.752954
v -21.689737 0.389971 5.754105
v -21.652798 0.230296 5.763340
v -21.615103 0.068835 5.772764
v -21.569763 -0.096104 5.784100
v -21.513649 -0.259218 5.798129
v -21.441502 -0.423787 5.824461
v -21.323011 -0.599629 5.845790
v -21.778044 -0.589428 5.738477
v -21.822575 -0.414198 5.720895
v -21.825228 -0.250305 5.720231
v -21.830679 -0.085681 5.718868
v -21.825432 0.076148 5.720180
v -21.817699 0.237328 5.722113
v -21.795116 0.394628 5.727759
v -21.768543 0.550886 5.734403
v -21.085629 -0.906459 5.905137
v -21.571117 -0.677884 5.783761
v -20.950190 0.634778 5.938998
v -20.951872 0.695401 5.938577
v -21.001516 0.485329 5.926166
v -21.057920 0.343944 5.912064
v -21.087542 0.182656 5.904658
v -21.117182 0.019421 5.897248
v -21.141224 -0.150212 5.891237
v -21.154713 -0.322718 5.887865
v -21.154314 -0.504132 5.896259
v -21.115753 -0.713719 5.897605
v -21.527105 -0.513286 5.801213
v -21.498110 -0.333965 5.802013
v -21.435526 -0.183276 5.817659
v -21.375204 -0.030742 5.832740
v -21.306229 0.114732 5.849985
v -21.235243 0.258568 5.867732
v -21.152243 0.392603 5.888483
v -21.066013 0.524006 5.910040
v -21.023453 -1.075909 5.920681
v -21.390821 -0.676807 5.828836
v -20.338793 0.301350 6.091852
v -20.318363 0.358225 6.096960
v -20.440605 0.182521 6.066398
v -20.544203 0.073128 6.040498
v -20.630178 -0.065047 6.019003
v -20.716879 -0.205019 5.997327
v -20.800707 -0.353084 5.976369
v -20.875790 -0.507881 5.957598
v -20.941364 -0.677042 5.949498
v -20.981482 -0.885538 5.931174
v -21.290407 -0.541693 5.860390
v -21.198360 -0.385968 5.876953
v -21.085657 -0.270327 5.905129
v -20.974382 -0.152104 5.932949
v -20.857643 -0.043763 5.962135
v -20.739634 0.062283 5.991639
v -20.614035 0.154609 6.023039
v -20.486397 0.243250 6.054950
vn 0.2425 -0.0000 -0.9701
vn 0.2368 0.0165 -0.9714
vn 0.2447 0.0062 -0.9696
vn 0.2528 -0.0219 -0.9673
vn 0.2438 0.0174 -0.9697
vn 0.2469 0.0047 -0.9690
vn 0.2432 -0.0244 -0.9697
vn 0.2500 0.0157 -0.9681
vn 0.2483 0.0027 -0.9687
vn 0.2343 -0.0229 -0.9719
vt 0.000000 0.888889
vt 1.000000 0.888889
vt 1.000000 1.000000
vt 0.000000 1.000000
vt 0.000000 0.000000
vt 1.000000 0.000000
vt 1.000000 0.111111
vt 0.000000 0.111111
vt 1.000000 0.222222
vt 0.000000 0.222222
vt 1.000000 0.333333
vt 0.000000 0.333333
vt 1.000000 0.444444
vt 0.000000 0.444444
vt 1.000000 0.555556
vt 0.000000 0.555556
vt 1.000000 0.666667
vt 0.000000 0.666667
vt 1.000000 0.777778
vt 0.000000 0.777778
s 0
usemtl マテリアル.107
f 6201/2837/842 6216/2838/842 6200/2839/842 6199/2840/842
f 6197/2841/843 6198/2842/843 6209/2843/843 6208/2844/843
f 6208/2844/844 6209/2843/844 6210/2845/844 6207/2846/844
f 6207/2846/845 6210/2845/845 6211/2847/845 6206/2848/845
f 6206/2848/842 6211/2847/842 6212/2849/842 6205/2850/842
f 6205/2850/842 6212/2849/842 6213/2851/842 6204/2852/842
f 6204/2852/842 6213/2851/842 6214/2853/842 6203/2854/842
f 6203/2854/842 6214/2853/842 6215/2855/842 6202/2856/842
f 6202/2856/842 6215/2855/842 6216/2838/842 6201/2837/842
f 6221/2837/842 6236/2838/842 6220/2839/842 6219/2840/842
f 6217/2841/846 6218/2842/846 6229/2843/846 6228/2844/846
f 6228/2844/847 6229/2843/847 6230/2845/847 6227/2846/847
f 6227/2846/848 6230/2845/848 6231/2847/848 6226/2848/848
f 6226/2848/842 6231/2847/842 6232/2849/842 6225/2850/842
f 6225/2850/842 6232/2849/842 6233/2851/842 6224/2852/842
f 6224/2852/842 6233/2851/842 6234/2853/842 6223/2854/842
f 6223/2854/842 6234/2853/842 6235/2855/842 6222/2856/842
f 6222/2856/842 6235/2855/842 6236/2838/842 6221/2837/842
f 6241/2837/842 6256/2838/842 6240/2839/842 6239/2840/842
f 6237/2841/849 6238/2842/849 6249/2843/849 6248/2844/849
f 6248/2844/850 6249/2843/850 6250/2845/850 6247/2846/850
f 6247/2846/851 6250/2845/851 6251/2847/851 6246/2848/851
f 6246/2848/842 6251/2847/842 6252/2849/842 6245/2850/842
f 6245/2850/842 6252/2849/842 6253/2851/842 6244/2852/842
f 6244/2852/842 6253/2851/842 6254/2853/842 6243/2854/842
f 6243/2854/842 6254/2853/842 6255/2855/842 6242/2856/842
f 6242/2856/842 6255/2855/842 6256/2838/842 6241/2837/842
o 平面.001
v 17.549250 -0.762829 6.576026
v 17.015530 -0.758829 6.442591
v 17.061543 0.700789 6.454095
v 17.035963 0.755405 6.447700
v 17.073978 0.542770 6.457204
v 17.078583 0.389971 6.458355
v 17.115522 0.230296 6.467590
v 17.153217 0.068835 6.477015
v 17.198557 -0.096104 6.488350
v 17.254671 -0.259218 6.502379
v 17.326818 -0.423787 6.528711
v 17.445309 -0.599629 6.550040
v 16.990276 -0.589428 6.442728
v 16.945745 -0.414198 6.425145
v 16.943092 -0.250305 6.424481
v 16.937641 -0.085681 6.423119
v 16.942888 0.076148 6.424430
v 16.950621 0.237328 6.426363
v 16.973204 0.394628 6.432010
v 16.999777 0.550886 6.438653
v 17.682692 -0.906459 6.609387
v 17.197203 -0.677884 6.488011
v 17.818130 0.634778 6.643248
v 17.816448 0.695401 6.642828
v 17.766804 0.485329 6.630416
v 17.710400 0.343944 6.616314
v 17.680779 0.182656 6.608909
v 17.651138 0.019421 6.601498
v 17.627096 -0.150212 6.595488
v 17.613607 -0.322718 6.592115
v 17.614006 -0.504132 6.600510
v 17.652567 -0.713719 6.601855
v 17.241215 -0.513286 6.505464
v 17.270210 -0.333965 6.506263
v 17.332794 -0.183276 6.521910
v 17.393116 -0.030742 6.536991
v 17.462091 0.114732 6.554235
v 17.533077 0.258568 6.571982
v 17.616077 0.392603 6.592733
v 17.702307 0.524006 6.614291
v 17.744867 -1.075909 6.624931
v 17.377499 -0.676807 6.533086
v 18.429527 0.301350 6.796103
v 18.449957 0.358225 6.801210
v 18.327715 0.182521 6.770648
v 18.224117 0.073128 6.744748
v 18.138142 -0.065047 6.723253
v 18.051441 -0.205019 6.701578
v 17.967613 -0.353084 6.680620
v 17.892530 -0.507881 6.661849
v 17.826956 -0.677042 6.653749
v 17.786839 -0.885538 6.635425
v 17.477913 -0.541693 6.564640
v 17.569960 -0.385968 6.581203
v 17.682663 -0.270327 6.609380
v 17.793938 -0.152104 6.637199
v 17.910677 -0.043763 6.666386
v 18.028687 0.062283 6.695889
v 18.154285 0.154609 6.727290
v 18.281923 0.243250 6.759200
vn 0.2425 -0.0000 -0.9701
vn 0.2368 0.0165 -0.9714
vn 0.2447 0.0062 -0.9696
vn 0.2528 -0.0219 -0.9673
vn 0.2438 0.0174 -0.9697
vn 0.2469 0.0047 -0.9690
vn 0.2432 -0.0244 -0.9697
vn 0.2500 0.0157 -0.9681
vn 0.2483 0.0027 -0.9687
vn 0.2343 -0.0229 -0.9719
vt 0.000000 0.888889
vt 1.000000 0.888889
vt 1.000000 1.000000
vt 0.000000 1.000000
vt 0.000000 0.000000
vt 1.000000 0.000000
vt 1.000000 0.111111
vt 0.000000 0.111111
vt 1.000000 0.222222
vt 0.000000 0.222222
vt 1.000000 0.333333
vt 0.000000 0.333333
vt 1.000000 0.444444
vt 0.000000 0.444444
vt 1.000000 0.555556
vt 0.000000 0.555556
vt 1.000000 0.666667
vt 0.000000 0.666667
vt 1.000000 0.777778
vt 0.000000 0.777778
s 0
usemtl マテリアル.107
f 6261/2857/852 6276/2858/852 6260/2859/852 6259/2860/852
f 6257/2861/853 6258/2862/853 6269/2863/853 6268/2864/853
f 6268/2864/854 6269/2863/854 6270/2865/854 6267/2866/854
f 6267/2866/855 6270/2865/855 6271/2867/855 6266/2868/855
f 6266/2868/852 6271/2867/852 6272/2869/852 6265/2870/852
f 6265/2870/852 6272/2869/852 6273/2871/852 6264/2872/852
f 6264/2872/852 6273/2871/852 6274/2873/852 6263/2874/852
f 6263/2874/852 6274/2873/852 6275/2875/852 6262/2876/852
f 6262/2876/852 6275/2875/852 6276/2858/852 6261/2857/852
f 6281/2857/852 6296/2858/852 6280/2859/852 6279/2860/852
f 6277/2861/856 6278/2862/856 6289/2863/856 6288/2864/856
f 6288/2864/857 6289/2863/857 6290/2865/857 6287/2866/857
f 6287/2866/858 6290/2865/858 6291/2867/858 6286/2868/858
f 6286/2868/852 6291/2867/852 6292/2869/852 6285/2870/852
f 6285/2870/852 6292/2869/852 6293/2871/852 6284/2872/852
f 6284/2872/852 6293/2871/852 6294/2873/852 6283/2874/852
f 6283/2874/852 6294/2873/852 6295/2875/852 6282/2876/852
f 6282/2876/852 6295/2875/852 6296/2858/852 6281/2857/852
f 6301/2857/852 6316/2858/852 6300/2859/852 6299/2860/852
f 6297/2861/859 6298/2862/859 6309/2863/859 6308/2864/859
f 6308/2864/860 6309/2863/860 6310/2865/860 6307/2866/860
f 6307/2866/861 6310/2865/861 6311/2867/861 6306/2868/861
f 6306/2868/852 6311/2867/852 6312/2869/852 6305/2870/852
f 6305/2870/852 6312/2869/852 6313/2871/852 6304/2872/852
f 6304/2872/852 6313/2871/852 6314/2873/852 6303/2874/852
f 6303/2874/852 6314/2873/852 6315/2875/852 6302/2876/852
f 6302/2876/852 6315/2875/852 6316/2858/852 6301/2857/852
o 平面.001
v 27.185373 -0.762829 7.380227
v 26.651653 -0.758829 7.246792
v 26.697666 0.700789 7.258296
v 26.672087 0.755405 7.251901
v 26.710102 0.542770 7.261405
v 26.714706 0.389971 7.262556
v 26.751646 0.230296 7.271791
v 26.789341 0.068835 7.281215
v 26.834681 -0.096104 7.292551
v 26.890795 -0.259218 7.306580
v 26.962942 -0.423787 7.332911
v 27.081432 -0.599629 7.354241
v 26.626400 -0.589428 7.246928
v 26.581869 -0.414198 7.229346
v 26.579216 -0.250305 7.228682
v 26.573765 -0.085681 7.227319
v 26.579012 0.076148 7.228631
v 26.586744 0.237328 7.230564
v 26.609327 0.394628 7.236210
v 26.635900 0.550886 7.242854
v 27.318815 -0.906459 7.413588
v 26.833326 -0.677884 7.292212
v 27.454254 0.634778 7.447449
v 27.452572 0.695401 7.447028
v 27.402927 0.485329 7.434617
v 27.346523 0.343944 7.420515
v 27.316902 0.182656 7.413109
v 27.287262 0.019421 7.405699
v 27.263220 -0.150212 7.399688
v 27.249731 -0.322718 7.396316
v 27.250130 -0.504132 7.404710
v 27.288691 -0.713719 7.406056
v 26.877338 -0.513286 7.309664
v 26.906334 -0.333965 7.310464
v 26.968918 -0.183276 7.326110
v 27.029240 -0.030742 7.341191
v 27.098215 0.114732 7.358436
v 27.169201 0.258568 7.376183
v 27.252201 0.392603 7.396934
v 27.338430 0.524006 7.418491
v 27.380991 -1.075909 7.429132
v 27.013622 -0.676807 7.337287
v 28.065651 0.301350 7.600303
v 28.086081 0.358225 7.605411
v 27.963839 0.182521 7.574849
v 27.860241 0.073128 7.548949
v 27.774265 -0.065047 7.527454
v 27.687565 -0.205019 7.505778
v 27.603737 -0.353084 7.484820
v 27.528654 -0.507881 7.466049
v 27.463079 -0.677042 7.457949
v 27.422962 -0.885538 7.439625
v 27.114037 -0.541693 7.368841
v 27.206083 -0.385968 7.385404
v 27.318787 -0.270327 7.413580
v 27.430061 -0.152104 7.441400
v 27.546801 -0.043763 7.470586
v 27.664810 0.062283 7.500090
v 27.790409 0.154609 7.531490
v 27.918047 0.243250 7.563401
vn 0.2425 -0.0000 -0.9701
vn 0.2368 0.0165 -0.9714
vn 0.2447 0.0062 -0.9696
vn 0.2528 -0.0219 -0.9673
vn 0.2438 0.0174 -0.9697
vn 0.2469 0.0047 -0.9690
vn 0.2432 -0.0244 -0.9697
vn 0.2500 0.0157 -0.9681
vn 0.2483 0.0027 -0.9687
vn 0.2343 -0.0229 -0.9719
vt 0.000000 0.888889
vt 1.000000 0.888889
vt 1.000000 1.000000
vt 0.000000 1.000000
vt 0.000000 0.000000
vt 1.000000 0.000000
vt 1.000000 0.111111
vt 0.000000 0.111111
vt 1.000000 0.222222
vt 0.000000 0.222222
vt 1.000000 0.333333
vt 0.000000 0.333333
vt 1.000000 0.444444
vt 0.000000 0.444444
vt 1.000000 0.555556
vt 0.000000 0.555556
vt 1.000000 0.666667
vt 0.000000 0.666667
vt 1.000000 0.777778
vt 0.000000 0.777778
s 0
usemtl マテリアル.107
f 6321/2877/862 6336/2878/862 6320/2879/862 6319/2880/862
f 6317/2881/863 6318/2882/863 6329/2883/863 6328/2884/863
f 6328/2884/864 6329/2883/864 6330/2885/864 6327/2886/864
f 6327/2886/865 6330/2885/865 6331/2887/865 6326/2888/865
f 6326/2888/862 6331/2887/862 6332/2889/862 6325/2890/862
f 6325/2890/862 6332/2889/862 6333/2891/862 6324/2892/862
f 6324/2892/862 6333/2891/862 6334/2893/862 6323/2894/862
f 6323/2894/862 6334/2893/862 6335/2895/862 6322/2896/862
f 6322/2896/862 6335/2895/862 6336/2878/862 6321/2877/862
f 6341/2877/862 6356/2878/862 6340/2879/862 6339/2880/862
f 6337/2881/866 6338/2882/866 6349/2883/866 6348/2884/866
f 6348/2884/867 6349/2883/867 6350/2885/867 6347/2886/867
f 6347/2886/868 6350/2885/868 6351/2887/868 6346/2888/868
f 6346/2888/862 6351/2887/862 6352/2889/862 6345/2890/862
f 6345/2890/862 6352/2889/862 6353/2891/862 6344/2892/862
f 6344/2892/862 6353/2891/862 6354/2893/862 6343/2894/862
f 6343/2894/862 6354/2893/862 6355/2895/862 6342/2896/862
f 6342/2896/862 6355/2895/862 6356/2878/862 6341/2877/862
f 6361/2877/862 6376/2878/862 6360/2879/862 6359/2880/862
f 6357/2881/869 6358/2882/869 6369/2883/869 6368/2884/869
f 6368/2884/870 6369/2883/870 6370/2885/870 6367/2886/870
f 6367/2886/871 6370/2885/871 6371/2887/871 6366/2888/871
f 6366/2888/862 6371/2887/862 6372/2889/862 6365/2890/862
f 6365/2890/862 6372/2889/862 6373/2891/862 6364/2892/862
f 6364/2892/862 6373/2891/862 6374/2893/862 6363/2894/862
f 6363/2894/862 6374/2893/862 6375/2895/862 6362/2896/862
f 6362/2896/862 6375/2895/862 6376/2878/862 6361/2877/862
o 平面.001
v 30.356689 -0.762829 5.871776
v 29.822969 -0.758829 5.738341
v 29.868984 0.700789 5.749845
v 29.843403 0.755405 5.743450
v 29.881418 0.542770 5.752954
v 29.886023 0.389971 5.754105
v 29.922962 0.230296 5.763340
v 29.960657 0.068835 5.772764
v 30.005997 -0.096104 5.784100
v 30.062111 -0.259218 5.798129
v 30.134258 -0.423787 5.824461
v 30.252748 -0.599629 5.845790
v 29.797716 -0.589428 5.738477
v 29.753185 -0.414198 5.720895
v 29.750532 -0.250305 5.720231
v 29.745081 -0.085681 5.718868
v 29.750328 0.076148 5.720180
v 29.758060 0.237328 5.722113
v 29.780643 0.394628 5.727759
v 29.807217 0.550886 5.734403
v 30.490131 -0.906459 5.905137
v 30.004642 -0.677884 5.783761
v 30.625570 0.634778 5.938998
v 30.623888 0.695401 5.938577
v 30.574244 0.485329 5.926166
v 30.517839 0.343944 5.912064
v 30.488218 0.182656 5.904658
v 30.458578 0.019421 5.897248
v 30.434536 -0.150212 5.891237
v 30.421047 -0.322718 5.887865
v 30.421446 -0.504132 5.896259
v 30.460007 -0.713719 5.897605
v 30.048655 -0.513286 5.801213
v 30.077650 -0.333965 5.802013
v 30.140234 -0.183276 5.817659
v 30.200556 -0.030742 5.832740
v 30.269531 0.114732 5.849985
v 30.340517 0.258568 5.867732
v 30.423517 0.392603 5.888483
v 30.509747 0.524006 5.910040
v 30.552307 -1.075909 5.920681
v 30.184938 -0.676807 5.828836
v 31.236967 0.301350 6.091852
v 31.257397 0.358225 6.096960
v 31.135155 0.182521 6.066398
v 31.031557 0.073128 6.040498
v 30.945581 -0.065047 6.019003
v 30.858881 -0.205019 5.997327
v 30.775053 -0.353084 5.976369
v 30.699970 -0.507881 5.957598
v 30.634396 -0.677042 5.949498
v 30.594278 -0.885538 5.931174
v 30.285353 -0.541693 5.860390
v 30.377399 -0.385968 5.876953
v 30.490103 -0.270327 5.905129
v 30.601377 -0.152104 5.932949
v 30.718117 -0.043763 5.962135
v 30.836126 0.062283 5.991639
v 30.961725 0.154609 6.023039
v 31.089363 0.243250 6.054950
vn 0.2425 -0.0000 -0.9701
vn 0.2368 0.0165 -0.9714
vn 0.2447 0.0062 -0.9696
vn 0.2528 -0.0219 -0.9673
vn 0.2438 0.0174 -0.9697
vn 0.2469 0.0047 -0.9690
vn 0.2432 -0.0244 -0.9697
vn 0.2500 0.0157 -0.9681
vn 0.2483 0.0027 -0.9687
vn 0.2343 -0.0229 -0.9719
vt 0.000000 0.888889
vt 1.000000 0.888889
vt 1.000000 1.000000
vt 0.000000 1.000000
vt 0.000000 0.000000
vt 1.000000 0.000000
vt 1.000000 0.111111
vt 0.000000 0.111111
vt 1.000000 0.222222
vt 0.000000 0.222222
vt 1.000000 0.333333
vt 0.000000 0.333333
vt 1.000000 0.444444
vt 0.000000 0.444444
vt 1.000000 0.555556
vt 0.000000 0.555556
vt 1.000000 0.666667
vt 0.000000 0.666667
vt 1.000000 0.777778
vt 0.000000 0.777778
s 0
usemtl マテリアル.107
f 6381/2897/872 6396/2898/872 6380/2899/872 6379/2900/872
f 6377/2901/873 6378/2902/873 6389/2903/873 6388/2904/873
f 6388/2904/874 6389/2903/874 6390/2905/874 6387/2906/874
f 6387/2906/875 6390/2905/875 6391/2907/875 6386/2908/875
f 6386/2908/872 6391/2907/872 6392/2909/872 6385/2910/872
f 6385/2910/872 6392/2909/872 6393/2911/872 6384/2912/872
f 6384/2912/872 6393/2911/872 6394/2913/872 6383/2914/872
f 6383/2914/872 6394/2913/872 6395/2915/872 6382/2916/872
f 6382/2916/872 6395/2915/872 6396/2898/872 6381/2897/872
f 6401/2897/872 6416/2898/872 6400/2899/872 6399/2900/872
f 6397/2901/876 6398/2902/876 6409/2903/876 6408/2904/876
f 6408/2904/877 6409/2903/877 6410/2905/877 6407/2906/877
f 6407/2906/878 6410/2905/878 6411/2907/878 6406/2908/878
f 6406/2908/872 6411/2907/872 6412/2909/872 6405/2910/872
f 6405/2910/872 6412/2909/872 6413/2911/872 6404/2912/872
f 6404/2912/872 6413/2911/872 6414/2913/872 6403/2914/872
f 6403/2914/872 6414/2913/872 6415/2915/872 6402/2916/872
f 6402/2916/872 6415/2915/872 6416/2898/872 6401/2897/872
f 6421/2897/872 6436/2898/872 6420/2899/872 6419/2900/872
f 6417/2901/879 6418/2902/879 6429/2903/879 6428/2904/879
f 6428/2904/880 6429/2903/880 6430/2905/880 6427/2906/880
f 6427/2906/881 6430/2905/881 6431/2907/881 6426/2908/881
f 6426/2908/872 6431/2907/872 6432/2909/872 6425/2910/872
f 6425/2910/872 6432/2909/872 6433/2911/872 6424/2912/872
f 6424/2912/872 6433/2911/872 6434/2913/872 6423/2914/872
f 6423/2914/872 6434/2913/872 6435/2915/872 6422/2916/872
f 6422/2916/872 6435/2915/872 6436/2898/872 6421/2897/872
o 平面.001
v -22.814383 -0.762829 8.818451
v -23.348103 -0.758829 8.685016
v -23.302090 0.700789 8.696520
v -23.327669 0.755405 8.690125
v -23.289654 0.542770 8.699629
v -23.285049 0.389971 8.700780
v -23.248110 0.230296 8.710015
v -23.210415 0.068835 8.719439
v -23.165075 -0.096104 8.730775
v -23.108961 -0.259218 8.744803
v -23.036814 -0.423787 8.771135
v -22.918324 -0.599629 8.792464
v -23.373356 -0.589428 8.685152
v -23.417887 -0.414198 8.667569
v -23.420540 -0.250305 8.666905
v -23.425991 -0.085681 8.665544
v -23.420744 0.076148 8.666855
v -23.413012 0.237328 8.668788
v -23.390429 0.394628 8.674434
v -23.363855 0.550886 8.681078
v -22.680941 -0.906459 8.851811
v -23.166430 -0.677884 8.730435
v -22.545502 0.634778 8.885673
v -22.547184 0.695401 8.885252
v -22.596828 0.485329 8.872840
v -22.653233 0.343944 8.858739
v -22.682854 0.182656 8.851334
v -22.712494 0.019421 8.843923
v -22.736536 -0.150212 8.837912
v -22.750025 -0.322718 8.834540
v -22.749626 -0.504132 8.842934
v -22.711065 -0.713719 8.844280
v -23.122417 -0.513286 8.747888
v -23.093422 -0.333965 8.748688
v -23.030838 -0.183276 8.764335
v -22.970516 -0.030742 8.779415
v -22.901541 0.114732 8.796659
v -22.830555 0.258568 8.814406
v -22.747555 0.392603 8.835157
v -22.661325 0.524006 8.856715
v -22.618765 -1.075909 8.867356
v -22.986134 -0.676807 8.775511
v -21.934105 0.301350 9.038527
v -21.913675 0.358225 9.043634
v -22.035917 0.182521 9.013073
v -22.139515 0.073128 8.987172
v -22.225491 -0.065047 8.965678
v -22.312191 -0.205019 8.944002
v -22.396019 -0.353084 8.923044
v -22.471102 -0.507881 8.904273
v -22.536676 -0.677042 8.896173
v -22.576794 -0.885538 8.877849
v -22.885719 -0.541693 8.807064
v -22.793673 -0.385968 8.823627
v -22.680969 -0.270327 8.851805
v -22.569695 -0.152104 8.879623
v -22.452955 -0.043763 8.908810
v -22.334946 0.062283 8.938313
v -22.209347 0.154609 8.969714
v -22.081709 0.243250 9.001625
vn 0.2425 -0.0000 -0.9701
vn 0.2368 0.0165 -0.9714
vn 0.2447 0.0062 -0.9696
vn 0.2528 -0.0219 -0.9673
vn 0.2438 0.0174 -0.9697
vn 0.2469 0.0047 -0.9690
vn 0.2432 -0.0244 -0.9697
vn 0.2500 0.0157 -0.9681
vn 0.2483 0.0027 -0.9687
vn 0.2343 -0.0229 -0.9719
vt 0.000000 0.888889
vt 1.000000 0.888889
vt 1.000000 1.000000
vt 0.000000 1.000000
vt 0.000000 0.000000
vt 1.000000 0.000000
vt 1.000000 0.111111
vt 0.000000 0.111111
vt 1.000000 0.222222
vt 0.000000 0.222222
vt 1.000000 0.333333
vt 0.000000 0.333333
vt 1.000000 0.444444
vt 0.000000 0.444444
vt 1.000000 0.555556
vt 0.000000 0.555556
vt 1.000000 0.666667
vt 0.000000 0.666667
vt 1.000000 0.777778
vt 0.000000 0.777778
s 0
usemtl マテリアル.107
f 6441/2917/882 6456/2918/882 6440/2919/882 6439/2920/882
f 6437/2921/883 6438/2922/883 6449/2923/883 6448/2924/883
f 6448/2924/884 6449/2923/884 6450/2925/884 6447/2926/884
f 6447/2926/885 6450/2925/885 6451/2927/885 6446/2928/885
f 6446/2928/882 6451/2927/882 6452/2929/882 6445/2930/882
f 6445/2930/882 6452/2929/882 6453/2931/882 6444/2932/882
f 6444/2932/882 6453/2931/882 6454/2933/882 6443/2934/882
f 6443/2934/882 6454/2933/882 6455/2935/882 6442/2936/882
f 6442/2936/882 6455/2935/882 6456/2918/882 6441/2917/882
f 6461/2917/882 6476/2918/882 6460/2919/882 6459/2920/882
f 6457/2921/886 6458/2922/886 6469/2923/886 6468/2924/886
f 6468/2924/887 6469/2923/887 6470/2925/887 6467/2926/887
f 6467/2926/888 6470/2925/888 6471/2927/888 6466/2928/888
f 6466/2928/882 6471/2927/882 6472/2929/882 6465/2930/882
f 6465/2930/882 6472/2929/882 6473/2931/882 6464/2932/882
f 6464/2932/882 6473/2931/882 6474/2933/882 6463/2934/882
f 6463/2934/882 6474/2933/882 6475/2935/882 6462/2936/882
f 6462/2936/882 6475/2935/882 6476/2918/882 6461/2917/882
f 6481/2917/882 6496/2918/882 6480/2919/882 6479/2920/882
f 6477/2921/889 6478/2922/889 6489/2923/889 6488/2924/889
f 6488/2924/890 6489/2923/890 6490/2925/890 6487/2926/890
f 6487/2926/891 6490/2925/891 6491/2927/891 6486/2928/891
f 6486/2928/882 6491/2927/882 6492/2929/882 6485/2930/882
f 6485/2930/882 6492/2929/882 6493/2931/882 6484/2932/882
f 6484/2932/882 6493/2931/882 6494/2933/882 6483/2934/882
f 6483/2934/882 6494/2933/882 6495/2935/882 6482/2936/882
f 6482/2936/882 6495/2935/882 6496/2918/882 6481/2917/882
o 平面.001
v 22.700521 -0.762829 9.622651
v 22.166801 -0.758829 9.489216
v 22.212814 0.700789 9.500720
v 22.187235 0.755405 9.494325
v 22.225250 0.542770 9.503829
v 22.229855 0.389971 9.504980
v 22.266794 0.230296 9.514215
v 22.304489 0.068835 9.523639
v 22.349829 -0.096104 9.534975
v 22.405943 -0.259218 9.549004
v 22.478090 -0.423787 9.575336
v 22.596581 -0.599629 9.596664
v 22.141548 -0.589428 9.489352
v 22.097017 -0.414198 9.471769
v 22.094364 -0.250305 9.471106
v 22.088913 -0.085681 9.469744
v 22.094160 0.076148 9.471055
v 22.101892 0.237328 9.472988
v 22.124475 0.394628 9.478634
v 22.151049 0.550886 9.485278
v 22.833963 -0.906459 9.656012
v 22.348475 -0.677884 9.534636
v 22.969402 0.634778 9.689873
v 22.967720 0.695401 9.689452
v 22.918076 0.485329 9.677040
v 22.861671 0.343944 9.662939
v 22.832050 0.182656 9.655534
v 22.802410 0.019421 9.648123
v 22.778368 -0.150212 9.642112
v 22.764879 -0.322718 9.638741
v 22.765278 -0.504132 9.647134
v 22.803839 -0.713719 9.648480
v 22.392487 -0.513286 9.552088
v 22.421482 -0.333965 9.552888
v 22.484066 -0.183276 9.568535
v 22.544388 -0.030742 9.583615
v 22.613363 0.114732 9.600860
v 22.684349 0.258568 9.618607
v 22.767349 0.392603 9.639358
v 22.853579 0.524006 9.660915
v 22.896139 -1.075909 9.671556
v 22.528770 -0.676807 9.579711
v 23.580799 0.301350 9.842727
v 23.601229 0.358225 9.847835
v 23.478987 0.182521 9.817273
v 23.375389 0.073128 9.791372
v 23.289413 -0.065047 9.769878
v 23.202713 -0.205019 9.748202
v 23.118885 -0.353084 9.727244
v 23.043802 -0.507881 9.708473
v 22.978228 -0.677042 9.700374
v 22.938110 -0.885538 9.682049
v 22.629185 -0.541693 9.611264
v 22.721231 -0.385968 9.627828
v 22.833935 -0.270327 9.656005
v 22.945210 -0.152104 9.683824
v 23.061949 -0.043763 9.713010
v 23.179958 0.062283 9.742514
v 23.305557 0.154609 9.773914
v 23.433195 0.243250 9.805825
vn 0.2425 -0.0000 -0.9701
vn 0.2368 0.0165 -0.9714
vn 0.2447 0.0062 -0.9696
vn 0.2528 -0.0219 -0.9673
vn 0.2438 0.0174 -0.9697
vn 0.2469 0.0047 -0.9690
vn 0.2432 -0.0244 -0.9697
vn 0.2500 0.0157 -0.9681
vn 0.2483 0.0027 -0.9687
vn 0.2343 -0.0229 -0.9719
vt 0.000000 0.888889
vt 1.000000 0.888889
vt 1.000000 1.000000
vt 0.000000 1.000000
vt 0.000000 0.000000
vt 1.000000 0.000000
vt 1.000000 0.111111
vt 0.000000 0.111111
vt 1.000000 0.222222
vt 0.000000 0.222222
vt 1.000000 0.333333
vt 0.000000 0.333333
vt 1.000000 0.444444
vt 0.000000 0.444444
vt 1.000000 0.555556
vt 0.000000 0.555556
vt 1.000000 0.666667
vt 0.000000 0.666667
vt 1.000000 0.777778
vt 0.000000 0.777778
s 0
usemtl マテリアル.107
f 6501/2937/892 6516/2938/892 6500/2939/892 6499/2940/892
f 6497/2941/893 6498/2942/893 6509/2943/893 6508/2944/893
f 6508/2944/894 6509/2943/894 6510/2945/894 6507/2946/894
f 6507/2946/895 6510/2945/895 6511/2947/895 6506/2948/895
f 6506/2948/892 6511/2947/892 6512/2949/892 6505/2950/892
f 6505/2950/892 6512/2949/892 6513/2951/892 6504/2952/892
f 6504/2952/892 6513/2951/892 6514/2953/892 6503/2954/892
f 6503/2954/892 6514/2953/892 6515/2955/892 6502/2956/892
f 6502/2956/892 6515/2955/892 6516/2938/892 6501/2937/892
f 6521/2937/892 6536/2938/892 6520/2939/892 6519/2940/892
f 6517/2941/896 6518/2942/896 6529/2943/896 6528/2944/896
f 6528/2944/897 6529/2943/897 6530/2945/897 6527/2946/897
f 6527/2946/898 6530/2945/898 6531/2947/898 6526/2948/898
f 6526/2948/892 6531/2947/892 6532/2949/892 6525/2950/892
f 6525/2950/892 6532/2949/892 6533/2951/892 6524/2952/892
f 6524/2952/892 6533/2951/892 6534/2953/892 6523/2954/892
f 6523/2954/892 6534/2953/892 6535/2955/892 6522/2956/892
f 6522/2956/892 6535/2955/892 6536/2938/892 6521/2937/892
f 6541/2937/892 6556/2938/892 6540/2939/892 6539/2940/892
f 6537/2941/899 6538/2942/899 6549/2943/899 6548/2944/899
f 6548/2944/900 6549/2943/900 6550/2945/900 6547/2946/900
f 6547/2946/901 6550/2945/901 6551/2947/901 6546/2948/901
f 6546/2948/892 6551/2947/892 6552/2949/892 6545/2950/892
f 6545/2950/892 6552/2949/892 6553/2951/892 6544/2952/892
f 6544/2952/892 6553/2951/892 6554/2953/892 6543/2954/892
f 6543/2954/892 6554/2953/892 6555/2955/892 6542/2956/892
f 6542/2956/892 6555/2955/892 6556/2938/892 6541/2937/892
o 平面.001
v -21.219070 -0.762829 10.356626
v -21.752790 -0.758829 10.223190
v -21.706776 0.700789 10.234694
v -21.732357 0.755405 10.228299
v -21.694342 0.542770 10.237803
v -21.689737 0.389971 10.238955
v -21.652798 0.230296 10.248190
v -21.615103 0.068835 10.257613
v -21.569763 -0.096104 10.268950
v -21.513649 -0.259218 10.282978
v -21.441502 -0.423787 10.309310
v -21.323011 -0.599629 10.330639
v -21.778044 -0.589428 10.223327
v -21.822575 -0.414198 10.205744
v -21.825228 -0.250305 10.205080
v -21.830679 -0.085681 10.203718
v -21.825432 0.076148 10.205029
v -21.817699 0.237328 10.206963
v -21.795116 0.394628 10.212608
v -21.768543 0.550886 10.219253
v -21.085629 -0.906459 10.389986
v -21.571117 -0.677884 10.268610
v -20.950190 0.634778 10.423847
v -20.951872 0.695401 10.423427
v -21.001516 0.485329 10.411015
v -21.057920 0.343944 10.396914
v -21.087542 0.182656 10.389508
v -21.117182 0.019421 10.382097
v -21.141224 -0.150212 10.376086
v -21.154713 -0.322718 10.372715
v -21.154314 -0.504132 10.381108
v -21.115753 -0.713719 10.382455
v -21.527105 -0.513286 10.286062
v -21.498110 -0.333965 10.286862
v -21.435526 -0.183276 10.302509
v -21.375204 -0.030742 10.317590
v -21.306229 0.114732 10.334834
v -21.235243 0.258568 10.352581
v -21.152243 0.392603 10.373332
v -21.066013 0.524006 10.394890
v -21.023453 -1.075909 10.405531
v -21.390821 -0.676807 10.313685
v -20.338793 0.301350 10.576701
v -20.318363 0.358225 10.581809
v -20.440605 0.182521 10.551248
v -20.544203 0.073128 10.525347
v -20.630178 -0.065047 10.503853
v -20.716879 -0.205019 10.482177
v -20.800707 -0.353084 10.461219
v -20.875790 -0.507881 10.442448
v -20.941364 -0.677042 10.434348
v -20.981482 -0.885538 10.416023
v -21.290407 -0.541693 10.345239
v -21.198360 -0.385968 10.361802
v -21.085657 -0.270327 10.389979
v -20.974382 -0.152104 10.417798
v -20.857643 -0.043763 10.446984
v -20.739634 0.062283 10.476488
v -20.614035 0.154609 10.507889
v -20.486397 0.243250 10.539800
vn 0.2425 -0.0000 -0.9701
vn 0.2368 0.0165 -0.9714
vn 0.2447 0.0062 -0.9696
vn 0.2528 -0.0219 -0.9673
vn 0.2438 0.0174 -0.9697
vn 0.2469 0.0047 -0.9690
vn 0.2432 -0.0244 -0.9697
vn 0.2500 0.0157 -0.9681
vn 0.2483 0.0027 -0.9687
vn 0.2343 -0.0229 -0.9719
vt 0.000000 0.888889
vt 1.000000 0.888889
vt 1.000000 1.000000
vt 0.000000 1.000000
vt 0.000000 0.000000
vt 1.000000 0.000000
vt 1.000000 0.111111
vt 0.000000 0.111111
vt 1.000000 0.222222
vt 0.000000 0.222222
vt 1.000000 0.333333
vt 0.000000 0.333333
vt 1.000000 0.444444
vt 0.000000 0.444444
vt 1.000000 0.555556
vt 0.000000 0.555556
vt 1.000000 0.666667
vt 0.000000 0.666667
vt 1.000000 0.777778
vt 0.000000 0.777778
s 0
usemtl マテリアル.107
f 6561/2957/902 6576/2958/902 6560/2959/902 6559/2960/902
f 6557/2961/903 6558/2962/903 6569/2963/903 6568/2964/903
f 6568/2964/904 6569/2963/904 6570/2965/904 6567/2966/904
f 6567/2966/905 6570/2965/905 6571/2967/905 6566/2968/905
f 6566/2968/902 6571/2967/902 6572/2969/902 6565/2970/902
f 6565/2970/902 6572/2969/902 6573/2971/902 6564/2972/902
f 6564/2972/902 6573/2971/902 6574/2973/902 6563/2974/902
f 6563/2974/902 6574/2973/902 6575/2975/902 6562/2976/902
f 6562/2976/902 6575/2975/902 6576/2958/902 6561/2957/902
f 6581/2957/902 6596/2958/902 6580/2959/902 6579/2960/902
f 6577/2961/906 6578/2962/906 6589/2963/906 6588/2964/906
f 6588/2964/907 6589/2963/907 6590/2965/907 6587/2966/907
f 6587/2966/908 6590/2965/908 6591/2967/908 6586/2968/908
f 6586/2968/902 6591/2967/902 6592/2969/902 6585/2970/902
f 6585/2970/902 6592/2969/902 6593/2971/902 6584/2972/902
f 6584/2972/902 6593/2971/902 6594/2973/902 6583/2974/902
f 6583/2974/902 6594/2973/902 6595/2975/902 6582/2976/902
f 6582/2976/902 6595/2975/902 6596/2958/902 6581/2957/902
f 6601/2957/902 6616/2958/902 6600/2959/902 6599/2960/902
f 6597/2961/909 6598/2962/909 6609/2963/909 6608/2964/909
f 6608/2964/910 6609/2963/910 6610/2965/910 6607/2966/910
f 6607/2966/911 6610/2965/911 6611/2967/911 6606/2968/911
f 6606/2968/902 6611/2967/902 6612/2969/902 6605/2970/902
f 6605/2970/902 6612/2969/902 6613/2971/902 6604/2972/902
f 6604/2972/902 6613/2971/902 6614/2973/902 6603/2974/902
f 6603/2974/902 6614/2973/902 6615/2975/902 6602/2976/902
f 6602/2976/902 6615/2975/902 6616/2958/902 6601/2957/902
o 平面.001
v -22.814383 -0.762829 11.060875
v -23.348103 -0.758829 10.927440
v -23.302090 0.700789 10.938944
v -23.327669 0.755405 10.932549
v -23.289654 0.542770 10.942053
v -23.285049 0.389971 10.943204
v -23.248110 0.230296 10.952439
v -23.210415 0.068835 10.961863
v -23.165075 -0.096104 10.973199
v -23.108961 -0.259218 10.987227
v -23.036814 -0.423787 11.013559
v -22.918324 -0.599629 11.034888
v -23.373356 -0.589428 10.927576
v -23.417887 -0.414198 10.909993
v -23.420540 -0.250305 10.909329
v -23.425991 -0.085681 10.907968
v -23.420744 0.076148 10.909279
v -23.413012 0.237328 10.911212
v -23.390429 0.394628 10.916858
v -23.363855 0.550886 10.923502
v -22.680941 -0.906459 11.094235
v -23.166430 -0.677884 10.972859
v -22.545502 0.634778 11.128097
v -22.547184 0.695401 11.127676
v -22.596828 0.485329 11.115264
v -22.653233 0.343944 11.101163
v -22.682854 0.182656 11.093758
v -22.712494 0.019421 11.086347
v -22.736536 -0.150212 11.080336
v -22.750025 -0.322718 11.076964
v -22.749626 -0.504132 11.085358
v -22.711065 -0.713719 11.086704
v -23.122417 -0.513286 10.990312
v -23.093422 -0.333965 10.991112
v -23.030838 -0.183276 11.006759
v -22.970516 -0.030742 11.021839
v -22.901541 0.114732 11.039083
v -22.830555 0.258568 11.056830
v -22.747555 0.392603 11.077581
v -22.661325 0.524006 11.099139
v -22.618765 -1.075909 11.109780
v -22.986134 -0.676807 11.017935
v -21.934105 0.301350 11.280951
v -21.913675 0.358225 11.286058
v -22.035917 0.182521 11.255497
v -22.139515 0.073128 11.229596
v -22.225491 -0.065047 11.208102
v -22.312191 -0.205019 11.186426
v -22.396019 -0.353084 11.165468
v -22.471102 -0.507881 11.146697
v -22.536676 -0.677042 11.138597
v -22.576794 -0.885538 11.120273
v -22.885719 -0.541693 11.049488
v -22.793673 -0.385968 11.066051
v -22.680969 -0.270327 11.094229
v -22.569695 -0.152104 11.122047
v -22.452955 -0.043763 11.151234
v -22.334946 0.062283 11.180737
v -22.209347 0.154609 11.212138
v -22.081709 0.243250 11.244049
vn 0.2425 -0.0000 -0.9701
vn 0.2368 0.0165 -0.9714
vn 0.2447 0.0062 -0.9696
vn 0.2528 -0.0219 -0.9673
vn 0.2438 0.0174 -0.9697
vn 0.2469 0.0047 -0.9690
vn 0.2432 -0.0244 -0.9697
vn 0.2500 0.0157 -0.9681
vn 0.2483 0.0027 -0.9687
vn 0.2343 -0.0229 -0.9719
vt 0.000000 0.888889
vt 1.000000 0.888889
vt 1.000000 1.000000
vt 0.000000 1.000000
vt 0.000000 0.000000
vt 1.000000 0.000000
vt 1.000000 0.111111
vt 0.000000 0.111111
vt 1.000000 0.222222
vt 0.000000 0.222222
vt 1.000000 0.333333
vt 0.000000 0.333333
vt 1.000000 0.444444
vt 0.000000 0.444444
vt 1.000000 0.555556
vt 0.000000 0.555556
vt 1.000000 0.666667
vt 0.000000 0.666667
vt 1.000000 0.777778
vt 0.000000 0.777778
s 0
usemtl マテリアル.107
f 6621/2977/912 6636/2978/912 6620/2979/912 6619/2980/912
f 6617/2981/913 6618/2982/913 6629/2983/913 6628/2984/913
f 6628/2984/914 6629/2983/914 6630/2985/914 6627/2986/914
f 6627/2986/915 6630/2985/915 6631/2987/915 6626/2988/915
f 6626/2988/912 6631/2987/912 6632/2989/912 6625/2990/912
f 6625/2990/912 6632/2989/912 6633/2991/912 6624/2992/912
f 6624/2992/912 6633/2991/912 6634/2993/912 6623/2994/912
f 6623/2994/912 6634/2993/912 6635/2995/912 6622/2996/912
f 6622/2996/912 6635/2995/912 6636/2978/912 6621/2977/912
f 6641/2977/912 6656/2978/912 6640/2979/912 6639/2980/912
f 6637/2981/916 6638/2982/916 6649/2983/916 6648/2984/916
f 6648/2984/917 6649/2983/917 6650/2985/917 6647/2986/917
f 6647/2986/918 6650/2985/918 6651/2987/918 6646/2988/918
f 6646/2988/912 6651/2987/912 6652/2989/912 6645/2990/912
f 6645/2990/912 6652/2989/912 6653/2991/912 6644/2992/912
f 6644/2992/912 6653/2991/912 6654/2993/912 6643/2994/912
f 6643/2994/912 6654/2993/912 6655/2995/912 6642/2996/912
f 6642/2996/912 6655/2995/912 6656/2978/912 6641/2977/912
f 6661/2977/912 6676/2978/912 6660/2979/912 6659/2980/912
f 6657/2981/919 6658/2982/919 6669/2983/919 6668/2984/919
f 6668/2984/920 6669/2983/920 6670/2985/920 6667/2986/920
f 6667/2986/921 6670/2985/921 6671/2987/921 6666/2988/921
f 6666/2988/912 6671/2987/912 6672/2989/912 6665/2990/912
f 6665/2990/912 6672/2989/912 6673/2991/912 6664/2992/912
f 6664/2992/912 6673/2991/912 6674/2993/912 6663/2994/912
f 6663/2994/912 6674/2993/912 6675/2995/912 6662/2996/912
f 6662/2996/912 6675/2995/912 6676/2978/912 6661/2977/912
o 平面.001
v 27.185373 -0.762829 11.865076
v 26.651653 -0.758829 11.731641
v 26.697666 0.700789 11.743145
v 26.672087 0.755405 11.736750
v 26.710102 0.542770 11.746254
v 26.714706 0.389971 11.747405
v 26.751646 0.230296 11.756640
v 26.789341 0.068835 11.766064
v 26.834681 -0.096104 11.777400
v 26.890795 -0.259218 11.791429
v 26.962942 -0.423787 11.817760
v 27.081432 -0.599629 11.839089
v 26.626400 -0.589428 11.731777
v 26.581869 -0.414198 11.714194
v 26.579216 -0.250305 11.713531
v 26.573765 -0.085681 11.712169
v 26.579012 0.076148 11.713480
v 26.586744 0.237328 11.715413
v 26.609327 0.394628 11.721059
v 26.635900 0.550886 11.727703
v 27.318815 -0.906459 11.898437
v 26.833326 -0.677884 11.777061
v 27.454254 0.634778 11.932298
v 27.452572 0.695401 11.931877
v 27.402927 0.485329 11.919465
v 27.346523 0.343944 11.905364
v 27.316902 0.182656 11.897959
v 27.287262 0.019421 11.890548
v 27.263220 -0.150212 11.884537
v 27.249731 -0.322718 11.881166
v 27.250130 -0.504132 11.889559
v 27.288691 -0.713719 11.890905
v 26.877338 -0.513286 11.794513
v 26.906334 -0.333965 11.795313
v 26.968918 -0.183276 11.810960
v 27.029240 -0.030742 11.826040
v 27.098215 0.114732 11.843285
v 27.169201 0.258568 11.861032
v 27.252201 0.392603 11.881783
v 27.338430 0.524006 11.903340
v 27.380991 -1.075909 11.913981
v 27.013622 -0.676807 11.822136
v 28.065651 0.301350 12.085152
v 28.086081 0.358225 12.090260
v 27.963839 0.182521 12.059698
v 27.860241 0.073128 12.033797
v 27.774265 -0.065047 12.012303
v 27.687565 -0.205019 11.990627
v 27.603737 -0.353084 11.969669
v 27.528654 -0.507881 11.950898
v 27.463079 -0.677042 11.942799
v 27.422962 -0.885538 11.924474
v 27.114037 -0.541693 11.853689
v 27.206083 -0.385968 11.870253
v 27.318787 -0.270327 11.898430
v 27.430061 -0.152104 11.926249
v 27.546801 -0.043763 11.955435
v 27.664810 0.062283 11.984939
v 27.790409 0.154609 12.016339
v 27.918047 0.243250 12.048250
vn 0.2425 -0.0000 -0.9701
vn 0.2368 0.0165 -0.9714
vn 0.2447 0.0062 -0.9696
vn 0.2528 -0.0219 -0.9673
vn 0.2438 0.0174 -0.9697
vn 0.2469 0.0047 -0.9690
vn 0.2432 -0.0244 -0.9697
vn 0.2500 0.0157 -0.9681
vn 0.2483 0.0027 -0.9687
vn 0.2343 -0.0229 -0.9719
vt 0.000000 0.888889
vt 1.000000 0.888889
vt 1.000000 1.000000
vt 0.000000 1.000000
vt 0.000000 0.000000
vt 1.000000 0.000000
vt 1.000000 0.111111
vt 0.000000 0.111111
vt 1.000000 0.222222
vt 0.000000 0.222222
vt 1.000000 0.333333
vt 0.000000 0.333333
vt 1.000000 0.444444
vt 0.000000 0.444444
vt 1.000000 0.555556
vt 0.000000 0.555556
vt 1.000000 0.666667
vt 0.000000 0.666667
vt 1.000000 0.777778
vt 0.000000 0.777778
s 0
usemtl マテリアル.107
f 6681/2997/922 6696/2998/922 6680/2999/922 6679/3000/922
f 6677/3001/923 6678/3002/923 6689/3003/923 6688/3004/923
f 6688/3004/924 6689/3003/924 6690/3005/924 6687/3006/924
f 6687/3006/925 6690/3005/925 6691/3007/925 6686/3008/925
f 6686/3008/922 6691/3007/922 6692/3009/922 6685/3010/922
f 6685/3010/922 6692/3009/922 6693/3011/922 6684/3012/922
f 6684/3012/922 6693/3011/922 6694/3013/922 6683/3014/922
f 6683/3014/922 6694/3013/922 6695/3015/922 6682/3016/922
f 6682/3016/922 6695/3015/922 6696/2998/922 6681/2997/922
f 6701/2997/922 6716/2998/922 6700/2999/922 6699/3000/922
f 6697/3001/926 6698/3002/926 6709/3003/926 6708/3004/926
f 6708/3004/927 6709/3003/927 6710/3005/927 6707/3006/927
f 6707/3006/928 6710/3005/928 6711/3007/928 6706/3008/928
f 6706/3008/922 6711/3007/922 6712/3009/922 6705/3010/922
f 6705/3010/922 6712/3009/922 6713/3011/922 6704/3012/922
f 6704/3012/922 6713/3011/922 6714/3013/922 6703/3014/922
f 6703/3014/922 6714/3013/922 6715/3015/922 6702/3016/922
f 6702/3016/922 6715/3015/922 6716/2998/922 6701/2997/922
f 6721/2997/922 6736/2998/922 6720/2999/922 6719/3000/922
f 6717/3001/929 6718/3002/929 6729/3003/929 6728/3004/929
f 6728/3004/930 6729/3003/930 6730/3005/930 6727/3006/930
f 6727/3006/931 6730/3005/931 6731/3007/931 6726/3008/931
f 6726/3008/922 6731/3007/922 6732/3009/922 6725/3010/922
f 6725/3010/922 6732/3009/922 6733/3011/922 6724/3012/922
f 6724/3012/922 6733/3011/922 6734/3013/922 6723/3014/922
f 6723/3014/922 6734/3013/922 6735/3015/922 6722/3016/922
f 6722/3016/922 6735/3015/922 6736/2998/922 6721/2997/922
o 平面.001
v -34.673618 -0.762829 12.599051
v -35.207336 -0.758829 12.465615
v -35.161324 0.700789 12.477119
v -35.186901 0.755405 12.470724
v -35.148888 0.542770 12.480228
v -35.144283 0.389971 12.481380
v -35.107346 0.230296 12.490615
v -35.069649 0.068835 12.500038
v -35.024307 -0.096104 12.511374
v -34.968197 -0.259218 12.525403
v -34.896046 -0.423787 12.551735
v -34.777557 -0.599629 12.573064
v -35.232590 -0.589428 12.465752
v -35.277119 -0.414198 12.448169
v -35.279774 -0.250305 12.447505
v -35.285225 -0.085681 12.446143
v -35.279980 0.076148 12.447454
v -35.272247 0.237328 12.449388
v -35.249660 0.394628 12.455033
v -35.223091 0.550886 12.461678
v -34.540173 -0.906459 12.632411
v -35.025661 -0.677884 12.511035
v -34.404736 0.634778 12.666272
v -34.406418 0.695401 12.665852
v -34.456062 0.485329 12.653440
v -34.512466 0.343944 12.639338
v -34.542088 0.182656 12.631933
v -34.571728 0.019421 12.624522
v -34.595772 -0.150212 12.618511
v -34.609257 -0.322718 12.615140
v -34.608860 -0.504132 12.623533
v -34.570301 -0.713719 12.624880
v -34.981651 -0.513286 12.528487
v -34.952656 -0.333965 12.529287
v -34.890072 -0.183276 12.544934
v -34.829750 -0.030742 12.560015
v -34.760773 0.114732 12.577259
v -34.689789 0.258568 12.595006
v -34.606789 0.392603 12.615757
v -34.520561 0.524006 12.637315
v -34.477997 -1.075909 12.647956
v -34.845367 -0.676807 12.556110
v -33.793339 0.301350 12.819126
v -33.772907 0.358225 12.824234
v -33.895153 0.182521 12.793673
v -33.998749 0.073128 12.767772
v -34.084724 -0.065047 12.746278
v -34.171425 -0.205019 12.724602
v -34.255253 -0.353084 12.703644
v -34.330334 -0.507881 12.684873
v -34.395912 -0.677042 12.676773
v -34.436028 -0.885538 12.658448
v -34.744953 -0.541693 12.587664
v -34.652905 -0.385968 12.604227
v -34.540203 -0.270327 12.632404
v -34.428928 -0.152104 12.660223
v -34.312187 -0.043763 12.689409
v -34.194180 0.062283 12.718913
v -34.068581 0.154609 12.750314
v -33.940941 0.243250 12.782225
vn 0.2425 -0.0000 -0.9701
vn 0.2368 0.0165 -0.9714
vn 0.2447 0.0062 -0.9696
vn 0.2528 -0.0219 -0.9673
vn 0.2438 0.0174 -0.9697
vn 0.2469 0.0047 -0.9690
vn 0.2432 -0.0244 -0.9697
vn 0.2500 0.0157 -0.9681
vn 0.2483 0.0027 -0.9687
vn 0.2343 -0.0229 -0.9719
vt 0.000000 0.888889
vt 1.000000 0.888889
vt 1.000000 1.000000
vt 0.000000 1.000000
vt 0.000000 0.000000
vt 1.000000 0.000000
vt 1.000000 0.111111
vt 0.000000 0.111111
vt 1.000000 0.222222
vt 0.000000 0.222222
vt 1.000000 0.333333
vt 0.000000 0.333333
vt 1.000000 0.444444
vt 0.000000 0.444444
vt 1.000000 0.555556
vt 0.000000 0.555556
vt 1.000000 0.666667
vt 0.000000 0.666667
vt 1.000000 0.777778
vt 0.000000 0.777778
s 0
usemtl マテリアル.107
f 6741/3017/932 6756/3018/932 6740/3019/932 6739/3020/932
f 6737/3021/933 6738/3022/933 6749/3023/933 6748/3024/933
f 6748/3024/934 6749/3023/934 6750/3025/934 6747/3026/934
f 6747/3026/935 6750/3025/935 6751/3027/935 6746/3028/935
f 6746/3028/932 6751/3027/932 6752/3029/932 6745/3030/932
f 6745/3030/932 6752/3029/932 6753/3031/932 6744/3032/932
f 6744/3032/932 6753/3031/932 6754/3033/932 6743/3034/932
f 6743/3034/932 6754/3033/932 6755/3035/932 6742/3036/932
f 6742/3036/932 6755/3035/932 6756/3018/932 6741/3017/932
f 6761/3017/932 6776/3018/932 6760/3019/932 6759/3020/932
f 6757/3021/936 6758/3022/936 6769/3023/936 6768/3024/936
f 6768/3024/937 6769/3023/937 6770/3025/937 6767/3026/937
f 6767/3026/938 6770/3025/938 6771/3027/938 6766/3028/938
f 6766/3028/932 6771/3027/932 6772/3029/932 6765/3030/932
f 6765/3030/932 6772/3029/932 6773/3031/932 6764/3032/932
f 6764/3032/932 6773/3031/932 6774/3033/932 6763/3034/932
f 6763/3034/932 6774/3033/932 6775/3035/932 6762/3036/932
f 6762/3036/932 6775/3035/932 6776/3018/932 6761/3017/932
f 6781/3017/932 6796/3018/932 6780/3019/932 6779/3020/932
f 6777/3021/939 6778/3022/939 6789/3023/939 6788/3024/939
f 6788/3024/940 6789/3023/940 6790/3025/940 6787/3026/940
f 6787/3026/941 6790/3025/941 6791/3027/941 6786/3028/941
f 6786/3028/932 6791/3027/932 6792/3029/932 6785/3030/932
f 6785/3030/932 6792/3029/932 6793/3031/932 6784/3032/932
f 6784/3032/932 6793/3031/932 6794/3033/932 6783/3034/932
f 6783/3034/932 6794/3033/932 6795/3035/932 6782/3036/932
f 6782/3036/932 6795/3035/932 6796/3018/932 6781/3017/932
o 平面.001
v -34.026505 -0.762829 13.303300
v -34.560223 -0.758829 13.169865
v -34.514210 0.700789 13.181369
v -34.539787 0.755405 13.174973
v -34.501774 0.542770 13.184478
v -34.497169 0.389971 13.185629
v -34.460232 0.230296 13.194864
v -34.422535 0.068835 13.204288
v -34.377193 -0.096104 13.215624
v -34.321083 -0.259218 13.229652
v -34.248932 -0.423787 13.255984
v -34.130444 -0.599629 13.277313
v -34.585476 -0.589428 13.170001
v -34.630005 -0.414198 13.152418
v -34.632660 -0.250305 13.151754
v -34.638111 -0.085681 13.150393
v -34.632866 0.076148 13.151704
v -34.625134 0.237328 13.153637
v -34.602547 0.394628 13.159283
v -34.575974 0.550886 13.165927
v -33.893059 -0.906459 13.336660
v -34.378548 -0.677884 13.215284
v -33.757622 0.634778 13.370522
v -33.759304 0.695401 13.370101
v -33.808949 0.485329 13.357689
v -33.865353 0.343944 13.343588
v -33.894974 0.182656 13.336183
v -33.924614 0.019421 13.328772
v -33.948658 -0.150212 13.322761
v -33.962143 -0.322718 13.319389
v -33.961746 -0.504132 13.327783
v -33.923187 -0.713719 13.329129
v -34.334538 -0.513286 13.232737
v -34.305542 -0.333965 13.233537
v -34.242958 -0.183276 13.249184
v -34.182636 -0.030742 13.264264
v -34.113659 0.114732 13.281508
v -34.042675 0.258568 13.299255
v -33.959675 0.392603 13.320006
v -33.873447 0.524006 13.341564
v -33.830883 -1.075909 13.352205
v -34.198254 -0.676807 13.260360
v -33.146225 0.301350 13.523376
v -33.125793 0.358225 13.528483
v -33.248039 0.182521 13.497922
v -33.351635 0.073128 13.472021
v -33.437611 -0.065047 13.450527
v -33.524311 -0.205019 13.428851
v -33.608139 -0.353084 13.407893
v -33.683220 -0.507881 13.389122
v -33.748798 -0.677042 13.381022
v -33.788914 -0.885538 13.362698
v -34.097839 -0.541693 13.291913
v -34.005791 -0.385968 13.308476
v -33.893089 -0.270327 13.336654
v -33.781815 -0.152104 13.364472
v -33.665073 -0.043763 13.393659
v -33.547066 0.062283 13.423162
v -33.421467 0.154609 13.454563
v -33.293827 0.243250 13.486474
vn 0.2425 -0.0000 -0.9701
vn 0.2368 0.0165 -0.9714
vn 0.2447 0.0062 -0.9696
vn 0.2528 -0.0219 -0.9673
vn 0.2438 0.0174 -0.9697
vn 0.2469 0.0047 -0.9690
vn 0.2432 -0.0244 -0.9697
vn 0.2500 0.0157 -0.9681
vn 0.2483 0.0027 -0.9687
vn 0.2343 -0.0229 -0.9719
vt 0.000000 0.888889
vt 1.000000 0.888889
vt 1.000000 1.000000
vt 0.000000 1.000000
vt 0.000000 0.000000
vt 1.000000 0.000000
vt 1.000000 0.111111
vt 0.000000 0.111111
vt 1.000000 0.222222
vt 0.000000 0.222222
vt 1.000000 0.333333
vt 0.000000 0.333333
vt 1.000000 0.444444
vt 0.000000 0.444444
vt 1.000000 0.555556
vt 0.000000 0.555556
vt 1.000000 0.666667
vt 0.000000 0.666667
vt 1.000000 0.777778
vt 0.000000 0.777778
s 0
usemtl マテリアル.107
f 6801/3037/942 6816/3038/942 6800/3039/942 6799/3040/942
f 6797/3041/943 6798/3042/943 6809/3043/943 6808/3044/943
f 6808/3044/944 6809/3043/944 6810/3045/944 6807/3046/944
f 6807/3046/945 6810/3045/945 6811/3047/945 6806/3048/945
f 6806/3048/942 6811/3047/942 6812/3049/942 6805/3050/942
f 6805/3050/942 6812/3049/942 6813/3051/942 6804/3052/942
f 6804/3052/942 6813/3051/942 6814/3053/942 6803/3054/942
f 6803/3054/942 6814/3053/942 6815/3055/942 6802/3056/942
f 6802/3056/942 6815/3055/942 6816/3038/942 6801/3037/942
f 6821/3037/942 6836/3038/942 6820/3039/942 6819/3040/942
f 6817/3041/946 6818/3042/946 6829/3043/946 6828/3044/946
f 6828/3044/947 6829/3043/947 6830/3045/947 6827/3046/947
f 6827/3046/948 6830/3045/948 6831/3047/948 6826/3048/948
f 6826/3048/942 6831/3047/942 6832/3049/942 6825/3050/942
f 6825/3050/942 6832/3049/942 6833/3051/942 6824/3052/942
f 6824/3052/942 6833/3051/942 6834/3053/942 6823/3054/942
f 6823/3054/942 6834/3053/942 6835/3055/942 6822/3056/942
f 6822/3056/942 6835/3055/942 6836/3038/942 6821/3037/942
f 6841/3037/942 6856/3038/942 6840/3039/942 6839/3040/942
f 6837/3041/949 6838/3042/949 6849/3043/949 6848/3044/949
f 6848/3044/950 6849/3043/950 6850/3045/950 6847/3046/950
f 6847/3046/951 6850/3045/951 6851/3047/951 6846/3048/951
f 6846/3048/942 6851/3047/942 6852/3049/942 6845/3050/942
f 6845/3050/942 6852/3049/942 6853/3051/942 6844/3052/942
f 6844/3052/942 6853/3051/942 6854/3053/942 6843/3054/942
f 6843/3054/942 6854/3053/942 6855/3055/942 6842/3056/942
f 6842/3056/942 6855/3055/942 6856/3038/942 6841/3037/942
o 平面.001
v -33.360085 -0.762829 14.107500
v -33.893803 -0.758829 13.974065
v -33.847790 0.700789 13.985569
v -33.873367 0.755405 13.979174
v -33.835354 0.542770 13.988678
v -33.830750 0.389971 13.989829
v -33.793812 0.230296 13.999064
v -33.756115 0.068835 14.008488
v -33.710773 -0.096104 14.019824
v -33.654663 -0.259218 14.033853
v -33.582512 -0.423787 14.060184
v -33.464024 -0.599629 14.081513
v -33.919056 -0.589428 13.974201
v -33.963585 -0.414198 13.956618
v -33.966240 -0.250305 13.955955
v -33.971691 -0.085681 13.954593
v -33.966446 0.076148 13.955904
v -33.958714 0.237328 13.957837
v -33.936127 0.394628 13.963483
v -33.909554 0.550886 13.970127
v -33.226639 -0.906459 14.140861
v -33.712128 -0.677884 14.019485
v -33.091202 0.634778 14.174722
v -33.092884 0.695401 14.174301
v -33.142529 0.485329 14.161889
v -33.198933 0.343944 14.147788
v -33.228554 0.182656 14.140383
v -33.258194 0.019421 14.132972
v -33.282238 -0.150212 14.126961
v -33.295723 -0.322718 14.123590
v -33.295326 -0.504132 14.131983
v -33.256767 -0.713719 14.133329
v -33.668118 -0.513286 14.036937
v -33.639122 -0.333965 14.037737
v -33.576538 -0.183276 14.053384
v -33.516216 -0.030742 14.068464
v -33.447239 0.114732 14.085709
v -33.376255 0.258568 14.103456
v -33.293255 0.392603 14.124207
v -33.207027 0.524006 14.145764
v -33.164463 -1.075909 14.156405
v -33.531834 -0.676807 14.064560
v -32.479805 0.301350 14.327576
v -32.459373 0.358225 14.332684
v -32.581619 0.182521 14.302122
v -32.685215 0.073128 14.276221
v -32.771191 -0.065047 14.254727
v -32.857891 -0.205019 14.233051
v -32.941719 -0.353084 14.212093
v -33.016800 -0.507881 14.193322
v -33.082378 -0.677042 14.185223
v -33.122494 -0.885538 14.166898
v -33.431419 -0.541693 14.096113
v -33.339371 -0.385968 14.112677
v -33.226669 -0.270327 14.140854
v -33.115395 -0.152104 14.168673
v -32.998653 -0.043763 14.197859
v -32.880646 0.062283 14.227363
v -32.755047 0.154609 14.258763
v -32.627407 0.243250 14.290674
vn 0.2425 -0.0000 -0.9701
vn 0.2368 0.0165 -0.9714
vn 0.2447 0.0062 -0.9696
vn 0.2528 -0.0219 -0.9673
vn 0.2438 0.0174 -0.9697
vn 0.2469 0.0047 -0.9690
vn 0.2432 -0.0244 -0.9697
vn 0.2500 0.0157 -0.9681
vn 0.2483 0.0027 -0.9687
vn 0.2343 -0.0229 -0.9719
vt 0.000000 0.888889
vt 1.000000 0.888889
vt 1.000000 1.000000
vt 0.000000 1.000000
vt 0.000000 0.000000
vt 1.000000 0.000000
vt 1.000000 0.111111
vt 0.000000 0.111111
vt 1.000000 0.222222
vt 0.000000 0.222222
vt 1.000000 0.333333
vt 0.000000 0.333333
vt 1.000000 0.444444
vt 0.000000 0.444444
vt 1.000000 0.555556
vt 0.000000 0.555556
vt 1.000000 0.666667
vt 0.000000 0.666667
vt 1.000000 0.777778
vt 0.000000 0.777778
s 0
usemtl マテリアル.107
f 6861/3057/952 6876/3058/952 6860/3059/952 6859/3060/952
f 6857/3061/953 6858/3062/953 6869/3063/953 6868/3064/953
f 6868/3064/954 6869/3063/954 6870/3065/954 6867/3066/954
f 6867/3066/955 6870/3065/955 6871/3067/955 6866/3068/955
f 6866/3068/952 6871/3067/952 6872/3069/952 6865/3070/952
f 6865/3070/952 6872/3069/952 6873/3071/952 6864/3072/952
f 6864/3072/952 6873/3071/952 6874/3073/952 6863/3074/952
f 6863/3074/952 6874/3073/952 6875/3075/952 6862/3076/952
f 6862/3076/952 6875/3075/952 6876/3058/952 6861/3057/952
f 6881/3057/952 6896/3058/952 6880/3059/952 6879/3060/952
f 6877/3061/956 6878/3062/956 6889/3063/956 6888/3064/956
f 6888/3064/957 6889/3063/957 6890/3065/957 6887/3066/957
f 6887/3066/958 6890/3065/958 6891/3067/958 6886/3068/958
f 6886/3068/952 6891/3067/952 6892/3069/952 6885/3070/952
f 6885/3070/952 6892/3069/952 6893/3071/952 6884/3072/952
f 6884/3072/952 6893/3071/952 6894/3073/952 6883/3074/952
f 6883/3074/952 6894/3073/952 6895/3075/952 6882/3076/952
f 6882/3076/952 6895/3075/952 6896/3058/952 6881/3057/952
f 6901/3057/952 6916/3058/952 6900/3059/952 6899/3060/952
f 6897/3061/959 6898/3062/959 6909/3063/959 6908/3064/959
f 6908/3064/960 6909/3063/960 6910/3065/960 6907/3066/960
f 6907/3066/961 6910/3065/961 6911/3067/961 6906/3068/961
f 6906/3068/952 6911/3067/952 6912/3069/952 6905/3070/952
f 6905/3070/952 6912/3069/952 6913/3071/952 6904/3072/952
f 6904/3072/952 6913/3071/952 6914/3073/952 6903/3074/952
f 6903/3074/952 6914/3073/952 6915/3075/952 6902/3076/952
f 6902/3076/952 6915/3075/952 6916/3058/952 6901/3057/952
o 平面.001
v -27.946342 -0.762829 12.599051
v -28.480062 -0.758829 12.465615
v -28.434048 0.700789 12.477119
v -28.459629 0.755405 12.470724
v -28.421614 0.542770 12.480228
v -28.417009 0.389971 12.481380
v -28.380070 0.230296 12.490615
v -28.342375 0.068835 12.500038
v -28.297035 -0.096104 12.511374
v -28.240921 -0.259218 12.525403
v -28.168774 -0.423787 12.551735
v -28.050283 -0.599629 12.573064
v -28.505316 -0.589428 12.465752
v -28.549847 -0.414198 12.448169
v -28.552500 -0.250305 12.447505
v -28.557951 -0.085681 12.446143
v -28.552704 0.076148 12.447454
v -28.544971 0.237328 12.449388
v -28.522388 0.394628 12.455033
v -28.495815 0.550886 12.461678
v -27.812901 -0.906459 12.632411
v -28.298389 -0.677884 12.511035
v -27.677462 0.634778 12.666272
v -27.679144 0.695401 12.665852
v -27.728788 0.485329 12.653440
v -27.785192 0.343944 12.639338
v -27.814814 0.182656 12.631933
v -27.844454 0.019421 12.624522
v -27.868496 -0.150212 12.618511
v -27.881985 -0.322718 12.615140
v -27.881586 -0.504132 12.623533
v -27.843025 -0.713719 12.624880
v -28.254377 -0.513286 12.528487
v -28.225382 -0.333965 12.529287
v -28.162798 -0.183276 12.544934
v -28.102476 -0.030742 12.560015
v -28.033501 0.114732 12.577259
v -27.962515 0.258568 12.595006
v -27.879515 0.392603 12.615757
v -27.793285 0.524006 12.637315
v -27.750725 -1.075909 12.647956
v -28.118093 -0.676807 12.556110
v -27.066065 0.301350 12.819126
v -27.045635 0.358225 12.824234
v -27.167877 0.182521 12.793673
v -27.271475 0.073128 12.767772
v -27.357450 -0.065047 12.746278
v -27.444151 -0.205019 12.724602
v -27.527979 -0.353084 12.703644
v -27.603062 -0.507881 12.684873
v -27.668636 -0.677042 12.676773
v -27.708754 -0.885538 12.658448
v -28.017679 -0.541693 12.587664
v -27.925632 -0.385968 12.604227
v -27.812929 -0.270327 12.632404
v -27.701654 -0.152104 12.660223
v -27.584915 -0.043763 12.689409
v -27.466906 0.062283 12.718913
v -27.341307 0.154609 12.750314
v -27.213669 0.243250 12.782225
vn 0.2425 -0.0000 -0.9701
vn 0.2368 0.0165 -0.9714
vn 0.2447 0.0062 -0.9696
vn 0.2528 -0.0219 -0.9673
vn 0.2438 0.0174 -0.9697
vn 0.2469 0.0047 -0.9690
vn 0.2432 -0.0244 -0.9697
vn 0.2500 0.0157 -0.9681
vn 0.2483 0.0027 -0.9687
vn 0.2343 -0.0229 -0.9719
vt 0.000000 0.888889
vt 1.000000 0.888889
vt 1.000000 1.000000
vt 0.000000 1.000000
vt 0.000000 0.000000
vt 1.000000 0.000000
vt 1.000000 0.111111
vt 0.000000 0.111111
vt 1.000000 0.222222
vt 0.000000 0.222222
vt 1.000000 0.333333
vt 0.000000 0.333333
vt 1.000000 0.444444
vt 0.000000 0.444444
vt 1.000000 0.555556
vt 0.000000 0.555556
vt 1.000000 0.666667
vt 0.000000 0.666667
vt 1.000000 0.777778
vt 0.000000 0.777778
s 0
usemtl マテリアル.107
f 6921/3077/962 6936/3078/962 6920/3079/962 6919/3080/962
f 6917/3081/963 6918/3082/963 6929/3083/963 6928/3084/963
f 6928/3084/964 6929/3083/964 6930/3085/964 6927/3086/964
f 6927/3086/965 6930/3085/965 6931/3087/965 6926/3088/965
f 6926/3088/962 6931/3087/962 6932/3089/962 6925/3090/962
f 6925/3090/962 6932/3089/962 6933/3091/962 6924/3092/962
f 6924/3092/962 6933/3091/962 6934/3093/962 6923/3094/962
f 6923/3094/962 6934/3093/962 6935/3095/962 6922/3096/962
f 6922/3096/962 6935/3095/962 6936/3078/962 6921/3077/962
f 6941/3077/962 6956/3078/962 6940/3079/962 6939/3080/962
f 6937/3081/966 6938/3082/966 6949/3083/966 6948/3084/966
f 6948/3084/967 6949/3083/967 6950/3085/967 6947/3086/967
f 6947/3086/968 6950/3085/968 6951/3087/968 6946/3088/968
f 6946/3088/962 6951/3087/962 6952/3089/962 6945/3090/962
f 6945/3090/962 6952/3089/962 6953/3091/962 6944/3092/962
f 6944/3092/962 6953/3091/962 6954/3093/962 6943/3094/962
f 6943/3094/962 6954/3093/962 6955/3095/962 6942/3096/962
f 6942/3096/962 6955/3095/962 6956/3078/962 6941/3077/962
f 6961/3077/962 6976/3078/962 6960/3079/962 6959/3080/962
f 6957/3081/969 6958/3082/969 6969/3083/969 6968/3084/969
f 6968/3084/970 6969/3083/970 6970/3085/970 6967/3086/970
f 6967/3086/971 6970/3085/971 6971/3087/971 6966/3088/971
f 6966/3088/962 6971/3087/962 6972/3089/962 6965/3090/962
f 6965/3090/962 6972/3089/962 6973/3091/962 6964/3092/962
f 6964/3092/962 6973/3091/962 6974/3093/962 6963/3094/962
f 6963/3094/962 6974/3093/962 6975/3095/962 6962/3096/962
f 6962/3096/962 6975/3095/962 6976/3078/962 6961/3077/962
o 平面.001
v -22.814383 -0.762829 13.303300
v -23.348103 -0.758829 13.169865
v -23.302090 0.700789 13.181369
v -23.327669 0.755405 13.174973
v -23.289654 0.542770 13.184478
v -23.285049 0.389971 13.185629
v -23.248110 0.230296 13.194864
v -23.210415 0.068835 13.204288
v -23.165075 -0.096104 13.215624
v -23.108961 -0.259218 13.229652
v -23.036814 -0.423787 13.255984
v -22.918324 -0.599629 13.277313
v -23.373356 -0.589428 13.170001
v -23.417887 -0.414198 13.152418
v -23.420540 -0.250305 13.151754
v -23.425991 -0.085681 13.150393
v -23.420744 0.076148 13.151704
v -23.413012 0.237328 13.153637
v -23.390429 0.394628 13.159283
v -23.363855 0.550886 13.165927
v -22.680941 -0.906459 13.336660
v -23.166430 -0.677884 13.215284
v -22.545502 0.634778 13.370522
v -22.547184 0.695401 13.370101
v -22.596828 0.485329 13.357689
v -22.653233 0.343944 13.343588
v -22.682854 0.182656 13.336183
v -22.712494 0.019421 13.328772
v -22.736536 -0.150212 13.322761
v -22.750025 -0.322718 13.319389
v -22.749626 -0.504132 13.327783
v -22.711065 -0.713719 13.329129
v -23.122417 -0.513286 13.232737
v -23.093422 -0.333965 13.233537
v -23.030838 -0.183276 13.249184
v -22.970516 -0.030742 13.264264
v -22.901541 0.114732 13.281508
v -22.830555 0.258568 13.299255
v -22.747555 0.392603 13.320006
v -22.661325 0.524006 13.341564
v -22.618765 -1.075909 13.352205
v -22.986134 -0.676807 13.260360
v -21.934105 0.301350 13.523376
v -21.913675 0.358225 13.528483
v -22.035917 0.182521 13.497922
v -22.139515 0.073128 13.472021
v -22.225491 -0.065047 13.450527
v -22.312191 -0.205019 13.428851
v -22.396019 -0.353084 13.407893
v -22.471102 -0.507881 13.389122
v -22.536676 -0.677042 13.381022
v -22.576794 -0.885538 13.362698
v -22.885719 -0.541693 13.291913
v -22.793673 -0.385968 13.308476
v -22.680969 -0.270327 13.336654
v -22.569695 -0.152104 13.364472
v -22.452955 -0.043763 13.393659
v -22.334946 0.062283 13.423162
v -22.209347 0.154609 13.454563
v -22.081709 0.243250 13.486474
vn 0.2425 -0.0000 -0.9701
vn 0.2368 0.0165 -0.9714
vn 0.2447 0.0062 -0.9696
vn 0.2528 -0.0219 -0.9673
vn 0.2438 0.0174 -0.9697
vn 0.2469 0.0047 -0.9690
vn 0.2432 -0.0244 -0.9697
vn 0.2500 0.0157 -0.9681
vn 0.2483 0.0027 -0.9687
vn 0.2343 -0.0229 -0.9719
vt 0.000000 0.888889
vt 1.000000 0.888889
vt 1.000000 1.000000
vt 0.000000 1.000000
vt 0.000000 0.000000
vt 1.000000 0.000000
vt 1.000000 0.111111
vt 0.000000 0.111111
vt 1.000000 0.222222
vt 0.000000 0.222222
vt 1.000000 0.333333
vt 0.000000 0.333333
vt 1.000000 0.444444
vt 0.000000 0.444444
vt 1.000000 0.555556
vt 0.000000 0.555556
vt 1.000000 0.666667
vt 0.000000 0.666667
vt 1.000000 0.777778
vt 0.000000 0.777778
s 0
usemtl マテリアル.107
f 6981/3097/972 6996/3098/972 6980/3099/972 6979/3100/972
f 6977/3101/973 6978/3102/973 6989/3103/973 6988/3104/973
f 6988/3104/974 6989/3103/974 6990/3105/974 6987/3106/974
f 6987/3106/975 6990/3105/975 6991/3107/975 6986/3108/975
f 6986/3108/972 6991/3107/972 6992/3109/972 6985/3110/972
f 6985/3110/972 6992/3109/972 6993/3111/972 6984/3112/972
f 6984/3112/972 6993/3111/972 6994/3113/972 6983/3114/972
f 6983/3114/972 6994/3113/972 6995/3115/972 6982/3116/972
f 6982/3116/972 6995/3115/972 6996/3098/972 6981/3097/972
f 7001/3097/972 7016/3098/972 7000/3099/972 6999/3100/972
f 6997/3101/976 6998/3102/976 7009/3103/976 7008/3104/976
f 7008/3104/977 7009/3103/977 7010/3105/977 7007/3106/977
f 7007/3106/978 7010/3105/978 7011/3107/978 7006/3108/978
f 7006/3108/972 7011/3107/972 7012/3109/972 7005/3110/972
f 7005/3110/972 7012/3109/972 7013/3111/972 7004/3112/972
f 7004/3112/972 7013/3111/972 7014/3113/972 7003/3114/972
f 7003/3114/972 7014/3113/972 7015/3115/972 7002/3116/972
f 7002/3116/972 7015/3115/972 7016/3098/972 7001/3097/972
f 7021/3097/972 7036/3098/972 7020/3099/972 7019/3100/972
f 7017/3101/979 7018/3102/979 7029/3103/979 7028/3104/979
f 7028/3104/980 7029/3103/980 7030/3105/980 7027/3106/980
f 7027/3106/981 7030/3105/981 7031/3107/981 7026/3108/981
f 7026/3108/972 7031/3107/972 7032/3109/972 7025/3110/972
f 7025/3110/972 7032/3109/972 7033/3111/972 7024/3112/972
f 7024/3112/972 7033/3111/972 7034/3113/972 7023/3114/972
f 7023/3114/972 7034/3113/972 7035/3115/972 7022/3116/972
f 7022/3116/972 7035/3115/972 7036/3098/972 7021/3097/972
o 平面.001
v -17.663115 -0.762829 14.107500
v -18.196836 -0.758829 13.974065
v -18.150822 0.700789 13.985569
v -18.176401 0.755406 13.979174
v -18.138386 0.542771 13.988678
v -18.133781 0.389972 13.989829
v -18.096842 0.230296 13.999064
v -18.059147 0.068836 14.008488
v -18.013807 -0.096104 14.019824
v -17.957693 -0.259218 14.033853
v -17.885546 -0.423787 14.060184
v -17.767056 -0.599629 14.081513
v -18.222088 -0.589428 13.974201
v -18.266619 -0.414198 13.956618
v -18.269272 -0.250305 13.955955
v -18.274723 -0.085681 13.954593
v -18.269476 0.076148 13.955904
v -18.261744 0.237329 13.957837
v -18.239161 0.394628 13.963483
v -18.212587 0.550886 13.970127
v -17.529673 -0.906459 14.140861
v -18.015162 -0.677884 14.019485
v -17.394234 0.634778 14.174722
v -17.395916 0.695402 14.174301
v -17.445560 0.485329 14.161890
v -17.501965 0.343944 14.147788
v -17.531586 0.182656 14.140383
v -17.561226 0.019421 14.132972
v -17.585268 -0.150212 14.126961
v -17.598757 -0.322718 14.123590
v -17.598358 -0.504132 14.131983
v -17.559797 -0.713719 14.133329
v -17.971149 -0.513286 14.036937
v -17.942154 -0.333965 14.037737
v -17.879570 -0.183276 14.053384
v -17.819248 -0.030742 14.068464
v -17.750273 0.114733 14.085709
v -17.679287 0.258568 14.103456
v -17.596287 0.392603 14.124207
v -17.510057 0.524006 14.145764
v -17.467497 -1.075909 14.156405
v -17.834866 -0.676807 14.064560
v -16.782837 0.301350 14.327576
v -16.762407 0.358225 14.332684
v -16.884649 0.182521 14.302122
v -16.988247 0.073128 14.276222
v -17.074223 -0.065047 14.254727
v -17.160923 -0.205019 14.233051
v -17.244751 -0.353083 14.212093
v -17.319834 -0.507880 14.193322
v -17.385408 -0.677042 14.185223
v -17.425526 -0.885538 14.166899
v -17.734451 -0.541693 14.096113
v -17.642405 -0.385968 14.112677
v -17.529701 -0.270327 14.140854
v -17.418427 -0.152104 14.168673
v -17.301687 -0.043763 14.197859
v -17.183678 0.062283 14.227363
v -17.058079 0.154609 14.258763
v -16.930441 0.243250 14.290674
vn 0.2425 -0.0000 -0.9701
vn 0.2368 0.0165 -0.9714
vn 0.2447 0.0062 -0.9696
vn 0.2528 -0.0219 -0.9673
vn 0.2438 0.0174 -0.9697
vn 0.2469 0.0047 -0.9690
vn 0.2432 -0.0244 -0.9697
vn 0.2500 0.0157 -0.9681
vn 0.2483 0.0027 -0.9687
vn 0.2343 -0.0229 -0.9719
vt 0.000000 0.888889
vt 1.000000 0.888889
vt 1.000000 1.000000
vt 0.000000 1.000000
vt 0.000000 0.000000
vt 1.000000 0.000000
vt 1.000000 0.111111
vt 0.000000 0.111111
vt 1.000000 0.222222
vt 0.000000 0.222222
vt 1.000000 0.333333
vt 0.000000 0.333333
vt 1.000000 0.444444
vt 0.000000 0.444444
vt 1.000000 0.555556
vt 0.000000 0.555556
vt 1.000000 0.666667
vt 0.000000 0.666667
vt 1.000000 0.777778
vt 0.000000 0.777778
s 0
usemtl マテリアル.107
f 7041/3117/982 7056/3118/982 7040/3119/982 7039/3120/982
f 7037/3121/983 7038/3122/983 7049/3123/983 7048/3124/983
f 7048/3124/984 7049/3123/984 7050/3125/984 7047/3126/984
f 7047/3126/985 7050/3125/985 7051/3127/985 7046/3128/985
f 7046/3128/982 7051/3127/982 7052/3129/982 7045/3130/982
f 7045/3130/982 7052/3129/982 7053/3131/982 7044/3132/982
f 7044/3132/982 7053/3131/982 7054/3133/982 7043/3134/982
f 7043/3134/982 7054/3133/982 7055/3135/982 7042/3136/982
f 7042/3136/982 7055/3135/982 7056/3118/982 7041/3117/982
f 7061/3117/982 7076/3118/982 7060/3119/982 7059/3120/982
f 7057/3121/986 7058/3122/986 7069/3123/986 7068/3124/986
f 7068/3124/987 7069/3123/987 7070/3125/987 7067/3126/987
f 7067/3126/988 7070/3125/988 7071/3127/988 7066/3128/988
f 7066/3128/982 7071/3127/982 7072/3129/982 7065/3130/982
f 7065/3130/982 7072/3129/982 7073/3131/982 7064/3132/982
f 7064/3132/982 7073/3131/982 7074/3133/982 7063/3134/982
f 7063/3134/982 7074/3133/982 7075/3135/982 7062/3136/982
f 7062/3136/982 7075/3135/982 7076/3118/982 7061/3117/982
f 7081/3117/982 7096/3118/982 7080/3119/982 7079/3120/982
f 7077/3121/989 7078/3122/989 7089/3123/989 7088/3124/989
f 7088/3124/990 7089/3123/990 7090/3125/990 7087/3126/990
f 7087/3126/991 7090/3125/991 7091/3127/991 7086/3128/991
f 7086/3128/982 7091/3127/982 7092/3129/982 7085/3130/982
f 7085/3130/982 7092/3129/982 7093/3131/982 7084/3132/982
f 7084/3132/982 7093/3131/982 7094/3133/982 7083/3134/982
f 7083/3134/982 7094/3133/982 7095/3135/982 7082/3136/982
f 7082/3136/982 7095/3135/982 7096/3118/982 7081/3117/982
o 平面.001
v 30.356689 -0.762829 12.599051
v 29.822969 -0.758829 12.465615
v 29.868984 0.700789 12.477119
v 29.843403 0.755405 12.470724
v 29.881418 0.542770 12.480228
v 29.886023 0.389971 12.481380
v 29.922962 0.230296 12.490615
v 29.960657 0.068835 12.500038
v 30.005997 -0.096104 12.511374
v 30.062111 -0.259218 12.525403
v 30.134258 -0.423787 12.551735
v 30.252748 -0.599629 12.573064
v 29.797716 -0.589428 12.465752
v 29.753185 -0.414198 12.448169
v 29.750532 -0.250305 12.447505
v 29.745081 -0.085681 12.446143
v 29.750328 0.076148 12.447454
v 29.758060 0.237328 12.449388
v 29.780643 0.394628 12.455033
v 29.807217 0.550886 12.461678
v 30.490131 -0.906459 12.632411
v 30.004642 -0.677884 12.511035
v 30.625570 0.634778 12.666272
v 30.623888 0.695401 12.665852
v 30.574244 0.485329 12.653440
v 30.517839 0.343944 12.639338
v 30.488218 0.182656 12.631933
v 30.458578 0.019421 12.624522
v 30.434536 -0.150212 12.618511
v 30.421047 -0.322718 12.615140
v 30.421446 -0.504132 12.623533
v 30.460007 -0.713719 12.624880
v 30.048655 -0.513286 12.528487
v 30.077650 -0.333965 12.529287
v 30.140234 -0.183276 12.544934
v 30.200556 -0.030742 12.560015
v 30.269531 0.114732 12.577259
v 30.340517 0.258568 12.595006
v 30.423517 0.392603 12.615757
v 30.509747 0.524006 12.637315
v 30.552307 -1.075909 12.647956
v 30.184938 -0.676807 12.556110
v 31.236967 0.301350 12.819126
v 31.257397 0.358225 12.824234
v 31.135155 0.182521 12.793673
v 31.031557 0.073128 12.767772
v 30.945581 -0.065047 12.746278
v 30.858881 -0.205019 12.724602
v 30.775053 -0.353084 12.703644
v 30.699970 -0.507881 12.684873
v 30.634396 -0.677042 12.676773
v 30.594278 -0.885538 12.658448
v 30.285353 -0.541693 12.587664
v 30.377399 -0.385968 12.604227
v 30.490103 -0.270327 12.632404
v 30.601377 -0.152104 12.660223
v 30.718117 -0.043763 12.689409
v 30.836126 0.062283 12.718913
v 30.961725 0.154609 12.750314
v 31.089363 0.243250 12.782225
vn 0.2425 -0.0000 -0.9701
vn 0.2368 0.0165 -0.9714
vn 0.2447 0.0062 -0.9696
vn 0.2528 -0.0219 -0.9673
vn 0.2438 0.0174 -0.9697
vn 0.2469 0.0047 -0.9690
vn 0.2432 -0.0244 -0.9697
vn 0.2500 0.0157 -0.9681
vn 0.2483 0.0027 -0.9687
vn 0.2343 -0.0229 -0.9719
vt 0.000000 0.888889
vt 1.000000 0.888889
vt 1.000000 1.000000
vt 0.000000 1.000000
vt 0.000000 0.000000
vt 1.000000 0.000000
vt 1.000000 0.111111
vt 0.000000 0.111111
vt 1.000000 0.222222
vt 0.000000 0.222222
vt 1.000000 0.333333
vt 0.000000 0.333333
vt 1.000000 0.444444
vt 0.000000 0.444444
vt 1.000000 0.555556
vt 0.000000 0.555556
vt 1.000000 0.666667
vt 0.000000 0.666667
vt 1.000000 0.777778
vt 0.000000 0.777778
s 0
usemtl マテリアル.107
f 7101/3137/992 7116/3138/992 7100/3139/992 7099/3140/992
f 7097/3141/993 7098/3142/993 7109/3143/993 7108/3144/993
f 7108/3144/994 7109/3143/994 7110/3145/994 7107/3146/994
f 7107/3146/995 7110/3145/995 7111/3147/995 7106/3148/995
f 7106/3148/992 7111/3147/992 7112/3149/992 7105/3150/992
f 7105/3150/992 7112/3149/992 7113/3151/992 7104/3152/992
f 7104/3152/992 7113/3151/992 7114/3153/992 7103/3154/992
f 7103/3154/992 7114/3153/992 7115/3155/992 7102/3156/992
f 7102/3156/992 7115/3155/992 7116/3138/992 7101/3137/992
f 7121/3137/992 7136/3138/992 7120/3139/992 7119/3140/992
f 7117/3141/996 7118/3142/996 7129/3143/996 7128/3144/996
f 7128/3144/997 7129/3143/997 7130/3145/997 7127/3146/997
f 7127/3146/998 7130/3145/998 7131/3147/998 7126/3148/998
f 7126/3148/992 7131/3147/992 7132/3149/992 7125/3150/992
f 7125/3150/992 7132/3149/992 7133/3151/992 7124/3152/992
f 7124/3152/992 7133/3151/992 7134/3153/992 7123/3154/992
f 7123/3154/992 7134/3153/992 7135/3155/992 7122/3156/992
f 7122/3156/992 7135/3155/992 7136/3138/992 7121/3137/992
f 7141/3137/992 7156/3138/992 7140/3139/992 7139/3140/992
f 7137/3141/999 7138/3142/999 7149/3143/999 7148/3144/999
f 7148/3144/1000 7149/3143/1000 7150/3145/1000 7147/3146/1000
f 7147/3146/1001 7150/3145/1001 7151/3147/1001 7146/3148/1001
f 7146/3148/992 7151/3147/992 7152/3149/992 7145/3150/992
f 7145/3150/992 7152/3149/992 7153/3151/992 7144/3152/992
f 7144/3152/992 7153/3151/992 7154/3153/992 7143/3154/992
f 7143/3154/992 7154/3153/992 7155/3155/992 7142/3156/992
f 7142/3156/992 7155/3155/992 7156/3138/992 7141/3137/992
o 平面.001
v 31.003796 -0.762829 13.303300
v 30.470076 -0.758829 13.169865
v 30.516090 0.700789 13.181369
v 30.490509 0.755405 13.174973
v 30.528524 0.542770 13.184478
v 30.533129 0.389971 13.185629
v 30.570068 0.230296 13.194864
v 30.607763 0.068835 13.204288
v 30.653103 -0.096104 13.215624
v 30.709217 -0.259218 13.229652
v 30.781364 -0.423787 13.255984
v 30.899855 -0.599629 13.277313
v 30.444822 -0.589428 13.170001
v 30.400291 -0.414198 13.152418
v 30.397638 -0.250305 13.151754
v 30.392187 -0.085681 13.150393
v 30.397434 0.076148 13.151704
v 30.405167 0.237328 13.153637
v 30.427750 0.394628 13.159283
v 30.454323 0.550886 13.165927
v 31.137238 -0.906459 13.336660
v 30.651749 -0.677884 13.215284
v 31.272676 0.634778 13.370522
v 31.270994 0.695401 13.370101
v 31.221350 0.485329 13.357689
v 31.164946 0.343944 13.343588
v 31.135324 0.182656 13.336183
v 31.105684 0.019421 13.328772
v 31.081642 -0.150212 13.322761
v 31.068153 -0.322718 13.319389
v 31.068552 -0.504132 13.327783
v 31.107113 -0.713719 13.329129
v 30.695761 -0.513286 13.232737
v 30.724756 -0.333965 13.233537
v 30.787340 -0.183276 13.249184
v 30.847662 -0.030742 13.264264
v 30.916637 0.114732 13.281508
v 30.987623 0.258568 13.299255
v 31.070623 0.392603 13.320006
v 31.156853 0.524006 13.341564
v 31.199413 -1.075909 13.352205
v 30.832045 -0.676807 13.260360
v 31.884073 0.301350 13.523376
v 31.904503 0.358225 13.528483
v 31.782261 0.182521 13.497922
v 31.678663 0.073128 13.472021
v 31.592688 -0.065047 13.450527
v 31.505987 -0.205019 13.428851
v 31.422159 -0.353084 13.407893
v 31.347076 -0.507881 13.389122
v 31.281502 -0.677042 13.381022
v 31.241385 -0.885538 13.362698
v 30.932459 -0.541693 13.291913
v 31.024506 -0.385968 13.308476
v 31.137209 -0.270327 13.336654
v 31.248484 -0.152104 13.364472
v 31.365223 -0.043763 13.393659
v 31.483232 0.062283 13.423162
v 31.608831 0.154609 13.454563
v 31.736469 0.243250 13.486474
vn 0.2425 -0.0000 -0.9701
vn 0.2368 0.0165 -0.9714
vn 0.2447 0.0062 -0.9696
vn 0.2528 -0.0219 -0.9673
vn 0.2438 0.0174 -0.9697
vn 0.2469 0.0047 -0.9690
vn 0.2432 -0.0244 -0.9697
vn 0.2500 0.0157 -0.9681
vn 0.2483 0.0027 -0.9687
vn 0.2343 -0.0229 -0.9719
vt 0.000000 0.888889
vt 1.000000 0.888889
vt 1.000000 1.000000
vt 0.000000 1.000000
vt 0.000000 0.000000
vt 1.000000 0.000000
vt 1.000000 0.111111
vt 0.000000 0.111111
vt 1.000000 0.222222
vt 0.000000 0.222222
vt 1.000000 0.333333
vt 0.000000 0.333333
vt 1.000000 0.444444
vt 0.000000 0.444444
vt 1.000000 0.555556
vt 0.000000 0.555556
vt 1.000000 0.666667
vt 0.000000 0.666667
vt 1.000000 0.777778
vt 0.000000 0.777778
s 0
usemtl マテリアル.107
f 7161/3157/1002 7176/3158/1002 7160/3159/1002 7159/3160/1002
f 7157/3161/1003 7158/3162/1003 7169/3163/1003 7168/3164/1003
f 7168/3164/1004 7169/3163/1004 7170/3165/1004 7167/3166/1004
f 7167/3166/1005 7170/3165/1005 7171/3167/1005 7166/3168/1005
f 7166/3168/1002 7171/3167/1002 7172/3169/1002 7165/3170/1002
f 7165/3170/1002 7172/3169/1002 7173/3171/1002 7164/3172/1002
f 7164/3172/1002 7173/3171/1002 7174/3173/1002 7163/3174/1002
f 7163/3174/1002 7174/3173/1002 7175/3175/1002 7162/3176/1002
f 7162/3176/1002 7175/3175/1002 7176/3158/1002 7161/3157/1002
f 7181/3157/1002 7196/3158/1002 7180/3159/1002 7179/3160/1002
f 7177/3161/1006 7178/3162/1006 7189/3163/1006 7188/3164/1006
f 7188/3164/1007 7189/3163/1007 7190/3165/1007 7187/3166/1007
f 7187/3166/1008 7190/3165/1008 7191/3167/1008 7186/3168/1008
f 7186/3168/1002 7191/3167/1002 7192/3169/1002 7185/3170/1002
f 7185/3170/1002 7192/3169/1002 7193/3171/1002 7184/3172/1002
f 7184/3172/1002 7193/3171/1002 7194/3173/1002 7183/3174/1002
f 7183/3174/1002 7194/3173/1002 7195/3175/1002 7182/3176/1002
f 7182/3176/1002 7195/3175/1002 7196/3158/1002 7181/3157/1002
f 7201/3157/1002 7216/3158/1002 7200/3159/1002 7199/3160/1002
f 7197/3161/1009 7198/3162/1009 7209/3163/1009 7208/3164/1009
f 7208/3164/1010 7209/3163/1010 7210/3165/1010 7207/3166/1010
f 7207/3166/1011 7210/3165/1011 7211/3167/1011 7206/3168/1011
f 7206/3168/1002 7211/3167/1002 7212/3169/1002 7205/3170/1002
f 7205/3170/1002 7212/3169/1002 7213/3171/1002 7204/3172/1002
f 7204/3172/1002 7213/3171/1002 7214/3173/1002 7203/3174/1002
f 7203/3174/1002 7214/3173/1002 7215/3175/1002 7202/3176/1002
f 7202/3176/1002 7215/3175/1002 7216/3158/1002 7201/3157/1002
o 平面.001
v 33.912643 -0.762829 14.107500
v 33.378925 -0.758829 13.974065
v 33.424938 0.700789 13.985569
v 33.399361 0.755405 13.979174
v 33.437374 0.542770 13.988678
v 33.441978 0.389971 13.989829
v 33.478916 0.230296 13.999064
v 33.516613 0.068835 14.008488
v 33.561954 -0.096104 14.019824
v 33.618065 -0.259218 14.033853
v 33.690216 -0.423787 14.060184
v 33.808704 -0.599629 14.081513
v 33.353672 -0.589428 13.974201
v 33.309143 -0.414198 13.956618
v 33.306488 -0.250305 13.955955
v 33.301037 -0.085681 13.954593
v 33.306282 0.076148 13.955904
v 33.314014 0.237328 13.957837
v 33.336601 0.394628 13.963483
v 33.363174 0.550886 13.970127
v 34.046089 -0.906459 14.140861
v 33.560600 -0.677884 14.019485
v 34.181526 0.634778 14.174722
v 34.179844 0.695401 14.174301
v 34.130199 0.485329 14.161889
v 34.073795 0.343944 14.147788
v 34.044174 0.182656 14.140383
v 34.014534 0.019421 14.132972
v 33.990490 -0.150212 14.126961
v 33.977005 -0.322718 14.123590
v 33.977402 -0.504132 14.131983
v 34.015961 -0.713719 14.133329
v 33.604610 -0.513286 14.036937
v 33.633606 -0.333965 14.037737
v 33.696190 -0.183276 14.053384
v 33.756512 -0.030742 14.068464
v 33.825489 0.114732 14.085709
v 33.896473 0.258568 14.103456
v 33.979473 0.392603 14.124207
v 34.065701 0.524006 14.145764
v 34.108265 -1.075909 14.156405
v 33.740894 -0.676807 14.064560
v 34.792923 0.301350 14.327576
v 34.813354 0.358225 14.332684
v 34.691109 0.182521 14.302122
v 34.587513 0.073128 14.276221
v 34.501537 -0.065047 14.254727
v 34.414837 -0.205019 14.233051
v 34.331009 -0.353084 14.212093
v 34.255928 -0.507881 14.193322
v 34.190350 -0.677042 14.185223
v 34.150234 -0.885538 14.166898
v 33.841309 -0.541693 14.096113
v 33.933357 -0.385968 14.112677
v 34.046059 -0.270327 14.140854
v 34.157333 -0.152104 14.168673
v 34.274075 -0.043763 14.197859
v 34.392082 0.062283 14.227363
v 34.517681 0.154609 14.258763
v 34.645321 0.243250 14.290674
vn 0.2425 -0.0000 -0.9701
vn 0.2368 0.0165 -0.9714
vn 0.2447 0.0062 -0.9696
vn 0.2528 -0.0219 -0.9673
vn 0.2438 0.0174 -0.9697
vn 0.2469 0.0047 -0.9690
vn 0.2432 -0.0244 -0.9697
vn 0.2500 0.0157 -0.9681
vn 0.2483 0.0027 -0.9687
vn 0.2343 -0.0229 -0.9719
vt 0.000000 0.888889
vt 1.000000 0.888889
vt 1.000000 1.000000
vt 0.000000 1.000000
vt 0.000000 0.000000
vt 1.000000 0.000000
vt 1.000000 0.111111
vt 0.000000 0.111111
vt 1.000000 0.222222
vt 0.000000 0.222222
vt 1.000000 0.333333
vt 0.000000 0.333333
vt 1.000000 0.444444
vt 0.000000 0.444444
vt 1.000000 0.555556
vt 0.000000 0.555556
vt 1.000000 0.666667
vt 0.000000 0.666667
vt 1.000000 0.777778
vt 0.000000 0.777778
s 0
usemtl マテリアル.107
f 7221/3177/1012 7236/3178/1012 7220/3179/1012 7219/3180/1012
f 7217/3181/1013 7218/3182/1013 7229/3183/1013 7228/3184/1013
f 7228/3184/1014 7229/3183/1014 7230/3185/1014 7227/3186/1014
f 7227/3186/1015 7230/3185/1015 7231/3187/1015 7226/3188/1015
f 7226/3188/1012 7231/3187/1012 7232/3189/1012 7225/3190/1012
f 7225/3190/1012 7232/3189/1012 7233/3191/1012 7224/3192/1012
f 7224/3192/1012 7233/3191/1012 7234/3193/1012 7223/3194/1012
f 7223/3194/1012 7234/3193/1012 7235/3195/1012 7222/3196/1012
f 7222/3196/1012 7235/3195/1012 7236/3178/1012 7221/3177/1012
f 7241/3177/1012 7256/3178/1012 7240/3179/1012 7239/3180/1012
f 7237/3181/1016 7238/3182/1016 7249/3183/1016 7248/3184/1016
f 7248/3184/1017 7249/3183/1017 7250/3185/1017 7247/3186/1017
f 7247/3186/1018 7250/3185/1018 7251/3187/1018 7246/3188/1018
f 7246/3188/1012 7251/3187/1012 7252/3189/1012 7245/3190/1012
f 7245/3190/1012 7252/3189/1012 7253/3191/1012 7244/3192/1012
f 7244/3192/1012 7253/3191/1012 7254/3193/1012 7243/3194/1012
f 7243/3194/1012 7254/3193/1012 7255/3195/1012 7242/3196/1012
f 7242/3196/1012 7255/3195/1012 7256/3178/1012 7241/3177/1012
f 7261/3177/1012 7276/3178/1012 7260/3179/1012 7259/3180/1012
f 7257/3181/1019 7258/3182/1019 7269/3183/1019 7268/3184/1019
f 7268/3184/1020 7269/3183/1020 7270/3185/1020 7267/3186/1020
f 7267/3186/1021 7270/3185/1021 7271/3187/1021 7266/3188/1021
f 7266/3188/1012 7271/3187/1012 7272/3189/1012 7265/3190/1012
f 7265/3190/1012 7272/3189/1012 7273/3191/1012 7264/3192/1012
f 7264/3192/1012 7273/3191/1012 7274/3193/1012 7263/3194/1012
f 7263/3194/1012 7274/3193/1012 7275/3195/1012 7262/3196/1012
f 7262/3196/1012 7275/3195/1012 7276/3178/1012 7261/3177/1012
o 平面.001
v -34.673618 -0.762829 14.841475
v -35.207336 -0.758829 14.708039
v -35.161324 0.700789 14.719543
v -35.186901 0.755405 14.713148
v -35.148888 0.542770 14.722652
v -35.144283 0.389971 14.723804
v -35.107346 0.230296 14.733039
v -35.069649 0.068835 14.742462
v -35.024307 -0.096104 14.753798
v -34.968197 -0.259218 14.767827
v -34.896046 -0.423787 14.794159
v -34.777557 -0.599629 14.815488
v -35.232590 -0.589428 14.708176
v -35.277119 -0.414198 14.690593
v -35.279774 -0.250305 14.689929
v -35.285225 -0.085681 14.688567
v -35.279980 0.076148 14.689878
v -35.272247 0.237328 14.691812
v -35.249660 0.394628 14.697457
v -35.223091 0.550886 14.704102
v -34.540173 -0.906459 14.874835
v -35.025661 -0.677884 14.753459
v -34.404736 0.634778 14.908696
v -34.406418 0.695401 14.908276
v -34.456062 0.485329 14.895864
v -34.512466 0.343944 14.881763
v -34.542088 0.182656 14.874357
v -34.571728 0.019421 14.866946
v -34.595772 -0.150212 14.860935
v -34.609257 -0.322718 14.857564
v -34.608860 -0.504132 14.865957
v -34.570301 -0.713719 14.867304
v -34.981651 -0.513286 14.770911
v -34.952656 -0.333965 14.771711
v -34.890072 -0.183276 14.787358
v -34.829750 -0.030742 14.802439
v -34.760773 0.114732 14.819683
v -34.689789 0.258568 14.837430
v -34.606789 0.392603 14.858181
v -34.520561 0.524006 14.879739
v -34.477997 -1.075909 14.890380
v -34.845367 -0.676807 14.798534
v -33.793339 0.301350 15.061550
v -33.772907 0.358225 15.066658
v -33.895153 0.182521 15.036097
v -33.998749 0.073128 15.010196
v -34.084724 -0.065047 14.988702
v -34.171425 -0.205019 14.967026
v -34.255253 -0.353084 14.946068
v -34.330334 -0.507881 14.927297
v -34.395912 -0.677042 14.919197
v -34.436028 -0.885538 14.900872
v -34.744953 -0.541693 14.830088
v -34.652905 -0.385968 14.846651
v -34.540203 -0.270327 14.874828
v -34.428928 -0.152104 14.902647
v -34.312187 -0.043763 14.931833
v -34.194180 0.062283 14.961337
v -34.068581 0.154609 14.992738
v -33.940941 0.243250 15.024649
vn 0.2425 -0.0000 -0.9701
vn 0.2368 0.0165 -0.9714
vn 0.2447 0.0062 -0.9696
vn 0.2528 -0.0219 -0.9673
vn 0.2438 0.0174 -0.9697
vn 0.2469 0.0047 -0.9690
vn 0.2432 -0.0244 -0.9697
vn 0.2500 0.0157 -0.9681
vn 0.2483 0.0027 -0.9687
vn 0.2343 -0.0229 -0.9719
vt 0.000000 0.888889
vt 1.000000 0.888889
vt 1.000000 1.000000
vt 0.000000 1.000000
vt 0.000000 0.000000
vt 1.000000 0.000000
vt 1.000000 0.111111
vt 0.000000 0.111111
vt 1.000000 0.222222
vt 0.000000 0.222222
vt 1.000000 0.333333
vt 0.000000 0.333333
vt 1.000000 0.444444
vt 0.000000 0.444444
vt 1.000000 0.555556
vt 0.000000 0.555556
vt 1.000000 0.666667
vt 0.000000 0.666667
vt 1.000000 0.777778
vt 0.000000 0.777778
s 0
usemtl マテリアル.107
f 7281/3197/1022 7296/3198/1022 7280/3199/1022 7279/3200/1022
f 7277/3201/1023 7278/3202/1023 7289/3203/1023 7288/3204/1023
f 7288/3204/1024 7289/3203/1024 7290/3205/1024 7287/3206/1024
f 7287/3206/1025 7290/3205/1025 7291/3207/1025 7286/3208/1025
f 7286/3208/1022 7291/3207/1022 7292/3209/1022 7285/3210/1022
f 7285/3210/1022 7292/3209/1022 7293/3211/1022 7284/3212/1022
f 7284/3212/1022 7293/3211/1022 7294/3213/1022 7283/3214/1022
f 7283/3214/1022 7294/3213/1022 7295/3215/1022 7282/3216/1022
f 7282/3216/1022 7295/3215/1022 7296/3198/1022 7281/3197/1022
f 7301/3197/1022 7316/3198/1022 7300/3199/1022 7299/3200/1022
f 7297/3201/1026 7298/3202/1026 7309/3203/1026 7308/3204/1026
f 7308/3204/1027 7309/3203/1027 7310/3205/1027 7307/3206/1027
f 7307/3206/1028 7310/3205/1028 7311/3207/1028 7306/3208/1028
f 7306/3208/1022 7311/3207/1022 7312/3209/1022 7305/3210/1022
f 7305/3210/1022 7312/3209/1022 7313/3211/1022 7304/3212/1022
f 7304/3212/1022 7313/3211/1022 7314/3213/1022 7303/3214/1022
f 7303/3214/1022 7314/3213/1022 7315/3215/1022 7302/3216/1022
f 7302/3216/1022 7315/3215/1022 7316/3198/1022 7301/3197/1022
f 7321/3197/1022 7336/3198/1022 7320/3199/1022 7319/3200/1022
f 7317/3201/1029 7318/3202/1029 7329/3203/1029 7328/3204/1029
f 7328/3204/1030 7329/3203/1030 7330/3205/1030 7327/3206/1030
f 7327/3206/1031 7330/3205/1031 7331/3207/1031 7326/3208/1031
f 7326/3208/1022 7331/3207/1022 7332/3209/1022 7325/3210/1022
f 7325/3210/1022 7332/3209/1022 7333/3211/1022 7324/3212/1022
f 7324/3212/1022 7333/3211/1022 7334/3213/1022 7323/3214/1022
f 7323/3214/1022 7334/3213/1022 7335/3215/1022 7322/3216/1022
f 7322/3216/1022 7335/3215/1022 7336/3198/1022 7321/3197/1022
o 平面.001
v -31.784082 -0.762829 15.545724
v -32.317802 -0.758829 15.412289
v -32.271790 0.700789 15.423793
v -32.297367 0.755405 15.417397
v -32.259354 0.542770 15.426902
v -32.254749 0.389971 15.428053
v -32.217812 0.230296 15.437288
v -32.180115 0.068835 15.446712
v -32.134773 -0.096104 15.458048
v -32.078663 -0.259218 15.472076
v -32.006512 -0.423787 15.498408
v -31.888023 -0.599629 15.519737
v -32.343056 -0.589428 15.412425
v -32.387585 -0.414198 15.394842
v -32.390240 -0.250305 15.394178
v -32.395691 -0.085681 15.392817
v -32.390446 0.076148 15.394128
v -32.382713 0.237328 15.396061
v -32.360126 0.394628 15.401707
v -32.333557 0.550886 15.408351
v -31.650640 -0.906459 15.579084
v -32.136127 -0.677884 15.457708
v -31.515202 0.634778 15.612946
v -31.516884 0.695401 15.612525
v -31.566528 0.485329 15.600113
v -31.622932 0.343944 15.586012
v -31.652554 0.182656 15.578607
v -31.682194 0.019421 15.571196
v -31.706236 -0.150212 15.565185
v -31.719725 -0.322718 15.561813
v -31.719326 -0.504132 15.570207
v -31.680765 -0.713719 15.571553
v -32.092117 -0.513286 15.475161
v -32.063122 -0.333965 15.475961
v -32.000538 -0.183276 15.491608
v -31.940216 -0.030742 15.506688
v -31.871241 0.114732 15.523932
v -31.800255 0.258568 15.541679
v -31.717255 0.392603 15.562430
v -31.631025 0.524006 15.583988
v -31.588465 -1.075909 15.594629
v -31.955833 -0.676807 15.502784
v -30.903805 0.301350 15.765800
v -30.883375 0.358225 15.770907
v -31.005617 0.182521 15.740346
v -31.109215 0.073128 15.714445
v -31.195190 -0.065047 15.692951
v -31.281891 -0.205019 15.671275
v -31.365719 -0.353084 15.650317
v -31.440802 -0.507881 15.631546
v -31.506376 -0.677042 15.623446
v -31.546494 -0.885538 15.605122
v -31.855419 -0.541693 15.534337
v -31.763372 -0.385968 15.550900
v -31.650669 -0.270327 15.579078
v -31.539394 -0.152104 15.606896
v -31.422655 -0.043763 15.636083
v -31.304646 0.062283 15.665586
v -31.179047 0.154609 15.696987
v -31.051409 0.243250 15.728898
vn 0.2425 -0.0000 -0.9701
vn 0.2368 0.0165 -0.9714
vn 0.2447 0.0062 -0.9696
vn 0.2528 -0.0219 -0.9673
vn 0.2438 0.0174 -0.9697
vn 0.2469 0.0047 -0.9690
vn 0.2432 -0.0244 -0.9697
vn 0.2500 0.0157 -0.9681
vn 0.2483 0.0027 -0.9687
vn 0.2343 -0.0229 -0.9719
vt 0.000000 0.888889
vt 1.000000 0.888889
vt 1.000000 1.000000
vt 0.000000 1.000000
vt 0.000000 0.000000
vt 1.000000 0.000000
vt 1.000000 0.111111
vt 0.000000 0.111111
vt 1.000000 0.222222
vt 0.000000 0.222222
vt 1.000000 0.333333
vt 0.000000 0.333333
vt 1.000000 0.444444
vt 0.000000 0.444444
vt 1.000000 0.555556
vt 0.000000 0.555556
vt 1.000000 0.666667
vt 0.000000 0.666667
vt 1.000000 0.777778
vt 0.000000 0.777778
s 0
usemtl マテリアル.107
f 7341/3217/1032 7356/3218/1032 7340/3219/1032 7339/3220/1032
f 7337/3221/1033 7338/3222/1033 7349/3223/1033 7348/3224/1033
f 7348/3224/1034 7349/3223/1034 7350/3225/1034 7347/3226/1034
f 7347/3226/1035 7350/3225/1035 7351/3227/1035 7346/3228/1035
f 7346/3228/1032 7351/3227/1032 7352/3229/1032 7345/3230/1032
f 7345/3230/1032 7352/3229/1032 7353/3231/1032 7344/3232/1032
f 7344/3232/1032 7353/3231/1032 7354/3233/1032 7343/3234/1032
f 7343/3234/1032 7354/3233/1032 7355/3235/1032 7342/3236/1032
f 7342/3236/1032 7355/3235/1032 7356/3218/1032 7341/3217/1032
f 7361/3217/1032 7376/3218/1032 7360/3219/1032 7359/3220/1032
f 7357/3221/1036 7358/3222/1036 7369/3223/1036 7368/3224/1036
f 7368/3224/1037 7369/3223/1037 7370/3225/1037 7367/3226/1037
f 7367/3226/1038 7370/3225/1038 7371/3227/1038 7366/3228/1038
f 7366/3228/1032 7371/3227/1032 7372/3229/1032 7365/3230/1032
f 7365/3230/1032 7372/3229/1032 7373/3231/1032 7364/3232/1032
f 7364/3232/1032 7373/3231/1032 7374/3233/1032 7363/3234/1032
f 7363/3234/1032 7374/3233/1032 7375/3235/1032 7362/3236/1032
f 7362/3236/1032 7375/3235/1032 7376/3218/1032 7361/3217/1032
f 7381/3217/1032 7396/3218/1032 7380/3219/1032 7379/3220/1032
f 7377/3221/1039 7378/3222/1039 7389/3223/1039 7388/3224/1039
f 7388/3224/1040 7389/3223/1040 7390/3225/1040 7387/3226/1040
f 7387/3226/1041 7390/3225/1041 7391/3227/1041 7386/3228/1041
f 7386/3228/1032 7391/3227/1032 7392/3229/1032 7385/3230/1032
f 7385/3230/1032 7392/3229/1032 7393/3231/1032 7384/3232/1032
f 7384/3232/1032 7393/3231/1032 7394/3233/1032 7383/3234/1032
f 7383/3234/1032 7394/3233/1032 7395/3235/1032 7382/3236/1032
f 7382/3236/1032 7395/3235/1032 7396/3218/1032 7381/3217/1032
o 平面.001
v -28.875235 -0.762829 16.349924
v -29.408955 -0.758829 16.216490
v -29.362942 0.700789 16.227993
v -29.388521 0.755405 16.221598
v -29.350506 0.542770 16.231102
v -29.345901 0.389971 16.232252
v -29.308962 0.230296 16.241488
v -29.271267 0.068835 16.250912
v -29.225927 -0.096104 16.262247
v -29.169813 -0.259218 16.276276
v -29.097666 -0.423787 16.302608
v -28.979176 -0.599629 16.323938
v -29.434208 -0.589428 16.216625
v -29.478739 -0.414198 16.199043
v -29.481392 -0.250305 16.198380
v -29.486843 -0.085681 16.197016
v -29.481596 0.076148 16.198328
v -29.473864 0.237328 16.200262
v -29.451281 0.394628 16.205908
v -29.424707 0.550886 16.212551
v -28.741793 -0.906459 16.383286
v -29.227282 -0.677884 16.261908
v -28.606354 0.634778 16.417145
v -28.608036 0.695401 16.416725
v -28.657681 0.485329 16.404314
v -28.714085 0.343944 16.390211
v -28.743706 0.182656 16.382807
v -28.773346 0.019421 16.375397
v -28.797388 -0.150212 16.369385
v -28.810877 -0.322718 16.366013
v -28.810478 -0.504132 16.374407
v -28.771917 -0.713719 16.375753
v -29.183270 -0.513286 16.279362
v -29.154274 -0.333965 16.280161
v -29.091690 -0.183276 16.295807
v -29.031368 -0.030742 16.310888
v -28.962393 0.114732 16.328133
v -28.891407 0.258568 16.345881
v -28.808407 0.392603 16.366631
v -28.722178 0.524006 16.388189
v -28.679617 -1.075909 16.398829
v -29.046986 -0.676807 16.306984
v -27.994957 0.301350 16.570000
v -27.974527 0.358225 16.575108
v -28.096769 0.182521 16.544546
v -28.200367 0.073128 16.518646
v -28.286343 -0.065047 16.497150
v -28.373043 -0.205019 16.475475
v -28.456871 -0.353084 16.454517
v -28.531954 -0.507881 16.435747
v -28.597528 -0.677042 16.427647
v -28.637646 -0.885538 16.409323
v -28.946571 -0.541693 16.338537
v -28.854525 -0.385968 16.355101
v -28.741821 -0.270327 16.383278
v -28.630547 -0.152104 16.411097
v -28.513807 -0.043763 16.440283
v -28.395798 0.062283 16.469786
v -28.270199 0.154609 16.501188
v -28.142561 0.243250 16.533098
vn 0.2425 -0.0000 -0.9701
vn 0.2368 0.0165 -0.9714
vn 0.2447 0.0062 -0.9696
vn 0.2528 -0.0219 -0.9673
vn 0.2438 0.0174 -0.9697
vn 0.2469 0.0047 -0.9690
vn 0.2432 -0.0244 -0.9697
vn 0.2500 0.0157 -0.9681
vn 0.2483 0.0027 -0.9687
vn 0.2343 -0.0229 -0.9719
vt 0.000000 0.888889
vt 1.000000 0.888889
vt 1.000000 1.000000
vt 0.000000 1.000000
vt 0.000000 0.000000
vt 1.000000 0.000000
vt 1.000000 0.111111
vt 0.000000 0.111111
vt 1.000000 0.222222
vt 0.000000 0.222222
vt 1.000000 0.333333
vt 0.000000 0.333333
vt 1.000000 0.444444
vt 0.000000 0.444444
vt 1.000000 0.555556
vt 0.000000 0.555556
vt 1.000000 0.666667
vt 0.000000 0.666667
vt 1.000000 0.777778
vt 0.000000 0.777778
s 0
usemtl マテリアル.107
f 7401/3237/1042 7416/3238/1042 7400/3239/1042 7399/3240/1042
f 7397/3241/1043 7398/3242/1043 7409/3243/1043 7408/3244/1043
f 7408/3244/1044 7409/3243/1044 7410/3245/1044 7407/3246/1044
f 7407/3246/1045 7410/3245/1045 7411/3247/1045 7406/3248/1045
f 7406/3248/1042 7411/3247/1042 7412/3249/1042 7405/3250/1042
f 7405/3250/1042 7412/3249/1042 7413/3251/1042 7404/3252/1042
f 7404/3252/1042 7413/3251/1042 7414/3253/1042 7403/3254/1042
f 7403/3254/1042 7414/3253/1042 7415/3255/1042 7402/3256/1042
f 7402/3256/1042 7415/3255/1042 7416/3238/1042 7401/3237/1042
f 7421/3237/1042 7436/3238/1042 7420/3239/1042 7419/3240/1042
f 7417/3241/1046 7418/3242/1046 7429/3243/1046 7428/3244/1046
f 7428/3244/1047 7429/3243/1047 7430/3245/1047 7427/3246/1047
f 7427/3246/1048 7430/3245/1048 7431/3247/1048 7426/3248/1048
f 7426/3248/1042 7431/3247/1042 7432/3249/1042 7425/3250/1042
f 7425/3250/1042 7432/3249/1042 7433/3251/1042 7424/3252/1042
f 7424/3252/1042 7433/3251/1042 7434/3253/1042 7423/3254/1042
f 7423/3254/1042 7434/3253/1042 7435/3255/1042 7422/3256/1042
f 7422/3256/1042 7435/3255/1042 7436/3238/1042 7421/3237/1042
f 7441/3237/1042 7456/3238/1042 7440/3239/1042 7439/3240/1042
f 7437/3241/1049 7438/3242/1049 7449/3243/1049 7448/3244/1049
f 7448/3244/1050 7449/3243/1050 7450/3245/1050 7447/3246/1050
f 7447/3246/1051 7450/3245/1051 7451/3247/1051 7446/3248/1051
f 7446/3248/1042 7451/3247/1042 7452/3249/1042 7445/3250/1042
f 7445/3250/1042 7452/3249/1042 7453/3251/1042 7444/3252/1042
f 7444/3252/1042 7453/3251/1042 7454/3253/1042 7443/3254/1042
f 7443/3254/1042 7454/3253/1042 7455/3255/1042 7442/3256/1042
f 7442/3256/1042 7455/3255/1042 7456/3238/1042 7441/3237/1042
o 平面.001
v 30.356689 -0.762829 14.841475
v 29.822969 -0.758829 14.708039
v 29.868984 0.700789 14.719543
v 29.843403 0.755405 14.713148
v 29.881418 0.542770 14.722652
v 29.886023 0.389971 14.723804
v 29.922962 0.230296 14.733039
v 29.960657 0.068835 14.742462
v 30.005997 -0.096104 14.753798
v 30.062111 -0.259218 14.767827
v 30.134258 -0.423787 14.794159
v 30.252748 -0.599629 14.815488
v 29.797716 -0.589428 14.708176
v 29.753185 -0.414198 14.690593
v 29.750532 -0.250305 14.689929
v 29.745081 -0.085681 14.688567
v 29.750328 0.076148 14.689878
v 29.758060 0.237328 14.691812
v 29.780643 0.394628 14.697457
v 29.807217 0.550886 14.704102
v 30.490131 -0.906459 14.874835
v 30.004642 -0.677884 14.753459
v 30.625570 0.634778 14.908696
v 30.623888 0.695401 14.908276
v 30.574244 0.485329 14.895864
v 30.517839 0.343944 14.881763
v 30.488218 0.182656 14.874357
v 30.458578 0.019421 14.866946
v 30.434536 -0.150212 14.860935
v 30.421047 -0.322718 14.857564
v 30.421446 -0.504132 14.865957
v 30.460007 -0.713719 14.867304
v 30.048655 -0.513286 14.770911
v 30.077650 -0.333965 14.771711
v 30.140234 -0.183276 14.787358
v 30.200556 -0.030742 14.802439
v 30.269531 0.114732 14.819683
v 30.340517 0.258568 14.837430
v 30.423517 0.392603 14.858181
v 30.509747 0.524006 14.879739
v 30.552307 -1.075909 14.890380
v 30.184938 -0.676807 14.798534
v 31.236967 0.301350 15.061550
v 31.257397 0.358225 15.066658
v 31.135155 0.182521 15.036097
v 31.031557 0.073128 15.010196
v 30.945581 -0.065047 14.988702
v 30.858881 -0.205019 14.967026
v 30.775053 -0.353084 14.946068
v 30.699970 -0.507881 14.927297
v 30.634396 -0.677042 14.919197
v 30.594278 -0.885538 14.900872
v 30.285353 -0.541693 14.830088
v 30.377399 -0.385968 14.846651
v 30.490103 -0.270327 14.874828
v 30.601377 -0.152104 14.902647
v 30.718117 -0.043763 14.931833
v 30.836126 0.062283 14.961337
v 30.961725 0.154609 14.992738
v 31.089363 0.243250 15.024649
vn 0.2425 -0.0000 -0.9701
vn 0.2368 0.0165 -0.9714
vn 0.2447 0.0062 -0.9696
vn 0.2528 -0.0219 -0.9673
vn 0.2438 0.0174 -0.9697
vn 0.2469 0.0047 -0.9690
vn 0.2432 -0.0244 -0.9697
vn 0.2500 0.0157 -0.9681
vn 0.2483 0.0027 -0.9687
vn 0.2343 -0.0229 -0.9719
vt 0.000000 0.888889
vt 1.000000 0.888889
vt 1.000000 1.000000
vt 0.000000 1.000000
vt 0.000000 0.000000
vt 1.000000 0.000000
vt 1.000000 0.111111
vt 0.000000 0.111111
vt 1.000000 0.222222
vt 0.000000 0.222222
vt 1.000000 0.333333
vt 0.000000 0.333333
vt 1.000000 0.444444
vt 0.000000 0.444444
vt 1.000000 0.555556
vt 0.000000 0.555556
vt 1.000000 0.666667
vt 0.000000 0.666667
vt 1.000000 0.777778
vt 0.000000 0.777778
s 0
usemtl マテリアル.107
f 7461/3257/1052 7476/3258/1052 7460/3259/1052 7459/3260/1052
f 7457/3261/1053 7458/3262/1053 7469/3263/1053 7468/3264/1053
f 7468/3264/1054 7469/3263/1054 7470/3265/1054 7467/3266/1054
f 7467/3266/1055 7470/3265/1055 7471/3267/1055 7466/3268/1055
f 7466/3268/1052 7471/3267/1052 7472/3269/1052 7465/3270/1052
f 7465/3270/1052 7472/3269/1052 7473/3271/1052 7464/3272/1052
f 7464/3272/1052 7473/3271/1052 7474/3273/1052 7463/3274/1052
f 7463/3274/1052 7474/3273/1052 7475/3275/1052 7462/3276/1052
f 7462/3276/1052 7475/3275/1052 7476/3258/1052 7461/3257/1052
f 7481/3257/1052 7496/3258/1052 7480/3259/1052 7479/3260/1052
f 7477/3261/1056 7478/3262/1056 7489/3263/1056 7488/3264/1056
f 7488/3264/1057 7489/3263/1057 7490/3265/1057 7487/3266/1057
f 7487/3266/1058 7490/3265/1058 7491/3267/1058 7486/3268/1058
f 7486/3268/1052 7491/3267/1052 7492/3269/1052 7485/3270/1052
f 7485/3270/1052 7492/3269/1052 7493/3271/1052 7484/3272/1052
f 7484/3272/1052 7493/3271/1052 7494/3273/1052 7483/3274/1052
f 7483/3274/1052 7494/3273/1052 7495/3275/1052 7482/3276/1052
f 7482/3276/1052 7495/3275/1052 7496/3258/1052 7481/3257/1052
f 7501/3257/1052 7516/3258/1052 7500/3259/1052 7499/3260/1052
f 7497/3261/1059 7498/3262/1059 7509/3263/1059 7508/3264/1059
f 7508/3264/1060 7509/3263/1060 7510/3265/1060 7507/3266/1060
f 7507/3266/1061 7510/3265/1061 7511/3267/1061 7506/3268/1061
f 7506/3268/1052 7511/3267/1052 7512/3269/1052 7505/3270/1052
f 7505/3270/1052 7512/3269/1052 7513/3271/1052 7504/3272/1052
f 7504/3272/1052 7513/3271/1052 7514/3273/1052 7503/3274/1052
f 7503/3274/1052 7514/3273/1052 7515/3275/1052 7502/3276/1052
f 7502/3276/1052 7515/3275/1052 7516/3258/1052 7501/3257/1052
o 平面.001
v 31.003796 -0.762829 15.545724
v 30.470076 -0.758829 15.412289
v 30.516090 0.700789 15.423793
v 30.490509 0.755405 15.417397
v 30.528524 0.542770 15.426902
v 30.533129 0.389971 15.428053
v 30.570068 0.230296 15.437288
v 30.607763 0.068835 15.446712
v 30.653103 -0.096104 15.458048
v 30.709217 -0.259218 15.472076
v 30.781364 -0.423787 15.498408
v 30.899855 -0.599629 15.519737
v 30.444822 -0.589428 15.412425
v 30.400291 -0.414198 15.394842
v 30.397638 -0.250305 15.394178
v 30.392187 -0.085681 15.392817
v 30.397434 0.076148 15.394128
v 30.405167 0.237328 15.396061
v 30.427750 0.394628 15.401707
v 30.454323 0.550886 15.408351
v 31.137238 -0.906459 15.579084
v 30.651749 -0.677884 15.457708
v 31.272676 0.634778 15.612946
v 31.270994 0.695401 15.612525
v 31.221350 0.485329 15.600113
v 31.164946 0.343944 15.586012
v 31.135324 0.182656 15.578607
v 31.105684 0.019421 15.571196
v 31.081642 -0.150212 15.565185
v 31.068153 -0.322718 15.561813
v 31.068552 -0.504132 15.570207
v 31.107113 -0.713719 15.571553
v 30.695761 -0.513286 15.475161
v 30.724756 -0.333965 15.475961
v 30.787340 -0.183276 15.491608
v 30.847662 -0.030742 15.506688
v 30.916637 0.114732 15.523932
v 30.987623 0.258568 15.541679
v 31.070623 0.392603 15.562430
v 31.156853 0.524006 15.583988
v 31.199413 -1.075909 15.594629
v 30.832045 -0.676807 15.502784
v 31.884073 0.301350 15.765800
v 31.904503 0.358225 15.770907
v 31.782261 0.182521 15.740346
v 31.678663 0.073128 15.714445
v 31.592688 -0.065047 15.692951
v 31.505987 -0.205019 15.671275
v 31.422159 -0.353084 15.650317
v 31.347076 -0.507881 15.631546
v 31.281502 -0.677042 15.623446
v 31.241385 -0.885538 15.605122
v 30.932459 -0.541693 15.534337
v 31.024506 -0.385968 15.550900
v 31.137209 -0.270327 15.579078
v 31.248484 -0.152104 15.606896
v 31.365223 -0.043763 15.636083
v 31.483232 0.062283 15.665586
v 31.608831 0.154609 15.696987
v 31.736469 0.243250 15.728898
vn 0.2425 -0.0000 -0.9701
vn 0.2368 0.0165 -0.9714
vn 0.2447 0.0062 -0.9696
vn 0.2528 -0.0219 -0.9673
vn 0.2438 0.0174 -0.9697
vn 0.2469 0.0047 -0.9690
vn 0.2432 -0.0244 -0.9697
vn 0.2500 0.0157 -0.9681
vn 0.2483 0.0027 -0.9687
vn 0.2343 -0.0229 -0.9719
vt 0.000000 0.888889
vt 1.000000 0.888889
vt 1.000000 1.000000
vt 0.000000 1.000000
vt 0.000000 0.000000
vt 1.000000 0.000000
vt 1.000000 0.111111
vt 0.000000 0.111111
vt 1.000000 0.222222
vt 0.000000 0.222222
vt 1.000000 0.333333
vt 0.000000 0.333333
vt 1.000000 0.444444
vt 0.000000 0.444444
vt 1.000000 0.555556
vt 0.000000 0.555556
vt 1.000000 0.666667
vt 0.000000 0.666667
vt 1.000000 0.777778
vt 0.000000 0.777778
s 0
usemtl マテリアル.107
f 7521/3277/1062 7536/3278/1062 7520/3279/1062 7519/3280/1062
f 7517/3281/1063 7518/3282/1063 7529/3283/1063 7528/3284/1063
f 7528/3284/1064 7529/3283/1064 7530/3285/1064 7527/3286/1064
f 7527/3286/1065 7530/3285/1065 7531/3287/1065 7526/3288/1065
f 7526/3288/1062 7531/3287/1062 7532/3289/1062 7525/3290/1062
f 7525/3290/1062 7532/3289/1062 7533/3291/1062 7524/3292/1062
f 7524/3292/1062 7533/3291/1062 7534/3293/1062 7523/3294/1062
f 7523/3294/1062 7534/3293/1062 7535/3295/1062 7522/3296/1062
f 7522/3296/1062 7535/3295/1062 7536/3278/1062 7521/3277/1062
f 7541/3277/1062 7556/3278/1062 7540/3279/1062 7539/3280/1062
f 7537/3281/1066 7538/3282/1066 7549/3283/1066 7548/3284/1066
f 7548/3284/1067 7549/3283/1067 7550/3285/1067 7547/3286/1067
f 7547/3286/1068 7550/3285/1068 7551/3287/1068 7546/3288/1068
f 7546/3288/1062 7551/3287/1062 7552/3289/1062 7545/3290/1062
f 7545/3290/1062 7552/3289/1062 7553/3291/1062 7544/3292/1062
f 7544/3292/1062 7553/3291/1062 7554/3293/1062 7543/3294/1062
f 7543/3294/1062 7554/3293/1062 7555/3295/1062 7542/3296/1062
f 7542/3296/1062 7555/3295/1062 7556/3278/1062 7541/3277/1062
f 7561/3277/1062 7576/3278/1062 7560/3279/1062 7559/3280/1062
f 7557/3281/1069 7558/3282/1069 7569/3283/1069 7568/3284/1069
f 7568/3284/1070 7569/3283/1070 7570/3285/1070 7567/3286/1070
f 7567/3286/1071 7570/3285/1071 7571/3287/1071 7566/3288/1071
f 7566/3288/1062 7571/3287/1062 7572/3289/1062 7565/3290/1062
f 7565/3290/1062 7572/3289/1062 7573/3291/1062 7564/3292/1062
f 7564/3292/1062 7573/3291/1062 7574/3293/1062 7563/3294/1062
f 7563/3294/1062 7574/3293/1062 7575/3295/1062 7562/3296/1062
f 7562/3296/1062 7575/3295/1062 7576/3278/1062 7561/3277/1062
o 平面.001
v 33.912643 -0.762829 18.592350
v 33.378925 -0.758829 18.458916
v 33.424938 0.700789 18.470419
v 33.399361 0.755405 18.464024
v 33.437374 0.542770 18.473528
v 33.441978 0.389971 18.474678
v 33.478916 0.230296 18.483913
v 33.516613 0.068835 18.493338
v 33.561954 -0.096104 18.504673
v 33.618065 -0.259218 18.518702
v 33.690216 -0.423787 18.545034
v 33.808704 -0.599629 18.566364
v 33.353672 -0.589428 18.459051
v 33.309143 -0.414198 18.441469
v 33.306488 -0.250305 18.440805
v 33.301037 -0.085681 18.439442
v 33.306282 0.076148 18.440754
v 33.314014 0.237328 18.442688
v 33.336601 0.394628 18.448334
v 33.363174 0.550886 18.454977
v 34.046089 -0.906459 18.625711
v 33.560600 -0.677884 18.504333
v 34.181526 0.634778 18.659571
v 34.179844 0.695401 18.659151
v 34.130199 0.485329 18.646740
v 34.073795 0.343944 18.632637
v 34.044174 0.182656 18.625233
v 34.014534 0.019421 18.617823
v 33.990490 -0.150212 18.611811
v 33.977005 -0.322718 18.608438
v 33.977402 -0.504132 18.616833
v 34.015961 -0.713719 18.618179
v 33.604610 -0.513286 18.521788
v 33.633606 -0.333965 18.522587
v 33.696190 -0.183276 18.538233
v 33.756512 -0.030742 18.553314
v 33.825489 0.114732 18.570559
v 33.896473 0.258568 18.588306
v 33.979473 0.392603 18.609056
v 34.065701 0.524006 18.630615
v 34.108265 -1.075909 18.641254
v 33.740894 -0.676807 18.549410
v 34.792923 0.301350 18.812426
v 34.813354 0.358225 18.817533
v 34.691109 0.182521 18.786972
v 34.587513 0.073128 18.761072
v 34.501537 -0.065047 18.739576
v 34.414837 -0.205019 18.717901
v 34.331009 -0.353084 18.696943
v 34.255928 -0.507881 18.678173
v 34.190350 -0.677042 18.670073
v 34.150234 -0.885538 18.651749
v 33.841309 -0.541693 18.580963
v 33.933357 -0.385968 18.597527
v 34.046059 -0.270327 18.625704
v 34.157333 -0.152104 18.653522
v 34.274075 -0.043763 18.682709
v 34.392082 0.062283 18.712212
v 34.517681 0.154609 18.743614
v 34.645321 0.243250 18.775524
vn 0.2425 -0.0000 -0.9701
vn 0.2368 0.0165 -0.9714
vn 0.2447 0.0062 -0.9696
vn 0.2528 -0.0219 -0.9673
vn 0.2438 0.0174 -0.9697
vn 0.2469 0.0047 -0.9690
vn 0.2432 -0.0244 -0.9697
vn 0.2500 0.0157 -0.9681
vn 0.2483 0.0027 -0.9687
vn 0.2343 -0.0229 -0.9719
vt 0.000000 0.888889
vt 1.000000 0.888889
vt 1.000000 1.000000
vt 0.000000 1.000000
vt 0.000000 0.000000
vt 1.000000 0.000000
vt 1.000000 0.111111
vt 0.000000 0.111111
vt 1.000000 0.222222
vt 0.000000 0.222222
vt 1.000000 0.333333
vt 0.000000 0.333333
vt 1.000000 0.444444
vt 0.000000 0.444444
vt 1.000000 0.555556
vt 0.000000 0.555556
vt 1.000000 0.666667
vt 0.000000 0.666667
vt 1.000000 0.777778
vt 0.000000 0.777778
s 0
usemtl マテリアル.107
f 7581/3297/1072 7596/3298/1072 7580/3299/1072 7579/3300/1072
f 7577/3301/1073 7578/3302/1073 7589/3303/1073 7588/3304/1073
f 7588/3304/1074 7589/3303/1074 7590/3305/1074 7587/3306/1074
f 7587/3306/1075 7590/3305/1075 7591/3307/1075 7586/3308/1075
f 7586/3308/1072 7591/3307/1072 7592/3309/1072 7585/3310/1072
f 7585/3310/1072 7592/3309/1072 7593/3311/1072 7584/3312/1072
f 7584/3312/1072 7593/3311/1072 7594/3313/1072 7583/3314/1072
f 7583/3314/1072 7594/3313/1072 7595/3315/1072 7582/3316/1072
f 7582/3316/1072 7595/3315/1072 7596/3298/1072 7581/3297/1072
f 7601/3297/1072 7616/3298/1072 7600/3299/1072 7599/3300/1072
f 7597/3301/1076 7598/3302/1076 7609/3303/1076 7608/3304/1076
f 7608/3304/1077 7609/3303/1077 7610/3305/1077 7607/3306/1077
f 7607/3306/1078 7610/3305/1078 7611/3307/1078 7606/3308/1078
f 7606/3308/1072 7611/3307/1072 7612/3309/1072 7605/3310/1072
f 7605/3310/1072 7612/3309/1072 7613/3311/1072 7604/3312/1072
f 7604/3312/1072 7613/3311/1072 7614/3313/1072 7603/3314/1072
f 7603/3314/1072 7614/3313/1072 7615/3315/1072 7602/3316/1072
f 7602/3316/1072 7615/3315/1072 7616/3298/1072 7601/3297/1072
f 7621/3297/1072 7636/3298/1072 7620/3299/1072 7619/3300/1072
f 7617/3301/1079 7618/3302/1079 7629/3303/1079 7628/3304/1079
f 7628/3304/1080 7629/3303/1080 7630/3305/1080 7627/3306/1080
f 7627/3306/1081 7630/3305/1081 7631/3307/1081 7626/3308/1081
f 7626/3308/1072 7631/3307/1072 7632/3309/1072 7625/3310/1072
f 7625/3310/1072 7632/3309/1072 7633/3311/1072 7624/3312/1072
f 7624/3312/1072 7633/3311/1072 7634/3313/1072 7623/3314/1072
f 7623/3314/1072 7634/3313/1072 7635/3315/1072 7622/3316/1072
f 7622/3316/1072 7635/3315/1072 7636/3298/1072 7621/3297/1072
o 平面.001
v 34.841534 -0.762829 17.083897
v 34.307816 -0.758829 16.950462
v 34.353828 0.700789 16.961966
v 34.328251 0.755405 16.955570
v 34.366264 0.542770 16.965075
v 34.370869 0.389971 16.966225
v 34.407806 0.230296 16.975460
v 34.445503 0.068835 16.984884
v 34.490845 -0.096104 16.996220
v 34.546955 -0.259218 17.010248
v 34.619106 -0.423787 17.036581
v 34.737595 -0.599629 17.057911
v 34.282562 -0.589428 16.950598
v 34.238033 -0.414198 16.933016
v 34.235378 -0.250305 16.932352
v 34.229927 -0.085681 16.930988
v 34.235172 0.076148 16.932301
v 34.242905 0.237328 16.934235
v 34.265491 0.394628 16.939880
v 34.292061 0.550886 16.946524
v 34.974979 -0.906459 17.117258
v 34.489491 -0.677884 16.995880
v 35.110416 0.634778 17.151117
v 35.108734 0.695401 17.150698
v 35.059090 0.485329 17.138287
v 35.002686 0.343944 17.124184
v 34.973064 0.182656 17.116779
v 34.943424 0.019421 17.109369
v 34.919380 -0.150212 17.103357
v 34.905895 -0.322718 17.099985
v 34.906292 -0.504132 17.108379
v 34.944851 -0.713719 17.109726
v 34.533501 -0.513286 17.013334
v 34.562496 -0.333965 17.014133
v 34.625080 -0.183276 17.029779
v 34.685402 -0.030742 17.044861
v 34.754379 0.114732 17.062105
v 34.825363 0.258568 17.079853
v 34.908363 0.392603 17.100603
v 34.994591 0.524006 17.122162
v 35.037155 -1.075909 17.132801
v 34.669785 -0.676807 17.040956
v 35.721813 0.301350 17.303972
v 35.742245 0.358225 17.309080
v 35.619999 0.182521 17.278519
v 35.516403 0.073128 17.252619
v 35.430428 -0.065047 17.231123
v 35.343727 -0.205019 17.209448
v 35.259899 -0.353084 17.188490
v 35.184818 -0.507881 17.169720
v 35.119240 -0.677042 17.161619
v 35.079124 -0.885538 17.143295
v 34.770199 -0.541693 17.072510
v 34.862247 -0.385968 17.089073
v 34.974949 -0.270327 17.117250
v 35.086224 -0.152104 17.145069
v 35.202965 -0.043763 17.174255
v 35.320972 0.062283 17.203758
v 35.446571 0.154609 17.235161
v 35.574211 0.243250 17.267071
vn 0.2425 -0.0000 -0.9701
vn 0.2368 0.0165 -0.9714
vn 0.2447 0.0062 -0.9696
vn 0.2528 -0.0219 -0.9673
vn 0.2438 0.0174 -0.9697
vn 0.2469 0.0047 -0.9690
vn 0.2432 -0.0244 -0.9697
vn 0.2500 0.0157 -0.9681
vn 0.2483 0.0027 -0.9687
vn 0.2343 -0.0229 -0.9719
vt 0.000000 0.888889
vt 1.000000 0.888889
vt 1.000000 1.000000
vt 0.000000 1.000000
vt 0.000000 0.000000
vt 1.000000 0.000000
vt 1.000000 0.111111
vt 0.000000 0.111111
vt 1.000000 0.222222
vt 0.000000 0.222222
vt 1.000000 0.333333
vt 0.000000 0.333333
vt 1.000000 0.444444
vt 0.000000 0.444444
vt 1.000000 0.555556
vt 0.000000 0.555556
vt 1.000000 0.666667
vt 0.000000 0.666667
vt 1.000000 0.777778
vt 0.000000 0.777778
s 0
usemtl マテリアル.107
f 7641/3317/1082 7656/3318/1082 7640/3319/1082 7639/3320/1082
f 7637/3321/1083 7638/3322/1083 7649/3323/1083 7648/3324/1083
f 7648/3324/1084 7649/3323/1084 7650/3325/1084 7647/3326/1084
f 7647/3326/1085 7650/3325/1085 7651/3327/1085 7646/3328/1085
f 7646/3328/1082 7651/3327/1082 7652/3329/1082 7645/3330/1082
f 7645/3330/1082 7652/3329/1082 7653/3331/1082 7644/3332/1082
f 7644/3332/1082 7653/3331/1082 7654/3333/1082 7643/3334/1082
f 7643/3334/1082 7654/3333/1082 7655/3335/1082 7642/3336/1082
f 7642/3336/1082 7655/3335/1082 7656/3318/1082 7641/3317/1082
f 7661/3317/1082 7676/3318/1082 7660/3319/1082 7659/3320/1082
f 7657/3321/1086 7658/3322/1086 7669/3323/1086 7668/3324/1086
f 7668/3324/1087 7669/3323/1087 7670/3325/1087 7667/3326/1087
f 7667/3326/1088 7670/3325/1088 7671/3327/1088 7666/3328/1088
f 7666/3328/1082 7671/3327/1082 7672/3329/1082 7665/3330/1082
f 7665/3330/1082 7672/3329/1082 7673/3331/1082 7664/3332/1082
f 7664/3332/1082 7673/3331/1082 7674/3333/1082 7663/3334/1082
f 7663/3334/1082 7674/3333/1082 7675/3335/1082 7662/3336/1082
f 7662/3336/1082 7675/3335/1082 7676/3318/1082 7661/3317/1082
f 7681/3317/1082 7696/3318/1082 7680/3319/1082 7679/3320/1082
f 7677/3321/1089 7678/3322/1089 7689/3323/1089 7688/3324/1089
f 7688/3324/1090 7689/3323/1090 7690/3325/1090 7687/3326/1090
f 7687/3326/1091 7690/3325/1091 7691/3327/1091 7686/3328/1091
f 7686/3328/1082 7691/3327/1082 7692/3329/1082 7685/3330/1082
f 7685/3330/1082 7692/3329/1082 7693/3331/1082 7684/3332/1082
f 7684/3332/1082 7693/3331/1082 7694/3333/1082 7683/3334/1082
f 7683/3334/1082 7694/3333/1082 7695/3335/1082 7682/3336/1082
f 7682/3336/1082 7695/3335/1082 7696/3318/1082 7681/3317/1082
o 平面.001
v -29.541656 -0.762829 20.030573
v -30.075377 -0.758829 19.897139
v -30.029362 0.700789 19.908642
v -30.054943 0.755405 19.902246
v -30.016928 0.542770 19.911751
v -30.012323 0.389971 19.912901
v -29.975384 0.230296 19.922136
v -29.937689 0.068835 19.931561
v -29.892349 -0.096104 19.942896
v -29.836235 -0.259218 19.956924
v -29.764088 -0.423787 19.983257
v -29.645597 -0.599629 20.004587
v -30.100630 -0.589428 19.897274
v -30.145161 -0.414198 19.879692
v -30.147814 -0.250305 19.879028
v -30.153265 -0.085681 19.877665
v -30.148018 0.076148 19.878977
v -30.140285 0.237328 19.880911
v -30.117702 0.394628 19.886557
v -30.091129 0.550886 19.893200
v -29.408215 -0.906459 20.063934
v -29.893703 -0.677884 19.942556
v -29.272776 0.634778 20.097794
v -29.274458 0.695401 20.097374
v -29.324102 0.485329 20.084963
v -29.380507 0.343944 20.070860
v -29.410128 0.182656 20.063456
v -29.439768 0.019421 20.056046
v -29.463810 -0.150212 20.050034
v -29.477299 -0.322718 20.046661
v -29.476900 -0.504132 20.055056
v -29.438339 -0.713719 20.056402
v -29.849691 -0.513286 19.960011
v -29.820696 -0.333965 19.960810
v -29.758112 -0.183276 19.976456
v -29.697790 -0.030742 19.991537
v -29.628815 0.114732 20.008781
v -29.557829 0.258568 20.026529
v -29.474829 0.392603 20.047279
v -29.388599 0.524006 20.068838
v -29.346039 -1.075909 20.079477
v -29.713408 -0.676807 19.987633
v -28.661379 0.301350 20.250648
v -28.640949 0.358225 20.255756
v -28.763191 0.182521 20.225195
v -28.866789 0.073128 20.199295
v -28.952765 -0.065047 20.177799
v -29.039465 -0.205019 20.156124
v -29.123293 -0.353084 20.135166
v -29.198376 -0.507881 20.116396
v -29.263950 -0.677042 20.108295
v -29.304068 -0.885538 20.089972
v -29.612993 -0.541693 20.019186
v -29.520947 -0.385968 20.035749
v -29.408243 -0.270327 20.063927
v -29.296968 -0.152104 20.091745
v -29.180229 -0.043763 20.120932
v -29.062220 0.062283 20.150434
v -28.936621 0.154609 20.181837
v -28.808983 0.243250 20.213747
vn 0.2425 -0.0000 -0.9701
vn 0.2368 0.0165 -0.9714
vn 0.2447 0.0062 -0.9696
vn 0.2528 -0.0219 -0.9673
vn 0.2438 0.0174 -0.9697
vn 0.2469 0.0047 -0.9690
vn 0.2432 -0.0244 -0.9697
vn 0.2500 0.0157 -0.9681
vn 0.2483 0.0027 -0.9687
vn 0.2343 -0.0229 -0.9719
vt 0.000000 0.888889
vt 1.000000 0.888889
vt 1.000000 1.000000
vt 0.000000 1.000000
vt 0.000000 0.000000
vt 1.000000 0.000000
vt 1.000000 0.111111
vt 0.000000 0.111111
vt 1.000000 0.222222
vt 0.000000 0.222222
vt 1.000000 0.333333
vt 0.000000 0.333333
vt 1.000000 0.444444
vt 0.000000 0.444444
vt 1.000000 0.555556
vt 0.000000 0.555556
vt 1.000000 0.666667
vt 0.000000 0.666667
vt 1.000000 0.777778
vt 0.000000 0.777778
s 0
usemtl マテリアル.107
f 7701/3337/1092 7716/3338/1092 7700/3339/1092 7699/3340/1092
f 7697/3341/1093 7698/3342/1093 7709/3343/1093 7708/3344/1093
f 7708/3344/1094 7709/3343/1094 7710/3345/1094 7707/3346/1094
f 7707/3346/1095 7710/3345/1095 7711/3347/1095 7706/3348/1095
f 7706/3348/1092 7711/3347/1092 7712/3349/1092 7705/3350/1092
f 7705/3350/1092 7712/3349/1092 7713/3351/1092 7704/3352/1092
f 7704/3352/1092 7713/3351/1092 7714/3353/1092 7703/3354/1092
f 7703/3354/1092 7714/3353/1092 7715/3355/1092 7702/3356/1092
f 7702/3356/1092 7715/3355/1092 7716/3338/1092 7701/3337/1092
f 7721/3337/1092 7736/3338/1092 7720/3339/1092 7719/3340/1092
f 7717/3341/1096 7718/3342/1096 7729/3343/1096 7728/3344/1096
f 7728/3344/1097 7729/3343/1097 7730/3345/1097 7727/3346/1097
f 7727/3346/1098 7730/3345/1098 7731/3347/1098 7726/3348/1098
f 7726/3348/1092 7731/3347/1092 7732/3349/1092 7725/3350/1092
f 7725/3350/1092 7732/3349/1092 7733/3351/1092 7724/3352/1092
f 7724/3352/1092 7733/3351/1092 7734/3353/1092 7723/3354/1092
f 7723/3354/1092 7734/3353/1092 7735/3355/1092 7722/3356/1092
f 7722/3356/1092 7735/3355/1092 7736/3338/1092 7721/3337/1092
f 7741/3337/1092 7756/3338/1092 7740/3339/1092 7739/3340/1092
f 7737/3341/1099 7738/3342/1099 7749/3343/1099 7748/3344/1099
f 7748/3344/1100 7749/3343/1100 7750/3345/1100 7747/3346/1100
f 7747/3346/1101 7750/3345/1101 7751/3347/1101 7746/3348/1101
f 7746/3348/1092 7751/3347/1092 7752/3349/1092 7745/3350/1092
f 7745/3350/1092 7752/3349/1092 7753/3351/1092 7744/3352/1092
f 7744/3352/1092 7753/3351/1092 7754/3353/1092 7743/3354/1092
f 7743/3354/1092 7754/3353/1092 7755/3355/1092 7742/3356/1092
f 7742/3356/1092 7755/3355/1092 7756/3338/1092 7741/3337/1092
o 平面.001
v 29.427797 -0.762829 20.834774
v 28.894077 -0.758829 20.701340
v 28.940090 0.700789 20.712843
v 28.914511 0.755405 20.706448
v 28.952526 0.542770 20.715952
v 28.957130 0.389971 20.717102
v 28.994070 0.230296 20.726337
v 29.031765 0.068835 20.735762
v 29.077105 -0.096104 20.747097
v 29.133219 -0.259218 20.761126
v 29.205366 -0.423787 20.787458
v 29.323856 -0.599629 20.808788
v 28.868824 -0.589428 20.701475
v 28.824293 -0.414198 20.683893
v 28.821640 -0.250305 20.683229
v 28.816189 -0.085681 20.681866
v 28.821436 0.076148 20.683178
v 28.829168 0.237328 20.685112
v 28.851751 0.394628 20.690758
v 28.878325 0.550886 20.697401
v 29.561239 -0.906459 20.868135
v 29.075750 -0.677884 20.746758
v 29.696678 0.634778 20.901995
v 29.694996 0.695401 20.901575
v 29.645351 0.485329 20.889164
v 29.588947 0.343944 20.875061
v 29.559326 0.182656 20.867657
v 29.529686 0.019421 20.860247
v 29.505644 -0.150212 20.854235
v 29.492155 -0.322718 20.850863
v 29.492554 -0.504132 20.859257
v 29.531115 -0.713719 20.860603
v 29.119762 -0.513286 20.764212
v 29.148758 -0.333965 20.765011
v 29.211342 -0.183276 20.780657
v 29.271664 -0.030742 20.795738
v 29.340639 0.114732 20.812983
v 29.411625 0.258568 20.830730
v 29.494625 0.392603 20.851480
v 29.580854 0.524006 20.873039
v 29.623415 -1.075909 20.883678
v 29.256046 -0.676807 20.791834
v 30.308075 0.301350 21.054850
v 30.328505 0.358225 21.059958
v 30.206263 0.182521 21.029396
v 30.102665 0.073128 21.003496
v 30.016689 -0.065047 20.982000
v 29.929989 -0.205019 20.960325
v 29.846161 -0.353084 20.939367
v 29.771078 -0.507881 20.920597
v 29.705503 -0.677042 20.912497
v 29.665386 -0.885538 20.894173
v 29.356461 -0.541693 20.823387
v 29.448507 -0.385968 20.839951
v 29.561211 -0.270327 20.868128
v 29.672485 -0.152104 20.895947
v 29.789225 -0.043763 20.925133
v 29.907234 0.062283 20.954636
v 30.032833 0.154609 20.986038
v 30.160471 0.243250 21.017948
vn 0.2425 -0.0000 -0.9701
vn 0.2368 0.0165 -0.9714
vn 0.2447 0.0062 -0.9696
vn 0.2528 -0.0219 -0.9673
vn 0.2438 0.0174 -0.9697
vn 0.2469 0.0047 -0.9690
vn 0.2432 -0.0244 -0.9697
vn 0.2500 0.0157 -0.9681
vn 0.2483 0.0027 -0.9687
vn 0.2343 -0.0229 -0.9719
vt 0.000000 0.888889
vt 1.000000 0.888889
vt 1.000000 1.000000
vt 0.000000 1.000000
vt 0.000000 0.000000
vt 1.000000 0.000000
vt 1.000000 0.111111
vt 0.000000 0.111111
vt 1.000000 0.222222
vt 0.000000 0.222222
vt 1.000000 0.333333
vt 0.000000 0.333333
vt 1.000000 0.444444
vt 0.000000 0.444444
vt 1.000000 0.555556
vt 0.000000 0.555556
vt 1.000000 0.666667
vt 0.000000 0.666667
vt 1.000000 0.777778
vt 0.000000 0.777778
s 0
usemtl マテリアル.107
f 7761/3357/1102 7776/3358/1102 7760/3359/1102 7759/3360/1102
f 7757/3361/1103 7758/3362/1103 7769/3363/1103 7768/3364/1103
f 7768/3364/1104 7769/3363/1104 7770/3365/1104 7767/3366/1104
f 7767/3366/1105 7770/3365/1105 7771/3367/1105 7766/3368/1105
f 7766/3368/1102 7771/3367/1102 7772/3369/1102 7765/3370/1102
f 7765/3370/1102 7772/3369/1102 7773/3371/1102 7764/3372/1102
f 7764/3372/1102 7773/3371/1102 7774/3373/1102 7763/3374/1102
f 7763/3374/1102 7774/3373/1102 7775/3375/1102 7762/3376/1102
f 7762/3376/1102 7775/3375/1102 7776/3358/1102 7761/3357/1102
f 7781/3357/1102 7796/3358/1102 7780/3359/1102 7779/3360/1102
f 7777/3361/1106 7778/3362/1106 7789/3363/1106 7788/3364/1106
f 7788/3364/1107 7789/3363/1107 7790/3365/1107 7787/3366/1107
f 7787/3366/1108 7790/3365/1108 7791/3367/1108 7786/3368/1108
f 7786/3368/1102 7791/3367/1102 7792/3369/1102 7785/3370/1102
f 7785/3370/1102 7792/3369/1102 7793/3371/1102 7784/3372/1102
f 7784/3372/1102 7793/3371/1102 7794/3373/1102 7783/3374/1102
f 7783/3374/1102 7794/3373/1102 7795/3375/1102 7782/3376/1102
f 7782/3376/1102 7795/3375/1102 7796/3358/1102 7781/3357/1102
f 7801/3357/1102 7816/3358/1102 7800/3359/1102 7799/3360/1102
f 7797/3361/1109 7798/3362/1109 7809/3363/1109 7808/3364/1109
f 7808/3364/1110 7809/3363/1110 7810/3365/1110 7807/3366/1110
f 7807/3366/1111 7810/3365/1111 7811/3367/1111 7806/3368/1111
f 7806/3368/1102 7811/3367/1102 7812/3369/1102 7805/3370/1102
f 7805/3370/1102 7812/3369/1102 7813/3371/1102 7804/3372/1102
f 7804/3372/1102 7813/3371/1102 7814/3373/1102 7803/3374/1102
f 7803/3374/1102 7814/3373/1102 7815/3375/1102 7802/3376/1102
f 7802/3376/1102 7815/3375/1102 7816/3358/1102 7801/3357/1102
o 平面.001
v -32.431190 -0.762829 21.568745
v -32.964909 -0.758829 21.435310
v -32.918896 0.700789 21.446814
v -32.944473 0.755405 21.440418
v -32.906460 0.542770 21.449923
v -32.901855 0.389971 21.451073
v -32.864918 0.230296 21.460308
v -32.827221 0.068835 21.469732
v -32.781879 -0.096104 21.481068
v -32.725769 -0.259218 21.495096
v -32.653618 -0.423787 21.521429
v -32.535130 -0.599629 21.542759
v -32.990162 -0.589428 21.435446
v -33.034691 -0.414198 21.417864
v -33.037346 -0.250305 21.417200
v -33.042797 -0.085681 21.415836
v -33.037552 0.076148 21.417149
v -33.029819 0.237328 21.419083
v -33.007233 0.394628 21.424728
v -32.980659 0.550886 21.431372
v -32.297745 -0.906459 21.602106
v -32.783234 -0.677884 21.480728
v -32.162308 0.634778 21.635965
v -32.163990 0.695401 21.635546
v -32.213634 0.485329 21.623135
v -32.270039 0.343944 21.609032
v -32.299660 0.182656 21.601627
v -32.329300 0.019421 21.594217
v -32.353344 -0.150212 21.588205
v -32.366829 -0.322718 21.584833
v -32.366432 -0.504132 21.593227
v -32.327873 -0.713719 21.594574
v -32.739223 -0.513286 21.498182
v -32.710228 -0.333965 21.498981
v -32.647644 -0.183276 21.514627
v -32.587322 -0.030742 21.529709
v -32.518345 0.114732 21.546953
v -32.447361 0.258568 21.564701
v -32.364361 0.392603 21.585451
v -32.278133 0.524006 21.607010
v -32.235569 -1.075909 21.617649
v -32.602940 -0.676807 21.525805
v -31.550911 0.301350 21.788820
v -31.530481 0.358225 21.793928
v -31.652723 0.182521 21.763367
v -31.756321 0.073128 21.737467
v -31.842297 -0.065047 21.715971
v -31.928997 -0.205019 21.694296
v -32.012825 -0.353084 21.673338
v -32.087906 -0.507881 21.654568
v -32.153484 -0.677042 21.646467
v -32.193600 -0.885538 21.628143
v -32.502525 -0.541693 21.557358
v -32.410477 -0.385968 21.573921
v -32.297775 -0.270327 21.602098
v -32.186501 -0.152104 21.629917
v -32.069759 -0.043763 21.659103
v -31.951752 0.062283 21.688606
v -31.826153 0.154609 21.720009
v -31.698515 0.243250 21.751919
vn 0.2425 -0.0000 -0.9701
vn 0.2368 0.0165 -0.9714
vn 0.2447 0.0062 -0.9696
vn 0.2528 -0.0219 -0.9673
vn 0.2438 0.0174 -0.9697
vn 0.2469 0.0047 -0.9690
vn 0.2432 -0.0244 -0.9697
vn 0.2500 0.0157 -0.9681
vn 0.2483 0.0027 -0.9687
vn 0.2343 -0.0229 -0.9719
vt 0.000000 0.888889
vt 1.000000 0.888889
vt 1.000000 1.000000
vt 0.000000 1.000000
vt 0.000000 0.000000
vt 1.000000 0.000000
vt 1.000000 0.111111
vt 0.000000 0.111111
vt 1.000000 0.222222
vt 0.000000 0.222222
vt 1.000000 0.333333
vt 0.000000 0.333333
vt 1.000000 0.444444
vt 0.000000 0.444444
vt 1.000000 0.555556
vt 0.000000 0.555556
vt 1.000000 0.666667
vt 0.000000 0.666667
vt 1.000000 0.777778
vt 0.000000 0.777778
s 0
usemtl マテリアル.107
f 7821/3377/1112 7836/3378/1112 7820/3379/1112 7819/3380/1112
f 7817/3381/1113 7818/3382/1113 7829/3383/1113 7828/3384/1113
f 7828/3384/1114 7829/3383/1114 7830/3385/1114 7827/3386/1114
f 7827/3386/1115 7830/3385/1115 7831/3387/1115 7826/3388/1115
f 7826/3388/1112 7831/3387/1112 7832/3389/1112 7825/3390/1112
f 7825/3390/1112 7832/3389/1112 7833/3391/1112 7824/3392/1112
f 7824/3392/1112 7833/3391/1112 7834/3393/1112 7823/3394/1112
f 7823/3394/1112 7834/3393/1112 7835/3395/1112 7822/3396/1112
f 7822/3396/1112 7835/3395/1112 7836/3378/1112 7821/3377/1112
f 7841/3377/1112 7856/3378/1112 7840/3379/1112 7839/3380/1112
f 7837/3381/1116 7838/3382/1116 7849/3383/1116 7848/3384/1116
f 7848/3384/1117 7849/3383/1117 7850/3385/1117 7847/3386/1117
f 7847/3386/1118 7850/3385/1118 7851/3387/1118 7846/3388/1118
f 7846/3388/1112 7851/3387/1112 7852/3389/1112 7845/3390/1112
f 7845/3390/1112 7852/3389/1112 7853/3391/1112 7844/3392/1112
f 7844/3392/1112 7853/3391/1112 7854/3393/1112 7843/3394/1112
f 7843/3394/1112 7854/3393/1112 7855/3395/1112 7842/3396/1112
f 7842/3396/1112 7855/3395/1112 7856/3378/1112 7841/3377/1112
f 7861/3377/1112 7876/3378/1112 7860/3379/1112 7859/3380/1112
f 7857/3381/1119 7858/3382/1119 7869/3383/1119 7868/3384/1119
f 7868/3384/1120 7869/3383/1120 7870/3385/1120 7867/3386/1120
f 7867/3386/1121 7870/3385/1121 7871/3387/1121 7866/3388/1121
f 7866/3388/1112 7871/3387/1112 7872/3389/1112 7865/3390/1112
f 7865/3390/1112 7872/3389/1112 7873/3391/1112 7864/3392/1112
f 7864/3392/1112 7873/3391/1112 7874/3393/1112 7863/3394/1112
f 7863/3394/1112 7874/3393/1112 7875/3395/1112 7862/3396/1112
f 7862/3396/1112 7875/3395/1112 7876/3378/1112 7861/3377/1112
o 平面.001
v -31.784082 -0.762829 22.272995
v -32.317802 -0.758829 22.139561
v -32.271790 0.700789 22.151064
v -32.297367 0.755405 22.144669
v -32.259354 0.542770 22.154173
v -32.254749 0.389971 22.155323
v -32.217812 0.230296 22.164558
v -32.180115 0.068835 22.173983
v -32.134773 -0.096104 22.185318
v -32.078663 -0.259218 22.199347
v -32.006512 -0.423787 22.225679
v -31.888023 -0.599629 22.247009
v -32.343056 -0.589428 22.139696
v -32.387585 -0.414198 22.122114
v -32.390240 -0.250305 22.121450
v -32.395691 -0.085681 22.120087
v -32.390446 0.076148 22.121399
v -32.382713 0.237328 22.123333
v -32.360126 0.394628 22.128979
v -32.333557 0.550886 22.135622
v -31.650640 -0.906459 22.306356
v -32.136127 -0.677884 22.184978
v -31.515202 0.634778 22.340216
v -31.516884 0.695401 22.339796
v -31.566528 0.485329 22.327385
v -31.622932 0.343944 22.313282
v -31.652554 0.182656 22.305878
v -31.682194 0.019421 22.298468
v -31.706236 -0.150212 22.292456
v -31.719725 -0.322718 22.289083
v -31.719326 -0.504132 22.297478
v -31.680765 -0.713719 22.298824
v -32.092117 -0.513286 22.202433
v -32.063122 -0.333965 22.203232
v -32.000538 -0.183276 22.218878
v -31.940216 -0.030742 22.233959
v -31.871241 0.114732 22.251204
v -31.800255 0.258568 22.268951
v -31.717255 0.392603 22.289701
v -31.631025 0.524006 22.311260
v -31.588465 -1.075909 22.321899
v -31.955833 -0.676807 22.230055
v -30.903805 0.301350 22.493071
v -30.883375 0.358225 22.498178
v -31.005617 0.182521 22.467617
v -31.109215 0.073128 22.441717
v -31.195190 -0.065047 22.420221
v -31.281891 -0.205019 22.398546
v -31.365719 -0.353084 22.377588
v -31.440802 -0.507881 22.358818
v -31.506376 -0.677042 22.350718
v -31.546494 -0.885538 22.332394
v -31.855419 -0.541693 22.261608
v -31.763372 -0.385968 22.278172
v -31.650669 -0.270327 22.306349
v -31.539394 -0.152104 22.334167
v -31.422655 -0.043763 22.363354
v -31.304646 0.062283 22.392857
v -31.179047 0.154609 22.424259
v -31.051409 0.243250 22.456169
vn 0.2425 -0.0000 -0.9701
vn 0.2368 0.0165 -0.9714
vn 0.2447 0.0062 -0.9696
vn 0.2528 -0.0219 -0.9673
vn 0.2438 0.0174 -0.9697
vn 0.2469 0.0047 -0.9690
vn 0.2432 -0.0244 -0.9697
vn 0.2500 0.0157 -0.9681
vn 0.2483 0.0027 -0.9687
vn 0.2343 -0.0229 -0.9719
vt 0.000000 0.888889
vt 1.000000 0.888889
vt 1.000000 1.000000
vt 0.000000 1.000000
vt 0.000000 0.000000
vt 1.000000 0.000000
vt 1.000000 0.111111
vt 0.000000 0.111111
vt 1.000000 0.222222
vt 0.000000 0.222222
vt 1.000000 0.333333
vt 0.000000 0.333333
vt 1.000000 0.444444
vt 0.000000 0.444444
vt 1.000000 0.555556
vt 0.000000 0.555556
vt 1.000000 0.666667
vt 0.000000 0.666667
vt 1.000000 0.777778
vt 0.000000 0.777778
s 0
usemtl マテリアル.107
f 7881/3397/1122 7896/3398/1122 7880/3399/1122 7879/3400/1122
f 7877/3401/1123 7878/3402/1123 7889/3403/1123 7888/3404/1123
f 7888/3404/1124 7889/3403/1124 7890/3405/1124 7887/3406/1124
f 7887/3406/1125 7890/3405/1125 7891/3407/1125 7886/3408/1125
f 7886/3408/1122 7891/3407/1122 7892/3409/1122 7885/3410/1122
f 7885/3410/1122 7892/3409/1122 7893/3411/1122 7884/3412/1122
f 7884/3412/1122 7893/3411/1122 7894/3413/1122 7883/3414/1122
f 7883/3414/1122 7894/3413/1122 7895/3415/1122 7882/3416/1122
f 7882/3416/1122 7895/3415/1122 7896/3398/1122 7881/3397/1122
f 7901/3397/1122 7916/3398/1122 7900/3399/1122 7899/3400/1122
f 7897/3401/1126 7898/3402/1126 7909/3403/1126 7908/3404/1126
f 7908/3404/1127 7909/3403/1127 7910/3405/1127 7907/3406/1127
f 7907/3406/1128 7910/3405/1128 7911/3407/1128 7906/3408/1128
f 7906/3408/1122 7911/3407/1122 7912/3409/1122 7905/3410/1122
f 7905/3410/1122 7912/3409/1122 7913/3411/1122 7904/3412/1122
f 7904/3412/1122 7913/3411/1122 7914/3413/1122 7903/3414/1122
f 7903/3414/1122 7914/3413/1122 7915/3415/1122 7902/3416/1122
f 7902/3416/1122 7915/3415/1122 7916/3398/1122 7901/3397/1122
f 7921/3397/1122 7936/3398/1122 7920/3399/1122 7919/3400/1122
f 7917/3401/1129 7918/3402/1129 7929/3403/1129 7928/3404/1129
f 7928/3404/1130 7929/3403/1130 7930/3405/1130 7927/3406/1130
f 7927/3406/1131 7930/3405/1131 7931/3407/1131 7926/3408/1131
f 7926/3408/1122 7931/3407/1122 7932/3409/1122 7925/3410/1122
f 7925/3410/1122 7932/3409/1122 7933/3411/1122 7924/3412/1122
f 7924/3412/1122 7933/3411/1122 7934/3413/1122 7923/3414/1122
f 7923/3414/1122 7934/3413/1122 7935/3415/1122 7922/3416/1122
f 7922/3416/1122 7935/3415/1122 7936/3398/1122 7921/3397/1122
o 平面.001
v -31.117661 -0.762829 23.077198
v -31.651381 -0.758829 22.943764
v -31.605366 0.700789 22.955267
v -31.630947 0.755405 22.948872
v -31.592932 0.542770 22.958376
v -31.588327 0.389971 22.959526
v -31.551388 0.230296 22.968761
v -31.513693 0.068835 22.978186
v -31.468353 -0.096104 22.989521
v -31.412239 -0.259218 23.003550
v -31.340092 -0.423787 23.029882
v -31.221601 -0.599629 23.051212
v -31.676634 -0.589428 22.943899
v -31.721165 -0.414198 22.926317
v -31.723818 -0.250305 22.925653
v -31.729269 -0.085681 22.924290
v -31.724022 0.076148 22.925602
v -31.716290 0.237328 22.927536
v -31.693707 0.394628 22.933182
v -31.667133 0.550886 22.939825
v -30.984219 -0.906459 23.110559
v -31.469707 -0.677884 22.989182
v -30.848780 0.634778 23.144419
v -30.850462 0.695401 23.143999
v -30.900106 0.485329 23.131588
v -30.956511 0.343944 23.117485
v -30.986132 0.182656 23.110081
v -31.015772 0.019421 23.102671
v -31.039814 -0.150212 23.096659
v -31.053303 -0.322718 23.093287
v -31.052904 -0.504132 23.101681
v -31.014343 -0.713719 23.103027
v -31.425695 -0.513286 23.006636
v -31.396700 -0.333965 23.007435
v -31.334116 -0.183276 23.023081
v -31.273794 -0.030742 23.038162
v -31.204819 0.114732 23.055407
v -31.133833 0.258568 23.073154
v -31.050833 0.392603 23.093904
v -30.964603 0.524006 23.115463
v -30.922043 -1.075909 23.126102
v -31.289412 -0.676807 23.034258
v -30.237383 0.301350 23.297274
v -30.216953 0.358225 23.302382
v -30.339195 0.182521 23.271820
v -30.442793 0.073128 23.245920
v -30.528769 -0.065047 23.224424
v -30.615469 -0.205019 23.202749
v -30.699297 -0.353084 23.181791
v -30.774380 -0.507881 23.163021
v -30.839954 -0.677042 23.154921
v -30.880072 -0.885538 23.136597
v -31.188997 -0.541693 23.065811
v -31.096951 -0.385968 23.082375
v -30.984247 -0.270327 23.110552
v -30.872972 -0.152104 23.138371
v -30.756233 -0.043763 23.167557
v -30.638224 0.062283 23.197060
v -30.512625 0.154609 23.228462
v -30.384987 0.243250 23.260372
vn 0.2425 -0.0000 -0.9701
vn 0.2368 0.0165 -0.9714
vn 0.2447 0.0062 -0.9696
vn 0.2528 -0.0219 -0.9673
vn 0.2438 0.0174 -0.9697
vn 0.2469 0.0047 -0.9690
vn 0.2432 -0.0244 -0.9697
vn 0.2500 0.0157 -0.9681
vn 0.2483 0.0027 -0.9687
vn 0.2343 -0.0229 -0.9719
vt 0.000000 0.888889
vt 1.000000 0.888889
vt 1.000000 1.000000
vt 0.000000 1.000000
vt 0.000000 0.000000
vt 1.000000 0.000000
vt 1.000000 0.111111
vt 0.000000 0.111111
vt 1.000000 0.222222
vt 0.000000 0.222222
vt 1.000000 0.333333
vt 0.000000 0.333333
vt 1.000000 0.444444
vt 0.000000 0.444444
vt 1.000000 0.555556
vt 0.000000 0.555556
vt 1.000000 0.666667
vt 0.000000 0.666667
vt 1.000000 0.777778
vt 0.000000 0.777778
s 0
usemtl マテリアル.107
f 7941/3417/1132 7956/3418/1132 7940/3419/1132 7939/3420/1132
f 7937/3421/1133 7938/3422/1133 7949/3423/1133 7948/3424/1133
f 7948/3424/1134 7949/3423/1134 7950/3425/1134 7947/3426/1134
f 7947/3426/1135 7950/3425/1135 7951/3427/1135 7946/3428/1135
f 7946/3428/1132 7951/3427/1132 7952/3429/1132 7945/3430/1132
f 7945/3430/1132 7952/3429/1132 7953/3431/1132 7944/3432/1132
f 7944/3432/1132 7953/3431/1132 7954/3433/1132 7943/3434/1132
f 7943/3434/1132 7954/3433/1132 7955/3435/1132 7942/3436/1132
f 7942/3436/1132 7955/3435/1132 7956/3418/1132 7941/3417/1132
f 7961/3417/1132 7976/3418/1132 7960/3419/1132 7959/3420/1132
f 7957/3421/1136 7958/3422/1136 7969/3423/1136 7968/3424/1136
f 7968/3424/1137 7969/3423/1137 7970/3425/1137 7967/3426/1137
f 7967/3426/1138 7970/3425/1138 7971/3427/1138 7966/3428/1138
f 7966/3428/1132 7971/3427/1132 7972/3429/1132 7965/3430/1132
f 7965/3430/1132 7972/3429/1132 7973/3431/1132 7964/3432/1132
f 7964/3432/1132 7973/3431/1132 7974/3433/1132 7963/3434/1132
f 7963/3434/1132 7974/3433/1132 7975/3435/1132 7962/3436/1132
f 7962/3436/1132 7975/3435/1132 7976/3418/1132 7961/3417/1132
f 7981/3417/1132 7996/3418/1132 7980/3419/1132 7979/3420/1132
f 7977/3421/1139 7978/3422/1139 7989/3423/1139 7988/3424/1139
f 7988/3424/1140 7989/3423/1140 7990/3425/1140 7987/3426/1140
f 7987/3426/1141 7990/3425/1141 7991/3427/1141 7986/3428/1141
f 7986/3428/1132 7991/3427/1132 7992/3429/1132 7985/3430/1132
f 7985/3430/1132 7992/3429/1132 7993/3431/1132 7984/3432/1132
f 7984/3432/1132 7993/3431/1132 7994/3433/1132 7983/3434/1132
f 7983/3434/1132 7994/3433/1132 7995/3435/1132 7982/3436/1132
f 7982/3436/1132 7995/3435/1132 7996/3418/1132 7981/3417/1132
o 平面.001
v -23.461493 -0.762829 21.568745
v -23.995213 -0.758829 21.435310
v -23.949200 0.700789 21.446814
v -23.974779 0.755405 21.440418
v -23.936764 0.542770 21.449923
v -23.932159 0.389971 21.451073
v -23.895220 0.230296 21.460308
v -23.857525 0.068835 21.469732
v -23.812185 -0.096104 21.481068
v -23.756071 -0.259218 21.495096
v -23.683924 -0.423787 21.521429
v -23.565434 -0.599629 21.542759
v -24.020466 -0.589428 21.435446
v -24.064997 -0.414198 21.417864
v -24.067650 -0.250305 21.417200
v -24.073101 -0.085681 21.415836
v -24.067854 0.076148 21.417149
v -24.060122 0.237328 21.419083
v -24.037539 0.394628 21.424728
v -24.010965 0.550886 21.431372
v -23.328051 -0.906459 21.602106
v -23.813540 -0.677884 21.480728
v -23.192612 0.634778 21.635965
v -23.194294 0.695401 21.635546
v -23.243938 0.485329 21.623135
v -23.300343 0.343944 21.609032
v -23.329964 0.182656 21.601627
v -23.359604 0.019421 21.594217
v -23.383646 -0.150212 21.588205
v -23.397135 -0.322718 21.584833
v -23.396736 -0.504132 21.593227
v -23.358175 -0.713719 21.594574
v -23.769527 -0.513286 21.498182
v -23.740532 -0.333965 21.498981
v -23.677948 -0.183276 21.514627
v -23.617626 -0.030742 21.529709
v -23.548651 0.114732 21.546953
v -23.477665 0.258568 21.564701
v -23.394665 0.392603 21.585451
v -23.308435 0.524006 21.607010
v -23.265875 -1.075909 21.617649
v -23.633244 -0.676807 21.525805
v -22.581215 0.301350 21.788820
v -22.560785 0.358225 21.793928
v -22.683027 0.182521 21.763367
v -22.786625 0.073128 21.737467
v -22.872601 -0.065047 21.715971
v -22.959301 -0.205019 21.694296
v -23.043129 -0.353084 21.673338
v -23.118212 -0.507881 21.654568
v -23.183786 -0.677042 21.646467
v -23.223904 -0.885538 21.628143
v -23.532829 -0.541693 21.557358
v -23.440783 -0.385968 21.573921
v -23.328079 -0.270327 21.602098
v -23.216805 -0.152104 21.629917
v -23.100065 -0.043763 21.659103
v -22.982056 0.062283 21.688606
v -22.856457 0.154609 21.720009
v -22.728819 0.243250 21.751919
vn 0.2425 -0.0000 -0.9701
vn 0.2368 0.0165 -0.9714
vn 0.2447 0.0062 -0.9696
vn 0.2528 -0.0219 -0.9673
vn 0.2438 0.0174 -0.9697
vn 0.2469 0.0047 -0.9690
vn 0.2432 -0.0244 -0.9697
vn 0.2500 0.0157 -0.9681
vn 0.2483 0.0027 -0.9687
vn 0.2343 -0.0229 -0.9719
vt 0.000000 0.888889
vt 1.000000 0.888889
vt 1.000000 1.000000
vt 0.000000 1.000000
vt 0.000000 0.000000
vt 1.000000 0.000000
vt 1.000000 0.111111
vt 0.000000 0.111111
vt 1.000000 0.222222
vt 0.000000 0.222222
vt 1.000000 0.333333
vt 0.000000 0.333333
vt 1.000000 0.444444
vt 0.000000 0.444444
vt 1.000000 0.555556
vt 0.000000 0.555556
vt 1.000000 0.666667
vt 0.000000 0.666667
vt 1.000000 0.777778
vt 0.000000 0.777778
s 0
usemtl マテリアル.107
f 8001/3437/1142 8016/3438/1142 8000/3439/1142 7999/3440/1142
f 7997/3441/1143 7998/3442/1143 8009/3443/1143 8008/3444/1143
f 8008/3444/1144 8009/3443/1144 8010/3445/1144 8007/3446/1144
f 8007/3446/1145 8010/3445/1145 8011/3447/1145 8006/3448/1145
f 8006/3448/1142 8011/3447/1142 8012/3449/1142 8005/3450/1142
f 8005/3450/1142 8012/3449/1142 8013/3451/1142 8004/3452/1142
f 8004/3452/1142 8013/3451/1142 8014/3453/1142 8003/3454/1142
f 8003/3454/1142 8014/3453/1142 8015/3455/1142 8002/3456/1142
f 8002/3456/1142 8015/3455/1142 8016/3438/1142 8001/3437/1142
f 8021/3437/1142 8036/3438/1142 8020/3439/1142 8019/3440/1142
f 8017/3441/1146 8018/3442/1146 8029/3443/1146 8028/3444/1146
f 8028/3444/1147 8029/3443/1147 8030/3445/1147 8027/3446/1147
f 8027/3446/1148 8030/3445/1148 8031/3447/1148 8026/3448/1148
f 8026/3448/1142 8031/3447/1142 8032/3449/1142 8025/3450/1142
f 8025/3450/1142 8032/3449/1142 8033/3451/1142 8024/3452/1142
f 8024/3452/1142 8033/3451/1142 8034/3453/1142 8023/3454/1142
f 8023/3454/1142 8034/3453/1142 8035/3455/1142 8022/3456/1142
f 8022/3456/1142 8035/3455/1142 8036/3438/1142 8021/3437/1142
f 8041/3437/1142 8056/3438/1142 8040/3439/1142 8039/3440/1142
f 8037/3441/1149 8038/3442/1149 8049/3443/1149 8048/3444/1149
f 8048/3444/1150 8049/3443/1150 8050/3445/1150 8047/3446/1150
f 8047/3446/1151 8050/3445/1151 8051/3447/1151 8046/3448/1151
f 8046/3448/1142 8051/3447/1142 8052/3449/1142 8045/3450/1142
f 8045/3450/1142 8052/3449/1142 8053/3451/1142 8044/3452/1142
f 8044/3452/1142 8053/3451/1142 8054/3453/1142 8043/3454/1142
f 8043/3454/1142 8054/3453/1142 8055/3455/1142 8042/3456/1142
f 8042/3456/1142 8055/3455/1142 8056/3438/1142 8041/3437/1142
o 平面.001
v 28.761372 -0.762829 22.272995
v 28.227652 -0.758829 22.139561
v 28.273666 0.700789 22.151064
v 28.248085 0.755405 22.144669
v 28.286100 0.542770 22.154173
v 28.290705 0.389971 22.155323
v 28.327644 0.230296 22.164558
v 28.365339 0.068835 22.173983
v 28.410679 -0.096104 22.185318
v 28.466793 -0.259218 22.199347
v 28.538940 -0.423787 22.225679
v 28.657431 -0.599629 22.247009
v 28.202398 -0.589428 22.139696
v 28.157867 -0.414198 22.122114
v 28.155214 -0.250305 22.121450
v 28.149763 -0.085681 22.120087
v 28.155010 0.076148 22.121399
v 28.162743 0.237328 22.123333
v 28.185326 0.394628 22.128979
v 28.211899 0.550886 22.135622
v 28.894814 -0.906459 22.306356
v 28.409325 -0.677884 22.184978
v 29.030252 0.634778 22.340216
v 29.028570 0.695401 22.339796
v 28.978926 0.485329 22.327385
v 28.922522 0.343944 22.313282
v 28.892900 0.182656 22.305878
v 28.863260 0.019421 22.298468
v 28.839218 -0.150212 22.292456
v 28.825729 -0.322718 22.289083
v 28.826128 -0.504132 22.297478
v 28.864689 -0.713719 22.298824
v 28.453337 -0.513286 22.202433
v 28.482332 -0.333965 22.203232
v 28.544916 -0.183276 22.218878
v 28.605238 -0.030742 22.233959
v 28.674213 0.114732 22.251204
v 28.745199 0.258568 22.268951
v 28.828199 0.392603 22.289701
v 28.914429 0.524006 22.311260
v 28.956989 -1.075909 22.321899
v 28.589621 -0.676807 22.230055
v 29.641649 0.301350 22.493071
v 29.662079 0.358225 22.498178
v 29.539837 0.182521 22.467617
v 29.436239 0.073128 22.441717
v 29.350264 -0.065047 22.420221
v 29.263563 -0.205019 22.398546
v 29.179735 -0.353084 22.377588
v 29.104652 -0.507881 22.358818
v 29.039078 -0.677042 22.350718
v 28.998960 -0.885538 22.332394
v 28.690035 -0.541693 22.261608
v 28.782082 -0.385968 22.278172
v 28.894785 -0.270327 22.306349
v 29.006060 -0.152104 22.334167
v 29.122799 -0.043763 22.363354
v 29.240808 0.062283 22.392857
v 29.366407 0.154609 22.424259
v 29.494045 0.243250 22.456169
vn 0.2425 -0.0000 -0.9701
vn 0.2368 0.0165 -0.9714
vn 0.2447 0.0062 -0.9696
vn 0.2528 -0.0219 -0.9673
vn 0.2438 0.0174 -0.9697
vn 0.2469 0.0047 -0.9690
vn 0.2432 -0.0244 -0.9697
vn 0.2500 0.0157 -0.9681
vn 0.2483 0.0027 -0.9687
vn 0.2343 -0.0229 -0.9719
vt 0.000000 0.888889
vt 1.000000 0.888889
vt 1.000000 1.000000
vt 0.000000 1.000000
vt 0.000000 0.000000
vt 1.000000 0.000000
vt 1.000000 0.111111
vt 0.000000 0.111111
vt 1.000000 0.222222
vt 0.000000 0.222222
vt 1.000000 0.333333
vt 0.000000 0.333333
vt 1.000000 0.444444
vt 0.000000 0.444444
vt 1.000000 0.555556
vt 0.000000 0.555556
vt 1.000000 0.666667
vt 0.000000 0.666667
vt 1.000000 0.777778
vt 0.000000 0.777778
s 0
usemtl マテリアル.107
f 8061/3457/1152 8076/3458/1152 8060/3459/1152 8059/3460/1152
f 8057/3461/1153 8058/3462/1153 8069/3463/1153 8068/3464/1153
f 8068/3464/1154 8069/3463/1154 8070/3465/1154 8067/3466/1154
f 8067/3466/1155 8070/3465/1155 8071/3467/1155 8066/3468/1155
f 8066/3468/1152 8071/3467/1152 8072/3469/1152 8065/3470/1152
f 8065/3470/1152 8072/3469/1152 8073/3471/1152 8064/3472/1152
f 8064/3472/1152 8073/3471/1152 8074/3473/1152 8063/3474/1152
f 8063/3474/1152 8074/3473/1152 8075/3475/1152 8062/3476/1152
f 8062/3476/1152 8075/3475/1152 8076/3458/1152 8061/3457/1152
f 8081/3457/1152 8096/3458/1152 8080/3459/1152 8079/3460/1152
f 8077/3461/1156 8078/3462/1156 8089/3463/1156 8088/3464/1156
f 8088/3464/1157 8089/3463/1157 8090/3465/1157 8087/3466/1157
f 8087/3466/1158 8090/3465/1158 8091/3467/1158 8086/3468/1158
f 8086/3468/1152 8091/3467/1152 8092/3469/1152 8085/3470/1152
f 8085/3470/1152 8092/3469/1152 8093/3471/1152 8084/3472/1152
f 8084/3472/1152 8093/3471/1152 8094/3473/1152 8083/3474/1152
f 8083/3474/1152 8094/3473/1152 8095/3475/1152 8082/3476/1152
f 8082/3476/1152 8095/3475/1152 8096/3458/1152 8081/3457/1152
f 8101/3457/1152 8116/3458/1152 8100/3459/1152 8099/3460/1152
f 8097/3461/1159 8098/3462/1159 8109/3463/1159 8108/3464/1159
f 8108/3464/1160 8109/3463/1160 8110/3465/1160 8107/3466/1160
f 8107/3466/1161 8110/3465/1161 8111/3467/1161 8106/3468/1161
f 8106/3468/1152 8111/3467/1152 8112/3469/1152 8105/3470/1152
f 8105/3470/1152 8112/3469/1152 8113/3471/1152 8104/3472/1152
f 8104/3472/1152 8113/3471/1152 8114/3473/1152 8103/3474/1152
f 8103/3474/1152 8114/3473/1152 8115/3475/1152 8102/3476/1152
f 8102/3476/1152 8115/3475/1152 8116/3458/1152 8101/3457/1152
o 平面.001
v 29.427797 -0.762829 23.077198
v 28.894077 -0.758829 22.943764
v 28.940090 0.700789 22.955267
v 28.914511 0.755405 22.948872
v 28.952526 0.542770 22.958376
v 28.957130 0.389971 22.959526
v 28.994070 0.230296 22.968761
v 29.031765 0.068835 22.978186
v 29.077105 -0.096104 22.989521
v 29.133219 -0.259218 23.003550
v 29.205366 -0.423787 23.029882
v 29.323856 -0.599629 23.051212
v 28.868824 -0.589428 22.943899
v 28.824293 -0.414198 22.926317
v 28.821640 -0.250305 22.925653
v 28.816189 -0.085681 22.924290
v 28.821436 0.076148 22.925602
v 28.829168 0.237328 22.927536
v 28.851751 0.394628 22.933182
v 28.878325 0.550886 22.939825
v 29.561239 -0.906459 23.110559
v 29.075750 -0.677884 22.989182
v 29.696678 0.634778 23.144419
v 29.694996 0.695401 23.143999
v 29.645351 0.485329 23.131588
v 29.588947 0.343944 23.117485
v 29.559326 0.182656 23.110081
v 29.529686 0.019421 23.102671
v 29.505644 -0.150212 23.096659
v 29.492155 -0.322718 23.093287
v 29.492554 -0.504132 23.101681
v 29.531115 -0.713719 23.103027
v 29.119762 -0.513286 23.006636
v 29.148758 -0.333965 23.007435
v 29.211342 -0.183276 23.023081
v 29.271664 -0.030742 23.038162
v 29.340639 0.114732 23.055407
v 29.411625 0.258568 23.073154
v 29.494625 0.392603 23.093904
v 29.580854 0.524006 23.115463
v 29.623415 -1.075909 23.126102
v 29.256046 -0.676807 23.034258
v 30.308075 0.301350 23.297274
v 30.328505 0.358225 23.302382
v 30.206263 0.182521 23.271820
v 30.102665 0.073128 23.245920
v 30.016689 -0.065047 23.224424
v 29.929989 -0.205019 23.202749
v 29.846161 -0.353084 23.181791
v 29.771078 -0.507881 23.163021
v 29.705503 -0.677042 23.154921
v 29.665386 -0.885538 23.136597
v 29.356461 -0.541693 23.065811
v 29.448507 -0.385968 23.082375
v 29.561211 -0.270327 23.110552
v 29.672485 -0.152104 23.138371
v 29.789225 -0.043763 23.167557
v 29.907234 0.062283 23.197060
v 30.032833 0.154609 23.228462
v 30.160471 0.243250 23.260372
vn 0.2425 -0.0000 -0.9701
vn 0.2368 0.0165 -0.9714
vn 0.2447 0.0062 -0.9696
vn 0.2528 -0.0219 -0.9673
vn 0.2438 0.0174 -0.9697
vn 0.2469 0.0047 -0.9690
vn 0.2432 -0.0244 -0.9697
vn 0.2500 0.0157 -0.9681
vn 0.2483 0.0027 -0.9687
vn 0.2343 -0.0229 -0.9719
vt 0.000000 0.888889
vt 1.000000 0.888889
vt 1.000000 1.000000
vt 0.000000 1.000000
vt 0.000000 0.000000
vt 1.000000 0.000000
vt 1.000000 0.111111
vt 0.000000 0.111111
vt 1.000000 0.222222
vt 0.000000 0.222222
vt 1.000000 0.333333
vt 0.000000 0.333333
vt 1.000000 0.444444
vt 0.000000 0.444444
vt 1.000000 0.555556
vt 0.000000 0.555556
vt 1.000000 0.666667
vt 0.000000 0.666667
vt 1.000000 0.777778
vt 0.000000 0.777778
s 0
usemtl マテリアル.107
f 8121/3477/1162 8136/3478/1162 8120/3479/1162 8119/3480/1162
f 8117/3481/1163 8118/3482/1163 8129/3483/1163 8128/3484/1163
f 8128/3484/1164 8129/3483/1164 8130/3485/1164 8127/3486/1164
f 8127/3486/1165 8130/3485/1165 8131/3487/1165 8126/3488/1165
f 8126/3488/1162 8131/3487/1162 8132/3489/1162 8125/3490/1162
f 8125/3490/1162 8132/3489/1162 8133/3491/1162 8124/3492/1162
f 8124/3492/1162 8133/3491/1162 8134/3493/1162 8123/3494/1162
f 8123/3494/1162 8134/3493/1162 8135/3495/1162 8122/3496/1162
f 8122/3496/1162 8135/3495/1162 8136/3478/1162 8121/3477/1162
f 8141/3477/1162 8156/3478/1162 8140/3479/1162 8139/3480/1162
f 8137/3481/1166 8138/3482/1166 8149/3483/1166 8148/3484/1166
f 8148/3484/1167 8149/3483/1167 8150/3485/1167 8147/3486/1167
f 8147/3486/1168 8150/3485/1168 8151/3487/1168 8146/3488/1168
f 8146/3488/1162 8151/3487/1162 8152/3489/1162 8145/3490/1162
f 8145/3490/1162 8152/3489/1162 8153/3491/1162 8144/3492/1162
f 8144/3492/1162 8153/3491/1162 8154/3493/1162 8143/3494/1162
f 8143/3494/1162 8154/3493/1162 8155/3495/1162 8142/3496/1162
f 8142/3496/1162 8155/3495/1162 8156/3478/1162 8141/3477/1162
f 8161/3477/1162 8176/3478/1162 8160/3479/1162 8159/3480/1162
f 8157/3481/1169 8158/3482/1169 8169/3483/1169 8168/3484/1169
f 8168/3484/1170 8169/3483/1170 8170/3485/1170 8167/3486/1170
f 8167/3486/1171 8170/3485/1171 8171/3487/1171 8166/3488/1171
f 8166/3488/1162 8171/3487/1162 8172/3489/1162 8165/3490/1162
f 8165/3490/1162 8172/3489/1162 8173/3491/1162 8164/3492/1162
f 8164/3492/1162 8173/3491/1162 8174/3493/1162 8163/3494/1162
f 8163/3494/1162 8174/3493/1162 8175/3495/1162 8162/3496/1162
f 8162/3496/1162 8175/3495/1162 8176/3478/1162 8161/3477/1162
o 平面.001
v -34.673618 -0.762829 23.811172
v -35.207336 -0.758829 23.677738
v -35.161324 0.700789 23.689241
v -35.186901 0.755405 23.682846
v -35.148888 0.542770 23.692350
v -35.144283 0.389971 23.693501
v -35.107346 0.230296 23.702736
v -35.069649 0.068835 23.712160
v -35.024307 -0.096104 23.723495
v -34.968197 -0.259218 23.737524
v -34.896046 -0.423787 23.763857
v -34.777557 -0.599629 23.785187
v -35.232590 -0.589428 23.677874
v -35.277119 -0.414198 23.660292
v -35.279774 -0.250305 23.659628
v -35.285225 -0.085681 23.658264
v -35.279980 0.076148 23.659576
v -35.272247 0.237328 23.661510
v -35.249660 0.394628 23.667156
v -35.223091 0.550886 23.673800
v -34.540173 -0.906459 23.844534
v -35.025661 -0.677884 23.723156
v -34.404736 0.634778 23.878393
v -34.406418 0.695401 23.877974
v -34.456062 0.485329 23.865562
v -34.512466 0.343944 23.851460
v -34.542088 0.182656 23.844055
v -34.571728 0.019421 23.836645
v -34.595772 -0.150212 23.830633
v -34.609257 -0.322718 23.827261
v -34.608860 -0.504132 23.835655
v -34.570301 -0.713719 23.837002
v -34.981651 -0.513286 23.740610
v -34.952656 -0.333965 23.741409
v -34.890072 -0.183276 23.757055
v -34.829750 -0.030742 23.772137
v -34.760773 0.114732 23.789381
v -34.689789 0.258568 23.807129
v -34.606789 0.392603 23.827879
v -34.520561 0.524006 23.849438
v -34.477997 -1.075909 23.860077
v -34.845367 -0.676807 23.768232
v -33.793339 0.301350 24.031248
v -33.772907 0.358225 24.036356
v -33.895153 0.182521 24.005795
v -33.998749 0.073128 23.979895
v -34.084724 -0.065047 23.958399
v -34.171425 -0.205019 23.936724
v -34.255253 -0.353084 23.915766
v -34.330334 -0.507881 23.896996
v -34.395912 -0.677042 23.888895
v -34.436028 -0.885538 23.870571
v -34.744953 -0.541693 23.799786
v -34.652905 -0.385968 23.816349
v -34.540203 -0.270327 23.844526
v -34.428928 -0.152104 23.872345
v -34.312187 -0.043763 23.901531
v -34.194180 0.062283 23.931034
v -34.068581 0.154609 23.962437
v -33.940941 0.243250 23.994347
vn 0.2425 -0.0000 -0.9701
vn 0.2368 0.0165 -0.9714
vn 0.2447 0.0062 -0.9696
vn 0.2528 -0.0219 -0.9673
vn 0.2438 0.0174 -0.9697
vn 0.2469 0.0047 -0.9690
vn 0.2432 -0.0244 -0.9697
vn 0.2500 0.0157 -0.9681
vn 0.2483 0.0027 -0.9687
vn 0.2343 -0.0229 -0.9719
vt 0.000000 0.888889
vt 1.000000 0.888889
vt 1.000000 1.000000
vt 0.000000 1.000000
vt 0.000000 0.000000
vt 1.000000 0.000000
vt 1.000000 0.111111
vt 0.000000 0.111111
vt 1.000000 0.222222
vt 0.000000 0.222222
vt 1.000000 0.333333
vt 0.000000 0.333333
vt 1.000000 0.444444
vt 0.000000 0.444444
vt 1.000000 0.555556
vt 0.000000 0.555556
vt 1.000000 0.666667
vt 0.000000 0.666667
vt 1.000000 0.777778
vt 0.000000 0.777778
s 0
usemtl マテリアル.107
f 8181/3497/1172 8196/3498/1172 8180/3499/1172 8179/3500/1172
f 8177/3501/1173 8178/3502/1173 8189/3503/1173 8188/3504/1173
f 8188/3504/1174 8189/3503/1174 8190/3505/1174 8187/3506/1174
f 8187/3506/1175 8190/3505/1175 8191/3507/1175 8186/3508/1175
f 8186/3508/1172 8191/3507/1172 8192/3509/1172 8185/3510/1172
f 8185/3510/1172 8192/3509/1172 8193/3511/1172 8184/3512/1172
f 8184/3512/1172 8193/3511/1172 8194/3513/1172 8183/3514/1172
f 8183/3514/1172 8194/3513/1172 8195/3515/1172 8182/3516/1172
f 8182/3516/1172 8195/3515/1172 8196/3498/1172 8181/3497/1172
f 8201/3497/1172 8216/3498/1172 8200/3499/1172 8199/3500/1172
f 8197/3501/1176 8198/3502/1176 8209/3503/1176 8208/3504/1176
f 8208/3504/1177 8209/3503/1177 8210/3505/1177 8207/3506/1177
f 8207/3506/1178 8210/3505/1178 8211/3507/1178 8206/3508/1178
f 8206/3508/1172 8211/3507/1172 8212/3509/1172 8205/3510/1172
f 8205/3510/1172 8212/3509/1172 8213/3511/1172 8204/3512/1172
f 8204/3512/1172 8213/3511/1172 8214/3513/1172 8203/3514/1172
f 8203/3514/1172 8214/3513/1172 8215/3515/1172 8202/3516/1172
f 8202/3516/1172 8215/3515/1172 8216/3498/1172 8201/3497/1172
f 8221/3497/1172 8236/3498/1172 8220/3499/1172 8219/3500/1172
f 8217/3501/1179 8218/3502/1179 8229/3503/1179 8228/3504/1179
f 8228/3504/1180 8229/3503/1180 8230/3505/1180 8227/3506/1180
f 8227/3506/1181 8230/3505/1181 8231/3507/1181 8226/3508/1181
f 8226/3508/1172 8231/3507/1172 8232/3509/1172 8225/3510/1172
f 8225/3510/1172 8232/3509/1172 8233/3511/1172 8224/3512/1172
f 8224/3512/1172 8233/3511/1172 8234/3513/1172 8223/3514/1172
f 8223/3514/1172 8234/3513/1172 8235/3515/1172 8222/3516/1172
f 8222/3516/1172 8235/3515/1172 8236/3498/1172 8221/3497/1172
o 平面.001
v -20.571959 -0.762829 24.515419
v -21.105679 -0.758829 24.381985
v -21.059666 0.700789 24.393488
v -21.085245 0.755405 24.387093
v -21.047230 0.542770 24.396597
v -21.042625 0.389971 24.397747
v -21.005686 0.230296 24.406982
v -20.967991 0.068835 24.416407
v -20.922651 -0.096104 24.427742
v -20.866537 -0.259218 24.441771
v -20.794390 -0.423787 24.468103
v -20.675900 -0.599629 24.489433
v -21.130932 -0.589428 24.382120
v -21.175463 -0.414198 24.364538
v -21.178116 -0.250305 24.363874
v -21.183567 -0.085681 24.362511
v -21.178320 0.076148 24.363823
v -21.170588 0.237328 24.365757
v -21.148005 0.394628 24.371403
v -21.121431 0.550886 24.378046
v -20.438517 -0.906459 24.548780
v -20.924006 -0.677884 24.427402
v -20.303078 0.634778 24.582640
v -20.304760 0.695401 24.582220
v -20.354404 0.485329 24.569809
v -20.410809 0.343944 24.555706
v -20.440430 0.182656 24.548302
v -20.470070 0.019421 24.540892
v -20.494112 -0.150212 24.534880
v -20.507601 -0.322718 24.531507
v -20.507202 -0.504132 24.539902
v -20.468641 -0.713719 24.541248
v -20.879993 -0.513286 24.444857
v -20.850998 -0.333965 24.445656
v -20.788414 -0.183276 24.461302
v -20.728092 -0.030742 24.476383
v -20.659117 0.114732 24.493628
v -20.588131 0.258568 24.511375
v -20.505131 0.392603 24.532125
v -20.418901 0.524006 24.553684
v -20.376341 -1.075909 24.564323
v -20.743710 -0.676807 24.472479
v -19.691681 0.301350 24.735495
v -19.671251 0.358225 24.740602
v -19.793493 0.182521 24.710041
v -19.897091 0.073128 24.684141
v -19.983067 -0.065047 24.662645
v -20.069767 -0.205019 24.640970
v -20.153595 -0.353084 24.620012
v -20.228678 -0.507881 24.601242
v -20.294252 -0.677042 24.593142
v -20.334370 -0.885538 24.574818
v -20.643295 -0.541693 24.504032
v -20.551249 -0.385968 24.520596
v -20.438545 -0.270327 24.548773
v -20.327271 -0.152104 24.576591
v -20.210531 -0.043763 24.605778
v -20.092522 0.062283 24.635281
v -19.966923 0.154609 24.666683
v -19.839285 0.243250 24.698593
vn 0.2425 -0.0000 -0.9701
vn 0.2368 0.0165 -0.9714
vn 0.2447 0.0062 -0.9696
vn 0.2528 -0.0219 -0.9673
vn 0.2438 0.0174 -0.9697
vn 0.2469 0.0047 -0.9690
vn 0.2432 -0.0244 -0.9697
vn 0.2500 0.0157 -0.9681
vn 0.2483 0.0027 -0.9687
vn 0.2343 -0.0229 -0.9719
vt 0.000000 0.888889
vt 1.000000 0.888889
vt 1.000000 1.000000
vt 0.000000 1.000000
vt 0.000000 0.000000
vt 1.000000 0.000000
vt 1.000000 0.111111
vt 0.000000 0.111111
vt 1.000000 0.222222
vt 0.000000 0.222222
vt 1.000000 0.333333
vt 0.000000 0.333333
vt 1.000000 0.444444
vt 0.000000 0.444444
vt 1.000000 0.555556
vt 0.000000 0.555556
vt 1.000000 0.666667
vt 0.000000 0.666667
vt 1.000000 0.777778
vt 0.000000 0.777778
s 0
usemtl マテリアル.107
f 8241/3517/1182 8256/3518/1182 8240/3519/1182 8239/3520/1182
f 8237/3521/1183 8238/3522/1183 8249/3523/1183 8248/3524/1183
f 8248/3524/1184 8249/3523/1184 8250/3525/1184 8247/3526/1184
f 8247/3526/1185 8250/3525/1185 8251/3527/1185 8246/3528/1185
f 8246/3528/1182 8251/3527/1182 8252/3529/1182 8245/3530/1182
f 8245/3530/1182 8252/3529/1182 8253/3531/1182 8244/3532/1182
f 8244/3532/1182 8253/3531/1182 8254/3533/1182 8243/3534/1182
f 8243/3534/1182 8254/3533/1182 8255/3535/1182 8242/3536/1182
f 8242/3536/1182 8255/3535/1182 8256/3518/1182 8241/3517/1182
f 8261/3517/1182 8276/3518/1182 8260/3519/1182 8259/3520/1182
f 8257/3521/1186 8258/3522/1186 8269/3523/1186 8268/3524/1186
f 8268/3524/1187 8269/3523/1187 8270/3525/1187 8267/3526/1187
f 8267/3526/1188 8270/3525/1188 8271/3527/1188 8266/3528/1188
f 8266/3528/1182 8271/3527/1182 8272/3529/1182 8265/3530/1182
f 8265/3530/1182 8272/3529/1182 8273/3531/1182 8264/3532/1182
f 8264/3532/1182 8273/3531/1182 8274/3533/1182 8263/3534/1182
f 8263/3534/1182 8274/3533/1182 8275/3535/1182 8262/3536/1182
f 8262/3536/1182 8275/3535/1182 8276/3518/1182 8261/3517/1182
f 8281/3517/1182 8296/3518/1182 8280/3519/1182 8279/3520/1182
f 8277/3521/1189 8278/3522/1189 8289/3523/1189 8288/3524/1189
f 8288/3524/1190 8289/3523/1190 8290/3525/1190 8287/3526/1190
f 8287/3526/1191 8290/3525/1191 8291/3527/1191 8286/3528/1191
f 8286/3528/1182 8291/3527/1182 8292/3529/1182 8285/3530/1182
f 8285/3530/1182 8292/3529/1182 8293/3531/1182 8284/3532/1182
f 8284/3532/1182 8293/3531/1182 8294/3533/1182 8283/3534/1182
f 8283/3534/1182 8294/3533/1182 8295/3535/1182 8282/3536/1182
f 8282/3536/1182 8295/3535/1182 8296/3518/1182 8281/3517/1182
o 平面.001
v 33.912643 -0.762829 27.562048
v 33.378925 -0.758829 27.428614
v 33.424938 0.700789 27.440117
v 33.399361 0.755405 27.433722
v 33.437374 0.542770 27.443226
v 33.441978 0.389971 27.444376
v 33.478916 0.230296 27.453611
v 33.516613 0.068835 27.463036
v 33.561954 -0.096104 27.474371
v 33.618065 -0.259218 27.488400
v 33.690216 -0.423787 27.514732
v 33.808704 -0.599629 27.536062
v 33.353672 -0.589428 27.428749
v 33.309143 -0.414198 27.411167
v 33.306488 -0.250305 27.410503
v 33.301037 -0.085681 27.409140
v 33.306282 0.076148 27.410452
v 33.314014 0.237328 27.412386
v 33.336601 0.394628 27.418032
v 33.363174 0.550886 27.424675
v 34.046089 -0.906459 27.595409
v 33.560600 -0.677884 27.474031
v 34.181526 0.634778 27.629269
v 34.179844 0.695401 27.628849
v 34.130199 0.485329 27.616438
v 34.073795 0.343944 27.602335
v 34.044174 0.182656 27.594931
v 34.014534 0.019421 27.587521
v 33.990490 -0.150212 27.581509
v 33.977005 -0.322718 27.578136
v 33.977402 -0.504132 27.586531
v 34.015961 -0.713719 27.587877
v 33.604610 -0.513286 27.491486
v 33.633606 -0.333965 27.492285
v 33.696190 -0.183276 27.507931
v 33.756512 -0.030742 27.523012
v 33.825489 0.114732 27.540257
v 33.896473 0.258568 27.558004
v 33.979473 0.392603 27.578754
v 34.065701 0.524006 27.600313
v 34.108265 -1.075909 27.610952
v 33.740894 -0.676807 27.519108
v 34.792923 0.301350 27.782124
v 34.813354 0.358225 27.787231
v 34.691109 0.182521 27.756670
v 34.587513 0.073128 27.730770
v 34.501537 -0.065047 27.709274
v 34.414837 -0.205019 27.687599
v 34.331009 -0.353084 27.666641
v 34.255928 -0.507881 27.647871
v 34.190350 -0.677042 27.639771
v 34.150234 -0.885538 27.621447
v 33.841309 -0.541693 27.550661
v 33.933357 -0.385968 27.567225
v 34.046059 -0.270327 27.595402
v 34.157333 -0.152104 27.623220
v 34.274075 -0.043763 27.652407
v 34.392082 0.062283 27.681910
v 34.517681 0.154609 27.713312
v 34.645321 0.243250 27.745222
vn 0.2425 -0.0000 -0.9701
vn 0.2368 0.0165 -0.9714
vn 0.2447 0.0062 -0.9696
vn 0.2528 -0.0219 -0.9673
vn 0.2438 0.0174 -0.9697
vn 0.2469 0.0047 -0.9690
vn 0.2432 -0.0244 -0.9697
vn 0.2500 0.0157 -0.9681
vn 0.2483 0.0027 -0.9687
vn 0.2343 -0.0229 -0.9719
vt 0.000000 0.888889
vt 1.000000 0.888889
vt 1.000000 1.000000
vt 0.000000 1.000000
vt 0.000000 0.000000
vt 1.000000 0.000000
vt 1.000000 0.111111
vt 0.000000 0.111111
vt 1.000000 0.222222
vt 0.000000 0.222222
vt 1.000000 0.333333
vt 0.000000 0.333333
vt 1.000000 0.444444
vt 0.000000 0.444444
vt 1.000000 0.555556
vt 0.000000 0.555556
vt 1.000000 0.666667
vt 0.000000 0.666667
vt 1.000000 0.777778
vt 0.000000 0.777778
s 0
usemtl マテリアル.107
f 8301/3537/1192 8316/3538/1192 8300/3539/1192 8299/3540/1192
f 8297/3541/1193 8298/3542/1193 8309/3543/1193 8308/3544/1193
f 8308/3544/1194 8309/3543/1194 8310/3545/1194 8307/3546/1194
f 8307/3546/1195 8310/3545/1195 8311/3547/1195 8306/3548/1195
f 8306/3548/1192 8311/3547/1192 8312/3549/1192 8305/3550/1192
f 8305/3550/1192 8312/3549/1192 8313/3551/1192 8304/3552/1192
f 8304/3552/1192 8313/3551/1192 8314/3553/1192 8303/3554/1192
f 8303/3554/1192 8314/3553/1192 8315/3555/1192 8302/3556/1192
f 8302/3556/1192 8315/3555/1192 8316/3538/1192 8301/3537/1192
f 8321/3537/1192 8336/3538/1192 8320/3539/1192 8319/3540/1192
f 8317/3541/1196 8318/3542/1196 8329/3543/1196 8328/3544/1196
f 8328/3544/1197 8329/3543/1197 8330/3545/1197 8327/3546/1197
f 8327/3546/1198 8330/3545/1198 8331/3547/1198 8326/3548/1198
f 8326/3548/1192 8331/3547/1192 8332/3549/1192 8325/3550/1192
f 8325/3550/1192 8332/3549/1192 8333/3551/1192 8324/3552/1192
f 8324/3552/1192 8333/3551/1192 8334/3553/1192 8323/3554/1192
f 8323/3554/1192 8334/3553/1192 8335/3555/1192 8322/3556/1192
f 8322/3556/1192 8335/3555/1192 8336/3538/1192 8321/3537/1192
f 8341/3537/1192 8356/3538/1192 8340/3539/1192 8339/3540/1192
f 8337/3541/1199 8338/3542/1199 8349/3543/1199 8348/3544/1199
f 8348/3544/1200 8349/3543/1200 8350/3545/1200 8347/3546/1200
f 8347/3546/1201 8350/3545/1201 8351/3547/1201 8346/3548/1201
f 8346/3548/1192 8351/3547/1192 8352/3549/1192 8345/3550/1192
f 8345/3550/1192 8352/3549/1192 8353/3551/1192 8344/3552/1192
f 8344/3552/1192 8353/3551/1192 8354/3553/1192 8343/3554/1192
f 8343/3554/1192 8354/3553/1192 8355/3555/1192 8342/3556/1192
f 8342/3556/1192 8355/3555/1192 8356/3538/1192 8341/3537/1192
o 平面.001
v -27.946342 -0.762829 28.296021
v -28.480062 -0.758829 28.162586
v -28.434048 0.700789 28.174089
v -28.459629 0.755405 28.167694
v -28.421614 0.542770 28.177198
v -28.417009 0.389971 28.178349
v -28.380070 0.230296 28.187584
v -28.342375 0.068835 28.197008
v -28.297035 -0.096104 28.208344
v -28.240921 -0.259218 28.222372
v -28.168774 -0.423787 28.248705
v -28.050283 -0.599629 28.270035
v -28.505316 -0.589428 28.162722
v -28.549847 -0.414198 28.145140
v -28.552500 -0.250305 28.144476
v -28.557951 -0.085681 28.143112
v -28.552704 0.076148 28.144424
v -28.544971 0.237328 28.146358
v -28.522388 0.394628 28.152004
v -28.495815 0.550886 28.158648
v -27.812901 -0.906459 28.329382
v -28.298389 -0.677884 28.208004
v -27.677462 0.634778 28.363241
v -27.679144 0.695401 28.362822
v -27.728788 0.485329 28.350410
v -27.785192 0.343944 28.336308
v -27.814814 0.182656 28.328903
v -27.844454 0.019421 28.321493
v -27.868496 -0.150212 28.315481
v -27.881985 -0.322718 28.312109
v -27.881586 -0.504132 28.320503
v -27.843025 -0.713719 28.321850
v -28.254377 -0.513286 28.225458
v -28.225382 -0.333965 28.226257
v -28.162798 -0.183276 28.241903
v -28.102476 -0.030742 28.256985
v -28.033501 0.114732 28.274229
v -27.962515 0.258568 28.291977
v -27.879515 0.392603 28.312727
v -27.793285 0.524006 28.334286
v -27.750725 -1.075909 28.344925
v -28.118093 -0.676807 28.253080
v -27.066065 0.301350 28.516096
v -27.045635 0.358225 28.521204
v -27.167877 0.182521 28.490643
v -27.271475 0.073128 28.464743
v -27.357450 -0.065047 28.443247
v -27.444151 -0.205019 28.421572
v -27.527979 -0.353084 28.400614
v -27.603062 -0.507881 28.381844
v -27.668636 -0.677042 28.373743
v -27.708754 -0.885538 28.355419
v -28.017679 -0.541693 28.284634
v -27.925632 -0.385968 28.301197
v -27.812929 -0.270327 28.329374
v -27.701654 -0.152104 28.357193
v -27.584915 -0.043763 28.386379
v -27.466906 0.062283 28.415882
v -27.341307 0.154609 28.447285
v -27.213669 0.243250 28.479195
vn 0.2425 -0.0000 -0.9701
vn 0.2368 0.0165 -0.9714
vn 0.2447 0.0062 -0.9696
vn 0.2528 -0.0219 -0.9673
vn 0.2438 0.0174 -0.9697
vn 0.2469 0.0047 -0.9690
vn 0.2432 -0.0244 -0.9697
vn 0.2500 0.0157 -0.9681
vn 0.2483 0.0027 -0.9687
vn 0.2343 -0.0229 -0.9719
vt 0.000000 0.888889
vt 1.000000 0.888889
vt 1.000000 1.000000
vt 0.000000 1.000000
vt 0.000000 0.000000
vt 1.000000 0.000000
vt 1.000000 0.111111
vt 0.000000 0.111111
vt 1.000000 0.222222
vt 0.000000 0.222222
vt 1.000000 0.333333
vt 0.000000 0.333333
vt 1.000000 0.444444
vt 0.000000 0.444444
vt 1.000000 0.555556
vt 0.000000 0.555556
vt 1.000000 0.666667
vt 0.000000 0.666667
vt 1.000000 0.777778
vt 0.000000 0.777778
s 0
usemtl マテリアル.107
f 8361/3557/1202 8376/3558/1202 8360/3559/1202 8359/3560/1202
f 8357/3561/1203 8358/3562/1203 8369/3563/1203 8368/3564/1203
f 8368/3564/1204 8369/3563/1204 8370/3565/1204 8367/3566/1204
f 8367/3566/1205 8370/3565/1205 8371/3567/1205 8366/3568/1205
f 8366/3568/1202 8371/3567/1202 8372/3569/1202 8365/3570/1202
f 8365/3570/1202 8372/3569/1202 8373/3571/1202 8364/3572/1202
f 8364/3572/1202 8373/3571/1202 8374/3573/1202 8363/3574/1202
f 8363/3574/1202 8374/3573/1202 8375/3575/1202 8362/3576/1202
f 8362/3576/1202 8375/3575/1202 8376/3558/1202 8361/3557/1202
f 8381/3557/1202 8396/3558/1202 8380/3559/1202 8379/3560/1202
f 8377/3561/1206 8378/3562/1206 8389/3563/1206 8388/3564/1206
f 8388/3564/1207 8389/3563/1207 8390/3565/1207 8387/3566/1207
f 8387/3566/1208 8390/3565/1208 8391/3567/1208 8386/3568/1208
f 8386/3568/1202 8391/3567/1202 8392/3569/1202 8385/3570/1202
f 8385/3570/1202 8392/3569/1202 8393/3571/1202 8384/3572/1202
f 8384/3572/1202 8393/3571/1202 8394/3573/1202 8383/3574/1202
f 8383/3574/1202 8394/3573/1202 8395/3575/1202 8382/3576/1202
f 8382/3576/1202 8395/3575/1202 8396/3558/1202 8381/3557/1202
f 8401/3557/1202 8416/3558/1202 8400/3559/1202 8399/3560/1202
f 8397/3561/1209 8398/3562/1209 8409/3563/1209 8408/3564/1209
f 8408/3564/1210 8409/3563/1210 8410/3565/1210 8407/3566/1210
f 8407/3566/1211 8410/3565/1211 8411/3567/1211 8406/3568/1211
f 8406/3568/1202 8411/3567/1202 8412/3569/1202 8405/3570/1202
f 8405/3570/1202 8412/3569/1202 8413/3571/1202 8404/3572/1202
f 8404/3572/1202 8413/3571/1202 8414/3573/1202 8403/3574/1202
f 8403/3574/1202 8414/3573/1202 8415/3575/1202 8402/3576/1202
f 8402/3576/1202 8415/3575/1202 8416/3558/1202 8401/3557/1202
o 平面.001
v -20.571959 -0.762829 29.000269
v -21.105679 -0.758829 28.866835
v -21.059666 0.700789 28.878338
v -21.085245 0.755405 28.871943
v -21.047230 0.542770 28.881447
v -21.042625 0.389971 28.882597
v -21.005686 0.230296 28.891832
v -20.967991 0.068835 28.901257
v -20.922651 -0.096104 28.912592
v -20.866537 -0.259218 28.926620
v -20.794390 -0.423787 28.952953
v -20.675900 -0.599629 28.974283
v -21.130932 -0.589428 28.866970
v -21.175463 -0.414198 28.849388
v -21.178116 -0.250305 28.848724
v -21.183567 -0.085681 28.847361
v -21.178320 0.076148 28.848673
v -21.170588 0.237328 28.850607
v -21.148005 0.394628 28.856253
v -21.121431 0.550886 28.862896
v -20.438517 -0.906459 29.033630
v -20.924006 -0.677884 28.912252
v -20.303078 0.634778 29.067490
v -20.304760 0.695401 29.067070
v -20.354404 0.485329 29.054659
v -20.410809 0.343944 29.040556
v -20.440430 0.182656 29.033152
v -20.470070 0.019421 29.025742
v -20.494112 -0.150212 29.019730
v -20.507601 -0.322718 29.016357
v -20.507202 -0.504132 29.024752
v -20.468641 -0.713719 29.026098
v -20.879993 -0.513286 28.929707
v -20.850998 -0.333965 28.930506
v -20.788414 -0.183276 28.946152
v -20.728092 -0.030742 28.961233
v -20.659117 0.114732 28.978477
v -20.588131 0.258568 28.996225
v -20.505131 0.392603 29.016975
v -20.418901 0.524006 29.038534
v -20.376341 -1.075909 29.049173
v -20.743710 -0.676807 28.957329
v -19.691681 0.301350 29.220345
v -19.671251 0.358225 29.225452
v -19.793493 0.182521 29.194891
v -19.897091 0.073128 29.168991
v -19.983067 -0.065047 29.147495
v -20.069767 -0.205019 29.125820
v -20.153595 -0.353084 29.104862
v -20.228678 -0.507881 29.086092
v -20.294252 -0.677042 29.077991
v -20.334370 -0.885538 29.059668
v -20.643295 -0.541693 28.988882
v -20.551249 -0.385968 29.005445
v -20.438545 -0.270327 29.033623
v -20.327271 -0.152104 29.061441
v -20.210531 -0.043763 29.090628
v -20.092522 0.062283 29.120131
v -19.966923 0.154609 29.151533
v -19.839285 0.243250 29.183443
vn 0.2425 -0.0000 -0.9701
vn 0.2368 0.0165 -0.9714
vn 0.2447 0.0062 -0.9696
vn 0.2528 -0.0219 -0.9673
vn 0.2438 0.0174 -0.9697
vn 0.2469 0.0047 -0.9690
vn 0.2432 -0.0244 -0.9697
vn 0.2500 0.0157 -0.9681
vn 0.2483 0.0027 -0.9687
vn 0.2343 -0.0229 -0.9719
vt 0.000000 0.888889
vt 1.000000 0.888889
vt 1.000000 1.000000
vt 0.000000 1.000000
vt 0.000000 0.000000
vt 1.000000 0.000000
vt 1.000000 0.111111
vt 0.000000 0.111111
vt 1.000000 0.222222
vt 0.000000 0.222222
vt 1.000000 0.333333
vt 0.000000 0.333333
vt 1.000000 0.444444
vt 0.000000 0.444444
vt 1.000000 0.555556
vt 0.000000 0.555556
vt 1.000000 0.666667
vt 0.000000 0.666667
vt 1.000000 0.777778
vt 0.000000 0.777778
s 0
usemtl マテリアル.107
f 8421/3577/1212 8436/3578/1212 8420/3579/1212 8419/3580/1212
f 8417/3581/1213 8418/3582/1213 8429/3583/1213 8428/3584/1213
f 8428/3584/1214 8429/3583/1214 8430/3585/1214 8427/3586/1214
f 8427/3586/1215 8430/3585/1215 8431/3587/1215 8426/3588/1215
f 8426/3588/1212 8431/3587/1212 8432/3589/1212 8425/3590/1212
f 8425/3590/1212 8432/3589/1212 8433/3591/1212 8424/3592/1212
f 8424/3592/1212 8433/3591/1212 8434/3593/1212 8423/3594/1212
f 8423/3594/1212 8434/3593/1212 8435/3595/1212 8422/3596/1212
f 8422/3596/1212 8435/3595/1212 8436/3578/1212 8421/3577/1212
f 8441/3577/1212 8456/3578/1212 8440/3579/1212 8439/3580/1212
f 8437/3581/1216 8438/3582/1216 8449/3583/1216 8448/3584/1216
f 8448/3584/1217 8449/3583/1217 8450/3585/1217 8447/3586/1217
f 8447/3586/1218 8450/3585/1218 8451/3587/1218 8446/3588/1218
f 8446/3588/1212 8451/3587/1212 8452/3589/1212 8445/3590/1212
f 8445/3590/1212 8452/3589/1212 8453/3591/1212 8444/3592/1212
f 8444/3592/1212 8453/3591/1212 8454/3593/1212 8443/3594/1212
f 8443/3594/1212 8454/3593/1212 8455/3595/1212 8442/3596/1212
f 8442/3596/1212 8455/3595/1212 8456/3578/1212 8441/3577/1212
f 8461/3577/1212 8476/3578/1212 8460/3579/1212 8459/3580/1212
f 8457/3581/1219 8458/3582/1219 8469/3583/1219 8468/3584/1219
f 8468/3584/1220 8469/3583/1220 8470/3585/1220 8467/3586/1220
f 8467/3586/1221 8470/3585/1221 8471/3587/1221 8466/3588/1221
f 8466/3588/1212 8471/3587/1212 8472/3589/1212 8465/3590/1212
f 8465/3590/1212 8472/3589/1212 8473/3591/1212 8464/3592/1212
f 8464/3592/1212 8473/3591/1212 8474/3593/1212 8463/3594/1212
f 8463/3594/1212 8474/3593/1212 8475/3595/1212 8462/3596/1212
f 8462/3596/1212 8475/3595/1212 8476/3578/1212 8461/3577/1212
o 平面.001
v 33.912643 -0.762829 29.804472
v 33.378925 -0.758829 29.671038
v 33.424938 0.700789 29.682541
v 33.399361 0.755405 29.676146
v 33.437374 0.542770 29.685650
v 33.441978 0.389971 29.686800
v 33.478916 0.230296 29.696035
v 33.516613 0.068835 29.705460
v 33.561954 -0.096104 29.716795
v 33.618065 -0.259218 29.730824
v 33.690216 -0.423787 29.757156
v 33.808704 -0.599629 29.778486
v 33.353672 -0.589428 29.671173
v 33.309143 -0.414198 29.653591
v 33.306488 -0.250305 29.652927
v 33.301037 -0.085681 29.651564
v 33.306282 0.076148 29.652876
v 33.314014 0.237328 29.654810
v 33.336601 0.394628 29.660456
v 33.363174 0.550886 29.667099
v 34.046089 -0.906459 29.837833
v 33.560600 -0.677884 29.716455
v 34.181526 0.634778 29.871693
v 34.179844 0.695401 29.871273
v 34.130199 0.485329 29.858862
v 34.073795 0.343944 29.844759
v 34.044174 0.182656 29.837355
v 34.014534 0.019421 29.829945
v 33.990490 -0.150212 29.823933
v 33.977005 -0.322718 29.820560
v 33.977402 -0.504132 29.828955
v 34.015961 -0.713719 29.830301
v 33.604610 -0.513286 29.733910
v 33.633606 -0.333965 29.734709
v 33.696190 -0.183276 29.750355
v 33.756512 -0.030742 29.765436
v 33.825489 0.114732 29.782681
v 33.896473 0.258568 29.800428
v 33.979473 0.392603 29.821178
v 34.065701 0.524006 29.842737
v 34.108265 -1.075909 29.853376
v 33.740894 -0.676807 29.761532
v 34.792923 0.301350 30.024548
v 34.813354 0.358225 30.029655
v 34.691109 0.182521 29.999094
v 34.587513 0.073128 29.973194
v 34.501537 -0.065047 29.951698
v 34.414837 -0.205019 29.930023
v 34.331009 -0.353084 29.909065
v 34.255928 -0.507881 29.890295
v 34.190350 -0.677042 29.882195
v 34.150234 -0.885538 29.863871
v 33.841309 -0.541693 29.793085
v 33.933357 -0.385968 29.809649
v 34.046059 -0.270327 29.837826
v 34.157333 -0.152104 29.865644
v 34.274075 -0.043763 29.894831
v 34.392082 0.062283 29.924334
v 34.517681 0.154609 29.955736
v 34.645321 0.243250 29.987646
vn 0.2425 -0.0000 -0.9701
vn 0.2368 0.0165 -0.9714
vn 0.2447 0.0062 -0.9696
vn 0.2528 -0.0219 -0.9673
vn 0.2438 0.0174 -0.9697
vn 0.2469 0.0047 -0.9690
vn 0.2432 -0.0244 -0.9697
vn 0.2500 0.0157 -0.9681
vn 0.2483 0.0027 -0.9687
vn 0.2343 -0.0229 -0.9719
vt 0.000000 0.888889
vt 1.000000 0.888889
vt 1.000000 1.000000
vt 0.000000 1.000000
vt 0.000000 0.000000
vt 1.000000 0.000000
vt 1.000000 0.111111
vt 0.000000 0.111111
vt 1.000000 0.222222
vt 0.000000 0.222222
vt 1.000000 0.333333
vt 0.000000 0.333333
vt 1.000000 0.444444
vt 0.000000 0.444444
vt 1.000000 0.555556
vt 0.000000 0.555556
vt 1.000000 0.666667
vt 0.000000 0.666667
vt 1.000000 0.777778
vt 0.000000 0.777778
s 0
usemtl マテリアル.107
f 8481/3597/1222 8496/3598/1222 8480/3599/1222 8479/3600/1222
f 8477/3601/1223 8478/3602/1223 8489/3603/1223 8488/3604/1223
f 8488/3604/1224 8489/3603/1224 8490/3605/1224 8487/3606/1224
f 8487/3606/1225 8490/3605/1225 8491/3607/1225 8486/3608/1225
f 8486/3608/1222 8491/3607/1222 8492/3609/1222 8485/3610/1222
f 8485/3610/1222 8492/3609/1222 8493/3611/1222 8484/3612/1222
f 8484/3612/1222 8493/3611/1222 8494/3613/1222 8483/3614/1222
f 8483/3614/1222 8494/3613/1222 8495/3615/1222 8482/3616/1222
f 8482/3616/1222 8495/3615/1222 8496/3598/1222 8481/3597/1222
f 8501/3597/1222 8516/3598/1222 8500/3599/1222 8499/3600/1222
f 8497/3601/1226 8498/3602/1226 8509/3603/1226 8508/3604/1226
f 8508/3604/1227 8509/3603/1227 8510/3605/1227 8507/3606/1227
f 8507/3606/1228 8510/3605/1228 8511/3607/1228 8506/3608/1228
f 8506/3608/1222 8511/3607/1222 8512/3609/1222 8505/3610/1222
f 8505/3610/1222 8512/3609/1222 8513/3611/1222 8504/3612/1222
f 8504/3612/1222 8513/3611/1222 8514/3613/1222 8503/3614/1222
f 8503/3614/1222 8514/3613/1222 8515/3615/1222 8502/3616/1222
f 8502/3616/1222 8515/3615/1222 8516/3598/1222 8501/3597/1222
f 8521/3597/1222 8536/3598/1222 8520/3599/1222 8519/3600/1222
f 8517/3601/1229 8518/3602/1229 8529/3603/1229 8528/3604/1229
f 8528/3604/1230 8529/3603/1230 8530/3605/1230 8527/3606/1230
f 8527/3606/1231 8530/3605/1231 8531/3607/1231 8526/3608/1231
f 8526/3608/1222 8531/3607/1222 8532/3609/1222 8525/3610/1222
f 8525/3610/1222 8532/3609/1222 8533/3611/1222 8524/3612/1222
f 8524/3612/1222 8533/3611/1222 8534/3613/1222 8523/3614/1222
f 8523/3614/1222 8534/3613/1222 8535/3615/1222 8522/3616/1222
f 8522/3616/1222 8535/3615/1222 8536/3598/1222 8521/3597/1222
o 平面.001
v -32.431190 -0.762829 30.538445
v -32.964909 -0.758829 30.405010
v -32.918896 0.700789 30.416513
v -32.944473 0.755405 30.410118
v -32.906460 0.542770 30.419622
v -32.901855 0.389971 30.420773
v -32.864918 0.230296 30.430008
v -32.827221 0.068835 30.439432
v -32.781879 -0.096104 30.450768
v -32.725769 -0.259218 30.464796
v -32.653618 -0.423787 30.491129
v -32.535130 -0.599629 30.512459
v -32.990162 -0.589428 30.405146
v -33.034691 -0.414198 30.387564
v -33.037346 -0.250305 30.386900
v -33.042797 -0.085681 30.385536
v -33.037552 0.076148 30.386848
v -33.029819 0.237328 30.388783
v -33.007233 0.394628 30.394428
v -32.980659 0.550886 30.401072
v -32.297745 -0.906459 30.571806
v -32.783234 -0.677884 30.450428
v -32.162308 0.634778 30.605665
v -32.163990 0.695401 30.605246
v -32.213634 0.485329 30.592834
v -32.270039 0.343944 30.578732
v -32.299660 0.182656 30.571327
v -32.329300 0.019421 30.563917
v -32.353344 -0.150212 30.557905
v -32.366829 -0.322718 30.554533
v -32.366432 -0.504132 30.562927
v -32.327873 -0.713719 30.564274
v -32.739223 -0.513286 30.467882
v -32.710228 -0.333965 30.468681
v -32.647644 -0.183276 30.484327
v -32.587322 -0.030742 30.499409
v -32.518345 0.114732 30.516653
v -32.447361 0.258568 30.534401
v -32.364361 0.392603 30.555151
v -32.278133 0.524006 30.576710
v -32.235569 -1.075909 30.587349
v -32.602940 -0.676807 30.495504
v -31.550911 0.301350 30.758520
v -31.530481 0.358225 30.763628
v -31.652723 0.182521 30.733067
v -31.756321 0.073128 30.707167
v -31.842297 -0.065047 30.685671
v -31.928997 -0.205019 30.663996
v -32.012825 -0.353084 30.643038
v -32.087906 -0.507881 30.624268
v -32.153484 -0.677042 30.616167
v -32.193600 -0.885538 30.597843
v -32.502525 -0.541693 30.527058
v -32.410477 -0.385968 30.543621
v -32.297775 -0.270327 30.571798
v -32.186501 -0.152104 30.599617
v -32.069759 -0.043763 30.628803
v -31.951752 0.062283 30.658306
v -31.826153 0.154609 30.689709
v -31.698515 0.243250 30.721619
vn 0.2425 -0.0000 -0.9701
vn 0.2368 0.0165 -0.9714
vn 0.2447 0.0062 -0.9696
vn 0.2528 -0.0219 -0.9673
vn 0.2438 0.0174 -0.9697
vn 0.2469 0.0047 -0.9690
vn 0.2432 -0.0244 -0.9697
vn 0.2500 0.0157 -0.9681
vn 0.2483 0.0027 -0.9687
vn 0.2343 -0.0229 -0.9719
vt 0.000000 0.888889
vt 1.000000 0.888889
vt 1.000000 1.000000
vt 0.000000 1.000000
vt 0.000000 0.000000
vt 1.000000 0.000000
vt 1.000000 0.111111
vt 0.000000 0.111111
vt 1.000000 0.222222
vt 0.000000 0.222222
vt 1.000000 0.333333
vt 0.000000 0.333333
vt 1.000000 0.444444
vt 0.000000 0.444444
vt 1.000000 0.555556
vt 0.000000 0.555556
vt 1.000000 0.666667
vt 0.000000 0.666667
vt 1.000000 0.777778
vt 0.000000 0.777778
s 0
usemtl マテリアル.107
f 8541/3617/1232 8556/3618/1232 8540/3619/1232 8539/3620/1232
f 8537/3621/1233 8538/3622/1233 8549/3623/1233 8548/3624/1233
f 8548/3624/1234 8549/3623/1234 8550/3625/1234 8547/3626/1234
f 8547/3626/1235 8550/3625/1235 8551/3627/1235 8546/3628/1235
f 8546/3628/1232 8551/3627/1232 8552/3629/1232 8545/3630/1232
f 8545/3630/1232 8552/3629/1232 8553/3631/1232 8544/3632/1232
f 8544/3632/1232 8553/3631/1232 8554/3633/1232 8543/3634/1232
f 8543/3634/1232 8554/3633/1232 8555/3635/1232 8542/3636/1232
f 8542/3636/1232 8555/3635/1232 8556/3618/1232 8541/3617/1232
f 8561/3617/1232 8576/3618/1232 8560/3619/1232 8559/3620/1232
f 8557/3621/1236 8558/3622/1236 8569/3623/1236 8568/3624/1236
f 8568/3624/1237 8569/3623/1237 8570/3625/1237 8567/3626/1237
f 8567/3626/1238 8570/3625/1238 8571/3627/1238 8566/3628/1238
f 8566/3628/1232 8571/3627/1232 8572/3629/1232 8565/3630/1232
f 8565/3630/1232 8572/3629/1232 8573/3631/1232 8564/3632/1232
f 8564/3632/1232 8573/3631/1232 8574/3633/1232 8563/3634/1232
f 8563/3634/1232 8574/3633/1232 8575/3635/1232 8562/3636/1232
f 8562/3636/1232 8575/3635/1232 8576/3618/1232 8561/3617/1232
f 8581/3617/1232 8596/3618/1232 8580/3619/1232 8579/3620/1232
f 8577/3621/1239 8578/3622/1239 8589/3623/1239 8588/3624/1239
f 8588/3624/1240 8589/3623/1240 8590/3625/1240 8587/3626/1240
f 8587/3626/1241 8590/3625/1241 8591/3627/1241 8586/3628/1241
f 8586/3628/1232 8591/3627/1232 8592/3629/1232 8585/3630/1232
f 8585/3630/1232 8592/3629/1232 8593/3631/1232 8584/3632/1232
f 8584/3632/1232 8593/3631/1232 8594/3633/1232 8583/3634/1232
f 8583/3634/1232 8594/3633/1232 8595/3635/1232 8582/3636/1232
f 8582/3636/1232 8595/3635/1232 8596/3618/1232 8581/3617/1232
o 平面.001
v -31.784082 -0.762829 31.242695
v -32.317802 -0.758829 31.109261
v -32.271790 0.700789 31.120764
v -32.297367 0.755405 31.114368
v -32.259354 0.542770 31.123873
v -32.254749 0.389971 31.125023
v -32.217812 0.230296 31.134258
v -32.180115 0.068835 31.143682
v -32.134773 -0.096104 31.155018
v -32.078663 -0.259218 31.169046
v -32.006512 -0.423787 31.195379
v -31.888023 -0.599629 31.216709
v -32.343056 -0.589428 31.109396
v -32.387585 -0.414198 31.091814
v -32.390240 -0.250305 31.091150
v -32.395691 -0.085681 31.089787
v -32.390446 0.076148 31.091099
v -32.382713 0.237328 31.093033
v -32.360126 0.394628 31.098679
v -32.333557 0.550886 31.105322
v -31.650640 -0.906459 31.276056
v -32.136127 -0.677884 31.154678
v -31.515202 0.634778 31.309916
v -31.516884 0.695401 31.309496
v -31.566528 0.485329 31.297085
v -31.622932 0.343944 31.282982
v -31.652554 0.182656 31.275578
v -31.682194 0.019421 31.268167
v -31.706236 -0.150212 31.262156
v -31.719725 -0.322718 31.258783
v -31.719326 -0.504132 31.267178
v -31.680765 -0.713719 31.268524
v -32.092117 -0.513286 31.172132
v -32.063122 -0.333965 31.172932
v -32.000538 -0.183276 31.188578
v -31.940216 -0.030742 31.203659
v -31.871241 0.114732 31.220903
v -31.800255 0.258568 31.238651
v -31.717255 0.392603 31.259401
v -31.631025 0.524006 31.280960
v -31.588465 -1.075909 31.291599
v -31.955833 -0.676807 31.199755
v -30.903805 0.301350 31.462770
v -30.883375 0.358225 31.467878
v -31.005617 0.182521 31.437317
v -31.109215 0.073128 31.411417
v -31.195190 -0.065047 31.389921
v -31.281891 -0.205019 31.368246
v -31.365719 -0.353084 31.347288
v -31.440802 -0.507881 31.328518
v -31.506376 -0.677042 31.320417
v -31.546494 -0.885538 31.302094
v -31.855419 -0.541693 31.231308
v -31.763372 -0.385968 31.247871
v -31.650669 -0.270327 31.276049
v -31.539394 -0.152104 31.303867
v -31.422655 -0.043763 31.333054
v -31.304646 0.062283 31.362556
v -31.179047 0.154609 31.393959
v -31.051409 0.243250 31.425869
vn 0.2425 -0.0000 -0.9701
vn 0.2368 0.0165 -0.9714
vn 0.2447 0.0062 -0.9696
vn 0.2528 -0.0219 -0.9673
vn 0.2438 0.0174 -0.9697
vn 0.2469 0.0047 -0.9690
vn 0.2432 -0.0244 -0.9697
vn 0.2500 0.0157 -0.9681
vn 0.2483 0.0027 -0.9687
vn 0.2343 -0.0229 -0.9719
vt 0.000000 0.888889
vt 1.000000 0.888889
vt 1.000000 1.000000
vt 0.000000 1.000000
vt 0.000000 0.000000
vt 1.000000 0.000000
vt 1.000000 0.111111
vt 0.000000 0.111111
vt 1.000000 0.222222
vt 0.000000 0.222222
vt 1.000000 0.333333
vt 0.000000 0.333333
vt 1.000000 0.444444
vt 0.000000 0.444444
vt 1.000000 0.555556
vt 0.000000 0.555556
vt 1.000000 0.666667
vt 0.000000 0.666667
vt 1.000000 0.777778
vt 0.000000 0.777778
s 0
usemtl マテリアル.107
f 8601/3637/1242 8616/3638/1242 8600/3639/1242 8599/3640/1242
f 8597/3641/1243 8598/3642/1243 8609/3643/1243 8608/3644/1243
f 8608/3644/1244 8609/3643/1244 8610/3645/1244 8607/3646/1244
f 8607/3646/1245 8610/3645/1245 8611/3647/1245 8606/3648/1245
f 8606/3648/1242 8611/3647/1242 8612/3649/1242 8605/3650/1242
f 8605/3650/1242 8612/3649/1242 8613/3651/1242 8604/3652/1242
f 8604/3652/1242 8613/3651/1242 8614/3653/1242 8603/3654/1242
f 8603/3654/1242 8614/3653/1242 8615/3655/1242 8602/3656/1242
f 8602/3656/1242 8615/3655/1242 8616/3638/1242 8601/3637/1242
f 8621/3637/1242 8636/3638/1242 8620/3639/1242 8619/3640/1242
f 8617/3641/1246 8618/3642/1246 8629/3643/1246 8628/3644/1246
f 8628/3644/1247 8629/3643/1247 8630/3645/1247 8627/3646/1247
f 8627/3646/1248 8630/3645/1248 8631/3647/1248 8626/3648/1248
f 8626/3648/1242 8631/3647/1242 8632/3649/1242 8625/3650/1242
f 8625/3650/1242 8632/3649/1242 8633/3651/1242 8624/3652/1242
f 8624/3652/1242 8633/3651/1242 8634/3653/1242 8623/3654/1242
f 8623/3654/1242 8634/3653/1242 8635/3655/1242 8622/3656/1242
f 8622/3656/1242 8635/3655/1242 8636/3638/1242 8621/3637/1242
f 8641/3637/1242 8656/3638/1242 8640/3639/1242 8639/3640/1242
f 8637/3641/1249 8638/3642/1249 8649/3643/1249 8648/3644/1249
f 8648/3644/1250 8649/3643/1250 8650/3645/1250 8647/3646/1250
f 8647/3646/1251 8650/3645/1251 8651/3647/1251 8646/3648/1251
f 8646/3648/1242 8651/3647/1242 8652/3649/1242 8645/3650/1242
f 8645/3650/1242 8652/3649/1242 8653/3651/1242 8644/3652/1242
f 8644/3652/1242 8653/3651/1242 8654/3653/1242 8643/3654/1242
f 8643/3654/1242 8654/3653/1242 8655/3655/1242 8642/3656/1242
f 8642/3656/1242 8655/3655/1242 8656/3638/1242 8641/3637/1242
o 平面.001
v 18.215675 -0.762829 32.046894
v 17.681955 -0.758829 31.913462
v 17.727970 0.700789 31.924965
v 17.702389 0.755405 31.918570
v 17.740404 0.542770 31.928074
v 17.745008 0.389971 31.929224
v 17.781948 0.230296 31.938459
v 17.819643 0.068835 31.947884
v 17.864983 -0.096104 31.959219
v 17.921097 -0.259218 31.973248
v 17.993244 -0.423787 31.999580
v 18.111734 -0.599629 32.020908
v 17.656702 -0.589428 31.913597
v 17.612171 -0.414198 31.896015
v 17.609518 -0.250305 31.895351
v 17.604067 -0.085681 31.893988
v 17.609314 0.076148 31.895300
v 17.617046 0.237328 31.897234
v 17.639629 0.394628 31.902880
v 17.666203 0.550886 31.909523
v 18.349117 -0.906459 32.080257
v 17.863628 -0.677884 31.958879
v 18.484556 0.634778 32.114117
v 18.482874 0.695401 32.113697
v 18.433229 0.485329 32.101284
v 18.376825 0.343944 32.087185
v 18.347204 0.182656 32.079777
v 18.317564 0.019421 32.072369
v 18.293522 -0.150212 32.066357
v 18.280033 -0.322718 32.062984
v 18.280432 -0.504132 32.071381
v 18.318993 -0.713719 32.072723
v 17.907640 -0.513286 31.976334
v 17.936636 -0.333965 31.977133
v 17.999220 -0.183276 31.992779
v 18.059542 -0.030742 32.007858
v 18.128517 0.114732 32.025105
v 18.199503 0.258568 32.042850
v 18.282503 0.392603 32.063602
v 18.368732 0.524006 32.085159
v 18.411293 -1.075909 32.095802
v 18.043924 -0.676807 32.003956
v 19.095953 0.301350 32.266972
v 19.116383 0.358225 32.272079
v 18.994141 0.182521 32.241516
v 18.890543 0.073128 32.215618
v 18.804567 -0.065047 32.194122
v 18.717867 -0.205019 32.172447
v 18.634039 -0.353084 32.151489
v 18.558956 -0.507881 32.132717
v 18.493382 -0.677042 32.124619
v 18.453264 -0.885538 32.106293
v 18.144339 -0.541693 32.035511
v 18.236385 -0.385968 32.052074
v 18.349089 -0.270327 32.080250
v 18.460363 -0.152104 32.108070
v 18.577103 -0.043763 32.137257
v 18.695112 0.062283 32.166759
v 18.820711 0.154609 32.198158
v 18.948349 0.243250 32.230068
vn 0.2425 -0.0000 -0.9701
vn 0.2368 0.0165 -0.9714
vn 0.2447 0.0062 -0.9696
vn 0.2528 -0.0219 -0.9673
vn 0.2438 0.0174 -0.9697
vn 0.2469 0.0047 -0.9690
vn 0.2432 -0.0244 -0.9697
vn 0.2500 0.0157 -0.9681
vn 0.2483 0.0027 -0.9687
vn 0.2343 -0.0229 -0.9719
vt 0.000000 0.888889
vt 1.000000 0.888889
vt 1.000000 1.000000
vt 0.000000 1.000000
vt 0.000000 0.000000
vt 1.000000 0.000000
vt 1.000000 0.111111
vt 0.000000 0.111111
vt 1.000000 0.222222
vt 0.000000 0.222222
vt 1.000000 0.333333
vt 0.000000 0.333333
vt 1.000000 0.444444
vt 0.000000 0.444444
vt 1.000000 0.555556
vt 0.000000 0.555556
vt 1.000000 0.666667
vt 0.000000 0.666667
vt 1.000000 0.777778
vt 0.000000 0.777778
s 0
usemtl マテリアル.107
f 8661/3657/1252 8676/3658/1252 8660/3659/1252 8659/3660/1252
f 8657/3661/1253 8658/3662/1253 8669/3663/1253 8668/3664/1253
f 8668/3664/1254 8669/3663/1254 8670/3665/1254 8667/3666/1254
f 8667/3666/1255 8670/3665/1255 8671/3667/1255 8666/3668/1255
f 8666/3668/1252 8671/3667/1252 8672/3669/1252 8665/3670/1252
f 8665/3670/1252 8672/3669/1252 8673/3671/1252 8664/3672/1252
f 8664/3672/1252 8673/3671/1252 8674/3673/1252 8663/3674/1252
f 8663/3674/1252 8674/3673/1252 8675/3675/1252 8662/3676/1252
f 8662/3676/1252 8675/3675/1252 8676/3658/1252 8661/3657/1252
f 8681/3657/1252 8696/3658/1252 8680/3659/1252 8679/3660/1252
f 8677/3661/1256 8678/3662/1256 8689/3663/1256 8688/3664/1256
f 8688/3664/1257 8689/3663/1257 8690/3665/1257 8687/3666/1257
f 8687/3666/1258 8690/3665/1258 8691/3667/1258 8686/3668/1258
f 8686/3668/1252 8691/3667/1252 8692/3669/1252 8685/3670/1252
f 8685/3670/1252 8692/3669/1252 8693/3671/1252 8684/3672/1252
f 8684/3672/1252 8693/3671/1252 8694/3673/1252 8683/3674/1252
f 8683/3674/1252 8694/3673/1252 8695/3675/1252 8682/3676/1252
f 8682/3676/1252 8695/3675/1252 8696/3658/1252 8681/3657/1252
f 8701/3657/1252 8716/3658/1252 8700/3659/1252 8699/3660/1252
f 8697/3661/1259 8698/3662/1259 8709/3663/1259 8708/3664/1259
f 8708/3664/1260 8709/3663/1260 8710/3665/1260 8707/3666/1260
f 8707/3666/1261 8710/3665/1261 8711/3667/1261 8706/3668/1261
f 8706/3668/1252 8711/3667/1252 8712/3669/1252 8705/3670/1252
f 8705/3670/1252 8712/3669/1252 8713/3671/1252 8704/3672/1252
f 8704/3672/1252 8713/3671/1252 8714/3673/1252 8703/3674/1252
f 8703/3674/1252 8714/3673/1252 8715/3675/1252 8702/3676/1252
f 8702/3676/1252 8715/3675/1252 8716/3658/1252 8701/3657/1252
o 平面.001
v -30.188770 -0.762829 32.780865
v -30.722490 -0.758829 32.647430
v -30.676476 0.700789 32.658936
v -30.702057 0.755405 32.652538
v -30.664042 0.542770 32.662041
v -30.659437 0.389971 32.663193
v -30.622498 0.230296 32.672428
v -30.584803 0.068835 32.681854
v -30.539463 -0.096104 32.693188
v -30.483349 -0.259218 32.707218
v -30.411201 -0.423787 32.733547
v -30.292711 -0.599629 32.754879
v -30.747744 -0.589428 32.647564
v -30.792274 -0.414198 32.629982
v -30.794928 -0.250305 32.629318
v -30.800379 -0.085681 32.627956
v -30.795132 0.076148 32.629269
v -30.787399 0.237328 32.631203
v -30.764816 0.394628 32.636848
v -30.738243 0.550886 32.643490
v -30.055328 -0.906459 32.814224
v -30.540817 -0.677884 32.692848
v -29.919889 0.634778 32.848087
v -29.921572 0.695401 32.847668
v -29.971216 0.485329 32.835255
v -30.027620 0.343944 32.821152
v -30.057241 0.182656 32.813747
v -30.086882 0.019421 32.806335
v -30.110924 -0.150212 32.800327
v -30.124413 -0.322718 32.796955
v -30.124014 -0.504132 32.805347
v -30.085453 -0.713719 32.806694
v -30.496805 -0.513286 32.710300
v -30.467810 -0.333965 32.711102
v -30.405226 -0.183276 32.726749
v -30.344904 -0.030742 32.741829
v -30.275928 0.114732 32.759075
v -30.204943 0.258568 32.776821
v -30.121943 0.392603 32.797573
v -30.035713 0.524006 32.819130
v -29.993153 -1.075909 32.829769
v -30.360521 -0.676807 32.737923
v -29.308493 0.301350 33.000942
v -29.288063 0.358225 33.006050
v -29.410305 0.182521 32.975487
v -29.513903 0.073128 32.949585
v -29.599878 -0.065047 32.928093
v -29.686579 -0.205019 32.906414
v -29.770407 -0.353084 32.885460
v -29.845490 -0.507881 32.866688
v -29.911064 -0.677042 32.858585
v -29.951181 -0.885538 32.840263
v -30.260107 -0.541693 32.769478
v -30.168060 -0.385968 32.786041
v -30.055357 -0.270327 32.814217
v -29.944082 -0.152104 32.842037
v -29.827343 -0.043763 32.871223
v -29.709333 0.062283 32.900726
v -29.583735 0.154609 32.932129
v -29.456097 0.243250 32.964039
vn 0.2425 -0.0000 -0.9701
vn 0.2368 0.0165 -0.9714
vn 0.2447 0.0062 -0.9696
vn 0.2528 -0.0219 -0.9673
vn 0.2438 0.0174 -0.9697
vn 0.2469 0.0047 -0.9690
vn 0.2432 -0.0244 -0.9697
vn 0.2500 0.0157 -0.9681
vn 0.2483 0.0027 -0.9687
vn 0.2343 -0.0229 -0.9719
vt 0.000000 0.888889
vt 1.000000 0.888889
vt 1.000000 1.000000
vt 0.000000 1.000000
vt 0.000000 0.000000
vt 1.000000 0.000000
vt 1.000000 0.111111
vt 0.000000 0.111111
vt 1.000000 0.222222
vt 0.000000 0.222222
vt 1.000000 0.333333
vt 0.000000 0.333333
vt 1.000000 0.444444
vt 0.000000 0.444444
vt 1.000000 0.555556
vt 0.000000 0.555556
vt 1.000000 0.666667
vt 0.000000 0.666667
vt 1.000000 0.777778
vt 0.000000 0.777778
s 0
usemtl マテリアル.107
f 8721/3677/1262 8736/3678/1262 8720/3679/1262 8719/3680/1262
f 8717/3681/1263 8718/3682/1263 8729/3683/1263 8728/3684/1263
f 8728/3684/1264 8729/3683/1264 8730/3685/1264 8727/3686/1264
f 8727/3686/1265 8730/3685/1265 8731/3687/1265 8726/3688/1265
f 8726/3688/1262 8731/3687/1262 8732/3689/1262 8725/3690/1262
f 8725/3690/1262 8732/3689/1262 8733/3691/1262 8724/3692/1262
f 8724/3692/1262 8733/3691/1262 8734/3693/1262 8723/3694/1262
f 8723/3694/1262 8734/3693/1262 8735/3695/1262 8722/3696/1262
f 8722/3696/1262 8735/3695/1262 8736/3678/1262 8721/3677/1262
f 8741/3677/1262 8756/3678/1262 8740/3679/1262 8739/3680/1262
f 8737/3681/1266 8738/3682/1266 8749/3683/1266 8748/3684/1266
f 8748/3684/1267 8749/3683/1267 8750/3685/1267 8747/3686/1267
f 8747/3686/1268 8750/3685/1268 8751/3687/1268 8746/3688/1268
f 8746/3688/1262 8751/3687/1262 8752/3689/1262 8745/3690/1262
f 8745/3690/1262 8752/3689/1262 8753/3691/1262 8744/3692/1262
f 8744/3692/1262 8753/3691/1262 8754/3693/1262 8743/3694/1262
f 8743/3694/1262 8754/3693/1262 8755/3695/1262 8742/3696/1262
f 8742/3696/1262 8755/3695/1262 8756/3678/1262 8741/3677/1262
f 8761/3677/1262 8776/3678/1262 8760/3679/1262 8759/3680/1262
f 8757/3681/1269 8758/3682/1269 8769/3683/1269 8768/3684/1269
f 8768/3684/1270 8769/3683/1270 8770/3685/1270 8767/3686/1270
f 8767/3686/1271 8770/3685/1271 8771/3687/1271 8766/3688/1271
f 8766/3688/1262 8771/3687/1262 8772/3689/1262 8765/3690/1262
f 8765/3690/1262 8772/3689/1262 8773/3691/1262 8764/3692/1262
f 8764/3692/1262 8773/3691/1262 8774/3693/1262 8763/3694/1262
f 8763/3694/1262 8774/3693/1262 8775/3695/1262 8762/3696/1262
f 8762/3696/1262 8775/3695/1262 8776/3678/1262 8761/3677/1262
o 平面.001
v -22.814383 -0.762829 33.485115
v -23.348103 -0.758829 33.351681
v -23.302090 0.700789 33.363186
v -23.327669 0.755405 33.356789
v -23.289654 0.542770 33.366291
v -23.285049 0.389971 33.367443
v -23.248110 0.230296 33.376678
v -23.210415 0.068835 33.386105
v -23.165075 -0.096104 33.397438
v -23.108961 -0.259218 33.411469
v -23.036814 -0.423787 33.437798
v -22.918324 -0.599629 33.459129
v -23.373356 -0.589428 33.351814
v -23.417887 -0.414198 33.334232
v -23.420540 -0.250305 33.333569
v -23.425991 -0.085681 33.332207
v -23.420744 0.076148 33.333519
v -23.413012 0.237328 33.335453
v -23.390429 0.394628 33.341099
v -23.363855 0.550886 33.347740
v -22.680941 -0.906459 33.518475
v -23.166430 -0.677884 33.397099
v -22.545502 0.634778 33.552338
v -22.547184 0.695401 33.551918
v -22.596828 0.485329 33.539505
v -22.653233 0.343944 33.525402
v -22.682854 0.182656 33.517998
v -22.712494 0.019421 33.510586
v -22.736536 -0.150212 33.504578
v -22.750025 -0.322718 33.501205
v -22.749626 -0.504132 33.509598
v -22.711065 -0.713719 33.510944
v -23.122417 -0.513286 33.414551
v -23.093422 -0.333965 33.415352
v -23.030838 -0.183276 33.431000
v -22.970516 -0.030742 33.446079
v -22.901541 0.114732 33.463326
v -22.830555 0.258568 33.481071
v -22.747555 0.392603 33.501823
v -22.661325 0.524006 33.523380
v -22.618765 -1.075909 33.534019
v -22.986134 -0.676807 33.442173
v -21.934105 0.301350 33.705193
v -21.913675 0.358225 33.710300
v -22.035917 0.182521 33.679737
v -22.139515 0.073128 33.653835
v -22.225491 -0.065047 33.632343
v -22.312191 -0.205019 33.610664
v -22.396019 -0.353084 33.589706
v -22.471102 -0.507881 33.570938
v -22.536676 -0.677042 33.562836
v -22.576794 -0.885538 33.544514
v -22.885719 -0.541693 33.473728
v -22.793673 -0.385968 33.490292
v -22.680969 -0.270327 33.518467
v -22.569695 -0.152104 33.546288
v -22.452955 -0.043763 33.575474
v -22.334946 0.062283 33.604977
v -22.209347 0.154609 33.636379
v -22.081709 0.243250 33.668289
vn 0.2425 -0.0000 -0.9701
vn 0.2368 0.0165 -0.9714
vn 0.2447 0.0062 -0.9696
vn 0.2528 -0.0219 -0.9673
vn 0.2438 0.0174 -0.9697
vn 0.2469 0.0047 -0.9690
vn 0.2432 -0.0244 -0.9697
vn 0.2500 0.0157 -0.9681
vn 0.2483 0.0027 -0.9687
vn 0.2343 -0.0229 -0.9719
vt 0.000000 0.888889
vt 1.000000 0.888889
vt 1.000000 1.000000
vt 0.000000 1.000000
vt 0.000000 0.000000
vt 1.000000 0.000000
vt 1.000000 0.111111
vt 0.000000 0.111111
vt 1.000000 0.222222
vt 0.000000 0.222222
vt 1.000000 0.333333
vt 0.000000 0.333333
vt 1.000000 0.444444
vt 0.000000 0.444444
vt 1.000000 0.555556
vt 0.000000 0.555556
vt 1.000000 0.666667
vt 0.000000 0.666667
vt 1.000000 0.777778
vt 0.000000 0.777778
s 0
usemtl マテリアル.107
f 8781/3697/1272 8796/3698/1272 8780/3699/1272 8779/3700/1272
f 8777/3701/1273 8778/3702/1273 8789/3703/1273 8788/3704/1273
f 8788/3704/1274 8789/3703/1274 8790/3705/1274 8787/3706/1274
f 8787/3706/1275 8790/3705/1275 8791/3707/1275 8786/3708/1275
f 8786/3708/1272 8791/3707/1272 8792/3709/1272 8785/3710/1272
f 8785/3710/1272 8792/3709/1272 8793/3711/1272 8784/3712/1272
f 8784/3712/1272 8793/3711/1272 8794/3713/1272 8783/3714/1272
f 8783/3714/1272 8794/3713/1272 8795/3715/1272 8782/3716/1272
f 8782/3716/1272 8795/3715/1272 8796/3698/1272 8781/3697/1272
f 8801/3697/1272 8816/3698/1272 8800/3699/1272 8799/3700/1272
f 8797/3701/1276 8798/3702/1276 8809/3703/1276 8808/3704/1276
f 8808/3704/1277 8809/3703/1277 8810/3705/1277 8807/3706/1277
f 8807/3706/1278 8810/3705/1278 8811/3707/1278 8806/3708/1278
f 8806/3708/1272 8811/3707/1272 8812/3709/1272 8805/3710/1272
f 8805/3710/1272 8812/3709/1272 8813/3711/1272 8804/3712/1272
f 8804/3712/1272 8813/3711/1272 8814/3713/1272 8803/3714/1272
f 8803/3714/1272 8814/3713/1272 8815/3715/1272 8802/3716/1272
f 8802/3716/1272 8815/3715/1272 8816/3698/1272 8801/3697/1272
f 8821/3697/1272 8836/3698/1272 8820/3699/1272 8819/3700/1272
f 8817/3701/1279 8818/3702/1279 8829/3703/1279 8828/3704/1279
f 8828/3704/1280 8829/3703/1280 8830/3705/1280 8827/3706/1280
f 8827/3706/1281 8830/3705/1281 8831/3707/1281 8826/3708/1281
f 8826/3708/1272 8831/3707/1272 8832/3709/1272 8825/3710/1272
f 8825/3710/1272 8832/3709/1272 8833/3711/1272 8824/3712/1272
f 8824/3712/1272 8833/3711/1272 8834/3713/1272 8823/3714/1272
f 8823/3714/1272 8834/3713/1272 8835/3715/1272 8822/3716/1272
f 8822/3716/1272 8835/3715/1272 8836/3698/1272 8821/3697/1272
o 平面.001
v -13.178267 -0.762829 34.289318
v -13.711987 -0.758829 34.155884
v -13.665973 0.700789 34.167389
v -13.691553 0.755405 34.160992
v -13.653538 0.542770 34.170494
v -13.648934 0.389971 34.171646
v -13.611994 0.230296 34.180882
v -13.574300 0.068835 34.190308
v -13.528958 -0.096104 34.201641
v -13.472845 -0.259218 34.215672
v -13.400698 -0.423787 34.242001
v -13.282207 -0.599629 34.263332
v -13.737240 -0.589428 34.156017
v -13.781770 -0.414198 34.138435
v -13.784425 -0.250305 34.137772
v -13.789875 -0.085681 34.136410
v -13.784628 0.076148 34.137722
v -13.776896 0.237328 34.139656
v -13.754313 0.394628 34.145302
v -13.727739 0.550886 34.151943
v -13.044825 -0.906459 34.322678
v -13.530313 -0.677884 34.201302
v -12.909386 0.634778 34.356541
v -12.911067 0.695401 34.356121
v -12.960712 0.485329 34.343708
v -13.017117 0.343944 34.329605
v -13.046738 0.182656 34.322201
v -13.076379 0.019421 34.314789
v -13.100421 -0.150212 34.308781
v -13.113908 -0.322718 34.305408
v -13.113510 -0.504132 34.313801
v -13.074950 -0.713719 34.315147
v -13.486301 -0.513286 34.218754
v -13.457305 -0.333965 34.219555
v -13.394722 -0.183276 34.235203
v -13.334400 -0.030742 34.250282
v -13.265425 0.114732 34.267529
v -13.194439 0.258568 34.285275
v -13.111439 0.392603 34.306026
v -13.025210 0.524006 34.327583
v -12.982649 -1.075909 34.338223
v -13.350018 -0.676807 34.246376
v -12.297989 0.301350 34.509396
v -12.277559 0.358225 34.514503
v -12.399801 0.182521 34.483940
v -12.503399 0.073128 34.458038
v -12.589375 -0.065047 34.436546
v -12.676075 -0.205019 34.414867
v -12.759904 -0.353084 34.393913
v -12.834985 -0.507881 34.375141
v -12.900560 -0.677042 34.367039
v -12.940678 -0.885538 34.348717
v -13.249604 -0.541693 34.277931
v -13.157557 -0.385968 34.294495
v -13.044853 -0.270327 34.322670
v -12.933579 -0.152104 34.350491
v -12.816839 -0.043763 34.379677
v -12.698829 0.062283 34.409180
v -12.573230 0.154609 34.440582
v -12.445593 0.243250 34.472492
vn 0.2425 -0.0000 -0.9701
vn 0.2368 0.0165 -0.9714
vn 0.2447 0.0062 -0.9696
vn 0.2528 -0.0219 -0.9673
vn 0.2438 0.0174 -0.9697
vn 0.2469 0.0047 -0.9690
vn 0.2432 -0.0244 -0.9697
vn 0.2500 0.0157 -0.9681
vn 0.2483 0.0027 -0.9687
vn 0.2343 -0.0229 -0.9719
vt 0.000000 0.888889
vt 1.000000 0.888889
vt 1.000000 1.000000
vt 0.000000 1.000000
vt 0.000000 0.000000
vt 1.000000 0.000000
vt 1.000000 0.111111
vt 0.000000 0.111111
vt 1.000000 0.222222
vt 0.000000 0.222222
vt 1.000000 0.333333
vt 0.000000 0.333333
vt 1.000000 0.444444
vt 0.000000 0.444444
vt 1.000000 0.555556
vt 0.000000 0.555556
vt 1.000000 0.666667
vt 0.000000 0.666667
vt 1.000000 0.777778
vt 0.000000 0.777778
s 0
usemtl マテリアル.107
f 8841/3717/1282 8856/3718/1282 8840/3719/1282 8839/3720/1282
f 8837/3721/1283 8838/3722/1283 8849/3723/1283 8848/3724/1283
f 8848/3724/1284 8849/3723/1284 8850/3725/1284 8847/3726/1284
f 8847/3726/1285 8850/3725/1285 8851/3727/1285 8846/3728/1285
f 8846/3728/1282 8851/3727/1282 8852/3729/1282 8845/3730/1282
f 8845/3730/1282 8852/3729/1282 8853/3731/1282 8844/3732/1282
f 8844/3732/1282 8853/3731/1282 8854/3733/1282 8843/3734/1282
f 8843/3734/1282 8854/3733/1282 8855/3735/1282 8842/3736/1282
f 8842/3736/1282 8855/3735/1282 8856/3718/1282 8841/3717/1282
f 8861/3717/1282 8876/3718/1282 8860/3719/1282 8859/3720/1282
f 8857/3721/1286 8858/3722/1286 8869/3723/1286 8868/3724/1286
f 8868/3724/1287 8869/3723/1287 8870/3725/1287 8867/3726/1287
f 8867/3726/1288 8870/3725/1288 8871/3727/1288 8866/3728/1288
f 8866/3728/1282 8871/3727/1282 8872/3729/1282 8865/3730/1282
f 8865/3730/1282 8872/3729/1282 8873/3731/1282 8864/3732/1282
f 8864/3732/1282 8873/3731/1282 8874/3733/1282 8863/3734/1282
f 8863/3734/1282 8874/3733/1282 8875/3735/1282 8862/3736/1282
f 8862/3736/1282 8875/3735/1282 8876/3718/1282 8861/3717/1282
f 8881/3717/1282 8896/3718/1282 8880/3719/1282 8879/3720/1282
f 8877/3721/1289 8878/3722/1289 8889/3723/1289 8888/3724/1289
f 8888/3724/1290 8889/3723/1290 8890/3725/1290 8887/3726/1290
f 8887/3726/1291 8890/3725/1291 8891/3727/1291 8886/3728/1291
f 8886/3728/1282 8891/3727/1282 8892/3729/1282 8885/3730/1282
f 8885/3730/1282 8892/3729/1282 8893/3731/1282 8884/3732/1282
f 8884/3732/1282 8893/3731/1282 8894/3733/1282 8883/3734/1282
f 8883/3734/1282 8894/3733/1282 8895/3735/1282 8882/3736/1282
f 8882/3736/1282 8895/3735/1282 8896/3718/1282 8881/3717/1282
o 平面.001
v 16.902142 -0.762829 32.780865
v 16.368422 -0.758829 32.647430
v 16.414436 0.700789 32.658936
v 16.388855 0.755405 32.652538
v 16.426870 0.542770 32.662041
v 16.431475 0.389971 32.663193
v 16.468414 0.230296 32.672428
v 16.506109 0.068835 32.681854
v 16.551449 -0.096104 32.693188
v 16.607563 -0.259218 32.707218
v 16.679710 -0.423787 32.733547
v 16.798201 -0.599629 32.754879
v 16.343168 -0.589428 32.647564
v 16.298637 -0.414198 32.629982
v 16.295984 -0.250305 32.629318
v 16.290533 -0.085681 32.627956
v 16.295780 0.076148 32.629269
v 16.303513 0.237328 32.631203
v 16.326096 0.394628 32.636848
v 16.352669 0.550886 32.643490
v 17.035583 -0.906459 32.814224
v 16.550095 -0.677884 32.692848
v 17.171022 0.634778 32.848087
v 17.169340 0.695401 32.847668
v 17.119696 0.485329 32.835255
v 17.063292 0.343944 32.821152
v 17.033670 0.182656 32.813747
v 17.004030 0.019421 32.806335
v 16.979988 -0.150212 32.800327
v 16.966499 -0.322718 32.796955
v 16.966898 -0.504132 32.805347
v 17.005459 -0.713719 32.806694
v 16.594107 -0.513286 32.710300
v 16.623102 -0.333965 32.711102
v 16.685686 -0.183276 32.726749
v 16.746008 -0.030742 32.741829
v 16.814983 0.114732 32.759075
v 16.885969 0.258568 32.776821
v 16.968969 0.392603 32.797573
v 17.055199 0.524006 32.819130
v 17.097759 -1.075909 32.829769
v 16.730391 -0.676807 32.737923
v 17.782419 0.301350 33.000942
v 17.802849 0.358225 33.006050
v 17.680607 0.182521 32.975487
v 17.577009 0.073128 32.949585
v 17.491034 -0.065047 32.928093
v 17.404333 -0.205019 32.906414
v 17.320505 -0.353084 32.885460
v 17.245422 -0.507881 32.866688
v 17.179848 -0.677042 32.858585
v 17.139730 -0.885538 32.840263
v 16.830805 -0.541693 32.769478
v 16.922852 -0.385968 32.786041
v 17.035555 -0.270327 32.814217
v 17.146830 -0.152104 32.842037
v 17.263569 -0.043763 32.871223
v 17.381578 0.062283 32.900726
v 17.507177 0.154609 32.932129
v 17.634815 0.243250 32.964039
vn 0.2425 -0.0000 -0.9701
vn 0.2368 0.0165 -0.9714
vn 0.2447 0.0062 -0.9696
vn 0.2528 -0.0219 -0.9673
vn 0.2438 0.0174 -0.9697
vn 0.2469 0.0047 -0.9690
vn 0.2432 -0.0244 -0.9697
vn 0.2500 0.0157 -0.9681
vn 0.2483 0.0027 -0.9687
vn 0.2343 -0.0229 -0.9719
vt 0.000000 0.888889
vt 1.000000 0.888889
vt 1.000000 1.000000
vt 0.000000 1.000000
vt 0.000000 0.000000
vt 1.000000 0.000000
vt 1.000000 0.111111
vt 0.000000 0.111111
vt 1.000000 0.222222
vt 0.000000 0.222222
vt 1.000000 0.333333
vt 0.000000 0.333333
vt 1.000000 0.444444
vt 0.000000 0.444444
vt 1.000000 0.555556
vt 0.000000 0.555556
vt 1.000000 0.666667
vt 0.000000 0.666667
vt 1.000000 0.777778
vt 0.000000 0.777778
s 0
usemtl マテリアル.107
f 8901/3737/1292 8916/3738/1292 8900/3739/1292 8899/3740/1292
f 8897/3741/1293 8898/3742/1293 8909/3743/1293 8908/3744/1293
f 8908/3744/1294 8909/3743/1294 8910/3745/1294 8907/3746/1294
f 8907/3746/1295 8910/3745/1295 8911/3747/1295 8906/3748/1295
f 8906/3748/1292 8911/3747/1292 8912/3749/1292 8905/3750/1292
f 8905/3750/1292 8912/3749/1292 8913/3751/1292 8904/3752/1292
f 8904/3752/1292 8913/3751/1292 8914/3753/1292 8903/3754/1292
f 8903/3754/1292 8914/3753/1292 8915/3755/1292 8902/3756/1292
f 8902/3756/1292 8915/3755/1292 8916/3738/1292 8901/3737/1292
f 8921/3737/1292 8936/3738/1292 8920/3739/1292 8919/3740/1292
f 8917/3741/1296 8918/3742/1296 8929/3743/1296 8928/3744/1296
f 8928/3744/1297 8929/3743/1297 8930/3745/1297 8927/3746/1297
f 8927/3746/1298 8930/3745/1298 8931/3747/1298 8926/3748/1298
f 8926/3748/1292 8931/3747/1292 8932/3749/1292 8925/3750/1292
f 8925/3750/1292 8932/3749/1292 8933/3751/1292 8924/3752/1292
f 8924/3752/1292 8933/3751/1292 8934/3753/1292 8923/3754/1292
f 8923/3754/1292 8934/3753/1292 8935/3755/1292 8922/3756/1292
f 8922/3756/1292 8935/3755/1292 8936/3738/1292 8921/3737/1292
f 8941/3737/1292 8956/3738/1292 8940/3739/1292 8939/3740/1292
f 8937/3741/1299 8938/3742/1299 8949/3743/1299 8948/3744/1299
f 8948/3744/1300 8949/3743/1300 8950/3745/1300 8947/3746/1300
f 8947/3746/1301 8950/3745/1301 8951/3747/1301 8946/3748/1301
f 8946/3748/1292 8951/3747/1292 8952/3749/1292 8945/3750/1292
f 8945/3750/1292 8952/3749/1292 8953/3751/1292 8944/3752/1292
f 8944/3752/1292 8953/3751/1292 8954/3753/1292 8943/3754/1292
f 8943/3754/1292 8954/3753/1292 8955/3755/1292 8942/3756/1292
f 8942/3756/1292 8955/3755/1292 8956/3738/1292 8941/3737/1292
o 平面.001
v 22.034098 -0.762829 33.485115
v 21.500378 -0.758829 33.351681
v 21.546391 0.700789 33.363186
v 21.520811 0.755405 33.356789
v 21.558826 0.542770 33.366291
v 21.563431 0.389971 33.367443
v 21.600370 0.230296 33.376678
v 21.638065 0.068835 33.386105
v 21.683405 -0.096104 33.397438
v 21.739519 -0.259218 33.411469
v 21.811666 -0.423787 33.437798
v 21.930157 -0.599629 33.459129
v 21.475124 -0.589428 33.351814
v 21.430593 -0.414198 33.334232
v 21.427940 -0.250305 33.333569
v 21.422489 -0.085681 33.332207
v 21.427736 0.076148 33.333519
v 21.435469 0.237328 33.335453
v 21.458052 0.394628 33.341099
v 21.484625 0.550886 33.347740
v 22.167540 -0.906459 33.518475
v 21.682051 -0.677884 33.397099
v 22.302979 0.634778 33.552338
v 22.301296 0.695401 33.551918
v 22.251652 0.485329 33.539505
v 22.195248 0.343944 33.525402
v 22.165627 0.182656 33.517998
v 22.135986 0.019421 33.510586
v 22.111944 -0.150212 33.504578
v 22.098455 -0.322718 33.501205
v 22.098854 -0.504132 33.509598
v 22.137415 -0.713719 33.510944
v 21.726063 -0.513286 33.414551
v 21.755058 -0.333965 33.415352
v 21.817642 -0.183276 33.431000
v 21.877964 -0.030742 33.446079
v 21.946939 0.114732 33.463326
v 22.017925 0.258568 33.481071
v 22.100925 0.392603 33.501823
v 22.187155 0.524006 33.523380
v 22.229715 -1.075909 33.534019
v 21.862347 -0.676807 33.442173
v 22.914375 0.301350 33.705193
v 22.934805 0.358225 33.710300
v 22.812563 0.182521 33.679737
v 22.708965 0.073128 33.653835
v 22.622990 -0.065047 33.632343
v 22.536289 -0.205019 33.610664
v 22.452461 -0.353084 33.589706
v 22.377378 -0.507881 33.570938
v 22.311804 -0.677042 33.562836
v 22.271687 -0.885538 33.544514
v 21.962761 -0.541693 33.473728
v 22.054808 -0.385968 33.490292
v 22.167511 -0.270327 33.518467
v 22.278786 -0.152104 33.546288
v 22.395525 -0.043763 33.575474
v 22.513535 0.062283 33.604977
v 22.639133 0.154609 33.636379
v 22.766771 0.243250 33.668289
vn 0.2425 -0.0000 -0.9701
vn 0.2368 0.0165 -0.9714
vn 0.2447 0.0062 -0.9696
vn 0.2528 -0.0219 -0.9673
vn 0.2438 0.0174 -0.9697
vn 0.2469 0.0047 -0.9690
vn 0.2432 -0.0244 -0.9697
vn 0.2500 0.0157 -0.9681
vn 0.2483 0.0027 -0.9687
vn 0.2343 -0.0229 -0.9719
vt 0.000000 0.888889
vt 1.000000 0.888889
vt 1.000000 1.000000
vt 0.000000 1.000000
vt 0.000000 0.000000
vt 1.000000 0.000000
vt 1.000000 0.111111
vt 0.000000 0.111111
vt 1.000000 0.222222
vt 0.000000 0.222222
vt 1.000000 0.333333
vt 0.000000 0.333333
vt 1.000000 0.444444
vt 0.000000 0.444444
vt 1.000000 0.555556
vt 0.000000 0.555556
vt 1.000000 0.666667
vt 0.000000 0.666667
vt 1.000000 0.777778
vt 0.000000 0.777778
s 0
usemtl マテリアル.107
f 8961/3757/1302 8976/3758/1302 8960/3759/1302 8959/3760/1302
f 8957/3761/1303 8958/3762/1303 8969/3763/1303 8968/3764/1303
f 8968/3764/1304 8969/3763/1304 8970/3765/1304 8967/3766/1304
f 8967/3766/1305 8970/3765/1305 8971/3767/1305 8966/3768/1305
f 8966/3768/1302 8971/3767/1302 8972/3769/1302 8965/3770/1302
f 8965/3770/1302 8972/3769/1302 8973/3771/1302 8964/3772/1302
f 8964/3772/1302 8973/3771/1302 8974/3773/1302 8963/3774/1302
f 8963/3774/1302 8974/3773/1302 8975/3775/1302 8962/3776/1302
f 8962/3776/1302 8975/3775/1302 8976/3758/1302 8961/3757/1302
f 8981/3757/1302 8996/3758/1302 8980/3759/1302 8979/3760/1302
f 8977/3761/1306 8978/3762/1306 8989/3763/1306 8988/3764/1306
f 8988/3764/1307 8989/3763/1307 8990/3765/1307 8987/3766/1307
f 8987/3766/1308 8990/3765/1308 8991/3767/1308 8986/3768/1308
f 8986/3768/1302 8991/3767/1302 8992/3769/1302 8985/3770/1302
f 8985/3770/1302 8992/3769/1302 8993/3771/1302 8984/3772/1302
f 8984/3772/1302 8993/3771/1302 8994/3773/1302 8983/3774/1302
f 8983/3774/1302 8994/3773/1302 8995/3775/1302 8982/3776/1302
f 8982/3776/1302 8995/3775/1302 8996/3758/1302 8981/3757/1302
f 9001/3757/1302 9016/3758/1302 9000/3759/1302 8999/3760/1302
f 8997/3761/1309 8998/3762/1309 9009/3763/1309 9008/3764/1309
f 9008/3764/1310 9009/3763/1310 9010/3765/1310 9007/3766/1310
f 9007/3766/1311 9010/3765/1311 9011/3767/1311 9006/3768/1311
f 9006/3768/1302 9011/3767/1302 9012/3769/1302 9005/3770/1302
f 9005/3770/1302 9012/3769/1302 9013/3771/1302 9004/3772/1302
f 9004/3772/1302 9013/3771/1302 9014/3773/1302 9003/3774/1302
f 9003/3774/1302 9014/3773/1302 9015/3775/1302 9002/3776/1302
f 9002/3776/1302 9015/3775/1302 9016/3758/1302 9001/3757/1302
o 平面.001
v 22.700521 -0.762829 34.289318
v 22.166801 -0.758829 34.155884
v 22.212814 0.700789 34.167389
v 22.187235 0.755405 34.160992
v 22.225250 0.542770 34.170494
v 22.229855 0.389971 34.171646
v 22.266794 0.230296 34.180882
v 22.304489 0.068835 34.190308
v 22.349829 -0.096104 34.201641
v 22.405943 -0.259218 34.215672
v 22.478090 -0.423787 34.242001
v 22.596581 -0.599629 34.263332
v 22.141548 -0.589428 34.156017
v 22.097017 -0.414198 34.138435
v 22.094364 -0.250305 34.137772
v 22.088913 -0.085681 34.136410
v 22.094160 0.076148 34.137722
v 22.101892 0.237328 34.139656
v 22.124475 0.394628 34.145302
v 22.151049 0.550886 34.151943
v 22.833963 -0.906459 34.322678
v 22.348475 -0.677884 34.201302
v 22.969402 0.634778 34.356541
v 22.967720 0.695401 34.356121
v 22.918076 0.485329 34.343708
v 22.861671 0.343944 34.329605
v 22.832050 0.182656 34.322201
v 22.802410 0.019421 34.314789
v 22.778368 -0.150212 34.308781
v 22.764879 -0.322718 34.305408
v 22.765278 -0.504132 34.313801
v 22.803839 -0.713719 34.315147
v 22.392487 -0.513286 34.218754
v 22.421482 -0.333965 34.219555
v 22.484066 -0.183276 34.235203
v 22.544388 -0.030742 34.250282
v 22.613363 0.114732 34.267529
v 22.684349 0.258568 34.285275
v 22.767349 0.392603 34.306026
v 22.853579 0.524006 34.327583
v 22.896139 -1.075909 34.338223
v 22.528770 -0.676807 34.246376
v 23.580799 0.301350 34.509396
v 23.601229 0.358225 34.514503
v 23.478987 0.182521 34.483940
v 23.375389 0.073128 34.458038
v 23.289413 -0.065047 34.436546
v 23.202713 -0.205019 34.414867
v 23.118885 -0.353084 34.393913
v 23.043802 -0.507881 34.375141
v 22.978228 -0.677042 34.367039
v 22.938110 -0.885538 34.348717
v 22.629185 -0.541693 34.277931
v 22.721231 -0.385968 34.294495
v 22.833935 -0.270327 34.322670
v 22.945210 -0.152104 34.350491
v 23.061949 -0.043763 34.379677
v 23.179958 0.062283 34.409180
v 23.305557 0.154609 34.440582
v 23.433195 0.243250 34.472492
vn 0.2425 -0.0000 -0.9701
vn 0.2368 0.0165 -0.9714
vn 0.2447 0.0062 -0.9696
vn 0.2528 -0.0219 -0.9673
vn 0.2438 0.0174 -0.9697
vn 0.2469 0.0047 -0.9690
vn 0.2432 -0.0244 -0.9697
vn 0.2500 0.0157 -0.9681
vn 0.2483 0.0027 -0.9687
vn 0.2343 -0.0229 -0.9719
vt 0.000000 0.888889
vt 1.000000 0.888889
vt 1.000000 1.000000
vt 0.000000 1.000000
vt 0.000000 0.000000
vt 1.000000 0.000000
vt 1.000000 0.111111
vt 0.000000 0.111111
vt 1.000000 0.222222
vt 0.000000 0.222222
vt 1.000000 0.333333
vt 0.000000 0.333333
vt 1.000000 0.444444
vt 0.000000 0.444444
vt 1.000000 0.555556
vt 0.000000 0.555556
vt 1.000000 0.666667
vt 0.000000 0.666667
vt 1.000000 0.777778
vt 0.000000 0.777778
s 0
usemtl マテリアル.107
f 9021/3777/1312 9036/3778/1312 9020/3779/1312 9019/3780/1312
f 9017/3781/1313 9018/3782/1313 9029/3783/1313 9028/3784/1313
f 9028/3784/1314 9029/3783/1314 9030/3785/1314 9027/3786/1314
f 9027/3786/1315 9030/3785/1315 9031/3787/1315 9026/3788/1315
f 9026/3788/1312 9031/3787/1312 9032/3789/1312 9025/3790/1312
f 9025/3790/1312 9032/3789/1312 9033/3791/1312 9024/3792/1312
f 9024/3792/1312 9033/3791/1312 9034/3793/1312 9023/3794/1312
f 9023/3794/1312 9034/3793/1312 9035/3795/1312 9022/3796/1312
f 9022/3796/1312 9035/3795/1312 9036/3778/1312 9021/3777/1312
f 9041/3777/1312 9056/3778/1312 9040/3779/1312 9039/3780/1312
f 9037/3781/1316 9038/3782/1316 9049/3783/1316 9048/3784/1316
f 9048/3784/1317 9049/3783/1317 9050/3785/1317 9047/3786/1317
f 9047/3786/1318 9050/3785/1318 9051/3787/1318 9046/3788/1318
f 9046/3788/1312 9051/3787/1312 9052/3789/1312 9045/3790/1312
f 9045/3790/1312 9052/3789/1312 9053/3791/1312 9044/3792/1312
f 9044/3792/1312 9053/3791/1312 9054/3793/1312 9043/3794/1312
f 9043/3794/1312 9054/3793/1312 9055/3795/1312 9042/3796/1312
f 9042/3796/1312 9055/3795/1312 9056/3778/1312 9041/3777/1312
f 9061/3777/1312 9076/3778/1312 9060/3779/1312 9059/3780/1312
f 9057/3781/1319 9058/3782/1319 9069/3783/1319 9068/3784/1319
f 9068/3784/1320 9069/3783/1320 9070/3785/1320 9067/3786/1320
f 9067/3786/1321 9070/3785/1321 9071/3787/1321 9066/3788/1321
f 9066/3788/1312 9071/3787/1312 9072/3789/1312 9065/3790/1312
f 9065/3790/1312 9072/3789/1312 9073/3791/1312 9064/3792/1312
f 9064/3792/1312 9073/3791/1312 9074/3793/1312 9063/3794/1312
f 9063/3794/1312 9074/3793/1312 9075/3795/1312 9062/3796/1312
f 9062/3796/1312 9075/3795/1312 9076/3778/1312 9061/3777/1312
o 平面.001
v 23.629414 -0.762829 32.780865
v 23.095694 -0.758829 32.647430
v 23.141708 0.700789 32.658936
v 23.116127 0.755405 32.652538
v 23.154142 0.542770 32.662041
v 23.158747 0.389971 32.663193
v 23.195686 0.230296 32.672428
v 23.233381 0.068835 32.681854
v 23.278721 -0.096104 32.693188
v 23.334835 -0.259218 32.707218
v 23.406982 -0.423787 32.733547
v 23.525473 -0.599629 32.754879
v 23.070440 -0.589428 32.647564
v 23.025909 -0.414198 32.629982
v 23.023256 -0.250305 32.629318
v 23.017805 -0.085681 32.627956
v 23.023052 0.076148 32.629269
v 23.030785 0.237328 32.631203
v 23.053368 0.394628 32.636848
v 23.079941 0.550886 32.643490
v 23.762856 -0.906459 32.814224
v 23.277367 -0.677884 32.692848
v 23.898294 0.634778 32.848087
v 23.896612 0.695401 32.847668
v 23.846968 0.485329 32.835255
v 23.790564 0.343944 32.821152
v 23.760942 0.182656 32.813747
v 23.731302 0.019421 32.806335
v 23.707260 -0.150212 32.800327
v 23.693771 -0.322718 32.796955
v 23.694170 -0.504132 32.805347
v 23.732731 -0.713719 32.806694
v 23.321379 -0.513286 32.710300
v 23.350374 -0.333965 32.711102
v 23.412958 -0.183276 32.726749
v 23.473280 -0.030742 32.741829
v 23.542255 0.114732 32.759075
v 23.613241 0.258568 32.776821
v 23.696241 0.392603 32.797573
v 23.782471 0.524006 32.819130
v 23.825031 -1.075909 32.829769
v 23.457663 -0.676807 32.737923
v 24.509691 0.301350 33.000942
v 24.530121 0.358225 33.006050
v 24.407879 0.182521 32.975487
v 24.304281 0.073128 32.949585
v 24.218306 -0.065047 32.928093
v 24.131605 -0.205019 32.906414
v 24.047777 -0.353084 32.885460
v 23.972694 -0.507881 32.866688
v 23.907120 -0.677042 32.858585
v 23.867002 -0.885538 32.840263
v 23.558077 -0.541693 32.769478
v 23.650124 -0.385968 32.786041
v 23.762827 -0.270327 32.814217
v 23.874102 -0.152104 32.842037
v 23.990841 -0.043763 32.871223
v 24.108850 0.062283 32.900726
v 24.234449 0.154609 32.932129
v 24.362087 0.243250 32.964039
vn 0.2425 -0.0000 -0.9701
vn 0.2368 0.0165 -0.9714
vn 0.2447 0.0062 -0.9696
vn 0.2528 -0.0219 -0.9673
vn 0.2438 0.0174 -0.9697
vn 0.2469 0.0047 -0.9690
vn 0.2432 -0.0244 -0.9697
vn 0.2500 0.0157 -0.9681
vn 0.2483 0.0027 -0.9687
vn 0.2343 -0.0229 -0.9719
vt 0.000000 0.888889
vt 1.000000 0.888889
vt 1.000000 1.000000
vt 0.000000 1.000000
vt 0.000000 0.000000
vt 1.000000 0.000000
vt 1.000000 0.111111
vt 0.000000 0.111111
vt 1.000000 0.222222
vt 0.000000 0.222222
vt 1.000000 0.333333
vt 0.000000 0.333333
vt 1.000000 0.444444
vt 0.000000 0.444444
vt 1.000000 0.555556
vt 0.000000 0.555556
vt 1.000000 0.666667
vt 0.000000 0.666667
vt 1.000000 0.777778
vt 0.000000 0.777778
s 0
usemtl マテリアル.107
f 9081/3797/1322 9096/3798/1322 9080/3799/1322 9079/3800/1322
f 9077/3801/1323 9078/3802/1323 9089/3803/1323 9088/3804/1323
f 9088/3804/1324 9089/3803/1324 9090/3805/1324 9087/3806/1324
f 9087/3806/1325 9090/3805/1325 9091/3807/1325 9086/3808/1325
f 9086/3808/1322 9091/3807/1322 9092/3809/1322 9085/3810/1322
f 9085/3810/1322 9092/3809/1322 9093/3811/1322 9084/3812/1322
f 9084/3812/1322 9093/3811/1322 9094/3813/1322 9083/3814/1322
f 9083/3814/1322 9094/3813/1322 9095/3815/1322 9082/3816/1322
f 9082/3816/1322 9095/3815/1322 9096/3798/1322 9081/3797/1322
f 9101/3797/1322 9116/3798/1322 9100/3799/1322 9099/3800/1322
f 9097/3801/1326 9098/3802/1326 9109/3803/1326 9108/3804/1326
f 9108/3804/1327 9109/3803/1327 9110/3805/1327 9107/3806/1327
f 9107/3806/1328 9110/3805/1328 9111/3807/1328 9106/3808/1328
f 9106/3808/1322 9111/3807/1322 9112/3809/1322 9105/3810/1322
f 9105/3810/1322 9112/3809/1322 9113/3811/1322 9104/3812/1322
f 9104/3812/1322 9113/3811/1322 9114/3813/1322 9103/3814/1322
f 9103/3814/1322 9114/3813/1322 9115/3815/1322 9102/3816/1322
f 9102/3816/1322 9115/3815/1322 9116/3798/1322 9101/3797/1322
f 9121/3797/1322 9136/3798/1322 9120/3799/1322 9119/3800/1322
f 9117/3801/1329 9118/3802/1329 9129/3803/1329 9128/3804/1329
f 9128/3804/1330 9129/3803/1330 9130/3805/1330 9127/3806/1330
f 9127/3806/1331 9130/3805/1331 9131/3807/1331 9126/3808/1331
f 9126/3808/1322 9131/3807/1322 9132/3809/1322 9125/3810/1322
f 9125/3810/1322 9132/3809/1322 9133/3811/1322 9124/3812/1322
f 9124/3812/1322 9133/3811/1322 9134/3813/1322 9123/3814/1322
f 9123/3814/1322 9134/3813/1322 9135/3815/1322 9122/3816/1322
f 9122/3816/1322 9135/3815/1322 9136/3798/1322 9121/3797/1322
o 平面.001
v 31.003796 -0.762829 33.485115
v 30.470076 -0.758829 33.351681
v 30.516090 0.700789 33.363186
v 30.490509 0.755405 33.356789
v 30.528524 0.542770 33.366291
v 30.533129 0.389971 33.367443
v 30.570068 0.230296 33.376678
v 30.607763 0.068835 33.386105
v 30.653103 -0.096104 33.397438
v 30.709217 -0.259218 33.411469
v 30.781364 -0.423787 33.437798
v 30.899855 -0.599629 33.459129
v 30.444822 -0.589428 33.351814
v 30.400291 -0.414198 33.334232
v 30.397638 -0.250305 33.333569
v 30.392187 -0.085681 33.332207
v 30.397434 0.076148 33.333519
v 30.405167 0.237328 33.335453
v 30.427750 0.394628 33.341099
v 30.454323 0.550886 33.347740
v 31.137238 -0.906459 33.518475
v 30.651749 -0.677884 33.397099
v 31.272676 0.634778 33.552338
v 31.270994 0.695401 33.551918
v 31.221350 0.485329 33.539505
v 31.164946 0.343944 33.525402
v 31.135324 0.182656 33.517998
v 31.105684 0.019421 33.510586
v 31.081642 -0.150212 33.504578
v 31.068153 -0.322718 33.501205
v 31.068552 -0.504132 33.509598
v 31.107113 -0.713719 33.510944
v 30.695761 -0.513286 33.414551
v 30.724756 -0.333965 33.415352
v 30.787340 -0.183276 33.431000
v 30.847662 -0.030742 33.446079
v 30.916637 0.114732 33.463326
v 30.987623 0.258568 33.481071
v 31.070623 0.392603 33.501823
v 31.156853 0.524006 33.523380
v 31.199413 -1.075909 33.534019
v 30.832045 -0.676807 33.442173
v 31.884073 0.301350 33.705193
v 31.904503 0.358225 33.710300
v 31.782261 0.182521 33.679737
v 31.678663 0.073128 33.653835
v 31.592688 -0.065047 33.632343
v 31.505987 -0.205019 33.610664
v 31.422159 -0.353084 33.589706
v 31.347076 -0.507881 33.570938
v 31.281502 -0.677042 33.562836
v 31.241385 -0.885538 33.544514
v 30.932459 -0.541693 33.473728
v 31.024506 -0.385968 33.490292
v 31.137209 -0.270327 33.518467
v 31.248484 -0.152104 33.546288
v 31.365223 -0.043763 33.575474
v 31.483232 0.062283 33.604977
v 31.608831 0.154609 33.636379
v 31.736469 0.243250 33.668289
vn 0.2425 -0.0000 -0.9701
vn 0.2368 0.0165 -0.9714
vn 0.2447 0.0062 -0.9696
vn 0.2528 -0.0219 -0.9673
vn 0.2438 0.0174 -0.9697
vn 0.2469 0.0047 -0.9690
vn 0.2432 -0.0244 -0.9697
vn 0.2500 0.0157 -0.9681
vn 0.2483 0.0027 -0.9687
vn 0.2343 -0.0229 -0.9719
vt 0.000000 0.888889
vt 1.000000 0.888889
vt 1.000000 1.000000
vt 0.000000 1.000000
vt 0.000000 0.000000
vt 1.000000 0.000000
vt 1.000000 0.111111
vt 0.000000 0.111111
vt 1.000000 0.222222
vt 0.000000 0.222222
vt 1.000000 0.333333
vt 0.000000 0.333333
vt 1.000000 0.444444
vt 0.000000 0.444444
vt 1.000000 0.555556
vt 0.000000 0.555556
vt 1.000000 0.666667
vt 0.000000 0.666667
vt 1.000000 0.777778
vt 0.000000 0.777778
s 0
usemtl マテリアル.107
f 9141/3817/1332 9156/3818/1332 9140/3819/1332 9139/3820/1332
f 9137/3821/1333 9138/3822/1333 9149/3823/1333 9148/3824/1333
f 9148/3824/1334 9149/3823/1334 9150/3825/1334 9147/3826/1334
f 9147/3826/1335 9150/3825/1335 9151/3827/1335 9146/3828/1335
f 9146/3828/1332 9151/3827/1332 9152/3829/1332 9145/3830/1332
f 9145/3830/1332 9152/3829/1332 9153/3831/1332 9144/3832/1332
f 9144/3832/1332 9153/3831/1332 9154/3833/1332 9143/3834/1332
f 9143/3834/1332 9154/3833/1332 9155/3835/1332 9142/3836/1332
f 9142/3836/1332 9155/3835/1332 9156/3818/1332 9141/3817/1332
f 9161/3817/1332 9176/3818/1332 9160/3819/1332 9159/3820/1332
f 9157/3821/1336 9158/3822/1336 9169/3823/1336 9168/3824/1336
f 9168/3824/1337 9169/3823/1337 9170/3825/1337 9167/3826/1337
f 9167/3826/1338 9170/3825/1338 9171/3827/1338 9166/3828/1338
f 9166/3828/1332 9171/3827/1332 9172/3829/1332 9165/3830/1332
f 9165/3830/1332 9172/3829/1332 9173/3831/1332 9164/3832/1332
f 9164/3832/1332 9173/3831/1332 9174/3833/1332 9163/3834/1332
f 9163/3834/1332 9174/3833/1332 9175/3835/1332 9162/3836/1332
f 9162/3836/1332 9175/3835/1332 9176/3818/1332 9161/3817/1332
f 9181/3817/1332 9196/3818/1332 9180/3819/1332 9179/3820/1332
f 9177/3821/1339 9178/3822/1339 9189/3823/1339 9188/3824/1339
f 9188/3824/1340 9189/3823/1340 9190/3825/1340 9187/3826/1340
f 9187/3826/1341 9190/3825/1341 9191/3827/1341 9186/3828/1341
f 9186/3828/1332 9191/3827/1332 9192/3829/1332 9185/3830/1332
f 9185/3830/1332 9192/3829/1332 9193/3831/1332 9184/3832/1332
f 9184/3832/1332 9193/3831/1332 9194/3833/1332 9183/3834/1332
f 9183/3834/1332 9194/3833/1332 9195/3835/1332 9182/3836/1332
f 9182/3836/1332 9195/3835/1332 9196/3818/1332 9181/3817/1332
o 平面.001
v 33.912643 -0.762829 34.289318
v 33.378925 -0.758829 34.155884
v 33.424938 0.700789 34.167389
v 33.399361 0.755405 34.160992
v 33.437374 0.542770 34.170494
v 33.441978 0.389971 34.171646
v 33.478916 0.230296 34.180882
v 33.516613 0.068835 34.190308
v 33.561954 -0.096104 34.201641
v 33.618065 -0.259218 34.215672
v 33.690216 -0.423787 34.242001
v 33.808704 -0.599629 34.263332
v 33.353672 -0.589428 34.156017
v 33.309143 -0.414198 34.138435
v 33.306488 -0.250305 34.137772
v 33.301037 -0.085681 34.136410
v 33.306282 0.076148 34.137722
v 33.314014 0.237328 34.139656
v 33.336601 0.394628 34.145302
v 33.363174 0.550886 34.151943
v 34.046089 -0.906459 34.322678
v 33.560600 -0.677884 34.201302
v 34.181526 0.634778 34.356541
v 34.179844 0.695401 34.356121
v 34.130199 0.485329 34.343708
v 34.073795 0.343944 34.329605
v 34.044174 0.182656 34.322201
v 34.014534 0.019421 34.314789
v 33.990490 -0.150212 34.308781
v 33.977005 -0.322718 34.305408
v 33.977402 -0.504132 34.313801
v 34.015961 -0.713719 34.315147
v 33.604610 -0.513286 34.218754
v 33.633606 -0.333965 34.219555
v 33.696190 -0.183276 34.235203
v 33.756512 -0.030742 34.250282
v 33.825489 0.114732 34.267529
v 33.896473 0.258568 34.285275
v 33.979473 0.392603 34.306026
v 34.065701 0.524006 34.327583
v 34.108265 -1.075909 34.338223
v 33.740894 -0.676807 34.246376
v 34.792923 0.301350 34.509396
v 34.813354 0.358225 34.514503
v 34.691109 0.182521 34.483940
v 34.587513 0.073128 34.458038
v 34.501537 -0.065047 34.436546
v 34.414837 -0.205019 34.414867
v 34.331009 -0.353084 34.393913
v 34.255928 -0.507881 34.375141
v 34.190350 -0.677042 34.367039
v 34.150234 -0.885538 34.348717
v 33.841309 -0.541693 34.277931
v 33.933357 -0.385968 34.294495
v 34.046059 -0.270327 34.322670
v 34.157333 -0.152104 34.350491
v 34.274075 -0.043763 34.379677
v 34.392082 0.062283 34.409180
v 34.517681 0.154609 34.440582
v 34.645321 0.243250 34.472492
vn 0.2425 -0.0000 -0.9701
vn 0.2368 0.0165 -0.9714
vn 0.2447 0.0062 -0.9696
vn 0.2528 -0.0219 -0.9673
vn 0.2438 0.0174 -0.9697
vn 0.2469 0.0047 -0.9690
vn 0.2432 -0.0244 -0.9697
vn 0.2500 0.0157 -0.9681
vn 0.2483 0.0027 -0.9687
vn 0.2343 -0.0229 -0.9719
vt 0.000000 0.888889
vt 1.000000 0.888889
vt 1.000000 1.000000
vt 0.000000 1.000000
vt 0.000000 0.000000
vt 1.000000 0.000000
vt 1.000000 0.111111
vt 0.000000 0.111111
vt 1.000000 0.222222
vt 0.000000 0.222222
vt 1.000000 0.333333
vt 0.000000 0.333333
vt 1.000000 0.444444
vt 0.000000 0.444444
vt 1.000000 0.555556
vt 0.000000 0.555556
vt 1.000000 0.666667
vt 0.000000 0.666667
vt 1.000000 0.777778
vt 0.000000 0.777778
s 0
usemtl マテリアル.107
f 9201/3837/1342 9216/3838/1342 9200/3839/1342 9199/3840/1342
f 9197/3841/1343 9198/3842/1343 9209/3843/1343 9208/3844/1343
f 9208/3844/1344 9209/3843/1344 9210/3845/1344 9207/3846/1344
f 9207/3846/1345 9210/3845/1345 9211/3847/1345 9206/3848/1345
f 9206/3848/1342 9211/3847/1342 9212/3849/1342 9205/3850/1342
f 9205/3850/1342 9212/3849/1342 9213/3851/1342 9204/3852/1342
f 9204/3852/1342 9213/3851/1342 9214/3853/1342 9203/3854/1342
f 9203/3854/1342 9214/3853/1342 9215/3855/1342 9202/3856/1342
f 9202/3856/1342 9215/3855/1342 9216/3838/1342 9201/3837/1342
f 9221/3837/1342 9236/3838/1342 9220/3839/1342 9219/3840/1342
f 9217/3841/1346 9218/3842/1346 9229/3843/1346 9228/3844/1346
f 9228/3844/1347 9229/3843/1347 9230/3845/1347 9227/3846/1347
f 9227/3846/1348 9230/3845/1348 9231/3847/1348 9226/3848/1348
f 9226/3848/1342 9231/3847/1342 9232/3849/1342 9225/3850/1342
f 9225/3850/1342 9232/3849/1342 9233/3851/1342 9224/3852/1342
f 9224/3852/1342 9233/3851/1342 9234/3853/1342 9223/3854/1342
f 9223/3854/1342 9234/3853/1342 9235/3855/1342 9222/3856/1342
f 9222/3856/1342 9235/3855/1342 9236/3838/1342 9221/3837/1342
f 9241/3837/1342 9256/3838/1342 9240/3839/1342 9239/3840/1342
f 9237/3841/1349 9238/3842/1349 9249/3843/1349 9248/3844/1349
f 9248/3844/1350 9249/3843/1350 9250/3845/1350 9247/3846/1350
f 9247/3846/1351 9250/3845/1351 9251/3847/1351 9246/3848/1351
f 9246/3848/1342 9251/3847/1342 9252/3849/1342 9245/3850/1342
f 9245/3850/1342 9252/3849/1342 9253/3851/1342 9244/3852/1342
f 9244/3852/1342 9253/3851/1342 9254/3853/1342 9243/3854/1342
f 9243/3854/1342 9254/3853/1342 9255/3855/1342 9242/3856/1342
f 9242/3856/1342 9255/3855/1342 9256/3838/1342 9241/3837/1342
o 平面.001
v -34.673618 -0.762829 35.023293
v -35.207336 -0.758829 34.889858
v -35.161324 0.700789 34.901363
v -35.186901 0.755405 34.894966
v -35.148888 0.542770 34.904469
v -35.144283 0.389971 34.905621
v -35.107346 0.230296 34.914856
v -35.069649 0.068835 34.924282
v -35.024307 -0.096104 34.935616
v -34.968197 -0.259218 34.949646
v -34.896046 -0.423787 34.975975
v -34.777557 -0.599629 34.997307
v -35.232590 -0.589428 34.889992
v -35.277119 -0.414198 34.872410
v -35.279774 -0.250305 34.871746
v -35.285225 -0.085681 34.870384
v -35.279980 0.076148 34.871696
v -35.272247 0.237328 34.873631
v -35.249660 0.394628 34.879276
v -35.223091 0.550886 34.885918
v -34.540173 -0.906459 35.056652
v -35.025661 -0.677884 34.935276
v -34.404736 0.634778 35.090515
v -34.406418 0.695401 35.090096
v -34.456062 0.485329 35.077682
v -34.512466 0.343944 35.063580
v -34.542088 0.182656 35.056175
v -34.571728 0.019421 35.048763
v -34.595772 -0.150212 35.042755
v -34.609257 -0.322718 35.039383
v -34.608860 -0.504132 35.047775
v -34.570301 -0.713719 35.049122
v -34.981651 -0.513286 34.952728
v -34.952656 -0.333965 34.953529
v -34.890072 -0.183276 34.969177
v -34.829750 -0.030742 34.984257
v -34.760773 0.114732 35.001503
v -34.689789 0.258568 35.019249
v -34.606789 0.392603 35.040001
v -34.520561 0.524006 35.061558
v -34.477997 -1.075909 35.072197
v -34.845367 -0.676807 34.980350
v -33.793339 0.301350 35.243370
v -33.772907 0.358225 35.248478
v -33.895153 0.182521 35.217915
v -33.998749 0.073128 35.192013
v -34.084724 -0.065047 35.170521
v -34.171425 -0.205019 35.148842
v -34.255253 -0.353084 35.127884
v -34.330334 -0.507881 35.109116
v -34.395912 -0.677042 35.101013
v -34.436028 -0.885538 35.082691
v -34.744953 -0.541693 35.011906
v -34.652905 -0.385968 35.028469
v -34.540203 -0.270327 35.056644
v -34.428928 -0.152104 35.084465
v -34.312187 -0.043763 35.113651
v -34.194180 0.062283 35.143154
v -34.068581 0.154609 35.174557
v -33.940941 0.243250 35.206467
vn 0.2425 -0.0000 -0.9701
vn 0.2368 0.0165 -0.9714
vn 0.2447 0.0062 -0.9696
vn 0.2528 -0.0219 -0.9673
vn 0.2438 0.0174 -0.9697
vn 0.2469 0.0047 -0.9690
vn 0.2432 -0.0244 -0.9697
vn 0.2500 0.0157 -0.9681
vn 0.2483 0.0027 -0.9687
vn 0.2343 -0.0229 -0.9719
vt 0.000000 0.888889
vt 1.000000 0.888889
vt 1.000000 1.000000
vt 0.000000 1.000000
vt 0.000000 0.000000
vt 1.000000 0.000000
vt 1.000000 0.111111
vt 0.000000 0.111111
vt 1.000000 0.222222
vt 0.000000 0.222222
vt 1.000000 0.333333
vt 0.000000 0.333333
vt 1.000000 0.444444
vt 0.000000 0.444444
vt 1.000000 0.555556
vt 0.000000 0.555556
vt 1.000000 0.666667
vt 0.000000 0.666667
vt 1.000000 0.777778
vt 0.000000 0.777778
s 0
usemtl マテリアル.107
f 9261/3857/1352 9276/3858/1352 9260/3859/1352 9259/3860/1352
f 9257/3861/1353 9258/3862/1353 9269/3863/1353 9268/3864/1353
f 9268/3864/1354 9269/3863/1354 9270/3865/1354 9267/3866/1354
f 9267/3866/1355 9270/3865/1355 9271/3867/1355 9266/3868/1355
f 9266/3868/1352 9271/3867/1352 9272/3869/1352 9265/3870/1352
f 9265/3870/1352 9272/3869/1352 9273/3871/1352 9264/3872/1352
f 9264/3872/1352 9273/3871/1352 9274/3873/1352 9263/3874/1352
f 9263/3874/1352 9274/3873/1352 9275/3875/1352 9262/3876/1352
f 9262/3876/1352 9275/3875/1352 9276/3858/1352 9261/3857/1352
f 9281/3857/1352 9296/3858/1352 9280/3859/1352 9279/3860/1352
f 9277/3861/1356 9278/3862/1356 9289/3863/1356 9288/3864/1356
f 9288/3864/1357 9289/3863/1357 9290/3865/1357 9287/3866/1357
f 9287/3866/1358 9290/3865/1358 9291/3867/1358 9286/3868/1358
f 9286/3868/1352 9291/3867/1352 9292/3869/1352 9285/3870/1352
f 9285/3870/1352 9292/3869/1352 9293/3871/1352 9284/3872/1352
f 9284/3872/1352 9293/3871/1352 9294/3873/1352 9283/3874/1352
f 9283/3874/1352 9294/3873/1352 9295/3875/1352 9282/3876/1352
f 9282/3876/1352 9295/3875/1352 9296/3858/1352 9281/3857/1352
f 9301/3857/1352 9316/3858/1352 9300/3859/1352 9299/3860/1352
f 9297/3861/1359 9298/3862/1359 9309/3863/1359 9308/3864/1359
f 9308/3864/1360 9309/3863/1360 9310/3865/1360 9307/3866/1360
f 9307/3866/1361 9310/3865/1361 9311/3867/1361 9306/3868/1361
f 9306/3868/1352 9311/3867/1352 9312/3869/1352 9305/3870/1352
f 9305/3870/1352 9312/3869/1352 9313/3871/1352 9304/3872/1352
f 9304/3872/1352 9313/3871/1352 9314/3873/1352 9303/3874/1352
f 9303/3874/1352 9314/3873/1352 9315/3875/1352 9302/3876/1352
f 9302/3876/1352 9315/3875/1352 9316/3858/1352 9301/3857/1352
o 平面.001
v -29.541656 -0.762829 35.727543
v -30.075377 -0.758829 35.594109
v -30.029362 0.700789 35.605614
v -30.054943 0.755405 35.599216
v -30.016928 0.542770 35.608719
v -30.012323 0.389971 35.609871
v -29.975384 0.230296 35.619106
v -29.937689 0.068835 35.628532
v -29.892349 -0.096104 35.639866
v -29.836235 -0.259218 35.653896
v -29.764088 -0.423787 35.680225
v -29.645597 -0.599629 35.701557
v -30.100630 -0.589428 35.594242
v -30.145161 -0.414198 35.576660
v -30.147814 -0.250305 35.575996
v -30.153265 -0.085681 35.574635
v -30.148018 0.076148 35.575947
v -30.140285 0.237328 35.577881
v -30.117702 0.394628 35.583527
v -30.091129 0.550886 35.590168
v -29.408215 -0.906459 35.760902
v -29.893703 -0.677884 35.639526
v -29.272776 0.634778 35.794765
v -29.274458 0.695401 35.794346
v -29.324102 0.485329 35.781933
v -29.380507 0.343944 35.767830
v -29.410128 0.182656 35.760426
v -29.439768 0.019421 35.753014
v -29.463810 -0.150212 35.747005
v -29.477299 -0.322718 35.743633
v -29.476900 -0.504132 35.752026
v -29.438339 -0.713719 35.753372
v -29.849691 -0.513286 35.656979
v -29.820696 -0.333965 35.657780
v -29.758112 -0.183276 35.673428
v -29.697790 -0.030742 35.688507
v -29.628815 0.114732 35.705753
v -29.557829 0.258568 35.723499
v -29.474829 0.392603 35.744251
v -29.388599 0.524006 35.765808
v -29.346039 -1.075909 35.776447
v -29.713408 -0.676807 35.684601
v -28.661379 0.301350 35.947620
v -28.640949 0.358225 35.952728
v -28.763191 0.182521 35.922165
v -28.866789 0.073128 35.896263
v -28.952765 -0.065047 35.874771
v -29.039465 -0.205019 35.853092
v -29.123293 -0.353084 35.832138
v -29.198376 -0.507881 35.813366
v -29.263950 -0.677042 35.805264
v -29.304068 -0.885538 35.786942
v -29.612993 -0.541693 35.716156
v -29.520947 -0.385968 35.732719
v -29.408243 -0.270327 35.760895
v -29.296968 -0.152104 35.788715
v -29.180229 -0.043763 35.817902
v -29.062220 0.062283 35.847404
v -28.936621 0.154609 35.878807
v -28.808983 0.243250 35.910717
vn 0.2425 -0.0000 -0.9701
vn 0.2368 0.0165 -0.9714
vn 0.2447 0.0062 -0.9696
vn 0.2528 -0.0219 -0.9673
vn 0.2438 0.0174 -0.9697
vn 0.2469 0.0047 -0.9690
vn 0.2432 -0.0244 -0.9697
vn 0.2500 0.0157 -0.9681
vn 0.2483 0.0027 -0.9687
vn 0.2343 -0.0229 -0.9719
vt 0.000000 0.888889
vt 1.000000 0.888889
vt 1.000000 1.000000
vt 0.000000 1.000000
vt 0.000000 0.000000
vt 1.000000 0.000000
vt 1.000000 0.111111
vt 0.000000 0.111111
vt 1.000000 0.222222
vt 0.000000 0.222222
vt 1.000000 0.333333
vt 0.000000 0.333333
vt 1.000000 0.444444
vt 0.000000 0.444444
vt 1.000000 0.555556
vt 0.000000 0.555556
vt 1.000000 0.666667
vt 0.000000 0.666667
vt 1.000000 0.777778
vt 0.000000 0.777778
s 0
usemtl マテリアル.107
f 9321/3877/1362 9336/3878/1362 9320/3879/1362 9319/3880/1362
f 9317/3881/1363 9318/3882/1363 9329/3883/1363 9328/3884/1363
f 9328/3884/1364 9329/3883/1364 9330/3885/1364 9327/3886/1364
f 9327/3886/1365 9330/3885/1365 9331/3887/1365 9326/3888/1365
f 9326/3888/1362 9331/3887/1362 9332/3889/1362 9325/3890/1362
f 9325/3890/1362 9332/3889/1362 9333/3891/1362 9324/3892/1362
f 9324/3892/1362 9333/3891/1362 9334/3893/1362 9323/3894/1362
f 9323/3894/1362 9334/3893/1362 9335/3895/1362 9322/3896/1362
f 9322/3896/1362 9335/3895/1362 9336/3878/1362 9321/3877/1362
f 9341/3877/1362 9356/3878/1362 9340/3879/1362 9339/3880/1362
f 9337/3881/1366 9338/3882/1366 9349/3883/1366 9348/3884/1366
f 9348/3884/1367 9349/3883/1367 9350/3885/1367 9347/3886/1367
f 9347/3886/1368 9350/3885/1368 9351/3887/1368 9346/3888/1368
f 9346/3888/1362 9351/3887/1362 9352/3889/1362 9345/3890/1362
f 9345/3890/1362 9352/3889/1362 9353/3891/1362 9344/3892/1362
f 9344/3892/1362 9353/3891/1362 9354/3893/1362 9343/3894/1362
f 9343/3894/1362 9354/3893/1362 9355/3895/1362 9342/3896/1362
f 9342/3896/1362 9355/3895/1362 9356/3878/1362 9341/3877/1362
f 9361/3877/1362 9376/3878/1362 9360/3879/1362 9359/3880/1362
f 9357/3881/1369 9358/3882/1369 9369/3883/1369 9368/3884/1369
f 9368/3884/1370 9369/3883/1370 9370/3885/1370 9367/3886/1370
f 9367/3886/1371 9370/3885/1371 9371/3887/1371 9366/3888/1371
f 9366/3888/1362 9371/3887/1362 9372/3889/1362 9365/3890/1362
f 9365/3890/1362 9372/3889/1362 9373/3891/1362 9364/3892/1362
f 9364/3892/1362 9373/3891/1362 9374/3893/1362 9363/3894/1362
f 9363/3894/1362 9374/3893/1362 9375/3895/1362 9362/3896/1362
f 9362/3896/1362 9375/3895/1362 9376/3878/1362 9361/3877/1362
o 平面.001
v -26.632812 -0.762829 -35.225834
v -27.166533 -0.758829 -35.359268
v -27.120518 0.700789 -35.347763
v -27.146099 0.755405 -35.354160
v -27.108084 0.542770 -35.344658
v -27.103479 0.389971 -35.343506
v -27.066540 0.230296 -35.334270
v -27.028845 0.068835 -35.324844
v -26.983505 -0.096104 -35.313511
v -26.927391 -0.259218 -35.299480
v -26.855244 -0.423787 -35.273151
v -26.736753 -0.599629 -35.251820
v -27.191786 -0.589428 -35.359135
v -27.236317 -0.414198 -35.376717
v -27.238970 -0.250305 -35.377380
v -27.244421 -0.085681 -35.378742
v -27.239174 0.076148 -35.377430
v -27.231441 0.237328 -35.375496
v -27.208858 0.394628 -35.369850
v -27.182285 0.550886 -35.363209
v -26.499371 -0.906459 -35.192474
v -26.984859 -0.677884 -35.313850
v -26.363932 0.634778 -35.158611
v -26.365614 0.695401 -35.159031
v -26.415258 0.485329 -35.171444
v -26.471663 0.343944 -35.185547
v -26.501284 0.182656 -35.192951
v -26.530924 0.019421 -35.200363
v -26.554966 -0.150212 -35.206371
v -26.568455 -0.322718 -35.209743
v -26.568056 -0.504132 -35.201351
v -26.529495 -0.713719 -35.200005
v -26.940847 -0.513286 -35.296398
v -26.911852 -0.333965 -35.295597
v -26.849268 -0.183276 -35.279949
v -26.788946 -0.030742 -35.264870
v -26.719971 0.114732 -35.247623
v -26.648985 0.258568 -35.229877
v -26.565985 0.392603 -35.209126
v -26.479755 0.524006 -35.187569
v -26.437195 -1.075909 -35.176929
v -26.804564 -0.676807 -35.268776
v -25.752535 0.301350 -35.005756
v -25.732105 0.358225 -35.000648
v -25.854347 0.182521 -35.031212
v -25.957945 0.073128 -35.057114
v -26.043921 -0.065047 -35.078606
v -26.130621 -0.205019 -35.100285
v -26.214449 -0.353084 -35.121239
v -26.289532 -0.507881 -35.140011
v -26.355106 -0.677042 -35.148113
v -26.395224 -0.885538 -35.166435
v -26.704149 -0.541693 -35.237221
v -26.612103 -0.385968 -35.220657
v -26.499399 -0.270327 -35.192482
v -26.388124 -0.152104 -35.164661
v -26.271385 -0.043763 -35.135475
v -26.153376 0.062283 -35.105972
v -26.027777 0.154609 -35.074570
v -25.900139 0.243250 -35.042660
vn 0.2425 -0.0000 -0.9701
vn 0.2368 0.0165 -0.9714
vn 0.2447 0.0062 -0.9696
vn 0.2528 -0.0219 -0.9673
vn 0.2438 0.0174 -0.9697
vn 0.2469 0.0047 -0.9690
vn 0.2432 -0.0244 -0.9697
vn 0.2500 0.0157 -0.9681
vn 0.2483 0.0027 -0.9687
vn 0.2343 -0.0229 -0.9719
vt 0.000000 0.888889
vt 1.000000 0.888889
vt 1.000000 1.000000
vt 0.000000 1.000000
vt 0.000000 0.000000
vt 1.000000 0.000000
vt 1.000000 0.111111
vt 0.000000 0.111111
vt 1.000000 0.222222
vt 0.000000 0.222222
vt 1.000000 0.333333
vt 0.000000 0.333333
vt 1.000000 0.444444
vt 0.000000 0.444444
vt 1.000000 0.555556
vt 0.000000 0.555556
vt 1.000000 0.666667
vt 0.000000 0.666667
vt 1.000000 0.777778
vt 0.000000 0.777778
s 0
usemtl マテリアル.107
f 9381/3897/1372 9396/3898/1372 9380/3899/1372 9379/3900/1372
f 9377/3901/1373 9378/3902/1373 9389/3903/1373 9388/3904/1373
f 9388/3904/1374 9389/3903/1374 9390/3905/1374 9387/3906/1374
f 9387/3906/1375 9390/3905/1375 9391/3907/1375 9386/3908/1375
f 9386/3908/1372 9391/3907/1372 9392/3909/1372 9385/3910/1372
f 9385/3910/1372 9392/3909/1372 9393/3911/1372 9384/3912/1372
f 9384/3912/1372 9393/3911/1372 9394/3913/1372 9383/3914/1372
f 9383/3914/1372 9394/3913/1372 9395/3915/1372 9382/3916/1372
f 9382/3916/1372 9395/3915/1372 9396/3898/1372 9381/3897/1372
f 9401/3897/1372 9416/3898/1372 9400/3899/1372 9399/3900/1372
f 9397/3901/1376 9398/3902/1376 9409/3903/1376 9408/3904/1376
f 9408/3904/1377 9409/3903/1377 9410/3905/1377 9407/3906/1377
f 9407/3906/1378 9410/3905/1378 9411/3907/1378 9406/3908/1378
f 9406/3908/1372 9411/3907/1372 9412/3909/1372 9405/3910/1372
f 9405/3910/1372 9412/3909/1372 9413/3911/1372 9404/3912/1372
f 9404/3912/1372 9413/3911/1372 9414/3913/1372 9403/3914/1372
f 9403/3914/1372 9414/3913/1372 9415/3915/1372 9402/3916/1372
f 9402/3916/1372 9415/3915/1372 9416/3898/1372 9401/3897/1372
f 9421/3897/1372 9436/3898/1372 9420/3899/1372 9419/3900/1372
f 9417/3901/1379 9418/3902/1379 9429/3903/1379 9428/3904/1379
f 9428/3904/1380 9429/3903/1380 9430/3905/1380 9427/3906/1380
f 9427/3906/1381 9430/3905/1381 9431/3907/1381 9426/3908/1381
f 9426/3908/1372 9431/3907/1372 9432/3909/1372 9425/3910/1372
f 9425/3910/1372 9432/3909/1372 9433/3911/1372 9424/3912/1372
f 9424/3912/1372 9433/3911/1372 9434/3913/1372 9423/3914/1372
f 9423/3914/1372 9434/3913/1372 9435/3915/1372 9422/3916/1372
f 9422/3916/1372 9435/3915/1372 9436/3898/1372 9421/3897/1372
o 平面.001
v -23.461493 -0.762829 -36.734283
v -23.995213 -0.758829 -36.867718
v -23.949200 0.700789 -36.856213
v -23.974779 0.755405 -36.862610
v -23.936764 0.542770 -36.853107
v -23.932159 0.389971 -36.851955
v -23.895220 0.230296 -36.842720
v -23.857525 0.068835 -36.833294
v -23.812185 -0.096104 -36.821960
v -23.756071 -0.259218 -36.807930
v -23.683924 -0.423787 -36.781601
v -23.565434 -0.599629 -36.760269
v -24.020466 -0.589428 -36.867584
v -24.064997 -0.414198 -36.885166
v -24.067650 -0.250305 -36.885830
v -24.073101 -0.085681 -36.887192
v -24.067854 0.076148 -36.885880
v -24.060122 0.237328 -36.883945
v -24.037539 0.394628 -36.878300
v -24.010965 0.550886 -36.871658
v -23.328051 -0.906459 -36.700924
v -23.813540 -0.677884 -36.822300
v -23.192612 0.634778 -36.667061
v -23.194294 0.695401 -36.667480
v -23.243938 0.485329 -36.679893
v -23.300343 0.343944 -36.693996
v -23.329964 0.182656 -36.701401
v -23.359604 0.019421 -36.708813
v -23.383646 -0.150212 -36.714821
v -23.397135 -0.322718 -36.718193
v -23.396736 -0.504132 -36.709801
v -23.358175 -0.713719 -36.708454
v -23.769527 -0.513286 -36.804848
v -23.740532 -0.333965 -36.804047
v -23.677948 -0.183276 -36.788399
v -23.617626 -0.030742 -36.773319
v -23.548651 0.114732 -36.756073
v -23.477665 0.258568 -36.738327
v -23.394665 0.392603 -36.717575
v -23.308435 0.524006 -36.696018
v -23.265875 -1.075909 -36.685379
v -23.633244 -0.676807 -36.777225
v -22.581215 0.301350 -36.514206
v -22.560785 0.358225 -36.509098
v -22.683027 0.182521 -36.539661
v -22.786625 0.073128 -36.565563
v -22.872601 -0.065047 -36.587055
v -22.959301 -0.205019 -36.608734
v -23.043129 -0.353084 -36.629692
v -23.118212 -0.507881 -36.648460
v -23.183786 -0.677042 -36.656563
v -23.223904 -0.885538 -36.674885
v -23.532829 -0.541693 -36.745670
v -23.440783 -0.385968 -36.729107
v -23.328079 -0.270327 -36.700932
v -23.216805 -0.152104 -36.673111
v -23.100065 -0.043763 -36.643925
v -22.982056 0.062283 -36.614422
v -22.856457 0.154609 -36.583019
v -22.728819 0.243250 -36.551109
vn 0.2425 -0.0000 -0.9701
vn 0.2368 0.0165 -0.9714
vn 0.2447 0.0062 -0.9696
vn 0.2528 -0.0219 -0.9673
vn 0.2438 0.0174 -0.9697
vn 0.2469 0.0047 -0.9690
vn 0.2432 -0.0244 -0.9697
vn 0.2500 0.0157 -0.9681
vn 0.2483 0.0027 -0.9687
vn 0.2343 -0.0229 -0.9719
vt 0.000000 0.888889
vt 1.000000 0.888889
vt 1.000000 1.000000
vt 0.000000 1.000000
vt 0.000000 0.000000
vt 1.000000 0.000000
vt 1.000000 0.111111
vt 0.000000 0.111111
vt 1.000000 0.222222
vt 0.000000 0.222222
vt 1.000000 0.333333
vt 0.000000 0.333333
vt 1.000000 0.444444
vt 0.000000 0.444444
vt 1.000000 0.555556
vt 0.000000 0.555556
vt 1.000000 0.666667
vt 0.000000 0.666667
vt 1.000000 0.777778
vt 0.000000 0.777778
s 0
usemtl マテリアル.107
f 9441/3917/1382 9456/3918/1382 9440/3919/1382 9439/3920/1382
f 9437/3921/1383 9438/3922/1383 9449/3923/1383 9448/3924/1383
f 9448/3924/1384 9449/3923/1384 9450/3925/1384 9447/3926/1384
f 9447/3926/1385 9450/3925/1385 9451/3927/1385 9446/3928/1385
f 9446/3928/1382 9451/3927/1382 9452/3929/1382 9445/3930/1382
f 9445/3930/1382 9452/3929/1382 9453/3931/1382 9444/3932/1382
f 9444/3932/1382 9453/3931/1382 9454/3933/1382 9443/3934/1382
f 9443/3934/1382 9454/3933/1382 9455/3935/1382 9442/3936/1382
f 9442/3936/1382 9455/3935/1382 9456/3918/1382 9441/3917/1382
f 9461/3917/1382 9476/3918/1382 9460/3919/1382 9459/3920/1382
f 9457/3921/1386 9458/3922/1386 9469/3923/1386 9468/3924/1386
f 9468/3924/1387 9469/3923/1387 9470/3925/1387 9467/3926/1387
f 9467/3926/1388 9470/3925/1388 9471/3927/1388 9466/3928/1388
f 9466/3928/1382 9471/3927/1382 9472/3929/1382 9465/3930/1382
f 9465/3930/1382 9472/3929/1382 9473/3931/1382 9464/3932/1382
f 9464/3932/1382 9473/3931/1382 9474/3933/1382 9463/3934/1382
f 9463/3934/1382 9474/3933/1382 9475/3935/1382 9462/3936/1382
f 9462/3936/1382 9475/3935/1382 9476/3918/1382 9461/3917/1382
f 9481/3917/1382 9496/3918/1382 9480/3919/1382 9479/3920/1382
f 9477/3921/1389 9478/3922/1389 9489/3923/1389 9488/3924/1389
f 9488/3924/1390 9489/3923/1390 9490/3925/1390 9487/3926/1390
f 9487/3926/1391 9490/3925/1391 9491/3927/1391 9486/3928/1391
f 9486/3928/1382 9491/3927/1382 9492/3929/1382 9485/3930/1382
f 9485/3930/1382 9492/3929/1382 9493/3931/1382 9484/3932/1382
f 9484/3932/1382 9493/3931/1382 9494/3933/1382 9483/3934/1382
f 9483/3934/1382 9494/3933/1382 9495/3935/1382 9482/3936/1382
f 9482/3936/1382 9495/3935/1382 9496/3918/1382 9481/3917/1382
o 平面.001
v -13.844689 -0.762829 -36.030029
v -14.378409 -0.758829 -36.163464
v -14.332395 0.700789 -36.151958
v -14.357975 0.755405 -36.158356
v -14.319960 0.542770 -36.148853
v -14.315356 0.389971 -36.147701
v -14.278416 0.230296 -36.138466
v -14.240722 0.068835 -36.129040
v -14.195380 -0.096104 -36.117706
v -14.139267 -0.259218 -36.103676
v -14.067120 -0.423787 -36.077347
v -13.948629 -0.599629 -36.056015
v -14.403662 -0.589428 -36.163330
v -14.448192 -0.414198 -36.180912
v -14.450847 -0.250305 -36.181576
v -14.456297 -0.085681 -36.182938
v -14.451050 0.076148 -36.181625
v -14.443318 0.237328 -36.179691
v -14.420734 0.394628 -36.174046
v -14.394161 0.550886 -36.167404
v -13.711246 -0.906459 -35.996670
v -14.196735 -0.677884 -36.118046
v -13.575808 0.634778 -35.962807
v -13.577489 0.695401 -35.963226
v -13.627134 0.485329 -35.975639
v -13.683538 0.343944 -35.989742
v -13.713160 0.182656 -35.997147
v -13.742801 0.019421 -36.004559
v -13.766843 -0.150212 -36.010567
v -13.780330 -0.322718 -36.013939
v -13.779932 -0.504132 -36.005547
v -13.741372 -0.713719 -36.004200
v -14.152723 -0.513286 -36.100594
v -14.123727 -0.333965 -36.099792
v -14.061144 -0.183276 -36.084145
v -14.000822 -0.030742 -36.069065
v -13.931847 0.114732 -36.051819
v -13.860861 0.258568 -36.034073
v -13.777861 0.392603 -36.013321
v -13.691632 0.524006 -35.991764
v -13.649071 -1.075909 -35.981125
v -14.016439 -0.676807 -36.072971
v -12.964411 0.301350 -35.809952
v -12.943981 0.358225 -35.804844
v -13.066223 0.182521 -35.835407
v -13.169821 0.073128 -35.861309
v -13.255796 -0.065047 -35.882801
v -13.342497 -0.205019 -35.904480
v -13.426326 -0.353084 -35.925438
v -13.501407 -0.507881 -35.944206
v -13.566982 -0.677042 -35.952309
v -13.607100 -0.885538 -35.970631
v -13.916026 -0.541693 -36.041416
v -13.823978 -0.385968 -36.024853
v -13.711275 -0.270327 -35.996677
v -13.600001 -0.152104 -35.968857
v -13.483261 -0.043763 -35.939671
v -13.365251 0.062283 -35.910168
v -13.239652 0.154609 -35.878765
v -13.112015 0.243250 -35.846855
vn 0.2425 -0.0000 -0.9701
vn 0.2368 0.0165 -0.9714
vn 0.2447 0.0062 -0.9696
vn 0.2528 -0.0219 -0.9673
vn 0.2438 0.0174 -0.9697
vn 0.2469 0.0047 -0.9690
vn 0.2432 -0.0244 -0.9697
vn 0.2500 0.0157 -0.9681
vn 0.2483 0.0027 -0.9687
vn 0.2343 -0.0229 -0.9719
vt 0.000000 0.888889
vt 1.000000 0.888889
vt 1.000000 1.000000
vt 0.000000 1.000000
vt 0.000000 0.000000
vt 1.000000 0.000000
vt 1.000000 0.111111
vt 0.000000 0.111111
vt 1.000000 0.222222
vt 0.000000 0.222222
vt 1.000000 0.333333
vt 0.000000 0.333333
vt 1.000000 0.444444
vt 0.000000 0.444444
vt 1.000000 0.555556
vt 0.000000 0.555556
vt 1.000000 0.666667
vt 0.000000 0.666667
vt 1.000000 0.777778
vt 0.000000 0.777778
s 0
usemtl マテリアル.107
f 9501/3937/1392 9516/3938/1392 9500/3939/1392 9499/3940/1392
f 9497/3941/1393 9498/3942/1393 9509/3943/1393 9508/3944/1393
f 9508/3944/1394 9509/3943/1394 9510/3945/1394 9507/3946/1394
f 9507/3946/1395 9510/3945/1395 9511/3947/1395 9506/3948/1395
f 9506/3948/1392 9511/3947/1392 9512/3949/1392 9505/3950/1392
f 9505/3950/1392 9512/3949/1392 9513/3951/1392 9504/3952/1392
f 9504/3952/1392 9513/3951/1392 9514/3953/1392 9503/3954/1392
f 9503/3954/1392 9514/3953/1392 9515/3955/1392 9502/3956/1392
f 9502/3956/1392 9515/3955/1392 9516/3938/1392 9501/3937/1392
f 9521/3937/1392 9536/3938/1392 9520/3939/1392 9519/3940/1392
f 9517/3941/1396 9518/3942/1396 9529/3943/1396 9528/3944/1396
f 9528/3944/1397 9529/3943/1397 9530/3945/1397 9527/3946/1397
f 9527/3946/1398 9530/3945/1398 9531/3947/1398 9526/3948/1398
f 9526/3948/1392 9531/3947/1392 9532/3949/1392 9525/3950/1392
f 9525/3950/1392 9532/3949/1392 9533/3951/1392 9524/3952/1392
f 9524/3952/1392 9533/3951/1392 9534/3953/1392 9523/3954/1392
f 9523/3954/1392 9534/3953/1392 9535/3955/1392 9522/3956/1392
f 9522/3956/1392 9535/3955/1392 9536/3938/1392 9521/3937/1392
f 9541/3937/1392 9556/3938/1392 9540/3939/1392 9539/3940/1392
f 9537/3941/1399 9538/3942/1399 9549/3943/1399 9548/3944/1399
f 9548/3944/1400 9549/3943/1400 9550/3945/1400 9547/3946/1400
f 9547/3946/1401 9550/3945/1401 9551/3947/1401 9546/3948/1401
f 9546/3948/1392 9551/3947/1392 9552/3949/1392 9545/3950/1392
f 9545/3950/1392 9552/3949/1392 9553/3951/1392 9544/3952/1392
f 9544/3952/1392 9553/3951/1392 9554/3953/1392 9543/3954/1392
f 9543/3954/1392 9554/3953/1392 9555/3955/1392 9542/3956/1392
f 9542/3956/1392 9555/3955/1392 9556/3938/1392 9541/3937/1392
o 平面.001
v -10.935843 -0.762829 -35.225834
v -11.469563 -0.758829 -35.359268
v -11.423549 0.700789 -35.347763
v -11.449129 0.755405 -35.354160
v -11.411114 0.542770 -35.344658
v -11.406510 0.389971 -35.343506
v -11.369570 0.230296 -35.334270
v -11.331876 0.068835 -35.324844
v -11.286534 -0.096104 -35.313511
v -11.230421 -0.259218 -35.299480
v -11.158274 -0.423787 -35.273151
v -11.039783 -0.599629 -35.251820
v -11.494816 -0.589428 -35.359135
v -11.539346 -0.414198 -35.376717
v -11.542001 -0.250305 -35.377380
v -11.547451 -0.085681 -35.378742
v -11.542204 0.076148 -35.377430
v -11.534472 0.237328 -35.375496
v -11.511889 0.394628 -35.369850
v -11.485315 0.550886 -35.363209
v -10.802401 -0.906459 -35.192474
v -11.287889 -0.677884 -35.313850
v -10.666962 0.634778 -35.158611
v -10.668643 0.695401 -35.159031
v -10.718288 0.485329 -35.171444
v -10.774693 0.343944 -35.185547
v -10.804314 0.182656 -35.192951
v -10.833955 0.019421 -35.200363
v -10.857997 -0.150212 -35.206371
v -10.871484 -0.322718 -35.209743
v -10.871086 -0.504132 -35.201351
v -10.832526 -0.713719 -35.200005
v -11.243877 -0.513286 -35.296398
v -11.214881 -0.333965 -35.295597
v -11.152298 -0.183276 -35.279949
v -11.091976 -0.030742 -35.264870
v -11.023001 0.114732 -35.247623
v -10.952015 0.258568 -35.229877
v -10.869015 0.392603 -35.209126
v -10.782786 0.524006 -35.187569
v -10.740225 -1.075909 -35.176929
v -11.107594 -0.676807 -35.268776
v -10.055565 0.301350 -35.005756
v -10.035135 0.358225 -35.000648
v -10.157377 0.182521 -35.031212
v -10.260975 0.073128 -35.057114
v -10.346951 -0.065047 -35.078606
v -10.433651 -0.205019 -35.100285
v -10.517480 -0.353084 -35.121239
v -10.592561 -0.507881 -35.140011
v -10.658136 -0.677042 -35.148113
v -10.698254 -0.885538 -35.166435
v -11.007180 -0.541693 -35.237221
v -10.915133 -0.385968 -35.220657
v -10.802429 -0.270327 -35.192482
v -10.691155 -0.152104 -35.164661
v -10.574415 -0.043763 -35.135475
v -10.456405 0.062283 -35.105972
v -10.330806 0.154609 -35.074570
v -10.203169 0.243250 -35.042660
vn 0.2425 -0.0000 -0.9701
vn 0.2368 0.0165 -0.9714
vn 0.2447 0.0062 -0.9696
vn 0.2528 -0.0219 -0.9673
vn 0.2438 0.0174 -0.9697
vn 0.2469 0.0047 -0.9690
vn 0.2432 -0.0244 -0.9697
vn 0.2500 0.0157 -0.9681
vn 0.2483 0.0027 -0.9687
vn 0.2343 -0.0229 -0.9719
vt 0.000000 0.888889
vt 1.000000 0.888889
vt 1.000000 1.000000
vt 0.000000 1.000000
vt 0.000000 0.000000
vt 1.000000 0.000000
vt 1.000000 0.111111
vt 0.000000 0.111111
vt 1.000000 0.222222
vt 0.000000 0.222222
vt 1.000000 0.333333
vt 0.000000 0.333333
vt 1.000000 0.444444
vt 0.000000 0.444444
vt 1.000000 0.555556
vt 0.000000 0.555556
vt 1.000000 0.666667
vt 0.000000 0.666667
vt 1.000000 0.777778
vt 0.000000 0.777778
s 0
usemtl マテリアル.107
f 9561/3957/1402 9576/3958/1402 9560/3959/1402 9559/3960/1402
f 9557/3961/1403 9558/3962/1403 9569/3963/1403 9568/3964/1403
f 9568/3964/1404 9569/3963/1404 9570/3965/1404 9567/3966/1404
f 9567/3966/1405 9570/3965/1405 9571/3967/1405 9566/3968/1405
f 9566/3968/1402 9571/3967/1402 9572/3969/1402 9565/3970/1402
f 9565/3970/1402 9572/3969/1402 9573/3971/1402 9564/3972/1402
f 9564/3972/1402 9573/3971/1402 9574/3973/1402 9563/3974/1402
f 9563/3974/1402 9574/3973/1402 9575/3975/1402 9562/3976/1402
f 9562/3976/1402 9575/3975/1402 9576/3958/1402 9561/3957/1402
f 9581/3957/1402 9596/3958/1402 9580/3959/1402 9579/3960/1402
f 9577/3961/1406 9578/3962/1406 9589/3963/1406 9588/3964/1406
f 9588/3964/1407 9589/3963/1407 9590/3965/1407 9587/3966/1407
f 9587/3966/1408 9590/3965/1408 9591/3967/1408 9586/3968/1408
f 9586/3968/1402 9591/3967/1402 9592/3969/1402 9585/3970/1402
f 9585/3970/1402 9592/3969/1402 9593/3971/1402 9584/3972/1402
f 9584/3972/1402 9593/3971/1402 9594/3973/1402 9583/3974/1402
f 9583/3974/1402 9594/3973/1402 9595/3975/1402 9582/3976/1402
f 9582/3976/1402 9595/3975/1402 9596/3958/1402 9581/3957/1402
f 9601/3957/1402 9616/3958/1402 9600/3959/1402 9599/3960/1402
f 9597/3961/1409 9598/3962/1409 9609/3963/1409 9608/3964/1409
f 9608/3964/1410 9609/3963/1410 9610/3965/1410 9607/3966/1410
f 9607/3966/1411 9610/3965/1411 9611/3967/1411 9606/3968/1411
f 9606/3968/1402 9611/3967/1402 9612/3969/1402 9605/3970/1402
f 9605/3970/1402 9612/3969/1402 9613/3971/1402 9604/3972/1402
f 9604/3972/1402 9613/3971/1402 9614/3973/1402 9603/3974/1402
f 9603/3974/1402 9614/3973/1402 9615/3975/1402 9602/3976/1402
f 9602/3976/1402 9615/3975/1402 9616/3958/1402 9601/3957/1402
o 平面.001
v 23.629414 -0.762829 -36.734283
v 23.095694 -0.758829 -36.867718
v 23.141708 0.700789 -36.856213
v 23.116127 0.755405 -36.862610
v 23.154142 0.542770 -36.853107
v 23.158747 0.389971 -36.851955
v 23.195686 0.230296 -36.842720
v 23.233381 0.068835 -36.833294
v 23.278721 -0.096104 -36.821960
v 23.334835 -0.259218 -36.807930
v 23.406982 -0.423787 -36.781601
v 23.525473 -0.599629 -36.760269
v 23.070440 -0.589428 -36.867584
v 23.025909 -0.414198 -36.885166
v 23.023256 -0.250305 -36.885830
v 23.017805 -0.085681 -36.887192
v 23.023052 0.076148 -36.885880
v 23.030785 0.237328 -36.883945
v 23.053368 0.394628 -36.878300
v 23.079941 0.550886 -36.871658
v 23.762856 -0.906459 -36.700924
v 23.277367 -0.677884 -36.822300
v 23.898294 0.634778 -36.667061
v 23.896612 0.695401 -36.667480
v 23.846968 0.485329 -36.679893
v 23.790564 0.343944 -36.693996
v 23.760942 0.182656 -36.701401
v 23.731302 0.019421 -36.708813
v 23.707260 -0.150212 -36.714821
v 23.693771 -0.322718 -36.718193
v 23.694170 -0.504132 -36.709801
v 23.732731 -0.713719 -36.708454
v 23.321379 -0.513286 -36.804848
v 23.350374 -0.333965 -36.804047
v 23.412958 -0.183276 -36.788399
v 23.473280 -0.030742 -36.773319
v 23.542255 0.114732 -36.756073
v 23.613241 0.258568 -36.738327
v 23.696241 0.392603 -36.717575
v 23.782471 0.524006 -36.696018
v 23.825031 -1.075909 -36.685379
v 23.457663 -0.676807 -36.777225
v 24.509691 0.301350 -36.514206
v 24.530121 0.358225 -36.509098
v 24.407879 0.182521 -36.539661
v 24.304281 0.073128 -36.565563
v 24.218306 -0.065047 -36.587055
v 24.131605 -0.205019 -36.608734
v 24.047777 -0.353084 -36.629692
v 23.972694 -0.507881 -36.648460
v 23.907120 -0.677042 -36.656563
v 23.867002 -0.885538 -36.674885
v 23.558077 -0.541693 -36.745670
v 23.650124 -0.385968 -36.729107
v 23.762827 -0.270327 -36.700932
v 23.874102 -0.152104 -36.673111
v 23.990841 -0.043763 -36.643925
v 24.108850 0.062283 -36.614422
v 24.234449 0.154609 -36.583019
v 24.362087 0.243250 -36.551109
vn 0.2425 -0.0000 -0.9701
vn 0.2368 0.0165 -0.9714
vn 0.2447 0.0062 -0.9696
vn 0.2528 -0.0219 -0.9673
vn 0.2438 0.0174 -0.9697
vn 0.2469 0.0047 -0.9690
vn 0.2432 -0.0244 -0.9697
vn 0.2500 0.0157 -0.9681
vn 0.2483 0.0027 -0.9687
vn 0.2343 -0.0229 -0.9719
vt 0.000000 0.888889
vt 1.000000 0.888889
vt 1.000000 1.000000
vt 0.000000 1.000000
vt 0.000000 0.000000
vt 1.000000 0.000000
vt 1.000000 0.111111
vt 0.000000 0.111111
vt 1.000000 0.222222
vt 0.000000 0.222222
vt 1.000000 0.333333
vt 0.000000 0.333333
vt 1.000000 0.444444
vt 0.000000 0.444444
vt 1.000000 0.555556
vt 0.000000 0.555556
vt 1.000000 0.666667
vt 0.000000 0.666667
vt 1.000000 0.777778
vt 0.000000 0.777778
s 0
usemtl マテリアル.107
f 9621/3977/1412 9636/3978/1412 9620/3979/1412 9619/3980/1412
f 9617/3981/1413 9618/3982/1413 9629/3983/1413 9628/3984/1413
f 9628/3984/1414 9629/3983/1414 9630/3985/1414 9627/3986/1414
f 9627/3986/1415 9630/3985/1415 9631/3987/1415 9626/3988/1415
f 9626/3988/1412 9631/3987/1412 9632/3989/1412 9625/3990/1412
f 9625/3990/1412 9632/3989/1412 9633/3991/1412 9624/3992/1412
f 9624/3992/1412 9633/3991/1412 9634/3993/1412 9623/3994/1412
f 9623/3994/1412 9634/3993/1412 9635/3995/1412 9622/3996/1412
f 9622/3996/1412 9635/3995/1412 9636/3978/1412 9621/3977/1412
f 9641/3977/1412 9656/3978/1412 9640/3979/1412 9639/3980/1412
f 9637/3981/1416 9638/3982/1416 9649/3983/1416 9648/3984/1416
f 9648/3984/1417 9649/3983/1417 9650/3985/1417 9647/3986/1417
f 9647/3986/1418 9650/3985/1418 9651/3987/1418 9646/3988/1418
f 9646/3988/1412 9651/3987/1412 9652/3989/1412 9645/3990/1412
f 9645/3990/1412 9652/3989/1412 9653/3991/1412 9644/3992/1412
f 9644/3992/1412 9653/3991/1412 9654/3993/1412 9643/3994/1412
f 9643/3994/1412 9654/3993/1412 9655/3995/1412 9642/3996/1412
f 9642/3996/1412 9655/3995/1412 9656/3978/1412 9641/3977/1412
f 9661/3977/1412 9676/3978/1412 9660/3979/1412 9659/3980/1412
f 9657/3981/1419 9658/3982/1419 9669/3983/1419 9668/3984/1419
f 9668/3984/1420 9669/3983/1420 9670/3985/1420 9667/3986/1420
f 9667/3986/1421 9670/3985/1421 9671/3987/1421 9666/3988/1421
f 9666/3988/1412 9671/3987/1412 9672/3989/1412 9665/3990/1412
f 9665/3990/1412 9672/3989/1412 9673/3991/1412 9664/3992/1412
f 9664/3992/1412 9673/3991/1412 9674/3993/1412 9663/3994/1412
f 9663/3994/1412 9674/3993/1412 9675/3995/1412 9662/3996/1412
f 9662/3996/1412 9675/3995/1412 9676/3978/1412 9661/3977/1412
o 平面.001
v 28.761372 -0.762829 -36.030029
v 28.227652 -0.758829 -36.163464
v 28.273666 0.700789 -36.151958
v 28.248085 0.755405 -36.158356
v 28.286100 0.542770 -36.148853
v 28.290705 0.389971 -36.147701
v 28.327644 0.230296 -36.138466
v 28.365339 0.068835 -36.129040
v 28.410679 -0.096104 -36.117706
v 28.466793 -0.259218 -36.103676
v 28.538940 -0.423787 -36.077347
v 28.657431 -0.599629 -36.056015
v 28.202398 -0.589428 -36.163330
v 28.157867 -0.414198 -36.180912
v 28.155214 -0.250305 -36.181576
v 28.149763 -0.085681 -36.182938
v 28.155010 0.076148 -36.181625
v 28.162743 0.237328 -36.179691
v 28.185326 0.394628 -36.174046
v 28.211899 0.550886 -36.167404
v 28.894814 -0.906459 -35.996670
v 28.409325 -0.677884 -36.118046
v 29.030252 0.634778 -35.962807
v 29.028570 0.695401 -35.963226
v 28.978926 0.485329 -35.975639
v 28.922522 0.343944 -35.989742
v 28.892900 0.182656 -35.997147
v 28.863260 0.019421 -36.004559
v 28.839218 -0.150212 -36.010567
v 28.825729 -0.322718 -36.013939
v 28.826128 -0.504132 -36.005547
v 28.864689 -0.713719 -36.004200
v 28.453337 -0.513286 -36.100594
v 28.482332 -0.333965 -36.099792
v 28.544916 -0.183276 -36.084145
v 28.605238 -0.030742 -36.069065
v 28.674213 0.114732 -36.051819
v 28.745199 0.258568 -36.034073
v 28.828199 0.392603 -36.013321
v 28.914429 0.524006 -35.991764
v 28.956989 -1.075909 -35.981125
v 28.589621 -0.676807 -36.072971
v 29.641649 0.301350 -35.809952
v 29.662079 0.358225 -35.804844
v 29.539837 0.182521 -35.835407
v 29.436239 0.073128 -35.861309
v 29.350264 -0.065047 -35.882801
v 29.263563 -0.205019 -35.904480
v 29.179735 -0.353084 -35.925438
v 29.104652 -0.507881 -35.944206
v 29.039078 -0.677042 -35.952309
v 28.998960 -0.885538 -35.970631
v 28.690035 -0.541693 -36.041416
v 28.782082 -0.385968 -36.024853
v 28.894785 -0.270327 -35.996677
v 29.006060 -0.152104 -35.968857
v 29.122799 -0.043763 -35.939671
v 29.240808 0.062283 -35.910168
v 29.366407 0.154609 -35.878765
v 29.494045 0.243250 -35.846855
vn 0.2425 -0.0000 -0.9701
vn 0.2368 0.0165 -0.9714
vn 0.2447 0.0062 -0.9696
vn 0.2528 -0.0219 -0.9673
vn 0.2438 0.0174 -0.9697
vn 0.2469 0.0047 -0.9690
vn 0.2432 -0.0244 -0.9697
vn 0.2500 0.0157 -0.9681
vn 0.2483 0.0027 -0.9687
vn 0.2343 -0.0229 -0.9719
vt 0.000000 0.888889
vt 1.000000 0.888889
vt 1.000000 1.000000
vt 0.000000 1.000000
vt 0.000000 0.000000
vt 1.000000 0.000000
vt 1.000000 0.111111
vt 0.000000 0.111111
vt 1.000000 0.222222
vt 0.000000 0.222222
vt 1.000000 0.333333
vt 0.000000 0.333333
vt 1.000000 0.444444
vt 0.000000 0.444444
vt 1.000000 0.555556
vt 0.000000 0.555556
vt 1.000000 0.666667
vt 0.000000 0.666667
vt 1.000000 0.777778
vt 0.000000 0.777778
s 0
usemtl マテリアル.107
f 9681/3997/1422 9696/3998/1422 9680/3999/1422 9679/4000/1422
f 9677/4001/1423 9678/4002/1423 9689/4003/1423 9688/4004/1423
f 9688/4004/1424 9689/4003/1424 9690/4005/1424 9687/4006/1424
f 9687/4006/1425 9690/4005/1425 9691/4007/1425 9686/4008/1425
f 9686/4008/1422 9691/4007/1422 9692/4009/1422 9685/4010/1422
f 9685/4010/1422 9692/4009/1422 9693/4011/1422 9684/4012/1422
f 9684/4012/1422 9693/4011/1422 9694/4013/1422 9683/4014/1422
f 9683/4014/1422 9694/4013/1422 9695/4015/1422 9682/4016/1422
f 9682/4016/1422 9695/4015/1422 9696/3998/1422 9681/3997/1422
f 9701/3997/1422 9716/3998/1422 9700/3999/1422 9699/4000/1422
f 9697/4001/1426 9698/4002/1426 9709/4003/1426 9708/4004/1426
f 9708/4004/1427 9709/4003/1427 9710/4005/1427 9707/4006/1427
f 9707/4006/1428 9710/4005/1428 9711/4007/1428 9706/4008/1428
f 9706/4008/1422 9711/4007/1422 9712/4009/1422 9705/4010/1422
f 9705/4010/1422 9712/4009/1422 9713/4011/1422 9704/4012/1422
f 9704/4012/1422 9713/4011/1422 9714/4013/1422 9703/4014/1422
f 9703/4014/1422 9714/4013/1422 9715/4015/1422 9702/4016/1422
f 9702/4016/1422 9715/4015/1422 9716/3998/1422 9701/3997/1422
f 9721/3997/1422 9736/3998/1422 9720/3999/1422 9719/4000/1422
f 9717/4001/1429 9718/4002/1429 9729/4003/1429 9728/4004/1429
f 9728/4004/1430 9729/4003/1430 9730/4005/1430 9727/4006/1430
f 9727/4006/1431 9730/4005/1431 9731/4007/1431 9726/4008/1431
f 9726/4008/1422 9731/4007/1422 9732/4009/1422 9725/4010/1422
f 9725/4010/1422 9732/4009/1422 9733/4011/1422 9724/4012/1422
f 9724/4012/1422 9733/4011/1422 9734/4013/1422 9723/4014/1422
f 9723/4014/1422 9734/4013/1422 9735/4015/1422 9722/4016/1422
f 9722/4016/1422 9735/4015/1422 9736/3998/1422 9721/3997/1422
