# Blender 4.4.1
# www.blender.org
mtllib player.mtl
o 球
v 0.000000 0.831470 -0.555570
v 0.000000 0.555570 -0.831470
v 0.000000 0.195090 -0.980785
v 0.000000 0.000000 -1.000000
v 0.000000 -0.195090 -0.980785
v 0.000000 -0.555570 -0.831470
v 0.038060 0.980785 -0.191342
v 0.074658 0.923880 -0.375330
v 0.108386 0.831470 -0.544895
v 0.137950 0.707107 -0.693520
v 0.162212 0.555570 -0.815493
v 0.180240 0.382683 -0.906127
v 0.191342 0.195090 -0.961940
v 0.195090 0.000000 -0.980785
v 0.191342 -0.195090 -0.961940
v 0.180240 -0.382683 -0.906127
v 0.162212 -0.555570 -0.815493
v 0.137950 -0.707107 -0.693520
v 0.108386 -0.831470 -0.544895
v 0.074658 -0.923880 -0.375330
v 0.038060 -0.980785 -0.191342
v 0.074658 0.980785 -0.180240
v 0.146447 0.923880 -0.353553
v 0.212608 0.831470 -0.513280
v 0.270598 0.707107 -0.653281
v 0.318190 0.555570 -0.768178
v 0.353553 0.382683 -0.853553
v 0.375330 0.195090 -0.906127
v 0.382683 0.000000 -0.923879
v 0.375330 -0.195090 -0.906127
v 0.353553 -0.382683 -0.853553
v 0.318190 -0.555570 -0.768178
v 0.270598 -0.707107 -0.653281
v 0.212608 -0.831470 -0.513280
v 0.146447 -0.923880 -0.353553
v 0.074658 -0.980785 -0.180240
v 0.108386 0.980785 -0.162212
v 0.212608 0.923880 -0.318190
v 0.308658 0.831470 -0.461940
v 0.392847 0.707107 -0.587938
v 0.461940 0.555570 -0.691342
v 0.513280 0.382683 -0.768178
v 0.544895 0.195090 -0.815493
v 0.555570 0.000000 -0.831469
v 0.544895 -0.195090 -0.815493
v 0.513280 -0.382683 -0.768178
v 0.461940 -0.555570 -0.691342
v 0.392847 -0.707107 -0.587938
v 0.308658 -0.831470 -0.461940
v 0.212608 -0.923880 -0.318190
v 0.108386 -0.980785 -0.162212
v 0.137950 0.980785 -0.137950
v 0.270598 0.923880 -0.270598
v 0.392847 0.831470 -0.392847
v 0.500000 0.707107 -0.500000
v 0.587938 0.555570 -0.587938
v 0.653281 0.382683 -0.653281
v 0.693520 0.195090 -0.693520
v 0.707107 0.000000 -0.707107
v 0.693520 -0.195090 -0.693520
v 0.653281 -0.382683 -0.653281
v 0.587938 -0.555570 -0.587938
v 0.500000 -0.707107 -0.500000
v 0.392847 -0.831470 -0.392847
v 0.270598 -0.923880 -0.270598
v 0.137950 -0.980785 -0.137950
v 0.162212 0.980785 -0.108386
v 0.318190 0.923880 -0.212608
v 0.461940 0.831470 -0.308658
v 0.587938 0.707107 -0.392847
v 0.691342 0.555570 -0.461940
v 0.768178 0.382683 -0.513280
v 0.815493 0.195090 -0.544895
v 0.831470 0.000000 -0.555570
v 0.815493 -0.195090 -0.544895
v 0.768178 -0.382683 -0.513280
v 0.691342 -0.555570 -0.461940
v 0.587938 -0.707107 -0.392847
v 0.461940 -0.831470 -0.308658
v 0.318190 -0.923880 -0.212608
v 0.162212 -0.980785 -0.108386
v 0.000000 1.000000 0.000000
v 0.180240 0.980785 -0.074658
v 0.353553 0.923880 -0.146447
v 0.513280 0.831470 -0.212607
v 0.653281 0.707107 -0.270598
v 0.768178 0.555570 -0.318190
v 0.853553 0.382683 -0.353553
v 0.906127 0.195090 -0.375330
v 0.923879 0.000000 -0.382683
v 0.906127 -0.195090 -0.375330
v 0.853553 -0.382683 -0.353553
v 0.768178 -0.555570 -0.318190
v 0.653281 -0.707107 -0.270598
v 0.513280 -0.831470 -0.212607
v 0.353553 -0.923880 -0.146447
v 0.180240 -0.980785 -0.074658
v 0.191342 0.980785 -0.038060
v 0.375330 0.923880 -0.074658
v 0.544895 0.831470 -0.108386
v 0.693520 0.707107 -0.137950
v 0.815493 0.555570 -0.162212
v 0.906127 0.382683 -0.180240
v 0.961940 0.195090 -0.191342
v 0.980785 0.000000 -0.195090
v 0.961940 -0.195090 -0.191342
v 0.906127 -0.382683 -0.180240
v 0.815493 -0.555570 -0.162212
v 0.693520 -0.707107 -0.137950
v 0.544895 -0.831470 -0.108386
v 0.375330 -0.923880 -0.074658
v 0.191342 -0.980785 -0.038060
v 0.195090 0.980785 0.000000
v 0.382683 0.923880 0.000000
v 0.555570 0.831470 0.000000
v 0.707107 0.707107 -0.000000
v 0.831469 0.555570 0.000000
v 0.923879 0.382683 -0.000000
v 0.980785 0.195090 0.000000
v 1.000000 0.000000 0.000000
v 0.980785 -0.195090 0.000000
v 0.923879 -0.382683 -0.000000
v 0.831469 -0.555570 0.000000
v 0.707107 -0.707107 -0.000000
v 0.555570 -0.831470 0.000000
v 0.382683 -0.923880 0.000000
v 0.195090 -0.980785 0.000000
v 0.191342 0.980785 0.038060
v 0.375330 0.923880 0.074658
v 0.544895 0.831470 0.108386
v 0.693520 0.707107 0.137950
v 0.815493 0.555570 0.162212
v 0.906127 0.382683 0.180240
v 0.961940 0.195090 0.191342
v 0.980785 0.000000 0.195090
v 0.961940 -0.195090 0.191342
v 0.906127 -0.382683 0.180240
v 0.815493 -0.555570 0.162212
v 0.693520 -0.707107 0.137950
v 0.544895 -0.831470 0.108386
v 0.375330 -0.923880 0.074658
v 0.191342 -0.980785 0.038060
v 0.180240 0.980785 0.074658
v 0.353553 0.923880 0.146447
v 0.513280 0.831470 0.212608
v 0.653281 0.707107 0.270598
v 0.768178 0.555570 0.318190
v 0.853553 0.382683 0.353553
v 0.906127 0.195090 0.375330
v 0.923879 0.000000 0.382683
v 0.906127 -0.195090 0.375330
v 0.853553 -0.382683 0.353553
v 0.768178 -0.555570 0.318190
v 0.653281 -0.707107 0.270598
v 0.513280 -0.831470 0.212608
v 0.353553 -0.923880 0.146447
v 0.180240 -0.980785 0.074658
v 0.162212 0.980785 0.108386
v 0.318190 0.923880 0.212608
v 0.461940 0.831470 0.308658
v 0.587938 0.707107 0.392847
v 0.691341 0.555570 0.461940
v 0.768178 0.382683 0.513280
v 0.815493 0.195090 0.544895
v 0.831469 0.000000 0.555570
v 0.815493 -0.195090 0.544895
v 0.768178 -0.382683 0.513280
v 0.691341 -0.555570 0.461940
v 0.587938 -0.707107 0.392847
v 0.461940 -0.831470 0.308658
v 0.318190 -0.923880 0.212608
v 0.162212 -0.980785 0.108386
v 0.137950 0.980785 0.137950
v 0.270598 0.923880 0.270598
v 0.392847 0.831470 0.392847
v 0.500000 0.707107 0.500000
v 0.587938 0.555570 0.587938
v 0.653281 0.382683 0.653281
v 0.693520 0.195090 0.693520
v 0.707106 0.000000 0.707107
v 0.693520 -0.195090 0.693520
v 0.653281 -0.382683 0.653281
v 0.587938 -0.555570 0.587938
v 0.500000 -0.707107 0.500000
v 0.392847 -0.831470 0.392847
v 0.270598 -0.923880 0.270598
v 0.137950 -0.980785 0.137950
v 0.108386 0.980785 0.162212
v 0.212607 0.923880 0.318190
v 0.308658 0.831470 0.461940
v 0.392847 0.707107 0.587938
v 0.461940 0.555570 0.691342
v 0.513280 0.382683 0.768178
v 0.544895 0.195090 0.815493
v 0.555570 0.000000 0.831469
v 0.544895 -0.195090 0.815493
v 0.513280 -0.382683 0.768178
v 0.461940 -0.555570 0.691342
v 0.392847 -0.707107 0.587938
v 0.308658 -0.831470 0.461940
v 0.212607 -0.923880 0.318190
v 0.108386 -0.980785 0.162212
v 0.074658 0.980785 0.180240
v 0.146447 0.923880 0.353553
v 0.212607 0.831470 0.513280
v 0.270598 0.707107 0.653281
v 0.318189 0.555570 0.768178
v 0.353553 0.382683 0.853553
v 0.375330 0.195090 0.906127
v 0.382683 0.000000 0.923879
v 0.375330 -0.195090 0.906127
v 0.353553 -0.382683 0.853553
v 0.318189 -0.555570 0.768178
v 0.270598 -0.707107 0.653281
v 0.212607 -0.831470 0.513280
v 0.146447 -0.923880 0.353553
v 0.074658 -0.980785 0.180240
v 0.038060 0.980785 0.191342
v 0.074658 0.923880 0.375330
v 0.108386 0.831470 0.544895
v 0.137950 0.707107 0.693520
v 0.162212 0.555570 0.815493
v 0.180240 0.382683 0.906127
v 0.191342 0.195090 0.961939
v 0.195090 0.000000 0.980785
v 0.191342 -0.195090 0.961939
v 0.180240 -0.382683 0.906127
v 0.162212 -0.555570 0.815493
v 0.137950 -0.707107 0.693520
v 0.108386 -0.831470 0.544895
v 0.074658 -0.923880 0.375330
v 0.038060 -0.980785 0.191342
v -0.000000 0.980785 0.195090
v -0.000000 0.923880 0.382683
v -0.000000 0.831470 0.555570
v -0.000000 0.707107 0.707107
v -0.000000 0.555570 0.831469
v 0.000000 0.382683 0.923879
v -0.000000 0.195090 0.980785
v -0.000000 0.000000 0.999999
v -0.000000 -0.195090 0.980785
v 0.000000 -0.382683 0.923879
v -0.000000 -0.555570 0.831469
v -0.000000 -0.707107 0.707107
v -0.000000 -0.831470 0.555570
v -0.000000 -0.923880 0.382683
v -0.000000 -0.980785 0.195090
v -0.038060 0.980785 0.191342
v -0.074658 0.923880 0.375330
v -0.108386 0.831470 0.544895
v -0.137950 0.707107 0.693520
v -0.162212 0.555570 0.815493
v -0.180240 0.382683 0.906127
v -0.191342 0.195090 0.961939
v -0.195091 0.000000 0.980785
v -0.191342 -0.195090 0.961939
v -0.180240 -0.382683 0.906127
v -0.162212 -0.555570 0.815493
v -0.137950 -0.707107 0.693520
v -0.108386 -0.831470 0.544895
v -0.074658 -0.923880 0.375330
v -0.038060 -0.980785 0.191342
v -0.074658 0.980785 0.180240
v -0.146447 0.923880 0.353553
v -0.212608 0.831470 0.513280
v -0.270598 0.707107 0.653281
v -0.318190 0.555570 0.768177
v -0.353553 0.382683 0.853553
v -0.375330 0.195090 0.906127
v -0.382683 0.000000 0.923879
v -0.375330 -0.195090 0.906127
v -0.353553 -0.382683 0.853553
v -0.318190 -0.555570 0.768177
v -0.270598 -0.707107 0.653281
v -0.212608 -0.831470 0.513280
v -0.146447 -0.923880 0.353553
v -0.074658 -0.980785 0.180240
v -0.108386 0.980785 0.162212
v -0.212608 0.923880 0.318190
v -0.308658 0.831470 0.461939
v -0.392847 0.707107 0.587938
v -0.461940 0.555570 0.691341
v -0.513280 0.382683 0.768178
v -0.544895 0.195090 0.815493
v -0.555570 0.000000 0.831469
v -0.544895 -0.195090 0.815493
v -0.513280 -0.382683 0.768178
v -0.461940 -0.555570 0.691341
v -0.392847 -0.707107 0.587938
v -0.308658 -0.831470 0.461939
v -0.212608 -0.923880 0.318190
v -0.108386 -0.980785 0.162212
v -0.137950 0.980785 0.137950
v -0.270598 0.923880 0.270598
v -0.392847 0.831470 0.392847
v -0.500000 0.707107 0.500000
v -0.587938 0.555570 0.587937
v -0.653281 0.382683 0.653281
v -0.693520 0.195090 0.693520
v -0.707106 0.000000 0.707106
v -0.693520 -0.195090 0.693520
v -0.653281 -0.382683 0.653281
v -0.587938 -0.555570 0.587937
v -0.500000 -0.707107 0.500000
v -0.392847 -0.831470 0.392847
v -0.270598 -0.923880 0.270598
v -0.137950 -0.980785 0.137950
v 0.000000 -1.000000 0.000000
v -0.162212 0.980785 0.108386
v -0.318190 0.923880 0.212607
v -0.461940 0.831470 0.308658
v -0.587938 0.707107 0.392847
v -0.691341 0.555570 0.461939
v -0.768177 0.382683 0.513280
v -0.815493 0.195090 0.544895
v -0.831469 0.000000 0.555569
v -0.815493 -0.195090 0.544895
v -0.768177 -0.382683 0.513280
v -0.691341 -0.555570 0.461939
v -0.587938 -0.707107 0.392847
v -0.461940 -0.831470 0.308658
v -0.318190 -0.923880 0.212607
v -0.162212 -0.980785 0.108386
v -0.180240 0.980785 0.074658
v -0.353553 0.923880 0.146447
v -0.513280 0.831470 0.212607
v -0.653281 0.707107 0.270598
v -0.768177 0.555570 0.318189
v -0.853553 0.382683 0.353553
v -0.906127 0.195090 0.375330
v -0.923879 0.000000 0.382683
v -0.906127 -0.195090 0.375330
v -0.853553 -0.382683 0.353553
v -0.768177 -0.555570 0.318189
v -0.653281 -0.707107 0.270598
v -0.513280 -0.831470 0.212607
v -0.353553 -0.923880 0.146447
v -0.180240 -0.980785 0.074658
v -0.191342 0.980785 0.038060
v -0.375330 0.923880 0.074658
v -0.544895 0.831470 0.108386
v -0.693520 0.707107 0.137950
v -0.815493 0.555570 0.162211
v -0.906127 0.382683 0.180240
v -0.961939 0.195090 0.191341
v -0.980784 0.000000 0.195090
v -0.961939 -0.195090 0.191341
v -0.906127 -0.382683 0.180240
v -0.815493 -0.555570 0.162211
v -0.693520 -0.707107 0.137950
v -0.544895 -0.831470 0.108386
v -0.375330 -0.923880 0.074658
v -0.191342 -0.980785 0.038060
v -0.195090 0.980785 -0.000000
v -0.382683 0.923880 -0.000000
v -0.555570 0.831470 -0.000000
v -0.707107 0.707107 -0.000000
v -0.831469 0.555570 -0.000000
v -0.923879 0.382683 -0.000000
v -0.980785 0.195090 -0.000000
v -0.999999 0.000000 -0.000000
v -0.980785 -0.195090 -0.000000
v -0.923879 -0.382683 -0.000000
v -0.831469 -0.555570 -0.000000
v -0.707107 -0.707107 -0.000000
v -0.555570 -0.831470 -0.000000
v -0.382683 -0.923880 -0.000000
v -0.195090 -0.980785 -0.000000
v -0.191342 0.980785 -0.038060
v -0.375330 0.923880 -0.074658
v -0.544895 0.831470 -0.108386
v -0.693520 0.707107 -0.137950
v -0.815493 0.555570 -0.162212
v -0.906127 0.382683 -0.180240
v -0.961939 0.195090 -0.191342
v -0.980784 0.000000 -0.195091
v -0.961939 -0.195090 -0.191342
v -0.906127 -0.382683 -0.180240
v -0.815493 -0.555570 -0.162212
v -0.693520 -0.707107 -0.137950
v -0.544895 -0.831470 -0.108386
v -0.375330 -0.923880 -0.074658
v -0.191342 -0.980785 -0.038060
v -0.180240 0.980785 -0.074658
v -0.353553 0.923880 -0.146447
v -0.513279 0.831470 -0.212607
v -0.653281 0.707107 -0.270598
v -0.768177 0.555570 -0.318190
v -0.853553 0.382683 -0.353553
v -0.906127 0.195090 -0.375330
v -0.923878 0.000000 -0.382683
v -0.906127 -0.195090 -0.375330
v -0.853553 -0.382683 -0.353553
v -0.768177 -0.555570 -0.318190
v -0.653281 -0.707107 -0.270598
v -0.513279 -0.831470 -0.212607
v -0.353553 -0.923880 -0.146447
v -0.180240 -0.980785 -0.074658
v -0.162212 0.980785 -0.108386
v -0.318189 0.923880 -0.212607
v -0.461939 0.831470 -0.308658
v -0.587938 0.707107 -0.392847
v -0.691341 0.555570 -0.461940
v -0.768177 0.382683 -0.513280
v -0.815493 0.195090 -0.544895
v -0.831468 0.000000 -0.555570
v -0.815493 -0.195090 -0.544895
v -0.768177 -0.382683 -0.513280
v -0.691341 -0.555570 -0.461940
v -0.587938 -0.707107 -0.392847
v -0.461939 -0.831470 -0.308658
v -0.318189 -0.923880 -0.212607
v -0.162212 -0.980785 -0.108386
v -0.137950 0.980785 -0.137950
v -0.270598 0.923880 -0.270598
v -0.392847 0.831470 -0.392847
v -0.500000 0.707107 -0.500000
v -0.587937 0.555570 -0.587938
v -0.653281 0.382683 -0.653281
v -0.693519 0.195090 -0.693520
v -0.707106 0.000000 -0.707106
v -0.693519 -0.195090 -0.693520
v -0.653281 -0.382683 -0.653281
v -0.587937 -0.555570 -0.587938
v -0.500000 -0.707107 -0.500000
v -0.392847 -0.831470 -0.392847
v -0.270598 -0.923880 -0.270598
v -0.137950 -0.980785 -0.137950
v -0.108386 0.980785 -0.162212
v -0.212607 0.923880 -0.318190
v -0.308658 0.831470 -0.461939
v -0.392847 0.707107 -0.587938
v -0.461939 0.555570 -0.691341
v -0.513280 0.382683 -0.768177
v -0.544895 0.195090 -0.815493
v -0.555569 0.000000 -0.831469
v -0.544895 -0.195090 -0.815493
v -0.513280 -0.382683 -0.768177
v -0.461939 -0.555570 -0.691341
v -0.392847 -0.707107 -0.587938
v -0.308658 -0.831470 -0.461939
v -0.212607 -0.923880 -0.318190
v -0.108386 -0.980785 -0.162212
v -0.074658 0.980785 -0.180240
v -0.146446 0.923880 -0.353553
v -0.212607 0.831470 -0.513279
v -0.270598 0.707107 -0.653281
v -0.318189 0.555570 -0.768177
v -0.353553 0.382683 -0.853553
v -0.375330 0.195090 -0.906127
v -0.382683 0.000000 -0.923879
v -0.375330 -0.195090 -0.906127
v -0.353553 -0.382683 -0.853553
v -0.318189 -0.555570 -0.768177
v -0.270598 -0.707107 -0.653281
v -0.212607 -0.831470 -0.513279
v -0.146446 -0.923880 -0.353553
v -0.074658 -0.980785 -0.180240
v -0.038060 0.980785 -0.191342
v -0.074658 0.923880 -0.375330
v -0.108386 0.831470 -0.544895
v -0.137950 0.707107 -0.693520
v -0.162211 0.555570 -0.815493
v -0.180240 0.382683 -0.906127
v -0.191341 0.195090 -0.961939
v -0.195090 0.000000 -0.980784
v -0.191341 -0.195090 -0.961939
v -0.180240 -0.382683 -0.906127
v -0.162211 -0.555570 -0.815493
v -0.137950 -0.707107 -0.693520
v -0.108386 -0.831470 -0.544895
v -0.074658 -0.923880 -0.375330
v -0.038060 -0.980785 -0.191342
v 0.000000 0.980785 -0.195090
v 0.000000 0.923880 -0.382683
v 0.000000 0.707107 -0.707107
v 0.000000 0.382683 -0.923879
v 0.000000 -0.382683 -0.923879
v 0.000000 -0.707107 -0.707107
v 0.000000 -0.831470 -0.555570
v 0.000000 -0.923880 -0.382683
v 0.000000 -0.980785 -0.195090
v 1.250000 0.000000 0.000000
v 1.216506 0.125000 0.000000
v 1.125000 0.216506 0.000000
v 1.000000 0.250000 0.000000
v 0.875000 0.216506 0.000000
v 0.783494 0.125000 0.000000
v 0.750000 0.000000 0.000000
v 0.783494 -0.125000 0.000000
v 0.875000 -0.216506 0.000000
v 1.000000 -0.250000 0.000000
v 1.125000 -0.216506 0.000000
v 1.216506 -0.125000 0.000000
v 1.239306 0.000000 -0.163158
v 1.206099 0.125000 -0.158786
v 1.115376 0.216506 -0.146842
v 0.991445 0.250000 -0.130526
v 0.867514 0.216506 -0.114210
v 0.776791 0.125000 -0.102266
v 0.743584 0.000000 -0.097895
v 0.776791 -0.125000 -0.102266
v 0.867514 -0.216506 -0.114210
v 0.991445 -0.250000 -0.130526
v 1.115376 -0.216506 -0.146842
v 1.206099 -0.125000 -0.158786
v 1.207407 0.000000 -0.323524
v 1.175055 0.125000 -0.314855
v 1.086667 0.216506 -0.291171
v 0.965926 0.250000 -0.258819
v 0.845185 0.216506 -0.226467
v 0.756797 0.125000 -0.202783
v 0.724444 0.000000 -0.194114
v 0.756797 -0.125000 -0.202783
v 0.845185 -0.216506 -0.226467
v 0.965926 -0.250000 -0.258819
v 1.086667 -0.216506 -0.291171
v 1.175055 -0.125000 -0.314855
v 1.154849 0.000000 -0.478354
v 1.123905 0.125000 -0.465537
v 1.039364 0.216506 -0.430519
v 0.923880 0.250000 -0.382683
v 0.808395 0.216506 -0.334848
v 0.723854 0.125000 -0.299830
v 0.692910 0.000000 -0.287013
v 0.723854 -0.125000 -0.299830
v 0.808395 -0.216506 -0.334848
v 0.923880 -0.250000 -0.382683
v 1.039364 -0.216506 -0.430519
v 1.123905 -0.125000 -0.465537
v 1.082532 0.000000 -0.625000
v 1.053525 0.125000 -0.608253
v 0.974279 0.216506 -0.562500
v 0.866025 0.250000 -0.500000
v 0.757772 0.216506 -0.437500
v 0.678525 0.125000 -0.391747
v 0.649519 0.000000 -0.375000
v 0.678525 -0.125000 -0.391747
v 0.757772 -0.216506 -0.437500
v 0.866025 -0.250000 -0.500000
v 0.974279 -0.216506 -0.562500
v 1.053525 -0.125000 -0.608253
v 0.991692 0.000000 -0.760952
v 0.965119 0.125000 -0.740562
v 0.892523 0.216506 -0.684856
v 0.793353 0.250000 -0.608761
v 0.694184 0.216506 -0.532666
v 0.621587 0.125000 -0.476961
v 0.595015 0.000000 -0.456571
v 0.621587 -0.125000 -0.476961
v 0.694184 -0.216506 -0.532666
v 0.793353 -0.250000 -0.608761
v 0.892523 -0.216506 -0.684856
v 0.965119 -0.125000 -0.740562
v 0.883883 0.000000 -0.883884
v 0.860200 0.125000 -0.860200
v 0.795495 0.216506 -0.795495
v 0.707107 0.250000 -0.707107
v 0.618718 0.216506 -0.618719
v 0.554014 0.125000 -0.554014
v 0.530330 0.000000 -0.530330
v 0.554014 -0.125000 -0.554014
v 0.618718 -0.216506 -0.618719
v 0.707107 -0.250000 -0.707107
v 0.795495 -0.216506 -0.795495
v 0.860200 -0.125000 -0.860200
v 0.760952 0.000000 -0.991691
v 0.740562 0.125000 -0.965119
v 0.684857 0.216506 -0.892522
v 0.608762 0.250000 -0.793353
v 0.532666 0.216506 -0.694184
v 0.476961 0.125000 -0.621587
v 0.456571 0.000000 -0.595015
v 0.476961 -0.125000 -0.621587
v 0.532666 -0.216506 -0.694184
v 0.608762 -0.250000 -0.793353
v 0.684857 -0.216506 -0.892522
v 0.740562 -0.125000 -0.965119
v 0.625000 0.000000 -1.082532
v 0.608253 0.125000 -1.053525
v 0.562500 0.216506 -0.974279
v 0.500000 0.250000 -0.866025
v 0.437500 0.216506 -0.757772
v 0.391747 0.125000 -0.678525
v 0.375000 0.000000 -0.649519
v 0.391747 -0.125000 -0.678525
v 0.437500 -0.216506 -0.757772
v 0.500000 -0.250000 -0.866025
v 0.562500 -0.216506 -0.974279
v 0.608253 -0.125000 -1.053525
v 0.478355 0.000000 -1.154849
v 0.465537 0.125000 -1.123905
v 0.430519 0.216506 -1.039364
v 0.382684 0.250000 -0.923879
v 0.334848 0.216506 -0.808394
v 0.299830 0.125000 -0.723854
v 0.287013 0.000000 -0.692910
v 0.299830 -0.125000 -0.723854
v 0.334848 -0.216506 -0.808394
v 0.382684 -0.250000 -0.923879
v 0.430519 -0.216506 -1.039364
v 0.465537 -0.125000 -1.123905
v 0.323524 0.000000 -1.207407
v 0.314855 0.125000 -1.175055
v 0.291171 0.216506 -1.086667
v 0.258819 0.250000 -0.965926
v 0.226467 0.216506 -0.845185
v 0.202783 0.125000 -0.756797
v 0.194114 0.000000 -0.724444
v 0.202783 -0.125000 -0.756797
v 0.226467 -0.216506 -0.845185
v 0.258819 -0.250000 -0.965926
v 0.291171 -0.216506 -1.086667
v 0.314855 -0.125000 -1.175055
v 0.163158 0.000000 -1.239306
v 0.158786 0.125000 -1.206099
v 0.146842 0.216506 -1.115376
v 0.130526 0.250000 -0.991445
v 0.114210 0.216506 -0.867514
v 0.102266 0.125000 -0.776791
v 0.097895 0.000000 -0.743584
v 0.102266 -0.125000 -0.776791
v 0.114210 -0.216506 -0.867514
v 0.130526 -0.250000 -0.991445
v 0.146842 -0.216506 -1.115376
v 0.158786 -0.125000 -1.206099
v 0.000000 0.000000 -1.250000
v 0.000000 0.125000 -1.216506
v 0.000000 0.216506 -1.125000
v 0.000000 0.250000 -1.000000
v 0.000000 0.216506 -0.875000
v 0.000000 0.125000 -0.783494
v 0.000000 0.000000 -0.750000
v 0.000000 -0.125000 -0.783494
v 0.000000 -0.216506 -0.875000
v 0.000000 -0.250000 -1.000000
v 0.000000 -0.216506 -1.125000
v 0.000000 -0.125000 -1.216506
v -0.163158 0.000000 -1.239306
v -0.158786 0.125000 -1.206099
v -0.146842 0.216506 -1.115375
v -0.130526 0.250000 -0.991445
v -0.114211 0.216506 -0.867514
v -0.102267 0.125000 -0.776791
v -0.097895 0.000000 -0.743584
v -0.102267 -0.125000 -0.776791
v -0.114211 -0.216506 -0.867514
v -0.130526 -0.250000 -0.991445
v -0.146842 -0.216506 -1.115375
v -0.158786 -0.125000 -1.206099
v -0.323524 0.000000 -1.207407
v -0.314855 0.125000 -1.175055
v -0.291171 0.216506 -1.086667
v -0.258819 0.250000 -0.965926
v -0.226467 0.216506 -0.845185
v -0.202783 0.125000 -0.756797
v -0.194114 0.000000 -0.724444
v -0.202783 -0.125000 -0.756797
v -0.226467 -0.216506 -0.845185
v -0.258819 -0.250000 -0.965926
v -0.291171 -0.216506 -1.086667
v -0.314855 -0.125000 -1.175055
v -0.478354 0.000000 -1.154849
v -0.465537 0.125000 -1.123905
v -0.430519 0.216506 -1.039364
v -0.382684 0.250000 -0.923880
v -0.334848 0.216506 -0.808395
v -0.299830 0.125000 -0.723854
v -0.287013 0.000000 -0.692910
v -0.299830 -0.125000 -0.723854
v -0.334848 -0.216506 -0.808395
v -0.382684 -0.250000 -0.923880
v -0.430519 -0.216506 -1.039364
v -0.465537 -0.125000 -1.123905
v -0.625000 0.000000 -1.082532
v -0.608253 0.125000 -1.053526
v -0.562500 0.216506 -0.974279
v -0.500000 0.250000 -0.866026
v -0.437500 0.216506 -0.757772
v -0.391747 0.125000 -0.678525
v -0.375000 0.000000 -0.649519
v -0.391747 -0.125000 -0.678525
v -0.437500 -0.216506 -0.757772
v -0.500000 -0.250000 -0.866026
v -0.562500 -0.216506 -0.974279
v -0.608253 -0.125000 -1.053526
v -0.760952 0.000000 -0.991692
v -0.740562 0.125000 -0.965119
v -0.684857 0.216506 -0.892522
v -0.608761 0.250000 -0.793353
v -0.532666 0.216506 -0.694184
v -0.476961 0.125000 -0.621587
v -0.456571 0.000000 -0.595015
v -0.476961 -0.125000 -0.621587
v -0.532666 -0.216506 -0.694184
v -0.608761 -0.250000 -0.793353
v -0.684857 -0.216506 -0.892522
v -0.740562 -0.125000 -0.965119
v -0.883884 0.000000 -0.883883
v -0.860200 0.125000 -0.860200
v -0.795495 0.216506 -0.795495
v -0.707107 0.250000 -0.707107
v -0.618719 0.216506 -0.618718
v -0.554014 0.125000 -0.554013
v -0.530330 0.000000 -0.530330
v -0.554014 -0.125000 -0.554013
v -0.618719 -0.216506 -0.618718
v -0.707107 -0.250000 -0.707107
v -0.795495 -0.216506 -0.795495
v -0.860200 -0.125000 -0.860200
v -0.991692 0.000000 -0.760952
v -0.965119 0.125000 -0.740562
v -0.892522 0.216506 -0.684857
v -0.793353 0.250000 -0.608761
v -0.694184 0.216506 -0.532666
v -0.621587 0.125000 -0.476961
v -0.595015 0.000000 -0.456571
v -0.621587 -0.125000 -0.476961
v -0.694184 -0.216506 -0.532666
v -0.793353 -0.250000 -0.608761
v -0.892522 -0.216506 -0.684857
v -0.965119 -0.125000 -0.740562
v -1.082532 0.000000 -0.625000
v -1.053525 0.125000 -0.608253
v -0.974278 0.216506 -0.562500
v -0.866025 0.250000 -0.500000
v -0.757772 0.216506 -0.437500
v -0.678525 0.125000 -0.391747
v -0.649519 0.000000 -0.375000
v -0.678525 -0.125000 -0.391747
v -0.757772 -0.216506 -0.437500
v -0.866025 -0.250000 -0.500000
v -0.974278 -0.216506 -0.562500
v -1.053525 -0.125000 -0.608253
v -1.154849 0.000000 -0.478354
v -1.123905 0.125000 -0.465537
v -1.039364 0.216506 -0.430519
v -0.923880 0.250000 -0.382683
v -0.808395 0.216506 -0.334848
v -0.723854 0.125000 -0.299830
v -0.692910 0.000000 -0.287013
v -0.723854 -0.125000 -0.299830
v -0.808395 -0.216506 -0.334848
v -0.923880 -0.250000 -0.382683
v -1.039364 -0.216506 -0.430519
v -1.123905 -0.125000 -0.465537
v -1.207407 0.000000 -0.323524
v -1.175055 0.125000 -0.314855
v -1.086667 0.216506 -0.291171
v -0.965926 0.250000 -0.258819
v -0.845185 0.216506 -0.226467
v -0.756797 0.125000 -0.202783
v -0.724444 0.000000 -0.194114
v -0.756797 -0.125000 -0.202783
v -0.845185 -0.216506 -0.226467
v -0.965926 -0.250000 -0.258819
v -1.086667 -0.216506 -0.291171
v -1.175055 -0.125000 -0.314855
v -1.239306 0.000000 -0.163158
v -1.206099 0.125000 -0.158786
v -1.115375 0.216506 -0.146842
v -0.991445 0.250000 -0.130526
v -0.867514 0.216506 -0.114211
v -0.776791 0.125000 -0.102267
v -0.743584 0.000000 -0.097895
v -0.776791 -0.125000 -0.102267
v -0.867514 -0.216506 -0.114211
v -0.991445 -0.250000 -0.130526
v -1.115375 -0.216506 -0.146842
v -1.206099 -0.125000 -0.158786
v -1.250000 0.000000 -0.000000
v -1.216506 0.125000 -0.000000
v -1.125000 0.216506 -0.000000
v -1.000000 0.250000 -0.000000
v -0.875000 0.216506 -0.000000
v -0.783494 0.125000 -0.000000
v -0.750000 0.000000 -0.000000
v -0.783494 -0.125000 -0.000000
v -0.875000 -0.216506 -0.000000
v -1.000000 -0.250000 -0.000000
v -1.125000 -0.216506 -0.000000
v -1.216506 -0.125000 -0.000000
v -1.239306 0.000000 0.163158
v -1.206099 0.125000 0.158786
v -1.115375 0.216506 0.146842
v -0.991445 0.250000 0.130526
v -0.867514 0.216506 0.114211
v -0.776791 0.125000 0.102267
v -0.743584 0.000000 0.097895
v -0.776791 -0.125000 0.102267
v -0.867514 -0.216506 0.114211
v -0.991445 -0.250000 0.130526
v -1.115375 -0.216506 0.146842
v -1.206099 -0.125000 0.158786
v -1.207407 0.000000 0.323524
v -1.175055 0.125000 0.314855
v -1.086667 0.216506 0.291171
v -0.965926 0.250000 0.258819
v -0.845185 0.216506 0.226467
v -0.756797 0.125000 0.202783
v -0.724444 0.000000 0.194114
v -0.756797 -0.125000 0.202783
v -0.845185 -0.216506 0.226467
v -0.965926 -0.250000 0.258819
v -1.086667 -0.216506 0.291171
v -1.175055 -0.125000 0.314855
v -1.154850 0.000000 0.478354
v -1.123906 0.125000 0.465536
v -1.039365 0.216506 0.430518
v -0.923880 0.250000 0.382683
v -0.808395 0.216506 0.334848
v -0.723854 0.125000 0.299830
v -0.692910 0.000000 0.287012
v -0.723854 -0.125000 0.299830
v -0.808395 -0.216506 0.334848
v -0.923880 -0.250000 0.382683
v -1.039365 -0.216506 0.430518
v -1.123906 -0.125000 0.465536
v -1.082532 0.000000 0.625000
v -1.053526 0.125000 0.608253
v -0.974279 0.216506 0.562500
v -0.866026 0.250000 0.500000
v -0.757772 0.216506 0.437500
v -0.678525 0.125000 0.391747
v -0.649519 0.000000 0.375000
v -0.678525 -0.125000 0.391747
v -0.757772 -0.216506 0.437500
v -0.866026 -0.250000 0.500000
v -0.974279 -0.216506 0.562500
v -1.053526 -0.125000 0.608253
v -0.991692 0.000000 0.760952
v -0.965119 0.125000 0.740562
v -0.892522 0.216506 0.684857
v -0.793353 0.250000 0.608761
v -0.694184 0.216506 0.532666
v -0.621587 0.125000 0.476961
v -0.595015 0.000000 0.456571
v -0.621587 -0.125000 0.476961
v -0.694184 -0.216506 0.532666
v -0.793353 -0.250000 0.608761
v -0.892522 -0.216506 0.684857
v -0.965119 -0.125000 0.740562
v -0.883884 0.000000 0.883883
v -0.860200 0.125000 0.860200
v -0.795495 0.216506 0.795495
v -0.707107 0.250000 0.707107
v -0.618719 0.216506 0.618718
v -0.554014 0.125000 0.554013
v -0.530330 0.000000 0.530330
v -0.554014 -0.125000 0.554013
v -0.618719 -0.216506 0.618718
v -0.707107 -0.250000 0.707107
v -0.795495 -0.216506 0.795495
v -0.860200 -0.125000 0.860200
v -0.760952 0.000000 0.991691
v -0.740563 0.125000 0.965119
v -0.684857 0.216506 0.892522
v -0.608762 0.250000 0.793353
v -0.532667 0.216506 0.694184
v -0.476961 0.125000 0.621587
v -0.456571 0.000000 0.595015
v -0.476961 -0.125000 0.621587
v -0.532667 -0.216506 0.694184
v -0.608762 -0.250000 0.793353
v -0.684857 -0.216506 0.892522
v -0.740563 -0.125000 0.965119
v -0.625000 0.000000 1.082532
v -0.608253 0.125000 1.053526
v -0.562500 0.216506 0.974279
v -0.500000 0.250000 0.866026
v -0.437500 0.216506 0.757772
v -0.391747 0.125000 0.678525
v -0.375000 0.000000 0.649519
v -0.391747 -0.125000 0.678525
v -0.437500 -0.216506 0.757772
v -0.500000 -0.250000 0.866026
v -0.562500 -0.216506 0.974279
v -0.608253 -0.125000 1.053526
v -0.478354 0.000000 1.154849
v -0.465537 0.125000 1.123905
v -0.430519 0.216506 1.039364
v -0.382684 0.250000 0.923880
v -0.334848 0.216506 0.808395
v -0.299830 0.125000 0.723854
v -0.287013 0.000000 0.692910
v -0.299830 -0.125000 0.723854
v -0.334848 -0.216506 0.808395
v -0.382684 -0.250000 0.923880
v -0.430519 -0.216506 1.039364
v -0.465537 -0.125000 1.123905
v -0.323524 0.000000 1.207407
v -0.314855 0.125000 1.175055
v -0.291172 0.216506 1.086666
v -0.258819 0.250000 0.965926
v -0.226467 0.216506 0.845185
v -0.202783 0.125000 0.756797
v -0.194115 0.000000 0.724444
v -0.202783 -0.125000 0.756797
v -0.226467 -0.216506 0.845185
v -0.258819 -0.250000 0.965926
v -0.291172 -0.216506 1.086666
v -0.314855 -0.125000 1.175055
v -0.163158 0.000000 1.239306
v -0.158787 0.125000 1.206099
v -0.146843 0.216506 1.115375
v -0.130527 0.250000 0.991445
v -0.114211 0.216506 0.867514
v -0.102267 0.125000 0.776791
v -0.097895 0.000000 0.743584
v -0.102267 -0.125000 0.776791
v -0.114211 -0.216506 0.867514
v -0.130527 -0.250000 0.991445
v -0.146843 -0.216506 1.115375
v -0.158787 -0.125000 1.206099
v 0.000000 0.000000 1.250000
v 0.000000 0.125000 1.216506
v 0.000000 0.216506 1.125000
v 0.000000 0.250000 1.000000
v 0.000000 0.216506 0.875000
v 0.000000 0.125000 0.783494
v 0.000000 0.000000 0.750000
v 0.000000 -0.125000 0.783494
v 0.000000 -0.216506 0.875000
v 0.000000 -0.250000 1.000000
v 0.000000 -0.216506 1.125000
v 0.000000 -0.125000 1.216506
v 0.163158 0.000000 1.239306
v 0.158786 0.125000 1.206099
v 0.146842 0.216506 1.115376
v 0.130526 0.250000 0.991445
v 0.114210 0.216506 0.867514
v 0.102266 0.125000 0.776791
v 0.097895 0.000000 0.743584
v 0.102266 -0.125000 0.776791
v 0.114210 -0.216506 0.867514
v 0.130526 -0.250000 0.991445
v 0.146842 -0.216506 1.115376
v 0.158786 -0.125000 1.206099
v 0.323523 0.000000 1.207407
v 0.314854 0.125000 1.175055
v 0.291171 0.216506 1.086667
v 0.258819 0.250000 0.965926
v 0.226466 0.216506 0.845185
v 0.202783 0.125000 0.756797
v 0.194114 0.000000 0.724444
v 0.202783 -0.125000 0.756797
v 0.226466 -0.216506 0.845185
v 0.258819 -0.250000 0.965926
v 0.291171 -0.216506 1.086667
v 0.314854 -0.125000 1.175055
v 0.478355 0.000000 1.154849
v 0.465537 0.125000 1.123905
v 0.430519 0.216506 1.039364
v 0.382684 0.250000 0.923879
v 0.334848 0.216506 0.808394
v 0.299830 0.125000 0.723854
v 0.287013 0.000000 0.692910
v 0.299830 -0.125000 0.723854
v 0.334848 -0.216506 0.808394
v 0.382684 -0.250000 0.923879
v 0.430519 -0.216506 1.039364
v 0.465537 -0.125000 1.123905
v 0.625000 0.000000 1.082532
v 0.608253 0.125000 1.053525
v 0.562500 0.216506 0.974279
v 0.500000 0.250000 0.866025
v 0.437500 0.216506 0.757772
v 0.391747 0.125000 0.678525
v 0.375000 0.000000 0.649519
v 0.391747 -0.125000 0.678525
v 0.437500 -0.216506 0.757772
v 0.500000 -0.250000 0.866025
v 0.562500 -0.216506 0.974279
v 0.608253 -0.125000 1.053525
v 0.760952 0.000000 0.991692
v 0.740562 0.125000 0.965120
v 0.684856 0.216506 0.892523
v 0.608761 0.250000 0.793353
v 0.532666 0.216506 0.694184
v 0.476961 0.125000 0.621587
v 0.456571 0.000000 0.595015
v 0.476961 -0.125000 0.621587
v 0.532666 -0.216506 0.694184
v 0.608761 -0.250000 0.793353
v 0.684856 -0.216506 0.892523
v 0.740562 -0.125000 0.965120
v 0.883883 0.000000 0.883884
v 0.860199 0.125000 0.860200
v 0.795495 0.216506 0.795496
v 0.707106 0.250000 0.707107
v 0.618718 0.216506 0.618719
v 0.554013 0.125000 0.554014
v 0.530330 0.000000 0.530330
v 0.554013 -0.125000 0.554014
v 0.618718 -0.216506 0.618719
v 0.707106 -0.250000 0.707107
v 0.795495 -0.216506 0.795496
v 0.860199 -0.125000 0.860200
v 0.991692 0.000000 0.760952
v 0.965119 0.125000 0.740562
v 0.892523 0.216506 0.684856
v 0.793353 0.250000 0.608761
v 0.694184 0.216506 0.532666
v 0.621587 0.125000 0.476961
v 0.595015 0.000000 0.456571
v 0.621587 -0.125000 0.476961
v 0.694184 -0.216506 0.532666
v 0.793353 -0.250000 0.608761
v 0.892523 -0.216506 0.684856
v 0.965119 -0.125000 0.740562
v 1.082532 0.000000 0.625000
v 1.053525 0.125000 0.608253
v 0.974279 0.216506 0.562500
v 0.866025 0.250000 0.500000
v 0.757772 0.216506 0.437500
v 0.678525 0.125000 0.391747
v 0.649519 0.000000 0.375000
v 0.678525 -0.125000 0.391747
v 0.757772 -0.216506 0.437500
v 0.866025 -0.250000 0.500000
v 0.974279 -0.216506 0.562500
v 1.053525 -0.125000 0.608253
v 1.154849 0.000000 0.478355
v 1.123905 0.125000 0.465537
v 1.039364 0.216506 0.430519
v 0.923879 0.250000 0.382684
v 0.808394 0.216506 0.334848
v 0.723854 0.125000 0.299830
v 0.692910 0.000000 0.287013
v 0.723854 -0.125000 0.299830
v 0.808394 -0.216506 0.334848
v 0.923879 -0.250000 0.382684
v 1.039364 -0.216506 0.430519
v 1.123905 -0.125000 0.465537
v 1.207407 0.000000 0.323523
v 1.175055 0.125000 0.314855
v 1.086667 0.216506 0.291171
v 0.965926 0.250000 0.258819
v 0.845185 0.216506 0.226466
v 0.756797 0.125000 0.202783
v 0.724444 0.000000 0.194114
v 0.756797 -0.125000 0.202783
v 0.845185 -0.216506 0.226466
v 0.965926 -0.250000 0.258819
v 1.086667 -0.216506 0.291171
v 1.175055 -0.125000 0.314855
v 1.239306 0.000000 0.163158
v 1.206099 0.125000 0.158786
v 1.115376 0.216506 0.146842
v 0.991445 0.250000 0.130526
v 0.867514 0.216506 0.114210
v 0.776791 0.125000 0.102266
v 0.743584 0.000000 0.097895
v 0.776791 -0.125000 0.102266
v 0.867514 -0.216506 0.114210
v 0.991445 -0.250000 0.130526
v 1.115376 -0.216506 0.146842
v 1.206099 -0.125000 0.158786
v 0.000000 -1.180000 -0.070000
v 0.000000 1.180000 -0.070000
v 0.029264 -1.180000 -0.068655
v 0.029264 1.180000 -0.068655
v 0.057403 -1.180000 -0.064672
v 0.057403 1.180000 -0.064672
v 0.083336 -1.180000 -0.058203
v 0.083336 1.180000 -0.058203
v 0.106066 -1.180000 -0.049497
v 0.106066 1.180000 -0.049497
v 0.124720 -1.180000 -0.038890
v 0.124720 1.180000 -0.038890
v 0.138582 -1.180000 -0.026788
v 0.138582 1.180000 -0.026788
v 0.147118 -1.180000 -0.013656
v 0.147118 1.180000 -0.013656
v 0.150000 -1.180000 0.000000
v 0.150000 1.180000 0.000000
v 0.147118 -1.180000 0.013656
v 0.147118 1.180000 0.013656
v 0.138582 -1.180000 0.026788
v 0.138582 1.180000 0.026788
v 0.124720 -1.180000 0.038890
v 0.124720 1.180000 0.038890
v 0.106066 -1.180000 0.049497
v 0.106066 1.180000 0.049497
v 0.083336 -1.180000 0.058203
v 0.083336 1.180000 0.058203
v 0.057403 -1.180000 0.064672
v 0.057403 1.180000 0.064672
v 0.029264 -1.180000 0.068655
v 0.029264 1.180000 0.068655
v 0.000000 -1.180000 0.070000
v 0.000000 1.180000 0.070000
v -0.029264 -1.180000 0.068655
v -0.029264 1.180000 0.068655
v -0.057403 -1.180000 0.064672
v -0.057403 1.180000 0.064672
v -0.083336 -1.180000 0.058203
v -0.083336 1.180000 0.058203
v -0.106066 -1.180000 0.049497
v -0.106066 1.180000 0.049497
v -0.124720 -1.180000 0.038890
v -0.124720 1.180000 0.038890
v -0.138582 -1.180000 0.026788
v -0.138582 1.180000 0.026788
v -0.147118 -1.180000 0.013656
v -0.147118 1.180000 0.013656
v -0.150000 -1.180000 0.000000
v -0.150000 1.180000 0.000000
v -0.147118 -1.180000 -0.013656
v -0.147118 1.180000 -0.013656
v -0.138582 -1.180000 -0.026788
v -0.138582 1.180000 -0.026788
v -0.124720 -1.180000 -0.038890
v -0.124720 1.180000 -0.038890
v -0.106066 -1.180000 -0.049497
v -0.106066 1.180000 -0.049497
v -0.083336 -1.180000 -0.058203
v -0.083336 1.180000 -0.058203
v -0.057403 -1.180000 -0.064672
v -0.057403 1.180000 -0.064672
v -0.029264 -1.180000 -0.068655
v -0.029264 1.180000 -0.068655
vn 0.0286 -0.9565 -0.2902
vn 0.0975 0.0975 -0.9904
vn 0.0097 0.9951 -0.0980
vn 0.0097 -0.9951 -0.0980
vn 0.0975 -0.0975 -0.9904
vn 0.0286 0.9565 -0.2902
vn 0.0938 -0.2890 -0.9527
vn 0.0464 0.8810 -0.4709
vn 0.0865 -0.4696 -0.8786
vn 0.0624 0.7715 -0.6332
vn 0.0759 -0.6326 -0.7708
vn 0.0759 0.6326 -0.7708
vn 0.0624 -0.7715 -0.6332
vn 0.0865 0.4696 -0.8786
vn 0.0464 -0.8810 -0.4709
vn 0.0938 0.2890 -0.9527
vn 0.1374 -0.8810 -0.4528
vn 0.2779 0.2890 -0.9161
vn 0.0846 -0.9565 -0.2790
vn 0.2889 0.0976 -0.9524
vn 0.0286 0.9951 -0.0942
vn 0.0286 -0.9951 -0.0942
vn 0.2889 -0.0976 -0.9524
vn 0.0846 0.9565 -0.2790
vn 0.2779 -0.2890 -0.9161
vn 0.1374 0.8810 -0.4528
vn 0.2563 -0.4696 -0.8448
vn 0.1847 0.7715 -0.6088
vn 0.2248 -0.6326 -0.7412
vn 0.2248 0.6326 -0.7412
vn 0.1847 -0.7715 -0.6088
vn 0.2563 0.4696 -0.8448
vn 0.2230 0.8810 -0.4173
vn 0.4162 -0.4696 -0.7786
vn 0.2999 0.7715 -0.5611
vn 0.3651 -0.6326 -0.6831
vn 0.3651 0.6326 -0.6831
vn 0.2999 -0.7715 -0.5611
vn 0.4162 0.4696 -0.7786
vn 0.2230 -0.8810 -0.4173
vn 0.4513 0.2890 -0.8443
vn 0.1374 -0.9565 -0.2571
vn 0.4691 0.0975 -0.8777
vn 0.0464 0.9951 -0.0869
vn 0.0464 -0.9951 -0.0869
vn 0.4691 -0.0975 -0.8777
vn 0.1374 0.9565 -0.2571
vn 0.4513 -0.2890 -0.8443
vn 0.6073 0.2890 -0.7400
vn 0.1850 -0.9565 -0.2254
vn 0.6314 0.0975 -0.7693
vn 0.0625 0.9951 -0.0761
vn 0.0625 -0.9951 -0.0761
vn 0.6314 -0.0975 -0.7693
vn 0.1850 0.9565 -0.2254
vn 0.6073 -0.2890 -0.7400
vn 0.3002 0.8810 -0.3658
vn 0.5601 -0.4696 -0.6825
vn 0.4036 0.7715 -0.4918
vn 0.4913 -0.6326 -0.5987
vn 0.4913 0.6326 -0.5987
vn 0.4036 -0.7715 -0.4918
vn 0.5601 0.4696 -0.6825
vn 0.3002 -0.8810 -0.3658
vn 0.6825 -0.4696 -0.5601
vn 0.4918 0.7715 -0.4036
vn 0.5987 -0.6326 -0.4913
vn 0.5987 0.6326 -0.4913
vn 0.4918 -0.7715 -0.4036
vn 0.6825 0.4696 -0.5601
vn 0.3658 -0.8810 -0.3002
vn 0.7400 0.2890 -0.6073
vn 0.2254 -0.9565 -0.1850
vn 0.7693 0.0975 -0.6314
vn 0.0761 0.9951 -0.0625
vn 0.0761 -0.9951 -0.0625
vn 0.7693 -0.0975 -0.6314
vn 0.2254 0.9565 -0.1850
vn 0.7400 -0.2890 -0.6073
vn 0.3658 0.8810 -0.3002
vn 0.2571 -0.9565 -0.1374
vn 0.8777 0.0975 -0.4691
vn 0.0869 0.9951 -0.0464
vn 0.0869 -0.9951 -0.0464
vn 0.8777 -0.0975 -0.4691
vn 0.2571 0.9565 -0.1374
vn 0.8443 -0.2890 -0.4513
vn 0.4173 0.8810 -0.2230
vn 0.7786 -0.4696 -0.4162
vn 0.5611 0.7715 -0.2999
vn 0.6831 -0.6326 -0.3651
vn 0.6831 0.6326 -0.3651
vn 0.5611 -0.7715 -0.2999
vn 0.7786 0.4696 -0.4162
vn 0.4173 -0.8810 -0.2230
vn 0.8443 0.2890 -0.4513
vn 0.7412 -0.6326 -0.2248
vn 0.7412 0.6326 -0.2248
vn 0.6088 -0.7715 -0.1847
vn 0.8448 0.4696 -0.2563
vn 0.4528 -0.8810 -0.1374
vn 0.9161 0.2890 -0.2779
vn 0.2790 -0.9565 -0.0846
vn 0.9524 0.0975 -0.2889
vn 0.0942 0.9951 -0.0286
vn 0.0942 -0.9951 -0.0286
vn 0.9524 -0.0975 -0.2889
vn 0.2790 0.9565 -0.0846
vn 0.9161 -0.2890 -0.2779
vn 0.4528 0.8810 -0.1374
vn 0.8448 -0.4696 -0.2563
vn 0.6088 0.7715 -0.1847
vn 0.0980 0.9951 -0.0097
vn 0.0980 -0.9951 -0.0097
vn 0.9904 -0.0975 -0.0975
vn 0.2902 0.9565 -0.0286
vn 0.9527 -0.2890 -0.0938
vn 0.4709 0.8810 -0.0464
vn 0.8786 -0.4696 -0.0865
vn 0.6332 0.7715 -0.0624
vn 0.7708 -0.6326 -0.0759
vn 0.7708 0.6326 -0.0759
vn 0.6332 -0.7715 -0.0624
vn 0.8786 0.4696 -0.0865
vn 0.4709 -0.8810 -0.0464
vn 0.9527 0.2890 -0.0938
vn 0.2902 -0.9565 -0.0286
vn 0.9904 0.0975 -0.0975
vn 0.7708 0.6326 0.0759
vn 0.6332 -0.7715 0.0624
vn 0.8786 0.4696 0.0865
vn 0.4709 -0.8810 0.0464
vn 0.9527 0.2890 0.0938
vn 0.2902 -0.9565 0.0286
vn 0.9904 0.0975 0.0976
vn 0.0980 0.9951 0.0097
vn 0.0980 -0.9951 0.0097
vn 0.9904 -0.0975 0.0976
vn 0.2902 0.9565 0.0286
vn 0.9527 -0.2890 0.0938
vn 0.4709 0.8810 0.0464
vn 0.8786 -0.4696 0.0865
vn 0.6332 0.7715 0.0624
vn 0.7708 -0.6326 0.0759
vn 0.9524 -0.0975 0.2889
vn 0.2790 0.9565 0.0846
vn 0.9161 -0.2890 0.2779
vn 0.4528 0.8810 0.1374
vn 0.8448 -0.4696 0.2563
vn 0.6088 0.7715 0.1847
vn 0.7412 -0.6326 0.2248
vn 0.7412 0.6326 0.2248
vn 0.6088 -0.7715 0.1847
vn 0.8448 0.4696 0.2563
vn 0.4528 -0.8810 0.1374
vn 0.9161 0.2890 0.2779
vn 0.2790 -0.9565 0.0846
vn 0.9524 0.0975 0.2889
vn 0.0942 0.9951 0.0286
vn 0.0942 -0.9951 0.0286
vn 0.5611 -0.7715 0.2999
vn 0.7786 0.4696 0.4162
vn 0.4173 -0.8810 0.2230
vn 0.8443 0.2890 0.4513
vn 0.2571 -0.9565 0.1374
vn 0.8777 0.0975 0.4691
vn 0.0869 0.9951 0.0464
vn 0.0869 -0.9951 0.0464
vn 0.8777 -0.0975 0.4691
vn 0.2571 0.9565 0.1374
vn 0.8443 -0.2890 0.4513
vn 0.4173 0.8810 0.2230
vn 0.7786 -0.4696 0.4162
vn 0.5611 0.7715 0.2999
vn 0.6831 -0.6326 0.3651
vn 0.6831 0.6326 0.3651
vn 0.2254 0.9565 0.1850
vn 0.7400 -0.2890 0.6073
vn 0.3658 0.8810 0.3002
vn 0.6825 -0.4696 0.5601
vn 0.4918 0.7715 0.4036
vn 0.5987 -0.6326 0.4913
vn 0.5987 0.6326 0.4913
vn 0.4918 -0.7715 0.4036
vn 0.6825 0.4696 0.5601
vn 0.3658 -0.8810 0.3002
vn 0.7400 0.2890 0.6073
vn 0.2254 -0.9565 0.1850
vn 0.7693 0.0975 0.6314
vn 0.0761 0.9951 0.0625
vn 0.0761 -0.9951 0.0625
vn 0.7693 -0.0975 0.6314
vn 0.5601 0.4696 0.6825
vn 0.3002 -0.8810 0.3658
vn 0.6073 0.2890 0.7400
vn 0.1850 -0.9565 0.2254
vn 0.6314 0.0975 0.7693
vn 0.0625 0.9951 0.0761
vn 0.0625 -0.9951 0.0761
vn 0.6314 -0.0975 0.7693
vn 0.1850 0.9565 0.2254
vn 0.6073 -0.2890 0.7400
vn 0.3002 0.8810 0.3658
vn 0.5601 -0.4696 0.6825
vn 0.4036 0.7715 0.4918
vn 0.4913 -0.6326 0.5987
vn 0.4913 0.6326 0.5987
vn 0.4036 -0.7715 0.4918
vn 0.4513 -0.2890 0.8443
vn 0.2230 0.8810 0.4173
vn 0.4162 -0.4696 0.7786
vn 0.2999 0.7715 0.5611
vn 0.3651 -0.6326 0.6831
vn 0.3651 0.6326 0.6831
vn 0.2999 -0.7715 0.5611
vn 0.4162 0.4696 0.7786
vn 0.2230 -0.8810 0.4173
vn 0.4513 0.2890 0.8443
vn 0.1374 -0.9565 0.2571
vn 0.4691 0.0975 0.8777
vn 0.0464 0.9951 0.0869
vn 0.0464 -0.9951 0.0869
vn 0.4691 -0.0975 0.8777
vn 0.1374 0.9565 0.2571
vn 0.1374 -0.8810 0.4528
vn 0.2779 0.2890 0.9161
vn 0.0846 -0.9565 0.2790
vn 0.2889 0.0975 0.9524
vn 0.0286 0.9951 0.0942
vn 0.0286 -0.9951 0.0942
vn 0.2889 -0.0975 0.9524
vn 0.0846 0.9565 0.2790
vn 0.2779 -0.2890 0.9161
vn 0.1374 0.8810 0.4528
vn 0.2563 -0.4696 0.8448
vn 0.1847 0.7715 0.6088
vn 0.2248 -0.6326 0.7412
vn 0.2248 0.6326 0.7412
vn 0.1847 -0.7715 0.6088
vn 0.2563 0.4696 0.8448
vn 0.0865 -0.4696 0.8786
vn 0.0624 0.7715 0.6332
vn 0.0759 -0.6326 0.7708
vn 0.0759 0.6326 0.7708
vn 0.0624 -0.7715 0.6332
vn 0.0865 0.4696 0.8786
vn 0.0464 -0.8810 0.4709
vn 0.0938 0.2890 0.9527
vn 0.0286 -0.9565 0.2902
vn 0.0975 0.0975 0.9904
vn 0.0097 0.9951 0.0980
vn 0.0097 -0.9951 0.0980
vn 0.0975 -0.0975 0.9904
vn 0.0286 0.9565 0.2902
vn 0.0938 -0.2890 0.9527
vn 0.0464 0.8810 0.4709
vn -0.0286 -0.9565 0.2902
vn -0.0976 0.0975 0.9904
vn -0.0097 0.9951 0.0980
vn -0.0097 -0.9951 0.0980
vn -0.0976 -0.0975 0.9904
vn -0.0286 0.9565 0.2902
vn -0.0938 -0.2890 0.9527
vn -0.0464 0.8810 0.4709
vn -0.0865 -0.4696 0.8786
vn -0.0624 0.7715 0.6332
vn -0.0759 -0.6326 0.7708
vn -0.0759 0.6326 0.7708
vn -0.0624 -0.7715 0.6332
vn -0.0865 0.4696 0.8786
vn -0.0464 -0.8810 0.4709
vn -0.0938 0.2890 0.9527
vn -0.1847 0.7715 0.6088
vn -0.2248 -0.6326 0.7412
vn -0.2248 0.6326 0.7412
vn -0.1847 -0.7715 0.6088
vn -0.2563 0.4696 0.8448
vn -0.1374 -0.8810 0.4528
vn -0.2779 0.2890 0.9161
vn -0.0846 -0.9565 0.2790
vn -0.2889 0.0975 0.9524
vn -0.0286 0.9951 0.0942
vn -0.0286 -0.9951 0.0942
vn -0.2889 -0.0975 0.9524
vn -0.0846 0.9565 0.2790
vn -0.2779 -0.2890 0.9161
vn -0.1374 0.8810 0.4528
vn -0.2563 -0.4696 0.8448
vn -0.4691 0.0975 0.8777
vn -0.0464 0.9951 0.0869
vn -0.0464 -0.9951 0.0869
vn -0.4691 -0.0975 0.8777
vn -0.1374 0.9565 0.2571
vn -0.4513 -0.2890 0.8443
vn -0.2230 0.8810 0.4173
vn -0.4162 -0.4696 0.7786
vn -0.2999 0.7715 0.5611
vn -0.3651 -0.6326 0.6831
vn -0.3651 0.6326 0.6831
vn -0.2999 -0.7715 0.5611
vn -0.4162 0.4696 0.7786
vn -0.2230 -0.8810 0.4173
vn -0.4513 0.2890 0.8443
vn -0.1374 -0.9565 0.2571
vn -0.4913 -0.6326 0.5987
vn -0.4913 0.6326 0.5987
vn -0.4036 -0.7715 0.4918
vn -0.5601 0.4696 0.6825
vn -0.3002 -0.8810 0.3658
vn -0.6073 0.2890 0.7400
vn -0.1850 -0.9565 0.2254
vn -0.6314 0.0975 0.7693
vn -0.0625 0.9951 0.0761
vn -0.0625 -0.9951 0.0761
vn -0.6314 -0.0975 0.7693
vn -0.1850 0.9565 0.2254
vn -0.6073 -0.2890 0.7400
vn -0.3002 0.8810 0.3658
vn -0.5601 -0.4696 0.6825
vn -0.4036 0.7715 0.4918
vn -0.0761 0.9951 0.0625
vn -0.0761 -0.9951 0.0625
vn -0.7693 -0.0975 0.6314
vn -0.2254 0.9565 0.1850
vn -0.7400 -0.2890 0.6073
vn -0.3658 0.8810 0.3002
vn -0.6825 -0.4696 0.5601
vn -0.4918 0.7715 0.4036
vn -0.5987 -0.6326 0.4913
vn -0.5987 0.6326 0.4913
vn -0.4918 -0.7715 0.4036
vn -0.6825 0.4696 0.5601
vn -0.3658 -0.8810 0.3002
vn -0.7400 0.2890 0.6073
vn -0.2254 -0.9565 0.1850
vn -0.7693 0.0975 0.6314
vn -0.6831 0.6326 0.3651
vn -0.5611 -0.7715 0.2999
vn -0.7786 0.4696 0.4162
vn -0.4173 -0.8810 0.2230
vn -0.8443 0.2890 0.4513
vn -0.2571 -0.9565 0.1374
vn -0.8777 0.0975 0.4691
vn -0.0869 0.9951 0.0464
vn -0.0869 -0.9951 0.0464
vn -0.8777 -0.0975 0.4691
vn -0.2571 0.9565 0.1374
vn -0.8443 -0.2890 0.4513
vn -0.4173 0.8810 0.2230
vn -0.7786 -0.4696 0.4162
vn -0.5611 0.7715 0.2999
vn -0.6831 -0.6326 0.3651
vn -0.9524 -0.0975 0.2889
vn -0.2790 0.9565 0.0846
vn -0.9161 -0.2890 0.2779
vn -0.4528 0.8810 0.1374
vn -0.8448 -0.4696 0.2563
vn -0.6088 0.7715 0.1847
vn -0.7412 -0.6326 0.2248
vn -0.7412 0.6326 0.2248
vn -0.6088 -0.7715 0.1847
vn -0.8448 0.4696 0.2563
vn -0.4528 -0.8810 0.1374
vn -0.9161 0.2890 0.2779
vn -0.2790 -0.9565 0.0846
vn -0.9524 0.0975 0.2889
vn -0.0942 0.9951 0.0286
vn -0.0942 -0.9951 0.0286
vn -0.6332 -0.7715 0.0624
vn -0.8786 0.4696 0.0865
vn -0.4709 -0.8810 0.0464
vn -0.9527 0.2890 0.0938
vn -0.2902 -0.9565 0.0286
vn -0.9904 0.0975 0.0975
vn -0.0980 0.9951 0.0097
vn -0.0980 -0.9951 0.0097
vn -0.9904 -0.0975 0.0975
vn -0.2902 0.9565 0.0286
vn -0.9527 -0.2890 0.0938
vn -0.4709 0.8810 0.0464
vn -0.8786 -0.4696 0.0865
vn -0.6332 0.7715 0.0624
vn -0.7708 -0.6326 0.0759
vn -0.7708 0.6326 0.0759
vn -0.9527 -0.2890 -0.0938
vn -0.4709 0.8810 -0.0464
vn -0.8786 -0.4696 -0.0865
vn -0.6332 0.7715 -0.0624
vn -0.7708 -0.6326 -0.0759
vn -0.7708 0.6326 -0.0759
vn -0.6332 -0.7715 -0.0624
vn -0.8786 0.4696 -0.0865
vn -0.4709 -0.8810 -0.0464
vn -0.9527 0.2890 -0.0938
vn -0.2902 -0.9565 -0.0286
vn -0.9904 0.0975 -0.0976
vn -0.0980 0.9951 -0.0097
vn -0.0980 -0.9951 -0.0097
vn -0.9904 -0.0975 -0.0976
vn -0.2902 0.9565 -0.0286
vn -0.4528 -0.8810 -0.1374
vn -0.9161 0.2890 -0.2779
vn -0.2790 -0.9565 -0.0846
vn -0.9524 0.0975 -0.2889
vn -0.0942 0.9951 -0.0286
vn -0.0942 -0.9951 -0.0286
vn -0.9524 -0.0975 -0.2889
vn -0.2790 0.9565 -0.0846
vn -0.9161 -0.2890 -0.2779
vn -0.4528 0.8810 -0.1374
vn -0.8448 -0.4696 -0.2563
vn -0.6088 0.7715 -0.1847
vn -0.7412 -0.6326 -0.2248
vn -0.7412 0.6326 -0.2248
vn -0.6088 -0.7715 -0.1847
vn -0.8448 0.4696 -0.2563
vn -0.4173 0.8810 -0.2231
vn -0.7786 -0.4696 -0.4162
vn -0.5611 0.7715 -0.2999
vn -0.6831 -0.6326 -0.3651
vn -0.6831 0.6326 -0.3651
vn -0.5611 -0.7715 -0.2999
vn -0.7786 0.4696 -0.4162
vn -0.4173 -0.8810 -0.2231
vn -0.8443 0.2890 -0.4513
vn -0.2571 -0.9565 -0.1374
vn -0.8777 0.0975 -0.4691
vn -0.0869 0.9951 -0.0464
vn -0.0869 -0.9951 -0.0464
vn -0.8777 -0.0975 -0.4691
vn -0.2571 0.9565 -0.1374
vn -0.8443 -0.2890 -0.4513
vn -0.7400 0.2890 -0.6073
vn -0.2254 -0.9565 -0.1850
vn -0.7693 0.0975 -0.6314
vn -0.0761 0.9951 -0.0625
vn -0.0761 -0.9951 -0.0625
vn -0.7693 -0.0975 -0.6314
vn -0.2254 0.9565 -0.1850
vn -0.7400 -0.2890 -0.6073
vn -0.3658 0.8810 -0.3002
vn -0.6825 -0.4696 -0.5601
vn -0.4918 0.7715 -0.4036
vn -0.5987 -0.6326 -0.4913
vn -0.5987 0.6326 -0.4913
vn -0.4918 -0.7715 -0.4036
vn -0.6825 0.4696 -0.5601
vn -0.3658 -0.8810 -0.3002
vn -0.5601 -0.4696 -0.6825
vn -0.4036 0.7715 -0.4918
vn -0.4913 -0.6326 -0.5987
vn -0.4913 0.6326 -0.5987
vn -0.4036 -0.7715 -0.4918
vn -0.5601 0.4696 -0.6825
vn -0.3002 -0.8810 -0.3658
vn -0.6073 0.2890 -0.7400
vn -0.1850 -0.9565 -0.2254
vn -0.6314 0.0975 -0.7693
vn -0.0625 0.9951 -0.0761
vn -0.0625 -0.9951 -0.0761
vn -0.6314 -0.0975 -0.7693
vn -0.1850 0.9565 -0.2254
vn -0.6073 -0.2890 -0.7400
vn -0.3002 0.8810 -0.3658
vn -0.1374 -0.9565 -0.2571
vn -0.4691 0.0975 -0.8777
vn -0.0464 0.9951 -0.0869
vn -0.0464 -0.9951 -0.0869
vn -0.4691 -0.0975 -0.8777
vn -0.1374 0.9565 -0.2571
vn -0.4513 -0.2890 -0.8443
vn -0.2230 0.8810 -0.4173
vn -0.4162 -0.4696 -0.7786
vn -0.2999 0.7715 -0.5611
vn -0.3651 -0.6326 -0.6831
vn -0.3651 0.6326 -0.6831
vn -0.2999 -0.7715 -0.5611
vn -0.4162 0.4696 -0.7786
vn -0.2230 -0.8810 -0.4173
vn -0.4513 0.2890 -0.8443
vn -0.1847 0.7715 -0.6088
vn -0.2248 -0.6326 -0.7412
vn -0.2248 0.6326 -0.7412
vn -0.1847 -0.7715 -0.6088
vn -0.2563 0.4696 -0.8448
vn -0.1374 -0.8810 -0.4528
vn -0.2779 0.2890 -0.9161
vn -0.0846 -0.9565 -0.2790
vn -0.2889 0.0975 -0.9524
vn -0.0286 0.9951 -0.0942
vn -0.0286 -0.9951 -0.0942
vn -0.2889 -0.0975 -0.9524
vn -0.0846 0.9565 -0.2790
vn -0.2779 -0.2890 -0.9161
vn -0.1374 0.8810 -0.4528
vn -0.2563 -0.4696 -0.8448
vn -0.0976 0.0975 -0.9904
vn -0.0097 0.9951 -0.0980
vn -0.0097 -0.9951 -0.0980
vn -0.0976 -0.0975 -0.9904
vn -0.0286 0.9565 -0.2902
vn -0.0938 -0.2890 -0.9527
vn -0.0464 0.8810 -0.4709
vn -0.0865 -0.4696 -0.8786
vn -0.0624 0.7715 -0.6332
vn -0.0759 -0.6326 -0.7708
vn -0.0759 0.6326 -0.7708
vn -0.0624 -0.7715 -0.6332
vn -0.0865 0.4696 -0.8786
vn -0.0464 -0.8810 -0.4709
vn -0.0938 0.2890 -0.9527
vn -0.0286 -0.9565 -0.2902
vn 0.9640 0.2583 -0.0632
vn 0.7063 0.7063 -0.0463
vn 0.2588 0.9658 -0.0170
vn -0.2588 0.9658 0.0170
vn -0.7063 0.7063 0.0463
vn -0.9640 0.2583 0.0632
vn -0.9640 -0.2583 0.0632
vn -0.7063 -0.7063 0.0463
vn -0.2588 -0.9658 0.0170
vn 0.2588 -0.9658 -0.0170
vn 0.7063 -0.7063 -0.0463
vn 0.9640 -0.2583 -0.0632
vn 0.9475 0.2583 -0.1885
vn 0.6943 0.7063 -0.1381
vn 0.2544 0.9658 -0.0506
vn -0.2544 0.9658 0.0506
vn -0.6943 0.7063 0.1381
vn -0.9475 0.2583 0.1885
vn -0.9475 -0.2583 0.1885
vn -0.6943 -0.7063 0.1381
vn -0.2544 -0.9658 0.0506
vn 0.2544 -0.9658 -0.0506
vn 0.6943 -0.7063 -0.1381
vn 0.9475 -0.2583 -0.1885
vn 0.9148 0.2583 -0.3105
vn 0.6703 0.7063 -0.2275
vn 0.2456 0.9658 -0.0834
vn -0.2456 0.9658 0.0834
vn -0.6703 0.7063 0.2275
vn -0.9148 0.2583 0.3105
vn -0.9148 -0.2583 0.3105
vn -0.6703 -0.7063 0.2275
vn -0.2456 -0.9658 0.0834
vn 0.2456 -0.9658 -0.0834
vn 0.6703 -0.7063 -0.2275
vn 0.9148 -0.2583 -0.3105
vn 0.8664 0.2583 -0.4273
vn 0.6349 0.7063 -0.3131
vn 0.2326 0.9658 -0.1147
vn -0.2326 0.9658 0.1147
vn -0.6349 0.7063 0.3131
vn -0.8664 0.2583 0.4273
vn -0.8664 -0.2583 0.4273
vn -0.6349 -0.7063 0.3131
vn -0.2326 -0.9658 0.1147
vn 0.2326 -0.9658 -0.1147
vn 0.6349 -0.7063 -0.3131
vn 0.8664 -0.2583 -0.4273
vn 0.8033 0.2583 -0.5367
vn 0.5886 0.7063 -0.3933
vn 0.2156 0.9658 -0.1441
vn -0.2156 0.9658 0.1441
vn -0.5886 0.7063 0.3933
vn -0.8033 0.2583 0.5367
vn -0.8033 -0.2583 0.5367
vn -0.5886 -0.7063 0.3933
vn -0.2156 -0.9658 0.1441
vn 0.2156 -0.9658 -0.1441
vn 0.5886 -0.7063 -0.3933
vn 0.8033 -0.2583 -0.5367
vn 0.7263 0.2583 -0.6370
vn 0.5322 0.7063 -0.4667
vn 0.1950 0.9658 -0.1710
vn -0.1950 0.9658 0.1710
vn -0.5322 0.7063 0.4667
vn -0.7263 0.2583 0.6370
vn -0.7263 -0.2583 0.6370
vn -0.5322 -0.7063 0.4667
vn -0.1950 -0.9658 0.1710
vn 0.1950 -0.9658 -0.1710
vn 0.5322 -0.7063 -0.4667
vn 0.7263 -0.2583 -0.6370
vn 0.6370 0.2583 -0.7263
vn 0.4667 0.7063 -0.5322
vn 0.1710 0.9658 -0.1950
vn -0.1710 0.9658 0.1950
vn -0.4667 0.7063 0.5322
vn -0.6370 0.2583 0.7263
vn -0.6370 -0.2583 0.7263
vn -0.4667 -0.7063 0.5322
vn -0.1710 -0.9658 0.1950
vn 0.1710 -0.9658 -0.1950
vn 0.4667 -0.7063 -0.5322
vn 0.6370 -0.2583 -0.7263
vn 0.5367 0.2583 -0.8033
vn 0.3933 0.7063 -0.5886
vn 0.1441 0.9658 -0.2156
vn -0.1441 0.9658 0.2156
vn -0.3933 0.7063 0.5886
vn -0.5367 0.2583 0.8033
vn -0.5367 -0.2583 0.8033
vn -0.3933 -0.7063 0.5886
vn -0.1441 -0.9658 0.2156
vn 0.1441 -0.9658 -0.2156
vn 0.3933 -0.7063 -0.5886
vn 0.5367 -0.2583 -0.8033
vn 0.4273 0.2583 -0.8664
vn 0.3131 0.7063 -0.6349
vn 0.1147 0.9658 -0.2326
vn -0.1147 0.9658 0.2326
vn -0.3131 0.7063 0.6349
vn -0.4273 0.2583 0.8664
vn -0.4273 -0.2583 0.8664
vn -0.3131 -0.7063 0.6349
vn -0.1147 -0.9658 0.2326
vn 0.1147 -0.9658 -0.2326
vn 0.3131 -0.7063 -0.6349
vn 0.4273 -0.2583 -0.8664
vn 0.3105 0.2583 -0.9148
vn 0.2275 0.7063 -0.6703
vn 0.0834 0.9658 -0.2456
vn -0.0834 0.9658 0.2456
vn -0.2275 0.7063 0.6703
vn -0.3105 0.2583 0.9148
vn -0.3105 -0.2583 0.9148
vn -0.2275 -0.7063 0.6703
vn -0.0834 -0.9658 0.2456
vn 0.0834 -0.9658 -0.2456
vn 0.2275 -0.7063 -0.6703
vn 0.3105 -0.2583 -0.9148
vn 0.1885 0.2583 -0.9475
vn 0.1381 0.7063 -0.6943
vn 0.0506 0.9658 -0.2544
vn -0.0506 0.9658 0.2544
vn -0.1381 0.7063 0.6943
vn -0.1885 0.2583 0.9475
vn -0.1885 -0.2583 0.9475
vn -0.1381 -0.7063 0.6943
vn -0.0506 -0.9658 0.2544
vn 0.0506 -0.9658 -0.2544
vn 0.1381 -0.7063 -0.6943
vn 0.1885 -0.2583 -0.9475
vn 0.0632 0.2583 -0.9640
vn 0.0463 0.7063 -0.7063
vn 0.0170 0.9658 -0.2588
vn -0.0170 0.9658 0.2588
vn -0.0463 0.7063 0.7063
vn -0.0632 0.2583 0.9640
vn -0.0632 -0.2583 0.9640
vn -0.0463 -0.7063 0.7063
vn -0.0170 -0.9658 0.2588
vn 0.0170 -0.9658 -0.2588
vn 0.0463 -0.7063 -0.7063
vn 0.0632 -0.2583 -0.9640
vn -0.0632 0.2583 -0.9640
vn -0.0463 0.7063 -0.7063
vn -0.0170 0.9658 -0.2588
vn 0.0170 0.9658 0.2588
vn 0.0463 0.7063 0.7063
vn 0.0632 0.2583 0.9640
vn 0.0632 -0.2583 0.9640
vn 0.0463 -0.7063 0.7063
vn 0.0170 -0.9658 0.2588
vn -0.0170 -0.9658 -0.2588
vn -0.0463 -0.7063 -0.7063
vn -0.0632 -0.2583 -0.9640
vn -0.1885 0.2583 -0.9475
vn -0.1381 0.7063 -0.6943
vn -0.0506 0.9658 -0.2544
vn 0.0506 0.9658 0.2544
vn 0.1381 0.7063 0.6943
vn 0.1885 0.2583 0.9475
vn 0.1885 -0.2583 0.9475
vn 0.1381 -0.7063 0.6943
vn 0.0506 -0.9658 0.2544
vn -0.0506 -0.9658 -0.2544
vn -0.1381 -0.7063 -0.6943
vn -0.1885 -0.2583 -0.9475
vn -0.3105 0.2583 -0.9148
vn -0.2275 0.7063 -0.6703
vn -0.0834 0.9658 -0.2456
vn 0.0834 0.9658 0.2456
vn 0.2275 0.7063 0.6703
vn 0.3105 0.2583 0.9148
vn 0.3105 -0.2583 0.9148
vn 0.2275 -0.7063 0.6703
vn 0.0834 -0.9658 0.2456
vn -0.0834 -0.9658 -0.2456
vn -0.2275 -0.7063 -0.6703
vn -0.3105 -0.2583 -0.9148
vn -0.4273 0.2583 -0.8664
vn -0.3131 0.7063 -0.6349
vn -0.1147 0.9658 -0.2326
vn 0.1147 0.9658 0.2326
vn 0.3131 0.7063 0.6349
vn 0.4273 0.2583 0.8664
vn 0.4273 -0.2583 0.8664
vn 0.3131 -0.7063 0.6349
vn 0.1147 -0.9658 0.2326
vn -0.1147 -0.9658 -0.2326
vn -0.3131 -0.7063 -0.6349
vn -0.4273 -0.2583 -0.8664
vn -0.5367 0.2583 -0.8033
vn -0.3933 0.7063 -0.5886
vn -0.1441 0.9658 -0.2156
vn 0.1441 0.9658 0.2156
vn 0.3933 0.7063 0.5886
vn 0.5367 0.2583 0.8033
vn 0.5367 -0.2583 0.8033
vn 0.3933 -0.7063 0.5886
vn 0.1441 -0.9658 0.2156
vn -0.1441 -0.9658 -0.2156
vn -0.3933 -0.7063 -0.5886
vn -0.5367 -0.2583 -0.8033
vn -0.6370 0.2583 -0.7263
vn -0.4667 0.7063 -0.5322
vn -0.1710 0.9658 -0.1950
vn 0.1710 0.9658 0.1950
vn 0.4667 0.7063 0.5322
vn 0.6370 0.2583 0.7263
vn 0.6370 -0.2583 0.7263
vn 0.4667 -0.7063 0.5322
vn 0.1710 -0.9658 0.1950
vn -0.1710 -0.9658 -0.1950
vn -0.4667 -0.7063 -0.5322
vn -0.6370 -0.2583 -0.7263
vn -0.7263 0.2583 -0.6370
vn -0.5322 0.7063 -0.4667
vn -0.1950 0.9658 -0.1710
vn 0.1950 0.9658 0.1710
vn 0.5322 0.7063 0.4667
vn 0.7263 0.2583 0.6370
vn 0.7263 -0.2583 0.6370
vn 0.5322 -0.7063 0.4667
vn 0.1950 -0.9658 0.1710
vn -0.1950 -0.9658 -0.1710
vn -0.5322 -0.7063 -0.4667
vn -0.7263 -0.2583 -0.6370
vn -0.8033 0.2583 -0.5367
vn -0.5886 0.7063 -0.3933
vn -0.2156 0.9658 -0.1441
vn 0.2156 0.9658 0.1441
vn 0.5886 0.7063 0.3933
vn 0.8033 0.2583 0.5367
vn 0.8033 -0.2583 0.5367
vn 0.5886 -0.7063 0.3933
vn 0.2156 -0.9658 0.1441
vn -0.2156 -0.9658 -0.1441
vn -0.5886 -0.7063 -0.3933
vn -0.8033 -0.2583 -0.5367
vn -0.8664 0.2583 -0.4273
vn -0.6349 0.7063 -0.3131
vn -0.2326 0.9658 -0.1147
vn 0.2326 0.9658 0.1147
vn 0.6349 0.7063 0.3131
vn 0.8664 0.2583 0.4273
vn 0.8664 -0.2583 0.4273
vn 0.6349 -0.7063 0.3131
vn 0.2326 -0.9658 0.1147
vn -0.2326 -0.9658 -0.1147
vn -0.6349 -0.7063 -0.3131
vn -0.8664 -0.2583 -0.4273
vn -0.9148 0.2583 -0.3105
vn -0.6703 0.7063 -0.2275
vn -0.2456 0.9658 -0.0834
vn 0.2456 0.9658 0.0834
vn 0.6703 0.7063 0.2275
vn 0.9148 0.2583 0.3105
vn 0.9148 -0.2583 0.3105
vn 0.6703 -0.7063 0.2275
vn 0.2456 -0.9658 0.0834
vn -0.2456 -0.9658 -0.0834
vn -0.6703 -0.7063 -0.2275
vn -0.9148 -0.2583 -0.3105
vn -0.9475 0.2583 -0.1885
vn -0.6943 0.7063 -0.1381
vn -0.2544 0.9658 -0.0506
vn 0.2544 0.9658 0.0506
vn 0.6943 0.7063 0.1381
vn 0.9475 0.2583 0.1885
vn 0.9475 -0.2583 0.1885
vn 0.6943 -0.7063 0.1381
vn 0.2544 -0.9658 0.0506
vn -0.2544 -0.9658 -0.0506
vn -0.6943 -0.7063 -0.1381
vn -0.9475 -0.2583 -0.1885
vn -0.9640 0.2583 -0.0632
vn -0.7063 0.7063 -0.0463
vn -0.2588 0.9658 -0.0170
vn 0.2588 0.9658 0.0170
vn 0.7063 0.7063 0.0463
vn 0.9640 0.2583 0.0632
vn 0.9640 -0.2583 0.0632
vn 0.7063 -0.7063 0.0463
vn 0.2588 -0.9658 0.0170
vn -0.2588 -0.9658 -0.0170
vn -0.7063 -0.7063 -0.0463
vn -0.9640 -0.2583 -0.0632
vn 0.0459 -0.0000 -0.9989
vn 0.1402 -0.0000 -0.9901
vn 0.2420 -0.0000 -0.9703
vn 0.3577 -0.0000 -0.9339
vn 0.4943 -0.0000 -0.8693
vn 0.6577 -0.0000 -0.7533
vn 0.8384 -0.0000 -0.5450
vn 0.9784 -0.0000 -0.2065
vn 0.9784 -0.0000 0.2065
vn 0.8384 -0.0000 0.5450
vn 0.6577 -0.0000 0.7533
vn 0.4943 -0.0000 0.8693
vn 0.3577 -0.0000 0.9339
vn 0.2420 -0.0000 0.9703
vn 0.1402 -0.0000 0.9901
vn 0.0459 -0.0000 0.9989
vn -0.0459 -0.0000 0.9989
vn -0.1402 -0.0000 0.9901
vn -0.2420 -0.0000 0.9703
vn -0.3577 -0.0000 0.9339
vn -0.4943 -0.0000 0.8693
vn -0.6577 -0.0000 0.7533
vn -0.8384 -0.0000 0.5450
vn -0.9784 -0.0000 0.2065
vn -0.9784 -0.0000 -0.2065
vn -0.8384 -0.0000 -0.5450
vn -0.6577 -0.0000 -0.7533
vn -0.4943 -0.0000 -0.8693
vn -0.3577 -0.0000 -0.9339
vn -0.2420 -0.0000 -0.9703
vn -0.0000 1.0000 -0.0000
vn -0.1402 -0.0000 -0.9901
vn -0.0459 -0.0000 -0.9989
vn -0.0000 -1.0000 -0.0000
vt 0.750000 0.062500
vt 0.750000 0.125000
vt 0.718750 0.125000
vt 0.718750 0.062500
vt 0.750000 0.500000
vt 0.750000 0.562500
vt 0.718750 0.562500
vt 0.718750 0.500000
vt 0.750000 0.937500
vt 0.734375 1.000000
vt 0.718750 0.937500
vt 0.734375 0.000000
vt 0.750000 0.437500
vt 0.718750 0.437500
vt 0.750000 0.875000
vt 0.718750 0.875000
vt 0.750000 0.375000
vt 0.718750 0.375000
vt 0.750000 0.812500
vt 0.718750 0.812500
vt 0.750000 0.312500
vt 0.718750 0.312500
vt 0.750000 0.750000
vt 0.718750 0.750000
vt 0.750000 0.250000
vt 0.718750 0.250000
vt 0.750000 0.687500
vt 0.718750 0.687500
vt 0.750000 0.187500
vt 0.718750 0.187500
vt 0.750000 0.625000
vt 0.718750 0.625000
vt 0.687500 0.187500
vt 0.687500 0.125000
vt 0.687500 0.625000
vt 0.687500 0.562500
vt 0.687500 0.062500
vt 0.687500 0.500000
vt 0.703125 1.000000
vt 0.687500 0.937500
vt 0.703125 0.000000
vt 0.687500 0.437500
vt 0.687500 0.875000
vt 0.687500 0.375000
vt 0.687500 0.812500
vt 0.687500 0.312500
vt 0.687500 0.750000
vt 0.687500 0.250000
vt 0.687500 0.687500
vt 0.656250 0.875000
vt 0.656250 0.812500
vt 0.656250 0.375000
vt 0.656250 0.312500
vt 0.656250 0.750000
vt 0.656250 0.250000
vt 0.656250 0.687500
vt 0.656250 0.187500
vt 0.656250 0.625000
vt 0.656250 0.125000
vt 0.656250 0.562500
vt 0.656250 0.062500
vt 0.656250 0.500000
vt 0.671875 1.000000
vt 0.656250 0.937500
vt 0.671875 0.000000
vt 0.656250 0.437500
vt 0.625000 0.625000
vt 0.625000 0.562500
vt 0.625000 0.125000
vt 0.625000 0.062500
vt 0.625000 0.500000
vt 0.640625 1.000000
vt 0.625000 0.937500
vt 0.640625 0.000000
vt 0.625000 0.437500
vt 0.625000 0.875000
vt 0.625000 0.375000
vt 0.625000 0.812500
vt 0.625000 0.312500
vt 0.625000 0.750000
vt 0.625000 0.250000
vt 0.625000 0.687500
vt 0.625000 0.187500
vt 0.593750 0.375000
vt 0.593750 0.312500
vt 0.593750 0.812500
vt 0.593750 0.750000
vt 0.593750 0.250000
vt 0.593750 0.687500
vt 0.593750 0.187500
vt 0.593750 0.625000
vt 0.593750 0.125000
vt 0.593750 0.562500
vt 0.593750 0.062500
vt 0.593750 0.500000
vt 0.609375 1.000000
vt 0.593750 0.937500
vt 0.609375 0.000000
vt 0.593750 0.437500
vt 0.593750 0.875000
vt 0.562500 0.125000
vt 0.562500 0.062500
vt 0.562500 0.562500
vt 0.562500 0.500000
vt 0.578125 1.000000
vt 0.562500 0.937500
vt 0.578125 0.000000
vt 0.562500 0.437500
vt 0.562500 0.875000
vt 0.562500 0.375000
vt 0.562500 0.812500
vt 0.562500 0.312500
vt 0.562500 0.750000
vt 0.562500 0.250000
vt 0.562500 0.687500
vt 0.562500 0.187500
vt 0.562500 0.625000
vt 0.531250 0.312500
vt 0.531250 0.250000
vt 0.531250 0.750000
vt 0.531250 0.687500
vt 0.531250 0.187500
vt 0.531250 0.625000
vt 0.531250 0.125000
vt 0.531250 0.562500
vt 0.531250 0.062500
vt 0.531250 0.500000
vt 0.546875 1.000000
vt 0.531250 0.937500
vt 0.546875 0.000000
vt 0.531250 0.437500
vt 0.531250 0.875000
vt 0.531250 0.375000
vt 0.531250 0.812500
vt 0.515625 1.000000
vt 0.500000 0.937500
vt 0.515625 0.000000
vt 0.500000 0.062500
vt 0.500000 0.500000
vt 0.500000 0.437500
vt 0.500000 0.875000
vt 0.500000 0.375000
vt 0.500000 0.812500
vt 0.500000 0.312500
vt 0.500000 0.750000
vt 0.500000 0.250000
vt 0.500000 0.687500
vt 0.500000 0.187500
vt 0.500000 0.625000
vt 0.500000 0.125000
vt 0.500000 0.562500
vt 0.468750 0.750000
vt 0.468750 0.687500
vt 0.468750 0.250000
vt 0.468750 0.187500
vt 0.468750 0.625000
vt 0.468750 0.125000
vt 0.468750 0.562500
vt 0.468750 0.062500
vt 0.468750 0.500000
vt 0.484375 1.000000
vt 0.468750 0.937500
vt 0.484375 0.000000
vt 0.468750 0.437500
vt 0.468750 0.875000
vt 0.468750 0.375000
vt 0.468750 0.812500
vt 0.468750 0.312500
vt 0.437500 0.500000
vt 0.437500 0.437500
vt 0.437500 0.937500
vt 0.437500 0.875000
vt 0.437500 0.375000
vt 0.437500 0.812500
vt 0.437500 0.312500
vt 0.437500 0.750000
vt 0.437500 0.250000
vt 0.437500 0.687500
vt 0.437500 0.187500
vt 0.437500 0.625000
vt 0.437500 0.125000
vt 0.437500 0.562500
vt 0.437500 0.062500
vt 0.453125 1.000000
vt 0.453125 0.000000
vt 0.406250 0.250000
vt 0.406250 0.187500
vt 0.406250 0.687500
vt 0.406250 0.625000
vt 0.406250 0.125000
vt 0.406250 0.562500
vt 0.406250 0.062500
vt 0.406250 0.500000
vt 0.421875 1.000000
vt 0.406250 0.937500
vt 0.421875 0.000000
vt 0.406250 0.437500
vt 0.406250 0.875000
vt 0.406250 0.375000
vt 0.406250 0.812500
vt 0.406250 0.312500
vt 0.406250 0.750000
vt 0.375000 0.937500
vt 0.375000 0.875000
vt 0.375000 0.437500
vt 0.375000 0.375000
vt 0.375000 0.812500
vt 0.375000 0.312500
vt 0.375000 0.750000
vt 0.375000 0.250000
vt 0.375000 0.687500
vt 0.375000 0.187500
vt 0.375000 0.625000
vt 0.375000 0.125000
vt 0.375000 0.562500
vt 0.375000 0.062500
vt 0.375000 0.500000
vt 0.390625 1.000000
vt 0.390625 0.000000
vt 0.343750 0.687500
vt 0.343750 0.625000
vt 0.343750 0.187500
vt 0.343750 0.125000
vt 0.343750 0.562500
vt 0.343750 0.062500
vt 0.343750 0.500000
vt 0.359375 1.000000
vt 0.343750 0.937500
vt 0.359375 0.000000
vt 0.343750 0.437500
vt 0.343750 0.875000
vt 0.343750 0.375000
vt 0.343750 0.812500
vt 0.343750 0.312500
vt 0.343750 0.750000
vt 0.343750 0.250000
vt 0.312500 0.437500
vt 0.312500 0.375000
vt 0.312500 0.875000
vt 0.312500 0.812500
vt 0.312500 0.312500
vt 0.312500 0.750000
vt 0.312500 0.250000
vt 0.312500 0.687500
vt 0.312500 0.187500
vt 0.312500 0.625000
vt 0.312500 0.125000
vt 0.312500 0.562500
vt 0.312500 0.062500
vt 0.312500 0.500000
vt 0.328125 1.000000
vt 0.312500 0.937500
vt 0.328125 0.000000
vt 0.281250 0.187500
vt 0.281250 0.125000
vt 0.281250 0.625000
vt 0.281250 0.562500
vt 0.281250 0.062500
vt 0.281250 0.500000
vt 0.296875 1.000000
vt 0.281250 0.937500
vt 0.296875 0.000000
vt 0.281250 0.437500
vt 0.281250 0.875000
vt 0.281250 0.375000
vt 0.281250 0.812500
vt 0.281250 0.312500
vt 0.281250 0.750000
vt 0.281250 0.250000
vt 0.281250 0.687500
vt 0.250000 0.375000
vt 0.250000 0.312500
vt 0.250000 0.812500
vt 0.250000 0.750000
vt 0.250000 0.250000
vt 0.250000 0.687500
vt 0.250000 0.187500
vt 0.250000 0.625000
vt 0.250000 0.125000
vt 0.250000 0.562500
vt 0.250000 0.062500
vt 0.250000 0.500000
vt 0.265625 1.000000
vt 0.250000 0.937500
vt 0.265625 0.000000
vt 0.250000 0.437500
vt 0.250000 0.875000
vt 0.218750 0.125000
vt 0.218750 0.062500
vt 0.218750 0.562500
vt 0.218750 0.500000
vt 0.234375 1.000000
vt 0.218750 0.937500
vt 0.234375 0.000000
vt 0.218750 0.437500
vt 0.218750 0.875000
vt 0.218750 0.375000
vt 0.218750 0.812500
vt 0.218750 0.312500
vt 0.218750 0.750000
vt 0.218750 0.250000
vt 0.218750 0.687500
vt 0.218750 0.187500
vt 0.218750 0.625000
vt 0.187500 0.812500
vt 0.187500 0.750000
vt 0.187500 0.312500
vt 0.187500 0.250000
vt 0.187500 0.687500
vt 0.187500 0.187500
vt 0.187500 0.625000
vt 0.187500 0.125000
vt 0.187500 0.562500
vt 0.187500 0.062500
vt 0.187500 0.500000
vt 0.203125 1.000000
vt 0.187500 0.937500
vt 0.203125 0.000000
vt 0.187500 0.437500
vt 0.187500 0.875000
vt 0.187500 0.375000
vt 0.156250 0.562500
vt 0.156250 0.500000
vt 0.171875 1.000000
vt 0.156250 0.937500
vt 0.171875 0.000000
vt 0.156250 0.062500
vt 0.156250 0.437500
vt 0.156250 0.875000
vt 0.156250 0.375000
vt 0.156250 0.812500
vt 0.156250 0.312500
vt 0.156250 0.750000
vt 0.156250 0.250000
vt 0.156250 0.687500
vt 0.156250 0.187500
vt 0.156250 0.625000
vt 0.156250 0.125000
vt 0.125000 0.312500
vt 0.125000 0.250000
vt 0.125000 0.750000
vt 0.125000 0.687500
vt 0.125000 0.187500
vt 0.125000 0.625000
vt 0.125000 0.125000
vt 0.125000 0.562500
vt 0.125000 0.062500
vt 0.125000 0.500000
vt 0.140625 1.000000
vt 0.125000 0.937500
vt 0.140625 0.000000
vt 0.125000 0.437500
vt 0.125000 0.875000
vt 0.125000 0.375000
vt 0.125000 0.812500
vt 0.109375 1.000000
vt 0.093750 0.937500
vt 0.109375 0.000000
vt 0.093750 0.062500
vt 0.093750 0.500000
vt 0.093750 0.437500
vt 0.093750 0.875000
vt 0.093750 0.375000
vt 0.093750 0.812500
vt 0.093750 0.312500
vt 0.093750 0.750000
vt 0.093750 0.250000
vt 0.093750 0.687500
vt 0.093750 0.187500
vt 0.093750 0.625000
vt 0.093750 0.125000
vt 0.093750 0.562500
vt 0.062500 0.750000
vt 0.062500 0.687500
vt 0.062500 0.250000
vt 0.062500 0.187500
vt 0.062500 0.625000
vt 0.062500 0.125000
vt 0.062500 0.562500
vt 0.062500 0.062500
vt 0.062500 0.500000
vt 0.078125 1.000000
vt 0.062500 0.937500
vt 0.078125 0.000000
vt 0.062500 0.437500
vt 0.062500 0.875000
vt 0.062500 0.375000
vt 0.062500 0.812500
vt 0.062500 0.312500
vt 0.031250 0.500000
vt 0.031250 0.437500
vt 0.031250 0.937500
vt 0.031250 0.875000
vt 0.031250 0.375000
vt 0.031250 0.812500
vt 0.031250 0.312500
vt 0.031250 0.750000
vt 0.031250 0.250000
vt 0.031250 0.687500
vt 0.031250 0.187500
vt 0.031250 0.625000
vt 0.031250 0.125000
vt 0.031250 0.562500
vt 0.031250 0.062500
vt 0.046875 1.000000
vt 0.046875 0.000000
vt 0.000000 0.250000
vt 0.000000 0.187500
vt 0.000000 0.687500
vt 0.000000 0.625000
vt 0.000000 0.125000
vt 0.000000 0.562500
vt 0.000000 0.062500
vt 0.000000 0.500000
vt 0.015625 1.000000
vt 0.000000 0.937500
vt 0.015625 0.000000
vt 0.000000 0.437500
vt 0.000000 0.875000
vt 0.000000 0.375000
vt 0.000000 0.812500
vt 0.000000 0.312500
vt 0.000000 0.750000
vt 1.000000 0.375000
vt 1.000000 0.437500
vt 0.968750 0.437500
vt 0.968750 0.375000
vt 1.000000 0.812500
vt 1.000000 0.875000
vt 0.968750 0.875000
vt 0.968750 0.812500
vt 1.000000 0.312500
vt 0.968750 0.312500
vt 1.000000 0.750000
vt 0.968750 0.750000
vt 1.000000 0.250000
vt 0.968750 0.250000
vt 1.000000 0.687500
vt 0.968750 0.687500
vt 1.000000 0.187500
vt 0.968750 0.187500
vt 1.000000 0.625000
vt 0.968750 0.625000
vt 1.000000 0.125000
vt 0.968750 0.125000
vt 1.000000 0.562500
vt 0.968750 0.562500
vt 1.000000 0.062500
vt 0.968750 0.062500
vt 1.000000 0.500000
vt 0.968750 0.500000
vt 1.000000 0.937500
vt 0.984375 1.000000
vt 0.968750 0.937500
vt 0.984375 0.000000
vt 0.937500 0.187500
vt 0.937500 0.125000
vt 0.937500 0.625000
vt 0.937500 0.562500
vt 0.937500 0.062500
vt 0.937500 0.500000
vt 0.953125 1.000000
vt 0.937500 0.937500
vt 0.953125 0.000000
vt 0.937500 0.437500
vt 0.937500 0.875000
vt 0.937500 0.375000
vt 0.937500 0.812500
vt 0.937500 0.312500
vt 0.937500 0.750000
vt 0.937500 0.250000
vt 0.937500 0.687500
vt 0.906250 0.875000
vt 0.906250 0.812500
vt 0.906250 0.375000
vt 0.906250 0.312500
vt 0.906250 0.750000
vt 0.906250 0.250000
vt 0.906250 0.687500
vt 0.906250 0.187500
vt 0.906250 0.625000
vt 0.906250 0.125000
vt 0.906250 0.562500
vt 0.906250 0.062500
vt 0.906250 0.500000
vt 0.921875 1.000000
vt 0.906250 0.937500
vt 0.921875 0.000000
vt 0.906250 0.437500
vt 0.875000 0.625000
vt 0.875000 0.562500
vt 0.875000 0.125000
vt 0.875000 0.062500
vt 0.875000 0.500000
vt 0.890625 1.000000
vt 0.875000 0.937500
vt 0.890625 0.000000
vt 0.875000 0.437500
vt 0.875000 0.875000
vt 0.875000 0.375000
vt 0.875000 0.812500
vt 0.875000 0.312500
vt 0.875000 0.750000
vt 0.875000 0.250000
vt 0.875000 0.687500
vt 0.875000 0.187500
vt 0.843750 0.375000
vt 0.843750 0.312500
vt 0.843750 0.812500
vt 0.843750 0.750000
vt 0.843750 0.250000
vt 0.843750 0.687500
vt 0.843750 0.187500
vt 0.843750 0.625000
vt 0.843750 0.125000
vt 0.843750 0.562500
vt 0.843750 0.062500
vt 0.843750 0.500000
vt 0.859375 1.000000
vt 0.843750 0.937500
vt 0.859375 0.000000
vt 0.843750 0.437500
vt 0.843750 0.875000
vt 0.812500 0.125000
vt 0.812500 0.062500
vt 0.812500 0.562500
vt 0.812500 0.500000
vt 0.828125 1.000000
vt 0.812500 0.937500
vt 0.828125 0.000000
vt 0.812500 0.437500
vt 0.812500 0.875000
vt 0.812500 0.375000
vt 0.812500 0.812500
vt 0.812500 0.312500
vt 0.812500 0.750000
vt 0.812500 0.250000
vt 0.812500 0.687500
vt 0.812500 0.187500
vt 0.812500 0.625000
vt 0.781250 0.812500
vt 0.781250 0.750000
vt 0.781250 0.312500
vt 0.781250 0.250000
vt 0.781250 0.687500
vt 0.781250 0.187500
vt 0.781250 0.625000
vt 0.781250 0.125000
vt 0.781250 0.562500
vt 0.781250 0.062500
vt 0.781250 0.500000
vt 0.796875 1.000000
vt 0.781250 0.937500
vt 0.796875 0.000000
vt 0.781250 0.437500
vt 0.781250 0.875000
vt 0.781250 0.375000
vt 0.765625 1.000000
vt 0.765625 0.000000
vt 0.000000 0.000000
vt 1.000000 1.000000
vt 0.968750 1.000000
vt 0.968750 0.500000
vt 0.937500 1.000000
vt 0.937500 0.500000
vt 0.906250 1.000000
vt 0.906250 0.500000
vt 0.875000 1.000000
vt 0.875000 0.500000
vt 0.843750 1.000000
vt 0.843750 0.500000
vt 0.812500 1.000000
vt 0.812500 0.500000
vt 0.781250 1.000000
vt 0.781250 0.500000
vt 0.750000 1.000000
vt 0.718750 1.000000
vt 0.687500 1.000000
vt 0.656250 1.000000
vt 0.625000 1.000000
vt 0.593750 1.000000
vt 0.562500 1.000000
vt 0.531250 1.000000
vt 0.500000 1.000000
vt 0.500000 0.500000
vt 0.468750 1.000000
vt 0.468750 0.500000
vt 0.437500 1.000000
vt 0.437500 0.500000
vt 0.406250 1.000000
vt 0.406250 0.500000
vt 0.375000 1.000000
vt 0.375000 0.500000
vt 0.343750 1.000000
vt 0.343750 0.500000
vt 0.312500 1.000000
vt 0.312500 0.500000
vt 0.281250 1.000000
vt 0.281250 0.500000
vt 0.250000 1.000000
vt 0.250000 0.500000
vt 0.218750 1.000000
vt 0.218750 0.500000
vt 0.187500 1.000000
vt 0.187500 0.500000
vt 0.156250 1.000000
vt 0.156250 0.500000
vt 0.125000 1.000000
vt 0.125000 0.500000
vt 0.093750 1.000000
vt 0.093750 0.500000
vt 0.062500 1.000000
vt 0.062500 0.500000
vt 0.296822 0.485388
vt 0.250000 0.490000
vt 0.203178 0.485388
vt 0.158156 0.471731
vt 0.116663 0.449553
vt 0.080294 0.419706
vt 0.050447 0.383337
vt 0.028269 0.341844
vt 0.014612 0.296822
vt 0.010000 0.250000
vt 0.014612 0.203178
vt 0.028269 0.158156
vt 0.050447 0.116663
vt 0.080294 0.080294
vt 0.116663 0.050447
vt 0.158156 0.028269
vt 0.203178 0.014612
vt 0.250000 0.010000
vt 0.296822 0.014612
vt 0.341844 0.028269
vt 0.383337 0.050447
vt 0.419706 0.080294
vt 0.449553 0.116663
vt 0.471731 0.158156
vt 0.485388 0.203178
vt 0.490000 0.250000
vt 0.485388 0.296822
vt 0.471731 0.341844
vt 0.449553 0.383337
vt 0.419706 0.419706
vt 0.383337 0.449553
vt 0.341844 0.471731
vt 0.031250 1.000000
vt 0.031250 0.500000
vt 0.000000 1.000000
vt 0.750000 0.490000
vt 0.796822 0.485388
vt 0.841844 0.471731
vt 0.883337 0.449553
vt 0.919706 0.419706
vt 0.949553 0.383337
vt 0.971731 0.341844
vt 0.985388 0.296822
vt 0.990000 0.250000
vt 0.985388 0.203178
vt 0.971731 0.158156
vt 0.949553 0.116663
vt 0.919706 0.080294
vt 0.883337 0.050447
vt 0.841844 0.028269
vt 0.796822 0.014612
vt 0.750000 0.010000
vt 0.703178 0.014612
vt 0.658156 0.028269
vt 0.616663 0.050447
vt 0.580294 0.080294
vt 0.550447 0.116663
vt 0.528269 0.158156
vt 0.514612 0.203178
vt 0.510000 0.250000
vt 0.514612 0.296822
vt 0.528269 0.341844
vt 0.550447 0.383337
vt 0.580294 0.419706
vt 0.616663 0.449553
vt 0.658156 0.471731
vt 0.703178 0.485388
s 0
f 482/1/1 481/2/1 20/3/1 21/4/1
f 4/5/2 3/6/2 13/7/2 14/8/2
f 474/9/3 82/10/3 7/11/3
f 308/12/4 482/1/4 21/4/4
f 5/13/5 4/5/5 14/8/5 15/14/5
f 475/15/6 474/9/6 7/11/6 8/16/6
f 478/17/7 5/13/7 15/14/7 16/18/7
f 1/19/8 475/15/8 8/16/8 9/20/8
f 6/21/9 478/17/9 16/18/9 17/22/9
f 476/23/10 1/19/10 9/20/10 10/24/10
f 479/25/11 6/21/11 17/22/11 18/26/11
f 2/27/12 476/23/12 10/24/12 11/28/12
f 480/29/13 479/25/13 18/26/13 19/30/13
f 477/31/14 2/27/14 11/28/14 12/32/14
f 481/2/15 480/29/15 19/30/15 20/3/15
f 3/6/16 477/31/16 12/32/16 13/7/16
f 20/3/17 19/30/17 34/33/17 35/34/17
f 13/7/18 12/32/18 27/35/18 28/36/18
f 21/4/19 20/3/19 35/34/19 36/37/19
f 14/8/20 13/7/20 28/36/20 29/38/20
f 7/11/21 82/39/21 22/40/21
f 308/41/22 21/4/22 36/37/22
f 15/14/23 14/8/23 29/38/23 30/42/23
f 8/16/24 7/11/24 22/40/24 23/43/24
f 16/18/25 15/14/25 30/42/25 31/44/25
f 9/20/26 8/16/26 23/43/26 24/45/26
f 17/22/27 16/18/27 31/44/27 32/46/27
f 10/24/28 9/20/28 24/45/28 25/47/28
f 18/26/29 17/22/29 32/46/29 33/48/29
f 11/28/30 10/24/30 25/47/30 26/49/30
f 19/30/31 18/26/31 33/48/31 34/33/31
f 12/32/32 11/28/32 26/49/32 27/35/32
f 24/45/33 23/43/33 38/50/33 39/51/33
f 32/46/34 31/44/34 46/52/34 47/53/34
f 25/47/35 24/45/35 39/51/35 40/54/35
f 33/48/36 32/46/36 47/53/36 48/55/36
f 26/49/37 25/47/37 40/54/37 41/56/37
f 34/33/38 33/48/38 48/55/38 49/57/38
f 27/35/39 26/49/39 41/56/39 42/58/39
f 35/34/40 34/33/40 49/57/40 50/59/40
f 28/36/41 27/35/41 42/58/41 43/60/41
f 36/37/42 35/34/42 50/59/42 51/61/42
f 29/38/43 28/36/43 43/60/43 44/62/43
f 22/40/44 82/63/44 37/64/44
f 308/65/45 36/37/45 51/61/45
f 30/42/46 29/38/46 44/62/46 45/66/46
f 23/43/47 22/40/47 37/64/47 38/50/47
f 31/44/48 30/42/48 45/66/48 46/52/48
f 43/60/49 42/58/49 57/67/49 58/68/49
f 51/61/50 50/59/50 65/69/50 66/70/50
f 44/62/51 43/60/51 58/68/51 59/71/51
f 37/64/52 82/72/52 52/73/52
f 308/74/53 51/61/53 66/70/53
f 45/66/54 44/62/54 59/71/54 60/75/54
f 38/50/55 37/64/55 52/73/55 53/76/55
f 46/52/56 45/66/56 60/75/56 61/77/56
f 39/51/57 38/50/57 53/76/57 54/78/57
f 47/53/58 46/52/58 61/77/58 62/79/58
f 40/54/59 39/51/59 54/78/59 55/80/59
f 48/55/60 47/53/60 62/79/60 63/81/60
f 41/56/61 40/54/61 55/80/61 56/82/61
f 49/57/62 48/55/62 63/81/62 64/83/62
f 42/58/63 41/56/63 56/82/63 57/67/63
f 50/59/64 49/57/64 64/83/64 65/69/64
f 62/79/65 61/77/65 76/84/65 77/85/65
f 55/80/66 54/78/66 69/86/66 70/87/66
f 63/81/67 62/79/67 77/85/67 78/88/67
f 56/82/68 55/80/68 70/87/68 71/89/68
f 64/83/69 63/81/69 78/88/69 79/90/69
f 57/67/70 56/82/70 71/89/70 72/91/70
f 65/69/71 64/83/71 79/90/71 80/92/71
f 58/68/72 57/67/72 72/91/72 73/93/72
f 66/70/73 65/69/73 80/92/73 81/94/73
f 59/71/74 58/68/74 73/93/74 74/95/74
f 52/73/75 82/96/75 67/97/75
f 308/98/76 66/70/76 81/94/76
f 60/75/77 59/71/77 74/95/77 75/99/77
f 53/76/78 52/73/78 67/97/78 68/100/78
f 61/77/79 60/75/79 75/99/79 76/84/79
f 54/78/80 53/76/80 68/100/80 69/86/80
f 81/94/81 80/92/81 96/101/81 97/102/81
f 74/95/82 73/93/82 89/103/82 90/104/82
f 67/97/83 82/105/83 83/106/83
f 308/107/84 81/94/84 97/102/84
f 75/99/85 74/95/85 90/104/85 91/108/85
f 68/100/86 67/97/86 83/106/86 84/109/86
f 76/84/87 75/99/87 91/108/87 92/110/87
f 69/86/88 68/100/88 84/109/88 85/111/88
f 77/85/89 76/84/89 92/110/89 93/112/89
f 70/87/90 69/86/90 85/111/90 86/113/90
f 78/88/91 77/85/91 93/112/91 94/114/91
f 71/89/92 70/87/92 86/113/92 87/115/92
f 79/90/93 78/88/93 94/114/93 95/116/93
f 72/91/94 71/89/94 87/115/94 88/117/94
f 80/92/95 79/90/95 95/116/95 96/101/95
f 73/93/96 72/91/96 88/117/96 89/103/96
f 94/114/97 93/112/97 108/118/97 109/119/97
f 87/115/98 86/113/98 101/120/98 102/121/98
f 95/116/99 94/114/99 109/119/99 110/122/99
f 88/117/100 87/115/100 102/121/100 103/123/100
f 96/101/101 95/116/101 110/122/101 111/124/101
f 89/103/102 88/117/102 103/123/102 104/125/102
f 97/102/103 96/101/103 111/124/103 112/126/103
f 90/104/104 89/103/104 104/125/104 105/127/104
f 83/106/105 82/128/105 98/129/105
f 308/130/106 97/102/106 112/126/106
f 91/108/107 90/104/107 105/127/107 106/131/107
f 84/109/108 83/106/108 98/129/108 99/132/108
f 92/110/109 91/108/109 106/131/109 107/133/109
f 85/111/110 84/109/110 99/132/110 100/134/110
f 93/112/111 92/110/111 107/133/111 108/118/111
f 86/113/112 85/111/112 100/134/112 101/120/112
f 98/129/113 82/135/113 113/136/113
f 308/137/114 112/126/114 127/138/114
f 106/131/115 105/127/115 120/139/115 121/140/115
f 99/132/116 98/129/116 113/136/116 114/141/116
f 107/133/117 106/131/117 121/140/117 122/142/117
f 100/134/118 99/132/118 114/141/118 115/143/118
f 108/118/119 107/133/119 122/142/119 123/144/119
f 101/120/120 100/134/120 115/143/120 116/145/120
f 109/119/121 108/118/121 123/144/121 124/146/121
f 102/121/122 101/120/122 116/145/122 117/147/122
f 110/122/123 109/119/123 124/146/123 125/148/123
f 103/123/124 102/121/124 117/147/124 118/149/124
f 111/124/125 110/122/125 125/148/125 126/150/125
f 104/125/126 103/123/126 118/149/126 119/151/126
f 112/126/127 111/124/127 126/150/127 127/138/127
f 105/127/128 104/125/128 119/151/128 120/139/128
f 117/147/129 116/145/129 131/152/129 132/153/129
f 125/148/130 124/146/130 139/154/130 140/155/130
f 118/149/131 117/147/131 132/153/131 133/156/131
f 126/150/132 125/148/132 140/155/132 141/157/132
f 119/151/133 118/149/133 133/156/133 134/158/133
f 127/138/134 126/150/134 141/157/134 142/159/134
f 120/139/135 119/151/135 134/158/135 135/160/135
f 113/136/136 82/161/136 128/162/136
f 308/163/137 127/138/137 142/159/137
f 121/140/138 120/139/138 135/160/138 136/164/138
f 114/141/139 113/136/139 128/162/139 129/165/139
f 122/142/140 121/140/140 136/164/140 137/166/140
f 115/143/141 114/141/141 129/165/141 130/167/141
f 123/144/142 122/142/142 137/166/142 138/168/142
f 116/145/143 115/143/143 130/167/143 131/152/143
f 124/146/144 123/144/144 138/168/144 139/154/144
f 136/164/145 135/160/145 150/169/145 151/170/145
f 129/165/146 128/162/146 143/171/146 144/172/146
f 137/166/147 136/164/147 151/170/147 152/173/147
f 130/167/148 129/165/148 144/172/148 145/174/148
f 138/168/149 137/166/149 152/173/149 153/175/149
f 131/152/150 130/167/150 145/174/150 146/176/150
f 139/154/151 138/168/151 153/175/151 154/177/151
f 132/153/152 131/152/152 146/176/152 147/178/152
f 140/155/153 139/154/153 154/177/153 155/179/153
f 133/156/154 132/153/154 147/178/154 148/180/154
f 141/157/155 140/155/155 155/179/155 156/181/155
f 134/158/156 133/156/156 148/180/156 149/182/156
f 142/159/157 141/157/157 156/181/157 157/183/157
f 135/160/158 134/158/158 149/182/158 150/169/158
f 128/162/159 82/184/159 143/171/159
f 308/185/160 142/159/160 157/183/160
f 155/179/161 154/177/161 169/186/161 170/187/161
f 148/180/162 147/178/162 162/188/162 163/189/162
f 156/181/163 155/179/163 170/187/163 171/190/163
f 149/182/164 148/180/164 163/189/164 164/191/164
f 157/183/165 156/181/165 171/190/165 172/192/165
f 150/169/166 149/182/166 164/191/166 165/193/166
f 143/171/167 82/194/167 158/195/167
f 308/196/168 157/183/168 172/192/168
f 151/170/169 150/169/169 165/193/169 166/197/169
f 144/172/170 143/171/170 158/195/170 159/198/170
f 152/173/171 151/170/171 166/197/171 167/199/171
f 145/174/172 144/172/172 159/198/172 160/200/172
f 153/175/173 152/173/173 167/199/173 168/201/173
f 146/176/174 145/174/174 160/200/174 161/202/174
f 154/177/175 153/175/175 168/201/175 169/186/175
f 147/178/176 146/176/176 161/202/176 162/188/176
f 159/198/177 158/195/177 173/203/177 174/204/177
f 167/199/178 166/197/178 181/205/178 182/206/178
f 160/200/179 159/198/179 174/204/179 175/207/179
f 168/201/180 167/199/180 182/206/180 183/208/180
f 161/202/181 160/200/181 175/207/181 176/209/181
f 169/186/182 168/201/182 183/208/182 184/210/182
f 162/188/183 161/202/183 176/209/183 177/211/183
f 170/187/184 169/186/184 184/210/184 185/212/184
f 163/189/185 162/188/185 177/211/185 178/213/185
f 171/190/186 170/187/186 185/212/186 186/214/186
f 164/191/187 163/189/187 178/213/187 179/215/187
f 172/192/188 171/190/188 186/214/188 187/216/188
f 165/193/189 164/191/189 179/215/189 180/217/189
f 158/195/190 82/218/190 173/203/190
f 308/219/191 172/192/191 187/216/191
f 166/197/192 165/193/192 180/217/192 181/205/192
f 178/213/193 177/211/193 192/220/193 193/221/193
f 186/214/194 185/212/194 200/222/194 201/223/194
f 179/215/195 178/213/195 193/221/195 194/224/195
f 187/216/196 186/214/196 201/223/196 202/225/196
f 180/217/197 179/215/197 194/224/197 195/226/197
f 173/203/198 82/227/198 188/228/198
f 308/229/199 187/216/199 202/225/199
f 181/205/200 180/217/200 195/226/200 196/230/200
f 174/204/201 173/203/201 188/228/201 189/231/201
f 182/206/202 181/205/202 196/230/202 197/232/202
f 175/207/203 174/204/203 189/231/203 190/233/203
f 183/208/204 182/206/204 197/232/204 198/234/204
f 176/209/205 175/207/205 190/233/205 191/235/205
f 184/210/206 183/208/206 198/234/206 199/236/206
f 177/211/207 176/209/207 191/235/207 192/220/207
f 185/212/208 184/210/208 199/236/208 200/222/208
f 197/232/209 196/230/209 211/237/209 212/238/209
f 190/233/210 189/231/210 204/239/210 205/240/210
f 198/234/211 197/232/211 212/238/211 213/241/211
f 191/235/212 190/233/212 205/240/212 206/242/212
f 199/236/213 198/234/213 213/241/213 214/243/213
f 192/220/214 191/235/214 206/242/214 207/244/214
f 200/222/215 199/236/215 214/243/215 215/245/215
f 193/221/216 192/220/216 207/244/216 208/246/216
f 201/223/217 200/222/217 215/245/217 216/247/217
f 194/224/218 193/221/218 208/246/218 209/248/218
f 202/225/219 201/223/219 216/247/219 217/249/219
f 195/226/220 194/224/220 209/248/220 210/250/220
f 188/228/221 82/251/221 203/252/221
f 308/253/222 202/225/222 217/249/222
f 196/230/223 195/226/223 210/250/223 211/237/223
f 189/231/224 188/228/224 203/252/224 204/239/224
f 216/247/225 215/245/225 230/254/225 231/255/225
f 209/248/226 208/246/226 223/256/226 224/257/226
f 217/249/227 216/247/227 231/255/227 232/258/227
f 210/250/228 209/248/228 224/257/228 225/259/228
f 203/252/229 82/260/229 218/261/229
f 308/262/230 217/249/230 232/258/230
f 211/237/231 210/250/231 225/259/231 226/263/231
f 204/239/232 203/252/232 218/261/232 219/264/232
f 212/238/233 211/237/233 226/263/233 227/265/233
f 205/240/234 204/239/234 219/264/234 220/266/234
f 213/241/235 212/238/235 227/265/235 228/267/235
f 206/242/236 205/240/236 220/266/236 221/268/236
f 214/243/237 213/241/237 228/267/237 229/269/237
f 207/244/238 206/242/238 221/268/238 222/270/238
f 215/245/239 214/243/239 229/269/239 230/254/239
f 208/246/240 207/244/240 222/270/240 223/256/240
f 228/267/241 227/265/241 242/271/241 243/272/241
f 221/268/242 220/266/242 235/273/242 236/274/242
f 229/269/243 228/267/243 243/272/243 244/275/243
f 222/270/244 221/268/244 236/274/244 237/276/244
f 230/254/245 229/269/245 244/275/245 245/277/245
f 223/256/246 222/270/246 237/276/246 238/278/246
f 231/255/247 230/254/247 245/277/247 246/279/247
f 224/257/248 223/256/248 238/278/248 239/280/248
f 232/258/249 231/255/249 246/279/249 247/281/249
f 225/259/250 224/257/250 239/280/250 240/282/250
f 218/261/251 82/283/251 233/284/251
f 308/285/252 232/258/252 247/281/252
f 226/263/253 225/259/253 240/282/253 241/286/253
f 219/264/254 218/261/254 233/284/254 234/287/254
f 227/265/255 226/263/255 241/286/255 242/271/255
f 220/266/256 219/264/256 234/287/256 235/273/256
f 247/281/257 246/279/257 261/288/257 262/289/257
f 240/282/258 239/280/258 254/290/258 255/291/258
f 233/284/259 82/292/259 248/293/259
f 308/294/260 247/281/260 262/289/260
f 241/286/261 240/282/261 255/291/261 256/295/261
f 234/287/262 233/284/262 248/293/262 249/296/262
f 242/271/263 241/286/263 256/295/263 257/297/263
f 235/273/264 234/287/264 249/296/264 250/298/264
f 243/272/265 242/271/265 257/297/265 258/299/265
f 236/274/266 235/273/266 250/298/266 251/300/266
f 244/275/267 243/272/267 258/299/267 259/301/267
f 237/276/268 236/274/268 251/300/268 252/302/268
f 245/277/269 244/275/269 259/301/269 260/303/269
f 238/278/270 237/276/270 252/302/270 253/304/270
f 246/279/271 245/277/271 260/303/271 261/288/271
f 239/280/272 238/278/272 253/304/272 254/290/272
f 251/300/273 250/298/273 265/305/273 266/306/273
f 259/301/274 258/299/274 273/307/274 274/308/274
f 252/302/275 251/300/275 266/306/275 267/309/275
f 260/303/276 259/301/276 274/308/276 275/310/276
f 253/304/277 252/302/277 267/309/277 268/311/277
f 261/288/278 260/303/278 275/310/278 276/312/278
f 254/290/279 253/304/279 268/311/279 269/313/279
f 262/289/280 261/288/280 276/312/280 277/314/280
f 255/291/281 254/290/281 269/313/281 270/315/281
f 248/293/282 82/316/282 263/317/282
f 308/318/283 262/289/283 277/314/283
f 256/295/284 255/291/284 270/315/284 271/319/284
f 249/296/285 248/293/285 263/317/285 264/320/285
f 257/297/286 256/295/286 271/319/286 272/321/286
f 250/298/287 249/296/287 264/320/287 265/305/287
f 258/299/288 257/297/288 272/321/288 273/307/288
f 270/315/289 269/313/289 284/322/289 285/323/289
f 263/317/290 82/324/290 278/325/290
f 308/326/291 277/314/291 292/327/291
f 271/319/292 270/315/292 285/323/292 286/328/292
f 264/320/293 263/317/293 278/325/293 279/329/293
f 272/321/294 271/319/294 286/328/294 287/330/294
f 265/305/295 264/320/295 279/329/295 280/331/295
f 273/307/296 272/321/296 287/330/296 288/332/296
f 266/306/297 265/305/297 280/331/297 281/333/297
f 274/308/298 273/307/298 288/332/298 289/334/298
f 267/309/299 266/306/299 281/333/299 282/335/299
f 275/310/300 274/308/300 289/334/300 290/336/300
f 268/311/301 267/309/301 282/335/301 283/337/301
f 276/312/302 275/310/302 290/336/302 291/338/302
f 269/313/303 268/311/303 283/337/303 284/322/303
f 277/314/304 276/312/304 291/338/304 292/327/304
f 289/334/305 288/332/305 303/339/305 304/340/305
f 282/335/306 281/333/306 296/341/306 297/342/306
f 290/336/307 289/334/307 304/340/307 305/343/307
f 283/337/308 282/335/308 297/342/308 298/344/308
f 291/338/309 290/336/309 305/343/309 306/345/309
f 284/322/310 283/337/310 298/344/310 299/346/310
f 292/327/311 291/338/311 306/345/311 307/347/311
f 285/323/312 284/322/312 299/346/312 300/348/312
f 278/325/313 82/349/313 293/350/313
f 308/351/314 292/327/314 307/347/314
f 286/328/315 285/323/315 300/348/315 301/352/315
f 279/329/316 278/325/316 293/350/316 294/353/316
f 287/330/317 286/328/317 301/352/317 302/354/317
f 280/331/318 279/329/318 294/353/318 295/355/318
f 288/332/319 287/330/319 302/354/319 303/339/319
f 281/333/320 280/331/320 295/355/320 296/341/320
f 293/350/321 82/356/321 309/357/321
f 308/358/322 307/347/322 323/359/322
f 301/352/323 300/348/323 316/360/323 317/361/323
f 294/353/324 293/350/324 309/357/324 310/362/324
f 302/354/325 301/352/325 317/361/325 318/363/325
f 295/355/326 294/353/326 310/362/326 311/364/326
f 303/339/327 302/354/327 318/363/327 319/365/327
f 296/341/328 295/355/328 311/364/328 312/366/328
f 304/340/329 303/339/329 319/365/329 320/367/329
f 297/342/330 296/341/330 312/366/330 313/368/330
f 305/343/331 304/340/331 320/367/331 321/369/331
f 298/344/332 297/342/332 313/368/332 314/370/332
f 306/345/333 305/343/333 321/369/333 322/371/333
f 299/346/334 298/344/334 314/370/334 315/372/334
f 307/347/335 306/345/335 322/371/335 323/359/335
f 300/348/336 299/346/336 315/372/336 316/360/336
f 313/368/337 312/366/337 327/373/337 328/374/337
f 321/369/338 320/367/338 335/375/338 336/376/338
f 314/370/339 313/368/339 328/374/339 329/377/339
f 322/371/340 321/369/340 336/376/340 337/378/340
f 315/372/341 314/370/341 329/377/341 330/379/341
f 323/359/342 322/371/342 337/378/342 338/380/342
f 316/360/343 315/372/343 330/379/343 331/381/343
f 309/357/344 82/382/344 324/383/344
f 308/384/345 323/359/345 338/380/345
f 317/361/346 316/360/346 331/381/346 332/385/346
f 310/362/347 309/357/347 324/383/347 325/386/347
f 318/363/348 317/361/348 332/385/348 333/387/348
f 311/364/349 310/362/349 325/386/349 326/388/349
f 319/365/350 318/363/350 333/387/350 334/389/350
f 312/366/351 311/364/351 326/388/351 327/373/351
f 320/367/352 319/365/352 334/389/352 335/375/352
f 332/385/353 331/381/353 346/390/353 347/391/353
f 325/386/354 324/383/354 339/392/354 340/393/354
f 333/387/355 332/385/355 347/391/355 348/394/355
f 326/388/356 325/386/356 340/393/356 341/395/356
f 334/389/357 333/387/357 348/394/357 349/396/357
f 327/373/358 326/388/358 341/395/358 342/397/358
f 335/375/359 334/389/359 349/396/359 350/398/359
f 328/374/360 327/373/360 342/397/360 343/399/360
f 336/376/361 335/375/361 350/398/361 351/400/361
f 329/377/362 328/374/362 343/399/362 344/401/362
f 337/378/363 336/376/363 351/400/363 352/402/363
f 330/379/364 329/377/364 344/401/364 345/403/364
f 338/380/365 337/378/365 352/402/365 353/404/365
f 331/381/366 330/379/366 345/403/366 346/390/366
f 324/383/367 82/405/367 339/392/367
f 308/406/368 338/380/368 353/404/368
f 351/400/369 350/398/369 365/407/369 366/408/369
f 344/401/370 343/399/370 358/409/370 359/410/370
f 352/402/371 351/400/371 366/408/371 367/411/371
f 345/403/372 344/401/372 359/410/372 360/412/372
f 353/404/373 352/402/373 367/411/373 368/413/373
f 346/390/374 345/403/374 360/412/374 361/414/374
f 339/392/375 82/415/375 354/416/375
f 308/417/376 353/404/376 368/413/376
f 347/391/377 346/390/377 361/414/377 362/418/377
f 340/393/378 339/392/378 354/416/378 355/419/378
f 348/394/379 347/391/379 362/418/379 363/420/379
f 341/395/380 340/393/380 355/419/380 356/421/380
f 349/396/381 348/394/381 363/420/381 364/422/381
f 342/397/382 341/395/382 356/421/382 357/423/382
f 350/398/383 349/396/383 364/422/383 365/407/383
f 343/399/384 342/397/384 357/423/384 358/409/384
f 363/424/385 362/425/385 377/426/385 378/427/385
f 356/428/386 355/429/386 370/430/386 371/431/386
f 364/432/387 363/424/387 378/427/387 379/433/387
f 357/434/388 356/428/388 371/431/388 372/435/388
f 365/436/389 364/432/389 379/433/389 380/437/389
f 358/438/390 357/434/390 372/435/390 373/439/390
f 366/440/391 365/436/391 380/437/391 381/441/391
f 359/442/392 358/438/392 373/439/392 374/443/392
f 367/444/393 366/440/393 381/441/393 382/445/393
f 360/446/394 359/442/394 374/443/394 375/447/394
f 368/448/395 367/444/395 382/445/395 383/449/395
f 361/450/396 360/446/396 375/447/396 376/451/396
f 354/452/397 82/453/397 369/454/397
f 308/455/398 368/448/398 383/449/398
f 362/425/399 361/450/399 376/451/399 377/426/399
f 355/429/400 354/452/400 369/454/400 370/430/400
f 382/445/401 381/441/401 396/456/401 397/457/401
f 375/447/402 374/443/402 389/458/402 390/459/402
f 383/449/403 382/445/403 397/457/403 398/460/403
f 376/451/404 375/447/404 390/459/404 391/461/404
f 369/454/405 82/462/405 384/463/405
f 308/464/406 383/449/406 398/460/406
f 377/426/407 376/451/407 391/461/407 392/465/407
f 370/430/408 369/454/408 384/463/408 385/466/408
f 378/427/409 377/426/409 392/465/409 393/467/409
f 371/431/410 370/430/410 385/466/410 386/468/410
f 379/433/411 378/427/411 393/467/411 394/469/411
f 372/435/412 371/431/412 386/468/412 387/470/412
f 380/437/413 379/433/413 394/469/413 395/471/413
f 373/439/414 372/435/414 387/470/414 388/472/414
f 381/441/415 380/437/415 395/471/415 396/456/415
f 374/443/416 373/439/416 388/472/416 389/458/416
f 386/468/417 385/466/417 400/473/417 401/474/417
f 394/469/418 393/467/418 408/475/418 409/476/418
f 387/470/419 386/468/419 401/474/419 402/477/419
f 395/471/420 394/469/420 409/476/420 410/478/420
f 388/472/421 387/470/421 402/477/421 403/479/421
f 396/456/422 395/471/422 410/478/422 411/480/422
f 389/458/423 388/472/423 403/479/423 404/481/423
f 397/457/424 396/456/424 411/480/424 412/482/424
f 390/459/425 389/458/425 404/481/425 405/483/425
f 398/460/426 397/457/426 412/482/426 413/484/426
f 391/461/427 390/459/427 405/483/427 406/485/427
f 384/463/428 82/486/428 399/487/428
f 308/488/429 398/460/429 413/484/429
f 392/465/430 391/461/430 406/485/430 407/489/430
f 385/466/431 384/463/431 399/487/431 400/473/431
f 393/467/432 392/465/432 407/489/432 408/475/432
f 405/483/433 404/481/433 419/490/433 420/491/433
f 413/484/434 412/482/434 427/492/434 428/493/434
f 406/485/435 405/483/435 420/491/435 421/494/435
f 399/487/436 82/495/436 414/496/436
f 308/497/437 413/484/437 428/493/437
f 407/489/438 406/485/438 421/494/438 422/498/438
f 400/473/439 399/487/439 414/496/439 415/499/439
f 408/475/440 407/489/440 422/498/440 423/500/440
f 401/474/441 400/473/441 415/499/441 416/501/441
f 409/476/442 408/475/442 423/500/442 424/502/442
f 402/477/443 401/474/443 416/501/443 417/503/443
f 410/478/444 409/476/444 424/502/444 425/504/444
f 403/479/445 402/477/445 417/503/445 418/505/445
f 411/480/446 410/478/446 425/504/446 426/506/446
f 404/481/447 403/479/447 418/505/447 419/490/447
f 412/482/448 411/480/448 426/506/448 427/492/448
f 424/502/449 423/500/449 438/507/449 439/508/449
f 417/503/450 416/501/450 431/509/450 432/510/450
f 425/504/451 424/502/451 439/508/451 440/511/451
f 418/505/452 417/503/452 432/510/452 433/512/452
f 426/506/453 425/504/453 440/511/453 441/513/453
f 419/490/454 418/505/454 433/512/454 434/514/454
f 427/492/455 426/506/455 441/513/455 442/515/455
f 420/491/456 419/490/456 434/514/456 435/516/456
f 428/493/457 427/492/457 442/515/457 443/517/457
f 421/494/458 420/491/458 435/516/458 436/518/458
f 414/496/459 82/519/459 429/520/459
f 308/521/460 428/493/460 443/517/460
f 422/498/461 421/494/461 436/518/461 437/522/461
f 415/499/462 414/496/462 429/520/462 430/523/462
f 423/500/463 422/498/463 437/522/463 438/507/463
f 416/501/464 415/499/464 430/523/464 431/509/464
f 443/517/465 442/515/465 457/524/465 458/525/465
f 436/518/466 435/516/466 450/526/466 451/527/466
f 429/520/467 82/528/467 444/529/467
f 308/530/468 443/517/468 458/525/468
f 437/522/469 436/518/469 451/527/469 452/531/469
f 430/523/470 429/520/470 444/529/470 445/532/470
f 438/507/471 437/522/471 452/531/471 453/533/471
f 431/509/472 430/523/472 445/532/472 446/534/472
f 439/508/473 438/507/473 453/533/473 454/535/473
f 432/510/474 431/509/474 446/534/474 447/536/474
f 440/511/475 439/508/475 454/535/475 455/537/475
f 433/512/476 432/510/476 447/536/476 448/538/476
f 441/513/477 440/511/477 455/537/477 456/539/477
f 434/514/478 433/512/478 448/538/478 449/540/478
f 442/515/479 441/513/479 456/539/479 457/524/479
f 435/516/480 434/514/480 449/540/480 450/526/480
f 447/536/481 446/534/481 461/541/481 462/542/481
f 455/537/482 454/535/482 469/543/482 470/544/482
f 448/538/483 447/536/483 462/542/483 463/545/483
f 456/539/484 455/537/484 470/544/484 471/546/484
f 449/540/485 448/538/485 463/545/485 464/547/485
f 457/524/486 456/539/486 471/546/486 472/548/486
f 450/526/487 449/540/487 464/547/487 465/549/487
f 458/525/488 457/524/488 472/548/488 473/550/488
f 451/527/489 450/526/489 465/549/489 466/551/489
f 444/529/490 82/552/490 459/553/490
f 308/554/491 458/525/491 473/550/491
f 452/531/492 451/527/492 466/551/492 467/555/492
f 445/532/493 444/529/493 459/553/493 460/556/493
f 453/533/494 452/531/494 467/555/494 468/557/494
f 446/534/495 445/532/495 460/556/495 461/541/495
f 454/535/496 453/533/496 468/557/496 469/543/496
f 466/551/497 465/549/497 3/6/497 4/5/497
f 459/553/498 82/558/498 474/9/498
f 308/559/499 473/550/499 482/1/499
f 467/555/500 466/551/500 4/5/500 5/13/500
f 460/556/501 459/553/501 474/9/501 475/15/501
f 468/557/502 467/555/502 5/13/502 478/17/502
f 461/541/503 460/556/503 475/15/503 1/19/503
f 469/543/504 468/557/504 478/17/504 6/21/504
f 462/542/505 461/541/505 1/19/505 476/23/505
f 470/544/506 469/543/506 6/21/506 479/25/506
f 463/545/507 462/542/507 476/23/507 2/27/507
f 471/546/508 470/544/508 479/25/508 480/29/508
f 464/547/509 463/545/509 2/27/509 477/31/509
f 472/548/510 471/546/510 480/29/510 481/2/510
f 465/549/511 464/547/511 477/31/511 3/6/511
f 473/550/512 472/548/512 481/2/512 482/1/512
f 483/560/513 495/560/513 496/560/513 484/560/513
f 484/560/514 496/560/514 497/560/514 485/560/514
f 485/560/515 497/560/515 498/560/515 486/560/515
f 486/560/516 498/560/516 499/560/516 487/560/516
f 487/560/517 499/560/517 500/560/517 488/560/517
f 488/560/518 500/560/518 501/560/518 489/560/518
f 489/560/519 501/560/519 502/560/519 490/560/519
f 490/560/520 502/560/520 503/560/520 491/560/520
f 491/560/521 503/560/521 504/560/521 492/560/521
f 492/560/522 504/560/522 505/560/522 493/560/522
f 493/560/523 505/560/523 506/560/523 494/560/523
f 494/560/524 506/560/524 495/560/524 483/560/524
f 495/560/525 507/560/525 508/560/525 496/560/525
f 496/560/526 508/560/526 509/560/526 497/560/526
f 497/560/527 509/560/527 510/560/527 498/560/527
f 498/560/528 510/560/528 511/560/528 499/560/528
f 499/560/529 511/560/529 512/560/529 500/560/529
f 500/560/530 512/560/530 513/560/530 501/560/530
f 501/560/531 513/560/531 514/560/531 502/560/531
f 502/560/532 514/560/532 515/560/532 503/560/532
f 503/560/533 515/560/533 516/560/533 504/560/533
f 504/560/534 516/560/534 517/560/534 505/560/534
f 505/560/535 517/560/535 518/560/535 506/560/535
f 506/560/536 518/560/536 507/560/536 495/560/536
f 507/560/537 519/560/537 520/560/537 508/560/537
f 508/560/538 520/560/538 521/560/538 509/560/538
f 509/560/539 521/560/539 522/560/539 510/560/539
f 510/560/540 522/560/540 523/560/540 511/560/540
f 511/560/541 523/560/541 524/560/541 512/560/541
f 512/560/542 524/560/542 525/560/542 513/560/542
f 513/560/543 525/560/543 526/560/543 514/560/543
f 514/560/544 526/560/544 527/560/544 515/560/544
f 515/560/545 527/560/545 528/560/545 516/560/545
f 516/560/546 528/560/546 529/560/546 517/560/546
f 517/560/547 529/560/547 530/560/547 518/560/547
f 518/560/548 530/560/548 519/560/548 507/560/548
f 519/560/549 531/560/549 532/560/549 520/560/549
f 520/560/550 532/560/550 533/560/550 521/560/550
f 521/560/551 533/560/551 534/560/551 522/560/551
f 522/560/552 534/560/552 535/560/552 523/560/552
f 523/560/553 535/560/553 536/560/553 524/560/553
f 524/560/554 536/560/554 537/560/554 525/560/554
f 525/560/555 537/560/555 538/560/555 526/560/555
f 526/560/556 538/560/556 539/560/556 527/560/556
f 527/560/557 539/560/557 540/560/557 528/560/557
f 528/560/558 540/560/558 541/560/558 529/560/558
f 529/560/559 541/560/559 542/560/559 530/560/559
f 530/560/560 542/560/560 531/560/560 519/560/560
f 531/560/561 543/560/561 544/560/561 532/560/561
f 532/560/562 544/560/562 545/560/562 533/560/562
f 533/560/563 545/560/563 546/560/563 534/560/563
f 534/560/564 546/560/564 547/560/564 535/560/564
f 535/560/565 547/560/565 548/560/565 536/560/565
f 536/560/566 548/560/566 549/560/566 537/560/566
f 537/560/567 549/560/567 550/560/567 538/560/567
f 538/560/568 550/560/568 551/560/568 539/560/568
f 539/560/569 551/560/569 552/560/569 540/560/569
f 540/560/570 552/560/570 553/560/570 541/560/570
f 541/560/571 553/560/571 554/560/571 542/560/571
f 542/560/572 554/560/572 543/560/572 531/560/572
f 543/560/573 555/560/573 556/560/573 544/560/573
f 544/560/574 556/560/574 557/560/574 545/560/574
f 545/560/575 557/560/575 558/560/575 546/560/575
f 546/560/576 558/560/576 559/560/576 547/560/576
f 547/560/577 559/560/577 560/560/577 548/560/577
f 548/560/578 560/560/578 561/560/578 549/560/578
f 549/560/579 561/560/579 562/560/579 550/560/579
f 550/560/580 562/560/580 563/560/580 551/560/580
f 551/560/581 563/560/581 564/560/581 552/560/581
f 552/560/582 564/560/582 565/560/582 553/560/582
f 553/560/583 565/560/583 566/560/583 554/560/583
f 554/560/584 566/560/584 555/560/584 543/560/584
f 555/560/585 567/560/585 568/560/585 556/560/585
f 556/560/586 568/560/586 569/560/586 557/560/586
f 557/560/587 569/560/587 570/560/587 558/560/587
f 558/560/588 570/560/588 571/560/588 559/560/588
f 559/560/589 571/560/589 572/560/589 560/560/589
f 560/560/590 572/560/590 573/560/590 561/560/590
f 561/560/591 573/560/591 574/560/591 562/560/591
f 562/560/592 574/560/592 575/560/592 563/560/592
f 563/560/593 575/560/593 576/560/593 564/560/593
f 564/560/594 576/560/594 577/560/594 565/560/594
f 565/560/595 577/560/595 578/560/595 566/560/595
f 566/560/596 578/560/596 567/560/596 555/560/596
f 567/560/597 579/560/597 580/560/597 568/560/597
f 568/560/598 580/560/598 581/560/598 569/560/598
f 569/560/599 581/560/599 582/560/599 570/560/599
f 570/560/600 582/560/600 583/560/600 571/560/600
f 571/560/601 583/560/601 584/560/601 572/560/601
f 572/560/602 584/560/602 585/560/602 573/560/602
f 573/560/603 585/560/603 586/560/603 574/560/603
f 574/560/604 586/560/604 587/560/604 575/560/604
f 575/560/605 587/560/605 588/560/605 576/560/605
f 576/560/606 588/560/606 589/560/606 577/560/606
f 577/560/607 589/560/607 590/560/607 578/560/607
f 578/560/608 590/560/608 579/560/608 567/560/608
f 579/560/609 591/560/609 592/560/609 580/560/609
f 580/560/610 592/560/610 593/560/610 581/560/610
f 581/560/611 593/560/611 594/560/611 582/560/611
f 582/560/612 594/560/612 595/560/612 583/560/612
f 583/560/613 595/560/613 596/560/613 584/560/613
f 584/560/614 596/560/614 597/560/614 585/560/614
f 585/560/615 597/560/615 598/560/615 586/560/615
f 586/560/616 598/560/616 599/560/616 587/560/616
f 587/560/617 599/560/617 600/560/617 588/560/617
f 588/560/618 600/560/618 601/560/618 589/560/618
f 589/560/619 601/560/619 602/560/619 590/560/619
f 590/560/620 602/560/620 591/560/620 579/560/620
f 591/560/621 603/560/621 604/560/621 592/560/621
f 592/560/622 604/560/622 605/560/622 593/560/622
f 593/560/623 605/560/623 606/560/623 594/560/623
f 594/560/624 606/560/624 607/560/624 595/560/624
f 595/560/625 607/560/625 608/560/625 596/560/625
f 596/560/626 608/560/626 609/560/626 597/560/626
f 597/560/627 609/560/627 610/560/627 598/560/627
f 598/560/628 610/560/628 611/560/628 599/560/628
f 599/560/629 611/560/629 612/560/629 600/560/629
f 600/560/630 612/560/630 613/560/630 601/560/630
f 601/560/631 613/560/631 614/560/631 602/560/631
f 602/560/632 614/560/632 603/560/632 591/560/632
f 603/560/633 615/560/633 616/560/633 604/560/633
f 604/560/634 616/560/634 617/560/634 605/560/634
f 605/560/635 617/560/635 618/560/635 606/560/635
f 606/560/636 618/560/636 619/560/636 607/560/636
f 607/560/637 619/560/637 620/560/637 608/560/637
f 608/560/638 620/560/638 621/560/638 609/560/638
f 609/560/639 621/560/639 622/560/639 610/560/639
f 610/560/640 622/560/640 623/560/640 611/560/640
f 611/560/641 623/560/641 624/560/641 612/560/641
f 612/560/642 624/560/642 625/560/642 613/560/642
f 613/560/643 625/560/643 626/560/643 614/560/643
f 614/560/644 626/560/644 615/560/644 603/560/644
f 615/560/645 627/560/645 628/560/645 616/560/645
f 616/560/646 628/560/646 629/560/646 617/560/646
f 617/560/647 629/560/647 630/560/647 618/560/647
f 618/560/648 630/560/648 631/560/648 619/560/648
f 619/560/649 631/560/649 632/560/649 620/560/649
f 620/560/650 632/560/650 633/560/650 621/560/650
f 621/560/651 633/560/651 634/560/651 622/560/651
f 622/560/652 634/560/652 635/560/652 623/560/652
f 623/560/653 635/560/653 636/560/653 624/560/653
f 624/560/654 636/560/654 637/560/654 625/560/654
f 625/560/655 637/560/655 638/560/655 626/560/655
f 626/560/656 638/560/656 627/560/656 615/560/656
f 627/560/657 639/560/657 640/560/657 628/560/657
f 628/560/658 640/560/658 641/560/658 629/560/658
f 629/560/659 641/560/659 642/560/659 630/560/659
f 630/560/660 642/560/660 643/560/660 631/560/660
f 631/560/661 643/560/661 644/560/661 632/560/661
f 632/560/662 644/560/662 645/560/662 633/560/662
f 633/560/663 645/560/663 646/560/663 634/560/663
f 634/560/664 646/560/664 647/560/664 635/560/664
f 635/560/665 647/560/665 648/560/665 636/560/665
f 636/560/666 648/560/666 649/560/666 637/560/666
f 637/560/667 649/560/667 650/560/667 638/560/667
f 638/560/668 650/560/668 639/560/668 627/560/668
f 639/560/669 651/560/669 652/560/669 640/560/669
f 640/560/670 652/560/670 653/560/670 641/560/670
f 641/560/671 653/560/671 654/560/671 642/560/671
f 642/560/672 654/560/672 655/560/672 643/560/672
f 643/560/673 655/560/673 656/560/673 644/560/673
f 644/560/674 656/560/674 657/560/674 645/560/674
f 645/560/675 657/560/675 658/560/675 646/560/675
f 646/560/676 658/560/676 659/560/676 647/560/676
f 647/560/677 659/560/677 660/560/677 648/560/677
f 648/560/678 660/560/678 661/560/678 649/560/678
f 649/560/679 661/560/679 662/560/679 650/560/679
f 650/560/680 662/560/680 651/560/680 639/560/680
f 651/560/681 663/560/681 664/560/681 652/560/681
f 652/560/682 664/560/682 665/560/682 653/560/682
f 653/560/683 665/560/683 666/560/683 654/560/683
f 654/560/684 666/560/684 667/560/684 655/560/684
f 655/560/685 667/560/685 668/560/685 656/560/685
f 656/560/686 668/560/686 669/560/686 657/560/686
f 657/560/687 669/560/687 670/560/687 658/560/687
f 658/560/688 670/560/688 671/560/688 659/560/688
f 659/560/689 671/560/689 672/560/689 660/560/689
f 660/560/690 672/560/690 673/560/690 661/560/690
f 661/560/691 673/560/691 674/560/691 662/560/691
f 662/560/692 674/560/692 663/560/692 651/560/692
f 663/560/693 675/560/693 676/560/693 664/560/693
f 664/560/694 676/560/694 677/560/694 665/560/694
f 665/560/695 677/560/695 678/560/695 666/560/695
f 666/560/696 678/560/696 679/560/696 667/560/696
f 667/560/697 679/560/697 680/560/697 668/560/697
f 668/560/698 680/560/698 681/560/698 669/560/698
f 669/560/699 681/560/699 682/560/699 670/560/699
f 670/560/700 682/560/700 683/560/700 671/560/700
f 671/560/701 683/560/701 684/560/701 672/560/701
f 672/560/702 684/560/702 685/560/702 673/560/702
f 673/560/703 685/560/703 686/560/703 674/560/703
f 674/560/704 686/560/704 675/560/704 663/560/704
f 675/560/705 687/560/705 688/560/705 676/560/705
f 676/560/706 688/560/706 689/560/706 677/560/706
f 677/560/707 689/560/707 690/560/707 678/560/707
f 678/560/708 690/560/708 691/560/708 679/560/708
f 679/560/709 691/560/709 692/560/709 680/560/709
f 680/560/710 692/560/710 693/560/710 681/560/710
f 681/560/711 693/560/711 694/560/711 682/560/711
f 682/560/712 694/560/712 695/560/712 683/560/712
f 683/560/713 695/560/713 696/560/713 684/560/713
f 684/560/714 696/560/714 697/560/714 685/560/714
f 685/560/715 697/560/715 698/560/715 686/560/715
f 686/560/716 698/560/716 687/560/716 675/560/716
f 687/560/717 699/560/717 700/560/717 688/560/717
f 688/560/718 700/560/718 701/560/718 689/560/718
f 689/560/719 701/560/719 702/560/719 690/560/719
f 690/560/720 702/560/720 703/560/720 691/560/720
f 691/560/721 703/560/721 704/560/721 692/560/721
f 692/560/722 704/560/722 705/560/722 693/560/722
f 693/560/723 705/560/723 706/560/723 694/560/723
f 694/560/724 706/560/724 707/560/724 695/560/724
f 695/560/725 707/560/725 708/560/725 696/560/725
f 696/560/726 708/560/726 709/560/726 697/560/726
f 697/560/727 709/560/727 710/560/727 698/560/727
f 698/560/728 710/560/728 699/560/728 687/560/728
f 699/560/729 711/560/729 712/560/729 700/560/729
f 700/560/730 712/560/730 713/560/730 701/560/730
f 701/560/731 713/560/731 714/560/731 702/560/731
f 702/560/732 714/560/732 715/560/732 703/560/732
f 703/560/733 715/560/733 716/560/733 704/560/733
f 704/560/734 716/560/734 717/560/734 705/560/734
f 705/560/735 717/560/735 718/560/735 706/560/735
f 706/560/736 718/560/736 719/560/736 707/560/736
f 707/560/737 719/560/737 720/560/737 708/560/737
f 708/560/738 720/560/738 721/560/738 709/560/738
f 709/560/739 721/560/739 722/560/739 710/560/739
f 710/560/740 722/560/740 711/560/740 699/560/740
f 711/560/741 723/560/741 724/560/741 712/560/741
f 712/560/742 724/560/742 725/560/742 713/560/742
f 713/560/743 725/560/743 726/560/743 714/560/743
f 714/560/744 726/560/744 727/560/744 715/560/744
f 715/560/745 727/560/745 728/560/745 716/560/745
f 716/560/746 728/560/746 729/560/746 717/560/746
f 717/560/747 729/560/747 730/560/747 718/560/747
f 718/560/748 730/560/748 731/560/748 719/560/748
f 719/560/749 731/560/749 732/560/749 720/560/749
f 720/560/750 732/560/750 733/560/750 721/560/750
f 721/560/751 733/560/751 734/560/751 722/560/751
f 722/560/752 734/560/752 723/560/752 711/560/752
f 723/560/753 735/560/753 736/560/753 724/560/753
f 724/560/754 736/560/754 737/560/754 725/560/754
f 725/560/755 737/560/755 738/560/755 726/560/755
f 726/560/756 738/560/756 739/560/756 727/560/756
f 727/560/757 739/560/757 740/560/757 728/560/757
f 728/560/758 740/560/758 741/560/758 729/560/758
f 729/560/759 741/560/759 742/560/759 730/560/759
f 730/560/760 742/560/760 743/560/760 731/560/760
f 731/560/761 743/560/761 744/560/761 732/560/761
f 732/560/762 744/560/762 745/560/762 733/560/762
f 733/560/763 745/560/763 746/560/763 734/560/763
f 734/560/764 746/560/764 735/560/764 723/560/764
f 735/560/765 747/560/765 748/560/765 736/560/765
f 736/560/766 748/560/766 749/560/766 737/560/766
f 737/560/767 749/560/767 750/560/767 738/560/767
f 738/560/768 750/560/768 751/560/768 739/560/768
f 739/560/769 751/560/769 752/560/769 740/560/769
f 740/560/770 752/560/770 753/560/770 741/560/770
f 741/560/771 753/560/771 754/560/771 742/560/771
f 742/560/772 754/560/772 755/560/772 743/560/772
f 743/560/773 755/560/773 756/560/773 744/560/773
f 744/560/774 756/560/774 757/560/774 745/560/774
f 745/560/775 757/560/775 758/560/775 746/560/775
f 746/560/776 758/560/776 747/560/776 735/560/776
f 747/560/777 759/560/777 760/560/777 748/560/777
f 748/560/778 760/560/778 761/560/778 749/560/778
f 749/560/779 761/560/779 762/560/779 750/560/779
f 750/560/780 762/560/780 763/560/780 751/560/780
f 751/560/781 763/560/781 764/560/781 752/560/781
f 752/560/782 764/560/782 765/560/782 753/560/782
f 753/560/783 765/560/783 766/560/783 754/560/783
f 754/560/784 766/560/784 767/560/784 755/560/784
f 755/560/785 767/560/785 768/560/785 756/560/785
f 756/560/786 768/560/786 769/560/786 757/560/786
f 757/560/787 769/560/787 770/560/787 758/560/787
f 758/560/788 770/560/788 759/560/788 747/560/788
f 759/560/789 771/560/789 772/560/789 760/560/789
f 760/560/790 772/560/790 773/560/790 761/560/790
f 761/560/791 773/560/791 774/560/791 762/560/791
f 762/560/792 774/560/792 775/560/792 763/560/792
f 763/560/793 775/560/793 776/560/793 764/560/793
f 764/560/794 776/560/794 777/560/794 765/560/794
f 765/560/795 777/560/795 778/560/795 766/560/795
f 766/560/796 778/560/796 779/560/796 767/560/796
f 767/560/797 779/560/797 780/560/797 768/560/797
f 768/560/798 780/560/798 781/560/798 769/560/798
f 769/560/799 781/560/799 782/560/799 770/560/799
f 770/560/800 782/560/800 771/560/800 759/560/800
f 771/560/518 783/560/518 784/560/518 772/560/518
f 772/560/517 784/560/517 785/560/517 773/560/517
f 773/560/516 785/560/516 786/560/516 774/560/516
f 774/560/515 786/560/515 787/560/515 775/560/515
f 775/560/514 787/560/514 788/560/514 776/560/514
f 776/560/513 788/560/513 789/560/513 777/560/513
f 777/560/524 789/560/524 790/560/524 778/560/524
f 778/560/523 790/560/523 791/560/523 779/560/523
f 779/560/522 791/560/522 792/560/522 780/560/522
f 780/560/521 792/560/521 793/560/521 781/560/521
f 781/560/520 793/560/520 794/560/520 782/560/520
f 782/560/519 794/560/519 783/560/519 771/560/519
f 783/560/530 795/560/530 796/560/530 784/560/530
f 784/560/529 796/560/529 797/560/529 785/560/529
f 785/560/528 797/560/528 798/560/528 786/560/528
f 786/560/527 798/560/527 799/560/527 787/560/527
f 787/560/526 799/560/526 800/560/526 788/560/526
f 788/560/525 800/560/525 801/560/525 789/560/525
f 789/560/536 801/560/536 802/560/536 790/560/536
f 790/560/535 802/560/535 803/560/535 791/560/535
f 791/560/534 803/560/534 804/560/534 792/560/534
f 792/560/533 804/560/533 805/560/533 793/560/533
f 793/560/532 805/560/532 806/560/532 794/560/532
f 794/560/531 806/560/531 795/560/531 783/560/531
f 795/560/542 807/560/542 808/560/542 796/560/542
f 796/560/541 808/560/541 809/560/541 797/560/541
f 797/560/540 809/560/540 810/560/540 798/560/540
f 798/560/539 810/560/539 811/560/539 799/560/539
f 799/560/538 811/560/538 812/560/538 800/560/538
f 800/560/537 812/560/537 813/560/537 801/560/537
f 801/560/548 813/560/548 814/560/548 802/560/548
f 802/560/547 814/560/547 815/560/547 803/560/547
f 803/560/546 815/560/546 816/560/546 804/560/546
f 804/560/545 816/560/545 817/560/545 805/560/545
f 805/560/544 817/560/544 818/560/544 806/560/544
f 806/560/543 818/560/543 807/560/543 795/560/543
f 807/560/554 819/560/554 820/560/554 808/560/554
f 808/560/553 820/560/553 821/560/553 809/560/553
f 809/560/552 821/560/552 822/560/552 810/560/552
f 810/560/551 822/560/551 823/560/551 811/560/551
f 811/560/550 823/560/550 824/560/550 812/560/550
f 812/560/549 824/560/549 825/560/549 813/560/549
f 813/560/560 825/560/560 826/560/560 814/560/560
f 814/560/559 826/560/559 827/560/559 815/560/559
f 815/560/558 827/560/558 828/560/558 816/560/558
f 816/560/557 828/560/557 829/560/557 817/560/557
f 817/560/556 829/560/556 830/560/556 818/560/556
f 818/560/555 830/560/555 819/560/555 807/560/555
f 819/560/566 831/560/566 832/560/566 820/560/566
f 820/560/565 832/560/565 833/560/565 821/560/565
f 821/560/564 833/560/564 834/560/564 822/560/564
f 822/560/563 834/560/563 835/560/563 823/560/563
f 823/560/562 835/560/562 836/560/562 824/560/562
f 824/560/561 836/560/561 837/560/561 825/560/561
f 825/560/572 837/560/572 838/560/572 826/560/572
f 826/560/571 838/560/571 839/560/571 827/560/571
f 827/560/570 839/560/570 840/560/570 828/560/570
f 828/560/569 840/560/569 841/560/569 829/560/569
f 829/560/568 841/560/568 842/560/568 830/560/568
f 830/560/567 842/560/567 831/560/567 819/560/567
f 831/560/578 843/560/578 844/560/578 832/560/578
f 832/560/577 844/560/577 845/560/577 833/560/577
f 833/560/576 845/560/576 846/560/576 834/560/576
f 834/560/575 846/560/575 847/560/575 835/560/575
f 835/560/574 847/560/574 848/560/574 836/560/574
f 836/560/573 848/560/573 849/560/573 837/560/573
f 837/560/584 849/560/584 850/560/584 838/560/584
f 838/560/583 850/560/583 851/560/583 839/560/583
f 839/560/582 851/560/582 852/560/582 840/560/582
f 840/560/581 852/560/581 853/560/581 841/560/581
f 841/560/580 853/560/580 854/560/580 842/560/580
f 842/560/579 854/560/579 843/560/579 831/560/579
f 843/560/590 855/560/590 856/560/590 844/560/590
f 844/560/589 856/560/589 857/560/589 845/560/589
f 845/560/588 857/560/588 858/560/588 846/560/588
f 846/560/587 858/560/587 859/560/587 847/560/587
f 847/560/586 859/560/586 860/560/586 848/560/586
f 848/560/585 860/560/585 861/560/585 849/560/585
f 849/560/596 861/560/596 862/560/596 850/560/596
f 850/560/595 862/560/595 863/560/595 851/560/595
f 851/560/594 863/560/594 864/560/594 852/560/594
f 852/560/593 864/560/593 865/560/593 853/560/593
f 853/560/592 865/560/592 866/560/592 854/560/592
f 854/560/591 866/560/591 855/560/591 843/560/591
f 855/560/602 867/560/602 868/560/602 856/560/602
f 856/560/601 868/560/601 869/560/601 857/560/601
f 857/560/600 869/560/600 870/560/600 858/560/600
f 858/560/599 870/560/599 871/560/599 859/560/599
f 859/560/598 871/560/598 872/560/598 860/560/598
f 860/560/597 872/560/597 873/560/597 861/560/597
f 861/560/608 873/560/608 874/560/608 862/560/608
f 862/560/607 874/560/607 875/560/607 863/560/607
f 863/560/606 875/560/606 876/560/606 864/560/606
f 864/560/605 876/560/605 877/560/605 865/560/605
f 865/560/604 877/560/604 878/560/604 866/560/604
f 866/560/603 878/560/603 867/560/603 855/560/603
f 867/560/614 879/560/614 880/560/614 868/560/614
f 868/560/613 880/560/613 881/560/613 869/560/613
f 869/560/612 881/560/612 882/560/612 870/560/612
f 870/560/611 882/560/611 883/560/611 871/560/611
f 871/560/610 883/560/610 884/560/610 872/560/610
f 872/560/609 884/560/609 885/560/609 873/560/609
f 873/560/620 885/560/620 886/560/620 874/560/620
f 874/560/619 886/560/619 887/560/619 875/560/619
f 875/560/618 887/560/618 888/560/618 876/560/618
f 876/560/617 888/560/617 889/560/617 877/560/617
f 877/560/616 889/560/616 890/560/616 878/560/616
f 878/560/615 890/560/615 879/560/615 867/560/615
f 879/560/626 891/560/626 892/560/626 880/560/626
f 880/560/625 892/560/625 893/560/625 881/560/625
f 881/560/624 893/560/624 894/560/624 882/560/624
f 882/560/623 894/560/623 895/560/623 883/560/623
f 883/560/622 895/560/622 896/560/622 884/560/622
f 884/560/621 896/560/621 897/560/621 885/560/621
f 885/560/632 897/560/632 898/560/632 886/560/632
f 886/560/631 898/560/631 899/560/631 887/560/631
f 887/560/630 899/560/630 900/560/630 888/560/630
f 888/560/629 900/560/629 901/560/629 889/560/629
f 889/560/628 901/560/628 902/560/628 890/560/628
f 890/560/627 902/560/627 891/560/627 879/560/627
f 891/560/638 903/560/638 904/560/638 892/560/638
f 892/560/637 904/560/637 905/560/637 893/560/637
f 893/560/636 905/560/636 906/560/636 894/560/636
f 894/560/635 906/560/635 907/560/635 895/560/635
f 895/560/634 907/560/634 908/560/634 896/560/634
f 896/560/633 908/560/633 909/560/633 897/560/633
f 897/560/644 909/560/644 910/560/644 898/560/644
f 898/560/643 910/560/643 911/560/643 899/560/643
f 899/560/642 911/560/642 912/560/642 900/560/642
f 900/560/641 912/560/641 913/560/641 901/560/641
f 901/560/640 913/560/640 914/560/640 902/560/640
f 902/560/639 914/560/639 903/560/639 891/560/639
f 903/560/650 915/560/650 916/560/650 904/560/650
f 904/560/649 916/560/649 917/560/649 905/560/649
f 905/560/648 917/560/648 918/560/648 906/560/648
f 906/560/647 918/560/647 919/560/647 907/560/647
f 907/560/646 919/560/646 920/560/646 908/560/646
f 908/560/645 920/560/645 921/560/645 909/560/645
f 909/560/656 921/560/656 922/560/656 910/560/656
f 910/560/655 922/560/655 923/560/655 911/560/655
f 911/560/654 923/560/654 924/560/654 912/560/654
f 912/560/653 924/560/653 925/560/653 913/560/653
f 913/560/652 925/560/652 926/560/652 914/560/652
f 914/560/651 926/560/651 915/560/651 903/560/651
f 915/560/662 927/560/662 928/560/662 916/560/662
f 916/560/661 928/560/661 929/560/661 917/560/661
f 917/560/660 929/560/660 930/560/660 918/560/660
f 918/560/659 930/560/659 931/560/659 919/560/659
f 919/560/658 931/560/658 932/560/658 920/560/658
f 920/560/657 932/560/657 933/560/657 921/560/657
f 921/560/668 933/560/668 934/560/668 922/560/668
f 922/560/667 934/560/667 935/560/667 923/560/667
f 923/560/666 935/560/666 936/560/666 924/560/666
f 924/560/665 936/560/665 937/560/665 925/560/665
f 925/560/664 937/560/664 938/560/664 926/560/664
f 926/560/663 938/560/663 927/560/663 915/560/663
f 927/560/674 939/560/674 940/560/674 928/560/674
f 928/560/673 940/560/673 941/560/673 929/560/673
f 929/560/672 941/560/672 942/560/672 930/560/672
f 930/560/671 942/560/671 943/560/671 931/560/671
f 931/560/670 943/560/670 944/560/670 932/560/670
f 932/560/669 944/560/669 945/560/669 933/560/669
f 933/560/680 945/560/680 946/560/680 934/560/680
f 934/560/679 946/560/679 947/560/679 935/560/679
f 935/560/678 947/560/678 948/560/678 936/560/678
f 936/560/677 948/560/677 949/560/677 937/560/677
f 937/560/676 949/560/676 950/560/676 938/560/676
f 938/560/675 950/560/675 939/560/675 927/560/675
f 939/560/686 951/560/686 952/560/686 940/560/686
f 940/560/685 952/560/685 953/560/685 941/560/685
f 941/560/684 953/560/684 954/560/684 942/560/684
f 942/560/683 954/560/683 955/560/683 943/560/683
f 943/560/682 955/560/682 956/560/682 944/560/682
f 944/560/681 956/560/681 957/560/681 945/560/681
f 945/560/692 957/560/692 958/560/692 946/560/692
f 946/560/691 958/560/691 959/560/691 947/560/691
f 947/560/690 959/560/690 960/560/690 948/560/690
f 948/560/689 960/560/689 961/560/689 949/560/689
f 949/560/688 961/560/688 962/560/688 950/560/688
f 950/560/687 962/560/687 951/560/687 939/560/687
f 951/560/698 963/560/698 964/560/698 952/560/698
f 952/560/697 964/560/697 965/560/697 953/560/697
f 953/560/696 965/560/696 966/560/696 954/560/696
f 954/560/695 966/560/695 967/560/695 955/560/695
f 955/560/694 967/560/694 968/560/694 956/560/694
f 956/560/693 968/560/693 969/560/693 957/560/693
f 957/560/704 969/560/704 970/560/704 958/560/704
f 958/560/703 970/560/703 971/560/703 959/560/703
f 959/560/702 971/560/702 972/560/702 960/560/702
f 960/560/701 972/560/701 973/560/701 961/560/701
f 961/560/700 973/560/700 974/560/700 962/560/700
f 962/560/699 974/560/699 963/560/699 951/560/699
f 963/560/710 975/560/710 976/560/710 964/560/710
f 964/560/709 976/560/709 977/560/709 965/560/709
f 965/560/708 977/560/708 978/560/708 966/560/708
f 966/560/707 978/560/707 979/560/707 967/560/707
f 967/560/706 979/560/706 980/560/706 968/560/706
f 968/560/705 980/560/705 981/560/705 969/560/705
f 969/560/716 981/560/716 982/560/716 970/560/716
f 970/560/715 982/560/715 983/560/715 971/560/715
f 971/560/714 983/560/714 984/560/714 972/560/714
f 972/560/713 984/560/713 985/560/713 973/560/713
f 973/560/712 985/560/712 986/560/712 974/560/712
f 974/560/711 986/560/711 975/560/711 963/560/711
f 975/560/722 987/560/722 988/560/722 976/560/722
f 976/560/721 988/560/721 989/560/721 977/560/721
f 977/560/720 989/560/720 990/560/720 978/560/720
f 978/560/719 990/560/719 991/560/719 979/560/719
f 979/560/718 991/560/718 992/560/718 980/560/718
f 980/560/717 992/560/717 993/560/717 981/560/717
f 981/560/728 993/560/728 994/560/728 982/560/728
f 982/560/727 994/560/727 995/560/727 983/560/727
f 983/560/726 995/560/726 996/560/726 984/560/726
f 984/560/725 996/560/725 997/560/725 985/560/725
f 985/560/724 997/560/724 998/560/724 986/560/724
f 986/560/723 998/560/723 987/560/723 975/560/723
f 987/560/734 999/560/734 1000/560/734 988/560/734
f 988/560/733 1000/560/733 1001/560/733 989/560/733
f 989/560/732 1001/560/732 1002/560/732 990/560/732
f 990/560/731 1002/560/731 1003/560/731 991/560/731
f 991/560/730 1003/560/730 1004/560/730 992/560/730
f 992/560/729 1004/560/729 1005/560/729 993/560/729
f 993/560/740 1005/560/740 1006/560/740 994/560/740
f 994/560/739 1006/560/739 1007/560/739 995/560/739
f 995/560/738 1007/560/738 1008/560/738 996/560/738
f 996/560/737 1008/560/737 1009/560/737 997/560/737
f 997/560/736 1009/560/736 1010/560/736 998/560/736
f 998/560/735 1010/560/735 999/560/735 987/560/735
f 999/560/746 1011/560/746 1012/560/746 1000/560/746
f 1000/560/745 1012/560/745 1013/560/745 1001/560/745
f 1001/560/744 1013/560/744 1014/560/744 1002/560/744
f 1002/560/743 1014/560/743 1015/560/743 1003/560/743
f 1003/560/742 1015/560/742 1016/560/742 1004/560/742
f 1004/560/741 1016/560/741 1017/560/741 1005/560/741
f 1005/560/752 1017/560/752 1018/560/752 1006/560/752
f 1006/560/751 1018/560/751 1019/560/751 1007/560/751
f 1007/560/750 1019/560/750 1020/560/750 1008/560/750
f 1008/560/749 1020/560/749 1021/560/749 1009/560/749
f 1009/560/748 1021/560/748 1022/560/748 1010/560/748
f 1010/560/747 1022/560/747 1011/560/747 999/560/747
f 1011/560/758 1023/560/758 1024/560/758 1012/560/758
f 1012/560/757 1024/560/757 1025/560/757 1013/560/757
f 1013/560/756 1025/560/756 1026/560/756 1014/560/756
f 1014/560/755 1026/560/755 1027/560/755 1015/560/755
f 1015/560/754 1027/560/754 1028/560/754 1016/560/754
f 1016/560/753 1028/560/753 1029/560/753 1017/560/753
f 1017/560/764 1029/560/764 1030/560/764 1018/560/764
f 1018/560/763 1030/560/763 1031/560/763 1019/560/763
f 1019/560/762 1031/560/762 1032/560/762 1020/560/762
f 1020/560/761 1032/560/761 1033/560/761 1021/560/761
f 1021/560/760 1033/560/760 1034/560/760 1022/560/760
f 1022/560/759 1034/560/759 1023/560/759 1011/560/759
f 1023/560/770 1035/560/770 1036/560/770 1024/560/770
f 1024/560/769 1036/560/769 1037/560/769 1025/560/769
f 1025/560/768 1037/560/768 1038/560/768 1026/560/768
f 1026/560/767 1038/560/767 1039/560/767 1027/560/767
f 1027/560/766 1039/560/766 1040/560/766 1028/560/766
f 1028/560/765 1040/560/765 1041/560/765 1029/560/765
f 1029/560/776 1041/560/776 1042/560/776 1030/560/776
f 1030/560/775 1042/560/775 1043/560/775 1031/560/775
f 1031/560/774 1043/560/774 1044/560/774 1032/560/774
f 1032/560/773 1044/560/773 1045/560/773 1033/560/773
f 1033/560/772 1045/560/772 1046/560/772 1034/560/772
f 1034/560/771 1046/560/771 1035/560/771 1023/560/771
f 1035/560/782 1047/560/782 1048/560/782 1036/560/782
f 1036/560/781 1048/560/781 1049/560/781 1037/560/781
f 1037/560/780 1049/560/780 1050/560/780 1038/560/780
f 1038/560/779 1050/560/779 1051/560/779 1039/560/779
f 1039/560/778 1051/560/778 1052/560/778 1040/560/778
f 1040/560/777 1052/560/777 1053/560/777 1041/560/777
f 1041/560/788 1053/560/788 1054/560/788 1042/560/788
f 1042/560/787 1054/560/787 1055/560/787 1043/560/787
f 1043/560/786 1055/560/786 1056/560/786 1044/560/786
f 1044/560/785 1056/560/785 1057/560/785 1045/560/785
f 1045/560/784 1057/560/784 1058/560/784 1046/560/784
f 1046/560/783 1058/560/783 1047/560/783 1035/560/783
f 1047/560/794 483/560/794 484/560/794 1048/560/794
f 1048/560/793 484/560/793 485/560/793 1049/560/793
f 1049/560/792 485/560/792 486/560/792 1050/560/792
f 1050/560/791 486/560/791 487/560/791 1051/560/791
f 1051/560/790 487/560/790 488/560/790 1052/560/790
f 1052/560/789 488/560/789 489/560/789 1053/560/789
f 1053/560/800 489/560/800 490/560/800 1054/560/800
f 1054/560/799 490/560/799 491/560/799 1055/560/799
f 1055/560/798 491/560/798 492/560/798 1056/560/798
f 1056/560/797 492/560/797 493/560/797 1057/560/797
f 1057/560/796 493/560/796 494/560/796 1058/560/796
f 1058/560/795 494/560/795 483/560/795 1047/560/795
f 1059/450/801 1060/561/801 1062/562/801 1061/563/801
f 1061/563/802 1062/562/802 1064/564/802 1063/565/802
f 1063/565/803 1064/564/803 1066/566/803 1065/567/803
f 1065/567/804 1066/566/804 1068/568/804 1067/569/804
f 1067/569/805 1068/568/805 1070/570/805 1069/571/805
f 1069/571/806 1070/570/806 1072/572/806 1071/573/806
f 1071/573/807 1072/572/807 1074/574/807 1073/575/807
f 1073/575/808 1074/574/808 1076/576/808 1075/5/808
f 1075/5/809 1076/576/809 1078/577/809 1077/8/809
f 1077/8/810 1078/577/810 1080/578/810 1079/38/810
f 1079/38/811 1080/578/811 1082/579/811 1081/62/811
f 1081/62/812 1082/579/812 1084/580/812 1083/71/812
f 1083/71/813 1084/580/813 1086/581/813 1085/95/813
f 1085/95/814 1086/581/814 1088/582/814 1087/104/814
f 1087/104/815 1088/582/815 1090/583/815 1089/127/815
f 1089/127/816 1090/583/816 1092/584/816 1091/585/816
f 1091/585/817 1092/584/817 1094/586/817 1093/587/817
f 1093/587/818 1094/586/818 1096/588/818 1095/589/818
f 1095/589/819 1096/588/819 1098/590/819 1097/591/819
f 1097/591/820 1098/590/820 1100/592/820 1099/593/820
f 1099/593/821 1100/592/821 1102/594/821 1101/595/821
f 1101/595/822 1102/594/822 1104/596/822 1103/597/822
f 1103/597/823 1104/596/823 1106/598/823 1105/599/823
f 1105/599/824 1106/598/824 1108/600/824 1107/601/824
f 1107/601/825 1108/600/825 1110/602/825 1109/603/825
f 1109/603/826 1110/602/826 1112/604/826 1111/605/826
f 1111/605/827 1112/604/827 1114/606/827 1113/607/827
f 1113/607/828 1114/606/828 1116/608/828 1115/609/828
f 1115/609/829 1116/608/829 1118/610/829 1117/611/829
f 1117/611/830 1118/610/830 1120/612/830 1119/613/830
f 1062/614/831 1060/615/831 1122/616/831 1120/617/831 1118/618/831 1116/619/831 1114/620/831 1112/621/831 1110/622/831 1108/623/831 1106/624/831 1104/625/831 1102/626/831 1100/627/831 1098/628/831 1096/629/831 1094/630/831 1092/631/831 1090/632/831 1088/633/831 1086/634/831 1084/635/831 1082/636/831 1080/637/831 1078/638/831 1076/639/831 1074/640/831 1072/641/831 1070/642/831 1068/643/831 1066/644/831 1064/645/831
f 1119/613/832 1120/612/832 1122/646/832 1121/647/832
f 1121/647/833 1122/646/833 1060/648/833 1059/414/833
f 1059/649/834 1061/650/834 1063/651/834 1065/652/834 1067/653/834 1069/654/834 1071/655/834 1073/656/834 1075/657/834 1077/658/834 1079/659/834 1081/660/834 1083/661/834 1085/662/834 1087/663/834 1089/664/834 1091/665/834 1093/666/834 1095/667/834 1097/668/834 1099/669/834 1101/670/834 1103/671/834 1105/672/834 1107/673/834 1109/674/834 1111/675/834 1113/676/834 1115/677/834 1117/678/834 1119/679/834 1121/680/834
