# Blender 4.4.1
# www.blender.org
mtllib 3.mtl
o テキスト
v 1.759531 0.015609 -1.378686
v 1.769652 0.015609 -1.389246
v 1.780259 0.015609 -1.399021
v 1.791353 0.015609 -1.408013
v 1.802934 0.015609 -1.416220
v 1.815002 0.015609 -1.423645
v 1.827556 0.015609 -1.430285
v 1.840597 0.015609 -1.436141
v 1.854125 0.015609 -1.441214
v 1.868139 0.015609 -1.445504
v 1.882640 0.015609 -1.449009
v 1.897628 0.015609 -1.451731
v 1.913103 0.015609 -1.453668
v 1.925471 0.015609 -1.360907
v 1.912636 0.015609 -1.358089
v 1.900412 0.015609 -1.354959
v 1.888801 0.015609 -1.351518
v 1.877802 0.015609 -1.347766
v 1.867414 0.015609 -1.343702
v 1.857639 0.015609 -1.339327
v 1.848476 0.015609 -1.334641
v 1.839924 0.015609 -1.329643
v 1.831985 0.015609 -1.324334
v 1.824657 0.015609 -1.318714
v 1.817942 0.015609 -1.312782
v 1.811838 0.015609 -1.306539
v 1.806282 0.015609 -1.300024
v 1.801209 0.015609 -1.293276
v 1.796620 0.015609 -1.286296
v 1.792513 0.015609 -1.279083
v 1.788889 0.015609 -1.271637
v 1.785749 0.015609 -1.263959
v 1.783092 0.015609 -1.256048
v 1.780918 0.015609 -1.247905
v 1.779227 0.015609 -1.239528
v 1.778019 0.015609 -1.230920
v 1.777294 0.015609 -1.222078
v 1.777053 0.015609 -1.213005
v 1.777368 0.015609 -1.202238
v 1.778312 0.015609 -1.191754
v 1.779887 0.015609 -1.181553
v 1.782092 0.015609 -1.171634
v 1.784926 0.015609 -1.161998
v 1.788390 0.015609 -1.152645
v 1.792484 0.015609 -1.143575
v 1.797208 0.015609 -1.134787
v 1.802562 0.015609 -1.126282
v 1.808546 0.015609 -1.118060
v 1.815159 0.015609 -1.110121
v 1.822403 0.015609 -1.102464
v 1.830111 0.015609 -1.095262
v 1.838121 0.015609 -1.088686
v 1.846430 0.015609 -1.082736
v 1.855041 0.015609 -1.077413
v 1.863952 0.015609 -1.072716
v 1.873164 0.015609 -1.068645
v 1.882676 0.015609 -1.065200
v 1.892489 0.015609 -1.062382
v 1.902602 0.015609 -1.060190
v 1.913017 0.015609 -1.058624
v 1.923731 0.015609 -1.057685
v 1.934747 0.015609 -1.057372
v 1.945242 0.015609 -1.057662
v 1.955425 0.015609 -1.058531
v 1.965297 0.015609 -1.059981
v 1.974857 0.015609 -1.062010
v 1.984107 0.015609 -1.064619
v 1.993045 0.015609 -1.067807
v 2.001671 0.015609 -1.071576
v 2.009986 0.015609 -1.075924
v 2.017990 0.015609 -1.080852
v 2.025683 0.015609 -1.086360
v 2.033064 0.015609 -1.092447
v 2.040134 0.015609 -1.099114
v 2.046760 0.015609 -1.106229
v 2.052810 0.015609 -1.113658
v 2.058284 0.015609 -1.121403
v 2.063181 0.015609 -1.129462
v 2.067502 0.015609 -1.137836
v 2.071248 0.015609 -1.146526
v 2.074417 0.015609 -1.155530
v 2.077009 0.015609 -1.164849
v 2.079026 0.015609 -1.174483
v 2.080467 0.015609 -1.184432
v 2.081331 0.015609 -1.194696
v 2.081619 0.015609 -1.205274
v 2.081547 0.015609 -1.209744
v 2.081332 0.015609 -1.214393
v 2.080975 0.015609 -1.219221
v 2.080474 0.015609 -1.224228
v 2.079829 0.015609 -1.229413
v 2.079042 0.015609 -1.234778
v 2.078112 0.015609 -1.240321
v 2.077038 0.015609 -1.246044
v 2.075821 0.015609 -1.251945
v 2.074461 0.015609 -1.258025
v 2.072958 0.015609 -1.264284
v 2.071312 0.015609 -1.270723
v 2.152736 0.015609 -1.260416
v 2.152571 0.015609 -1.258895
v 2.152421 0.015609 -1.257424
v 2.152285 0.015609 -1.256003
v 2.152163 0.015609 -1.254633
v 2.152056 0.015609 -1.253312
v 2.151963 0.015609 -1.252042
v 2.151884 0.015609 -1.250821
v 2.151820 0.015609 -1.249651
v 2.151770 0.015609 -1.248531
v 2.151734 0.015609 -1.247461
v 2.151712 0.015609 -1.246441
v 2.151705 0.015609 -1.245471
v 2.151920 0.015609 -1.235676
v 2.152564 0.015609 -1.226046
v 2.153638 0.015609 -1.216580
v 2.155141 0.015609 -1.207279
v 2.157073 0.015609 -1.198142
v 2.159435 0.015609 -1.189170
v 2.162227 0.015609 -1.180363
v 2.165447 0.015609 -1.171720
v 2.169098 0.015609 -1.163242
v 2.173178 0.015609 -1.154929
v 2.177687 0.015609 -1.146780
v 2.182626 0.015609 -1.138796
v 2.188012 0.015609 -1.131223
v 2.193863 0.015609 -1.124309
v 2.200179 0.015609 -1.118053
v 2.206961 0.015609 -1.112456
v 2.214208 0.015609 -1.107517
v 2.221920 0.015609 -1.103237
v 2.230098 0.015609 -1.099615
v 2.238740 0.015609 -1.096652
v 2.247848 0.015609 -1.094347
v 2.257421 0.015609 -1.092701
v 2.267460 0.015609 -1.091713
v 2.277963 0.015609 -1.091384
v 2.286345 0.015609 -1.091624
v 2.294483 0.015609 -1.092343
v 2.302378 0.015609 -1.093542
v 2.310029 0.015609 -1.095221
v 2.317437 0.015609 -1.097379
v 2.324602 0.015609 -1.100016
v 2.331523 0.015609 -1.103133
v 2.338201 0.015609 -1.106730
v 2.344635 0.015609 -1.110806
v 2.350827 0.015609 -1.115362
v 2.356775 0.015609 -1.120397
v 2.362479 0.015609 -1.125912
v 2.367830 0.015609 -1.131806
v 2.372715 0.015609 -1.137980
v 2.377134 0.015609 -1.144432
v 2.381089 0.015609 -1.151164
v 2.384578 0.015609 -1.158175
v 2.387602 0.015609 -1.165464
v 2.390161 0.015609 -1.173033
v 2.392254 0.015609 -1.180882
v 2.393883 0.015609 -1.189009
v 2.395046 0.015609 -1.197415
v 2.395744 0.015609 -1.206101
v 2.395976 0.015609 -1.215066
v 2.395740 0.015609 -1.223959
v 2.395032 0.015609 -1.232602
v 2.393851 0.015609 -1.240994
v 2.392197 0.015609 -1.249136
v 2.390071 0.015609 -1.257027
v 2.387473 0.015609 -1.264667
v 2.384403 0.015609 -1.272058
v 2.380860 0.015609 -1.279197
v 2.376844 0.015609 -1.286086
v 2.372357 0.015609 -1.292725
v 2.367397 0.015609 -1.299113
v 2.361964 0.015609 -1.305251
v 2.356059 0.015609 -1.311084
v 2.349682 0.015609 -1.316559
v 2.342832 0.015609 -1.321677
v 2.335510 0.015609 -1.326437
v 2.327715 0.015609 -1.330839
v 2.319448 0.015609 -1.334882
v 2.310709 0.015609 -1.338569
v 2.301497 0.015609 -1.341897
v 2.291813 0.015609 -1.344867
v 2.281657 0.015609 -1.347480
v 2.271028 0.015609 -1.349734
v 2.259927 0.015609 -1.351631
v 2.276417 0.015609 -1.444392
v 2.291672 0.015609 -1.441257
v 2.306343 0.015609 -1.437521
v 2.320431 0.015609 -1.433184
v 2.333935 0.015609 -1.428245
v 2.346856 0.015609 -1.422705
v 2.359194 0.015609 -1.416564
v 2.370948 0.015609 -1.409822
v 2.382119 0.015609 -1.402478
v 2.392707 0.015609 -1.394533
v 2.402711 0.015609 -1.385987
v 2.412133 0.015609 -1.376840
v 2.420970 0.015609 -1.367091
v 2.429160 0.015609 -1.356838
v 2.436638 0.015609 -1.346177
v 2.443404 0.015609 -1.335108
v 2.449457 0.015609 -1.323631
v 2.454799 0.015609 -1.311746
v 2.459428 0.015609 -1.299453
v 2.463345 0.015609 -1.286752
v 2.466549 0.015609 -1.273643
v 2.469042 0.015609 -1.260126
v 2.470823 0.015609 -1.246201
v 2.471891 0.015609 -1.231868
v 2.472247 0.015609 -1.217127
v 2.472063 0.015609 -1.206888
v 2.471509 0.015609 -1.196786
v 2.470588 0.015609 -1.186819
v 2.469298 0.015609 -1.176988
v 2.467639 0.015609 -1.167293
v 2.465612 0.015609 -1.157734
v 2.463216 0.015609 -1.148311
v 2.460451 0.015609 -1.139025
v 2.457318 0.015609 -1.129874
v 2.453816 0.015609 -1.120859
v 2.449945 0.015609 -1.111980
v 2.445707 0.015609 -1.103237
v 2.441149 0.015609 -1.094732
v 2.436323 0.015609 -1.086567
v 2.431229 0.015609 -1.078742
v 2.425866 0.015609 -1.071257
v 2.420235 0.015609 -1.064112
v 2.414335 0.015609 -1.057307
v 2.408167 0.015609 -1.050842
v 2.401731 0.015609 -1.044717
v 2.395026 0.015609 -1.038932
v 2.388053 0.015609 -1.033487
v 2.380811 0.015609 -1.028382
v 2.373302 0.015609 -1.023617
v 2.365618 0.015609 -1.019213
v 2.357856 0.015609 -1.015193
v 2.350014 0.015609 -1.011555
v 2.342095 0.015609 -1.008300
v 2.334096 0.015609 -1.005428
v 2.326019 0.015609 -1.002939
v 2.317863 0.015609 -1.000833
v 2.309628 0.015609 -0.999110
v 2.301315 0.015609 -0.997769
v 2.292923 0.015609 -0.996812
v 2.284452 0.015609 -0.996238
v 2.275902 0.015609 -0.996046
v 2.267803 0.015609 -0.996229
v 2.259826 0.015609 -0.996776
v 2.251971 0.015609 -0.997689
v 2.244237 0.015609 -0.998967
v 2.236625 0.015609 -1.000609
v 2.229135 0.015609 -1.002617
v 2.221766 0.015609 -1.004990
v 2.214519 0.015609 -1.007727
v 2.207394 0.015609 -1.010830
v 2.200390 0.015609 -1.014298
v 2.193509 0.015609 -1.018131
v 2.186748 0.015609 -1.022329
v 2.180163 0.015609 -1.026884
v 2.173807 0.015609 -1.031791
v 2.167681 0.015609 -1.037048
v 2.161783 0.015609 -1.042656
v 2.156114 0.015609 -1.048615
v 2.150674 0.015609 -1.054924
v 2.145464 0.015609 -1.061584
v 2.140482 0.015609 -1.068595
v 2.135730 0.015609 -1.075956
v 2.131206 0.015609 -1.083668
v 2.126911 0.015609 -1.091731
v 2.122846 0.015609 -1.100145
v 2.120039 0.015609 -1.089187
v 2.116769 0.015609 -1.078644
v 2.113039 0.015609 -1.068516
v 2.108846 0.015609 -1.058803
v 2.104192 0.015609 -1.049506
v 2.099076 0.015609 -1.040623
v 2.093498 0.015609 -1.032156
v 2.087459 0.015609 -1.024104
v 2.080959 0.015609 -1.016467
v 2.073996 0.015609 -1.009245
v 2.066572 0.015609 -1.002438
v 2.058686 0.015609 -0.996046
v 2.050400 0.015609 -0.990120
v 2.041773 0.015609 -0.984709
v 2.032806 0.015609 -0.979813
v 2.023500 0.015609 -0.975433
v 2.013853 0.015609 -0.971568
v 2.003867 0.015609 -0.968218
v 1.993540 0.015609 -0.965384
v 1.982874 0.015609 -0.963065
v 1.971867 0.015609 -0.961261
v 1.960521 0.015609 -0.959973
v 1.948835 0.015609 -0.959199
v 1.936808 0.015609 -0.958942
v 1.920527 0.015609 -0.959443
v 1.904664 0.015609 -0.960946
v 1.889220 0.015609 -0.963451
v 1.874194 0.015609 -0.966958
v 1.859588 0.015609 -0.971467
v 1.845400 0.015609 -0.976979
v 1.831630 0.015609 -0.983492
v 1.818280 0.015609 -0.991007
v 1.805348 0.015609 -0.999525
v 1.792835 0.015609 -1.009044
v 1.780741 0.015609 -1.019566
v 1.769065 0.015609 -1.031089
v 1.758076 0.015609 -1.043379
v 1.748043 0.015609 -1.056198
v 1.738966 0.015609 -1.069547
v 1.730844 0.015609 -1.083425
v 1.723677 0.015609 -1.097833
v 1.717466 0.015609 -1.112771
v 1.712211 0.015609 -1.128238
v 1.707911 0.015609 -1.144235
v 1.704567 0.015609 -1.160762
v 1.702178 0.015609 -1.177818
v 1.700745 0.015609 -1.195404
v 1.700267 0.015609 -1.213520
v 1.700679 0.015609 -1.229862
v 1.701913 0.015609 -1.245736
v 1.703971 0.015609 -1.261141
v 1.706852 0.015609 -1.276076
v 1.710556 0.015609 -1.290544
v 1.715083 0.015609 -1.304542
v 1.720433 0.015609 -1.318071
v 1.726607 0.015609 -1.331132
v 1.733603 0.015609 -1.343724
v 1.741423 0.015609 -1.355847
v 1.750065 0.015609 -1.367501
v 1.759531 0.001609 -1.378686
v 1.769652 0.001609 -1.389246
v 1.780259 0.001609 -1.399021
v 1.791353 0.001609 -1.408013
v 1.802934 0.001609 -1.416220
v 1.815002 0.001609 -1.423645
v 1.827556 0.001609 -1.430285
v 1.840597 0.001609 -1.436141
v 1.854125 0.001609 -1.441214
v 1.868139 0.001609 -1.445504
v 1.882640 0.001609 -1.449009
v 1.897628 0.001609 -1.451731
v 1.913103 0.001609 -1.453668
v 1.925471 0.001609 -1.360907
v 1.912636 0.001609 -1.358089
v 1.900412 0.001609 -1.354959
v 1.888801 0.001609 -1.351518
v 1.877802 0.001609 -1.347766
v 1.867414 0.001609 -1.343702
v 1.857639 0.001609 -1.339327
v 1.848476 0.001609 -1.334641
v 1.839924 0.001609 -1.329643
v 1.831985 0.001609 -1.324334
v 1.824657 0.001609 -1.318714
v 1.817942 0.001609 -1.312782
v 1.811838 0.001609 -1.306539
v 1.806282 0.001609 -1.300024
v 1.801209 0.001609 -1.293276
v 1.796620 0.001609 -1.286296
v 1.792513 0.001609 -1.279083
v 1.788889 0.001609 -1.271637
v 1.785749 0.001609 -1.263959
v 1.783092 0.001609 -1.256048
v 1.780918 0.001609 -1.247905
v 1.779227 0.001609 -1.239528
v 1.778019 0.001609 -1.230920
v 1.777294 0.001609 -1.222078
v 1.777053 0.001609 -1.213005
v 1.777368 0.001609 -1.202238
v 1.778312 0.001609 -1.191754
v 1.779887 0.001609 -1.181553
v 1.782092 0.001609 -1.171634
v 1.784926 0.001609 -1.161998
v 1.788390 0.001609 -1.152645
v 1.792484 0.001609 -1.143575
v 1.797208 0.001609 -1.134787
v 1.802562 0.001609 -1.126282
v 1.808546 0.001609 -1.118060
v 1.815159 0.001609 -1.110121
v 1.822403 0.001609 -1.102464
v 1.830111 0.001609 -1.095262
v 1.838121 0.001609 -1.088686
v 1.846430 0.001609 -1.082736
v 1.855041 0.001609 -1.077413
v 1.863952 0.001609 -1.072716
v 1.873164 0.001609 -1.068645
v 1.882676 0.001609 -1.065200
v 1.892489 0.001609 -1.062382
v 1.902602 0.001609 -1.060190
v 1.913017 0.001609 -1.058624
v 1.923731 0.001609 -1.057685
v 1.934747 0.001609 -1.057372
v 1.945242 0.001609 -1.057662
v 1.955425 0.001609 -1.058531
v 1.965297 0.001609 -1.059981
v 1.974857 0.001609 -1.062010
v 1.984107 0.001609 -1.064619
v 1.993045 0.001609 -1.067807
v 2.001671 0.001609 -1.071576
v 2.009986 0.001609 -1.075924
v 2.017990 0.001609 -1.080852
v 2.025683 0.001609 -1.086360
v 2.033064 0.001609 -1.092447
v 2.040134 0.001609 -1.099114
v 2.046760 0.001609 -1.106229
v 2.052810 0.001609 -1.113658
v 2.058284 0.001609 -1.121403
v 2.063181 0.001609 -1.129462
v 2.067502 0.001609 -1.137836
v 2.071248 0.001609 -1.146526
v 2.074417 0.001609 -1.155530
v 2.077009 0.001609 -1.164849
v 2.079026 0.001609 -1.174483
v 2.080467 0.001609 -1.184432
v 2.081331 0.001609 -1.194696
v 2.081619 0.001609 -1.205274
v 2.081547 0.001609 -1.209744
v 2.081332 0.001609 -1.214393
v 2.080975 0.001609 -1.219221
v 2.080474 0.001609 -1.224228
v 2.079829 0.001609 -1.229413
v 2.079042 0.001609 -1.234778
v 2.078112 0.001609 -1.240321
v 2.077038 0.001609 -1.246044
v 2.075821 0.001609 -1.251945
v 2.074461 0.001609 -1.258025
v 2.072958 0.001609 -1.264284
v 2.071312 0.001609 -1.270723
v 2.152736 0.001609 -1.260416
v 2.152571 0.001609 -1.258895
v 2.152421 0.001609 -1.257424
v 2.152285 0.001609 -1.256003
v 2.152163 0.001609 -1.254633
v 2.152056 0.001609 -1.253312
v 2.151963 0.001609 -1.252042
v 2.151884 0.001609 -1.250821
v 2.151820 0.001609 -1.249651
v 2.151770 0.001609 -1.248531
v 2.151734 0.001609 -1.247461
v 2.151712 0.001609 -1.246441
v 2.151705 0.001609 -1.245471
v 2.151920 0.001609 -1.235676
v 2.152564 0.001609 -1.226046
v 2.153638 0.001609 -1.216580
v 2.155141 0.001609 -1.207279
v 2.157073 0.001609 -1.198142
v 2.159435 0.001609 -1.189170
v 2.162227 0.001609 -1.180363
v 2.165447 0.001609 -1.171720
v 2.169098 0.001609 -1.163242
v 2.173178 0.001609 -1.154929
v 2.177687 0.001609 -1.146780
v 2.182626 0.001609 -1.138796
v 2.188012 0.001609 -1.131223
v 2.193863 0.001609 -1.124309
v 2.200179 0.001609 -1.118053
v 2.206961 0.001609 -1.112456
v 2.214208 0.001609 -1.107517
v 2.221920 0.001609 -1.103237
v 2.230098 0.001609 -1.099615
v 2.238740 0.001609 -1.096652
v 2.247848 0.001609 -1.094347
v 2.257421 0.001609 -1.092701
v 2.267460 0.001609 -1.091713
v 2.277963 0.001609 -1.091384
v 2.286345 0.001609 -1.091624
v 2.294483 0.001609 -1.092343
v 2.302378 0.001609 -1.093542
v 2.310029 0.001609 -1.095221
v 2.317437 0.001609 -1.097379
v 2.324602 0.001609 -1.100016
v 2.331523 0.001609 -1.103133
v 2.338201 0.001609 -1.106730
v 2.344635 0.001609 -1.110806
v 2.350827 0.001609 -1.115362
v 2.356775 0.001609 -1.120397
v 2.362479 0.001609 -1.125912
v 2.367830 0.001609 -1.131806
v 2.372715 0.001609 -1.137980
v 2.377134 0.001609 -1.144432
v 2.381089 0.001609 -1.151164
v 2.384578 0.001609 -1.158175
v 2.387602 0.001609 -1.165464
v 2.390161 0.001609 -1.173033
v 2.392254 0.001609 -1.180882
v 2.393883 0.001609 -1.189009
v 2.395046 0.001609 -1.197415
v 2.395744 0.001609 -1.206101
v 2.395976 0.001609 -1.215066
v 2.395740 0.001609 -1.223959
v 2.395032 0.001609 -1.232602
v 2.393851 0.001609 -1.240994
v 2.392197 0.001609 -1.249136
v 2.390071 0.001609 -1.257027
v 2.387473 0.001609 -1.264667
v 2.384403 0.001609 -1.272058
v 2.380860 0.001609 -1.279197
v 2.376844 0.001609 -1.286086
v 2.372357 0.001609 -1.292725
v 2.367397 0.001609 -1.299113
v 2.361964 0.001609 -1.305251
v 2.356059 0.001609 -1.311084
v 2.349682 0.001609 -1.316559
v 2.342832 0.001609 -1.321677
v 2.335510 0.001609 -1.326437
v 2.327715 0.001609 -1.330839
v 2.319448 0.001609 -1.334882
v 2.310709 0.001609 -1.338569
v 2.301497 0.001609 -1.341897
v 2.291813 0.001609 -1.344867
v 2.281657 0.001609 -1.347480
v 2.271028 0.001609 -1.349734
v 2.259927 0.001609 -1.351631
v 2.276417 0.001609 -1.444392
v 2.291672 0.001609 -1.441257
v 2.306343 0.001609 -1.437521
v 2.320431 0.001609 -1.433184
v 2.333935 0.001609 -1.428245
v 2.346856 0.001609 -1.422705
v 2.359194 0.001609 -1.416564
v 2.370948 0.001609 -1.409822
v 2.382119 0.001609 -1.402478
v 2.392707 0.001609 -1.394533
v 2.402711 0.001609 -1.385987
v 2.412133 0.001609 -1.376840
v 2.420970 0.001609 -1.367091
v 2.429160 0.001609 -1.356838
v 2.436638 0.001609 -1.346177
v 2.443404 0.001609 -1.335108
v 2.449457 0.001609 -1.323631
v 2.454799 0.001609 -1.311746
v 2.459428 0.001609 -1.299453
v 2.463345 0.001609 -1.286752
v 2.466549 0.001609 -1.273643
v 2.469042 0.001609 -1.260126
v 2.470823 0.001609 -1.246201
v 2.471891 0.001609 -1.231868
v 2.472247 0.001609 -1.217127
v 2.472063 0.001609 -1.206888
v 2.471509 0.001609 -1.196786
v 2.470588 0.001609 -1.186819
v 2.469298 0.001609 -1.176988
v 2.467639 0.001609 -1.167293
v 2.465612 0.001609 -1.157734
v 2.463216 0.001609 -1.148311
v 2.460451 0.001609 -1.139025
v 2.457318 0.001609 -1.129874
v 2.453816 0.001609 -1.120859
v 2.449945 0.001609 -1.111980
v 2.445707 0.001609 -1.103237
v 2.441149 0.001609 -1.094732
v 2.436323 0.001609 -1.086567
v 2.431229 0.001609 -1.078742
v 2.425866 0.001609 -1.071257
v 2.420235 0.001609 -1.064112
v 2.414335 0.001609 -1.057307
v 2.408167 0.001609 -1.050842
v 2.401731 0.001609 -1.044717
v 2.395026 0.001609 -1.038932
v 2.388053 0.001609 -1.033487
v 2.380811 0.001609 -1.028382
v 2.373302 0.001609 -1.023617
v 2.365618 0.001609 -1.019213
v 2.357856 0.001609 -1.015193
v 2.350014 0.001609 -1.011555
v 2.342095 0.001609 -1.008300
v 2.334096 0.001609 -1.005428
v 2.326019 0.001609 -1.002939
v 2.317863 0.001609 -1.000833
v 2.309628 0.001609 -0.999110
v 2.301315 0.001609 -0.997769
v 2.292923 0.001609 -0.996812
v 2.284452 0.001609 -0.996238
v 2.275902 0.001609 -0.996046
v 2.267803 0.001609 -0.996229
v 2.259826 0.001609 -0.996776
v 2.251971 0.001609 -0.997689
v 2.244237 0.001609 -0.998967
v 2.236625 0.001609 -1.000609
v 2.229135 0.001609 -1.002617
v 2.221766 0.001609 -1.004990
v 2.214519 0.001609 -1.007727
v 2.207394 0.001609 -1.010830
v 2.200390 0.001609 -1.014298
v 2.193509 0.001609 -1.018131
v 2.186748 0.001609 -1.022329
v 2.180163 0.001609 -1.026884
v 2.173807 0.001609 -1.031791
v 2.167681 0.001609 -1.037048
v 2.161783 0.001609 -1.042656
v 2.156114 0.001609 -1.048615
v 2.150674 0.001609 -1.054924
v 2.145464 0.001609 -1.061584
v 2.140482 0.001609 -1.068595
v 2.135730 0.001609 -1.075956
v 2.131206 0.001609 -1.083668
v 2.126911 0.001609 -1.091731
v 2.122846 0.001609 -1.100145
v 2.120039 0.001609 -1.089187
v 2.116769 0.001609 -1.078644
v 2.113039 0.001609 -1.068516
v 2.108846 0.001609 -1.058803
v 2.104192 0.001609 -1.049506
v 2.099076 0.001609 -1.040623
v 2.093498 0.001609 -1.032156
v 2.087459 0.001609 -1.024104
v 2.080959 0.001609 -1.016467
v 2.073996 0.001609 -1.009245
v 2.066572 0.001609 -1.002438
v 2.058686 0.001609 -0.996046
v 2.050400 0.001609 -0.990120
v 2.041773 0.001609 -0.984709
v 2.032806 0.001609 -0.979813
v 2.023500 0.001609 -0.975433
v 2.013853 0.001609 -0.971568
v 2.003867 0.001609 -0.968218
v 1.993540 0.001609 -0.965384
v 1.982874 0.001609 -0.963065
v 1.971867 0.001609 -0.961261
v 1.960521 0.001609 -0.959973
v 1.948835 0.001609 -0.959199
v 1.936808 0.001609 -0.958942
v 1.920527 0.001609 -0.959443
v 1.904664 0.001609 -0.960946
v 1.889220 0.001609 -0.963451
v 1.874194 0.001609 -0.966958
v 1.859588 0.001609 -0.971467
v 1.845400 0.001609 -0.976979
v 1.831630 0.001609 -0.983492
v 1.818280 0.001609 -0.991007
v 1.805348 0.001609 -0.999525
v 1.792835 0.001609 -1.009044
v 1.780741 0.001609 -1.019566
v 1.769065 0.001609 -1.031089
v 1.758076 0.001609 -1.043379
v 1.748043 0.001609 -1.056198
v 1.738966 0.001609 -1.069547
v 1.730844 0.001609 -1.083425
v 1.723677 0.001609 -1.097833
v 1.717466 0.001609 -1.112771
v 1.712211 0.001609 -1.128238
v 1.707911 0.001609 -1.144235
v 1.704567 0.001609 -1.160762
v 1.702178 0.001609 -1.177818
v 1.700745 0.001609 -1.195404
v 1.700267 0.001609 -1.213520
v 1.700679 0.001609 -1.229862
v 1.701913 0.001609 -1.245736
v 1.703971 0.001609 -1.261141
v 1.706852 0.001609 -1.276076
v 1.710556 0.001609 -1.290544
v 1.715083 0.001609 -1.304542
v 1.720433 0.001609 -1.318071
v 1.726607 0.001609 -1.331132
v 1.733603 0.001609 -1.343724
v 1.741423 0.001609 -1.355847
v 1.750065 0.001609 -1.367501
v 1.759531 0.001609 -1.378686
v 1.759531 0.015609 -1.378686
v 1.769652 0.001609 -1.389246
v 1.769652 0.015609 -1.389246
v 1.780259 0.001609 -1.399021
v 1.780259 0.015609 -1.399021
v 1.791353 0.001609 -1.408013
v 1.791353 0.015609 -1.408013
v 1.802934 0.001609 -1.416220
v 1.802934 0.015609 -1.416220
v 1.815002 0.001609 -1.423645
v 1.815002 0.015609 -1.423645
v 1.827556 0.001609 -1.430285
v 1.827556 0.015609 -1.430285
v 1.840597 0.001609 -1.436141
v 1.840597 0.015609 -1.436141
v 1.854125 0.001609 -1.441214
v 1.854125 0.015609 -1.441214
v 1.868139 0.001609 -1.445504
v 1.868139 0.015609 -1.445504
v 1.882640 0.001609 -1.449009
v 1.882640 0.015609 -1.449009
v 1.897628 0.001609 -1.451731
v 1.897628 0.015609 -1.451731
v 1.913103 0.001609 -1.453668
v 1.913103 0.015609 -1.453668
v 1.925471 0.001609 -1.360907
v 1.925471 0.015609 -1.360907
v 1.912636 0.001609 -1.358089
v 1.912636 0.015609 -1.358089
v 1.900412 0.001609 -1.354959
v 1.900412 0.015609 -1.354959
v 1.888801 0.001609 -1.351518
v 1.888801 0.015609 -1.351518
v 1.877802 0.001609 -1.347766
v 1.877802 0.015609 -1.347766
v 1.867414 0.001609 -1.343702
v 1.867414 0.015609 -1.343702
v 1.857639 0.001609 -1.339327
v 1.857639 0.015609 -1.339327
v 1.848476 0.001609 -1.334641
v 1.848476 0.015609 -1.334641
v 1.839924 0.001609 -1.329643
v 1.839924 0.015609 -1.329643
v 1.831985 0.001609 -1.324334
v 1.831985 0.015609 -1.324334
v 1.824657 0.001609 -1.318714
v 1.824657 0.015609 -1.318714
v 1.817942 0.001609 -1.312782
v 1.817942 0.015609 -1.312782
v 1.811838 0.001609 -1.306539
v 1.811838 0.015609 -1.306539
v 1.806282 0.001609 -1.300024
v 1.806282 0.015609 -1.300024
v 1.801209 0.001609 -1.293276
v 1.801209 0.015609 -1.293276
v 1.796620 0.001609 -1.286296
v 1.796620 0.015609 -1.286296
v 1.792513 0.001609 -1.279083
v 1.792513 0.015609 -1.279083
v 1.788889 0.001609 -1.271637
v 1.788889 0.015609 -1.271637
v 1.785749 0.001609 -1.263959
v 1.785749 0.015609 -1.263959
v 1.783092 0.001609 -1.256048
v 1.783092 0.015609 -1.256048
v 1.780918 0.001609 -1.247905
v 1.780918 0.015609 -1.247905
v 1.779227 0.001609 -1.239528
v 1.779227 0.015609 -1.239528
v 1.778019 0.001609 -1.230920
v 1.778019 0.015609 -1.230920
v 1.777294 0.001609 -1.222078
v 1.777294 0.015609 -1.222078
v 1.777053 0.001609 -1.213005
v 1.777053 0.015609 -1.213005
v 1.777368 0.001609 -1.202238
v 1.777368 0.015609 -1.202238
v 1.778312 0.001609 -1.191754
v 1.778312 0.015609 -1.191754
v 1.779887 0.001609 -1.181553
v 1.779887 0.015609 -1.181553
v 1.782092 0.001609 -1.171634
v 1.782092 0.015609 -1.171634
v 1.784926 0.001609 -1.161998
v 1.784926 0.015609 -1.161998
v 1.788390 0.001609 -1.152645
v 1.788390 0.015609 -1.152645
v 1.792484 0.001609 -1.143575
v 1.792484 0.015609 -1.143575
v 1.797208 0.001609 -1.134787
v 1.797208 0.015609 -1.134787
v 1.802562 0.001609 -1.126282
v 1.802562 0.015609 -1.126282
v 1.808546 0.001609 -1.118060
v 1.808546 0.015609 -1.118060
v 1.815159 0.001609 -1.110121
v 1.815159 0.015609 -1.110121
v 1.822403 0.001609 -1.102464
v 1.822403 0.015609 -1.102464
v 1.830111 0.001609 -1.095262
v 1.830111 0.015609 -1.095262
v 1.838121 0.001609 -1.088686
v 1.838121 0.015609 -1.088686
v 1.846430 0.001609 -1.082736
v 1.846430 0.015609 -1.082736
v 1.855041 0.001609 -1.077413
v 1.855041 0.015609 -1.077413
v 1.863952 0.001609 -1.072716
v 1.863952 0.015609 -1.072716
v 1.873164 0.001609 -1.068645
v 1.873164 0.015609 -1.068645
v 1.882676 0.001609 -1.065200
v 1.882676 0.015609 -1.065200
v 1.892489 0.001609 -1.062382
v 1.892489 0.015609 -1.062382
v 1.902602 0.001609 -1.060190
v 1.902602 0.015609 -1.060190
v 1.913017 0.001609 -1.058624
v 1.913017 0.015609 -1.058624
v 1.923731 0.001609 -1.057685
v 1.923731 0.015609 -1.057685
v 1.934747 0.001609 -1.057372
v 1.934747 0.015609 -1.057372
v 1.945242 0.001609 -1.057662
v 1.945242 0.015609 -1.057662
v 1.955425 0.001609 -1.058531
v 1.955425 0.015609 -1.058531
v 1.965297 0.001609 -1.059981
v 1.965297 0.015609 -1.059981
v 1.974857 0.001609 -1.062010
v 1.974857 0.015609 -1.062010
v 1.984107 0.001609 -1.064619
v 1.984107 0.015609 -1.064619
v 1.993045 0.001609 -1.067807
v 1.993045 0.015609 -1.067807
v 2.001671 0.001609 -1.071576
v 2.001671 0.015609 -1.071576
v 2.009986 0.001609 -1.075924
v 2.009986 0.015609 -1.075924
v 2.017990 0.001609 -1.080852
v 2.017990 0.015609 -1.080852
v 2.025683 0.001609 -1.086360
v 2.025683 0.015609 -1.086360
v 2.033064 0.001609 -1.092447
v 2.033064 0.015609 -1.092447
v 2.040134 0.001609 -1.099114
v 2.040134 0.015609 -1.099114
v 2.046760 0.001609 -1.106229
v 2.046760 0.015609 -1.106229
v 2.052810 0.001609 -1.113658
v 2.052810 0.015609 -1.113658
v 2.058284 0.001609 -1.121403
v 2.058284 0.015609 -1.121403
v 2.063181 0.001609 -1.129462
v 2.063181 0.015609 -1.129462
v 2.067502 0.001609 -1.137836
v 2.067502 0.015609 -1.137836
v 2.071248 0.001609 -1.146526
v 2.071248 0.015609 -1.146526
v 2.074417 0.001609 -1.155530
v 2.074417 0.015609 -1.155530
v 2.077009 0.001609 -1.164849
v 2.077009 0.015609 -1.164849
v 2.079026 0.001609 -1.174483
v 2.079026 0.015609 -1.174483
v 2.080467 0.001609 -1.184432
v 2.080467 0.015609 -1.184432
v 2.081331 0.001609 -1.194696
v 2.081331 0.015609 -1.194696
v 2.081619 0.001609 -1.205274
v 2.081619 0.015609 -1.205274
v 2.081547 0.001609 -1.209744
v 2.081547 0.015609 -1.209744
v 2.081332 0.001609 -1.214393
v 2.081332 0.015609 -1.214393
v 2.080975 0.001609 -1.219221
v 2.080975 0.015609 -1.219221
v 2.080474 0.001609 -1.224228
v 2.080474 0.015609 -1.224228
v 2.079829 0.001609 -1.229413
v 2.079829 0.015609 -1.229413
v 2.079042 0.001609 -1.234778
v 2.079042 0.015609 -1.234778
v 2.078112 0.001609 -1.240321
v 2.078112 0.015609 -1.240321
v 2.077038 0.001609 -1.246044
v 2.077038 0.015609 -1.246044
v 2.075821 0.001609 -1.251945
v 2.075821 0.015609 -1.251945
v 2.074461 0.001609 -1.258025
v 2.074461 0.015609 -1.258025
v 2.072958 0.001609 -1.264284
v 2.072958 0.015609 -1.264284
v 2.071312 0.001609 -1.270723
v 2.071312 0.015609 -1.270723
v 2.152736 0.001609 -1.260416
v 2.152736 0.015609 -1.260416
v 2.152571 0.001609 -1.258895
v 2.152571 0.015609 -1.258895
v 2.152421 0.001609 -1.257424
v 2.152421 0.015609 -1.257424
v 2.152285 0.001609 -1.256003
v 2.152285 0.015609 -1.256003
v 2.152163 0.001609 -1.254633
v 2.152163 0.015609 -1.254633
v 2.152056 0.001609 -1.253312
v 2.152056 0.015609 -1.253312
v 2.151963 0.001609 -1.252042
v 2.151963 0.015609 -1.252042
v 2.151884 0.001609 -1.250821
v 2.151884 0.015609 -1.250821
v 2.151820 0.001609 -1.249651
v 2.151820 0.015609 -1.249651
v 2.151770 0.001609 -1.248531
v 2.151770 0.015609 -1.248531
v 2.151734 0.001609 -1.247461
v 2.151734 0.015609 -1.247461
v 2.151712 0.001609 -1.246441
v 2.151712 0.015609 -1.246441
v 2.151705 0.001609 -1.245471
v 2.151705 0.015609 -1.245471
v 2.151920 0.001609 -1.235676
v 2.151920 0.015609 -1.235676
v 2.152564 0.001609 -1.226046
v 2.152564 0.015609 -1.226046
v 2.153638 0.001609 -1.216580
v 2.153638 0.015609 -1.216580
v 2.155141 0.001609 -1.207279
v 2.155141 0.015609 -1.207279
v 2.157073 0.001609 -1.198142
v 2.157073 0.015609 -1.198142
v 2.159435 0.001609 -1.189170
v 2.159435 0.015609 -1.189170
v 2.162227 0.001609 -1.180363
v 2.162227 0.015609 -1.180363
v 2.165447 0.001609 -1.171720
v 2.165447 0.015609 -1.171720
v 2.169098 0.001609 -1.163242
v 2.169098 0.015609 -1.163242
v 2.173178 0.001609 -1.154929
v 2.173178 0.015609 -1.154929
v 2.177687 0.001609 -1.146780
v 2.177687 0.015609 -1.146780
v 2.182626 0.001609 -1.138796
v 2.182626 0.015609 -1.138796
v 2.188012 0.001609 -1.131223
v 2.188012 0.015609 -1.131223
v 2.193863 0.001609 -1.124309
v 2.193863 0.015609 -1.124309
v 2.200179 0.001609 -1.118053
v 2.200179 0.015609 -1.118053
v 2.206961 0.001609 -1.112456
v 2.206961 0.015609 -1.112456
v 2.214208 0.001609 -1.107517
v 2.214208 0.015609 -1.107517
v 2.221920 0.001609 -1.103237
v 2.221920 0.015609 -1.103237
v 2.230098 0.001609 -1.099615
v 2.230098 0.015609 -1.099615
v 2.238740 0.001609 -1.096652
v 2.238740 0.015609 -1.096652
v 2.247848 0.001609 -1.094347
v 2.247848 0.015609 -1.094347
v 2.257421 0.001609 -1.092701
v 2.257421 0.015609 -1.092701
v 2.267460 0.001609 -1.091713
v 2.267460 0.015609 -1.091713
v 2.277963 0.001609 -1.091384
v 2.277963 0.015609 -1.091384
v 2.286345 0.001609 -1.091624
v 2.286345 0.015609 -1.091624
v 2.294483 0.001609 -1.092343
v 2.294483 0.015609 -1.092343
v 2.302378 0.001609 -1.093542
v 2.302378 0.015609 -1.093542
v 2.310029 0.001609 -1.095221
v 2.310029 0.015609 -1.095221
v 2.317437 0.001609 -1.097379
v 2.317437 0.015609 -1.097379
v 2.324602 0.001609 -1.100016
v 2.324602 0.015609 -1.100016
v 2.331523 0.001609 -1.103133
v 2.331523 0.015609 -1.103133
v 2.338201 0.001609 -1.106730
v 2.338201 0.015609 -1.106730
v 2.344635 0.001609 -1.110806
v 2.344635 0.015609 -1.110806
v 2.350827 0.001609 -1.115362
v 2.350827 0.015609 -1.115362
v 2.356775 0.001609 -1.120397
v 2.356775 0.015609 -1.120397
v 2.362479 0.001609 -1.125912
v 2.362479 0.015609 -1.125912
v 2.367830 0.001609 -1.131806
v 2.367830 0.015609 -1.131806
v 2.372715 0.001609 -1.137980
v 2.372715 0.015609 -1.137980
v 2.377134 0.001609 -1.144432
v 2.377134 0.015609 -1.144432
v 2.381089 0.001609 -1.151164
v 2.381089 0.015609 -1.151164
v 2.384578 0.001609 -1.158175
v 2.384578 0.015609 -1.158175
v 2.387602 0.001609 -1.165464
v 2.387602 0.015609 -1.165464
v 2.390161 0.001609 -1.173033
v 2.390161 0.015609 -1.173033
v 2.392254 0.001609 -1.180882
v 2.392254 0.015609 -1.180882
v 2.393883 0.001609 -1.189009
v 2.393883 0.015609 -1.189009
v 2.395046 0.001609 -1.197415
v 2.395046 0.015609 -1.197415
v 2.395744 0.001609 -1.206101
v 2.395744 0.015609 -1.206101
v 2.395976 0.001609 -1.215066
v 2.395976 0.015609 -1.215066
v 2.395740 0.001609 -1.223959
v 2.395740 0.015609 -1.223959
v 2.395032 0.001609 -1.232602
v 2.395032 0.015609 -1.232602
v 2.393851 0.001609 -1.240994
v 2.393851 0.015609 -1.240994
v 2.392197 0.001609 -1.249136
v 2.392197 0.015609 -1.249136
v 2.390071 0.001609 -1.257027
v 2.390071 0.015609 -1.257027
v 2.387473 0.001609 -1.264667
v 2.387473 0.015609 -1.264667
v 2.384403 0.001609 -1.272058
v 2.384403 0.015609 -1.272058
v 2.380860 0.001609 -1.279197
v 2.380860 0.015609 -1.279197
v 2.376844 0.001609 -1.286086
v 2.376844 0.015609 -1.286086
v 2.372357 0.001609 -1.292725
v 2.372357 0.015609 -1.292725
v 2.367397 0.001609 -1.299113
v 2.367397 0.015609 -1.299113
v 2.361964 0.001609 -1.305251
v 2.361964 0.015609 -1.305251
v 2.356059 0.001609 -1.311084
v 2.356059 0.015609 -1.311084
v 2.349682 0.001609 -1.316559
v 2.349682 0.015609 -1.316559
v 2.342832 0.001609 -1.321677
v 2.342832 0.015609 -1.321677
v 2.335510 0.001609 -1.326437
v 2.335510 0.015609 -1.326437
v 2.327715 0.001609 -1.330839
v 2.327715 0.015609 -1.330839
v 2.319448 0.001609 -1.334882
v 2.319448 0.015609 -1.334882
v 2.310709 0.001609 -1.338569
v 2.310709 0.015609 -1.338569
v 2.301497 0.001609 -1.341897
v 2.301497 0.015609 -1.341897
v 2.291813 0.001609 -1.344867
v 2.291813 0.015609 -1.344867
v 2.281657 0.001609 -1.347480
v 2.281657 0.015609 -1.347480
v 2.271028 0.001609 -1.349734
v 2.271028 0.015609 -1.349734
v 2.259927 0.001609 -1.351631
v 2.259927 0.015609 -1.351631
v 2.276417 0.001609 -1.444392
v 2.276417 0.015609 -1.444392
v 2.291672 0.001609 -1.441257
v 2.291672 0.015609 -1.441257
v 2.306343 0.001609 -1.437521
v 2.306343 0.015609 -1.437521
v 2.320431 0.001609 -1.433184
v 2.320431 0.015609 -1.433184
v 2.333935 0.001609 -1.428245
v 2.333935 0.015609 -1.428245
v 2.346856 0.001609 -1.422705
v 2.346856 0.015609 -1.422705
v 2.359194 0.001609 -1.416564
v 2.359194 0.015609 -1.416564
v 2.370948 0.001609 -1.409822
v 2.370948 0.015609 -1.409822
v 2.382119 0.001609 -1.402478
v 2.382119 0.015609 -1.402478
v 2.392707 0.001609 -1.394533
v 2.392707 0.015609 -1.394533
v 2.402711 0.001609 -1.385987
v 2.402711 0.015609 -1.385987
v 2.412133 0.001609 -1.376840
v 2.412133 0.015609 -1.376840
v 2.420970 0.001609 -1.367091
v 2.420970 0.015609 -1.367091
v 2.429160 0.001609 -1.356838
v 2.429160 0.015609 -1.356838
v 2.436638 0.001609 -1.346177
v 2.436638 0.015609 -1.346177
v 2.443404 0.001609 -1.335108
v 2.443404 0.015609 -1.335108
v 2.449457 0.001609 -1.323631
v 2.449457 0.015609 -1.323631
v 2.454799 0.001609 -1.311746
v 2.454799 0.015609 -1.311746
v 2.459428 0.001609 -1.299453
v 2.459428 0.015609 -1.299453
v 2.463345 0.001609 -1.286752
v 2.463345 0.015609 -1.286752
v 2.466549 0.001609 -1.273643
v 2.466549 0.015609 -1.273643
v 2.469042 0.001609 -1.260126
v 2.469042 0.015609 -1.260126
v 2.470823 0.001609 -1.246201
v 2.470823 0.015609 -1.246201
v 2.471891 0.001609 -1.231868
v 2.471891 0.015609 -1.231868
v 2.472247 0.001609 -1.217127
v 2.472247 0.015609 -1.217127
v 2.472063 0.001609 -1.206888
v 2.472063 0.015609 -1.206888
v 2.471509 0.001609 -1.196786
v 2.471509 0.015609 -1.196786
v 2.470588 0.001609 -1.186819
v 2.470588 0.015609 -1.186819
v 2.469298 0.001609 -1.176988
v 2.469298 0.015609 -1.176988
v 2.467639 0.001609 -1.167293
v 2.467639 0.015609 -1.167293
v 2.465612 0.001609 -1.157734
v 2.465612 0.015609 -1.157734
v 2.463216 0.001609 -1.148311
v 2.463216 0.015609 -1.148311
v 2.460451 0.001609 -1.139025
v 2.460451 0.015609 -1.139025
v 2.457318 0.001609 -1.129874
v 2.457318 0.015609 -1.129874
v 2.453816 0.001609 -1.120859
v 2.453816 0.015609 -1.120859
v 2.449945 0.001609 -1.111980
v 2.449945 0.015609 -1.111980
v 2.445707 0.001609 -1.103237
v 2.445707 0.015609 -1.103237
v 2.441149 0.001609 -1.094732
v 2.441149 0.015609 -1.094732
v 2.436323 0.001609 -1.086567
v 2.436323 0.015609 -1.086567
v 2.431229 0.001609 -1.078742
v 2.431229 0.015609 -1.078742
v 2.425866 0.001609 -1.071257
v 2.425866 0.015609 -1.071257
v 2.420235 0.001609 -1.064112
v 2.420235 0.015609 -1.064112
v 2.414335 0.001609 -1.057307
v 2.414335 0.015609 -1.057307
v 2.408167 0.001609 -1.050842
v 2.408167 0.015609 -1.050842
v 2.401731 0.001609 -1.044717
v 2.401731 0.015609 -1.044717
v 2.395026 0.001609 -1.038932
v 2.395026 0.015609 -1.038932
v 2.388053 0.001609 -1.033487
v 2.388053 0.015609 -1.033487
v 2.380811 0.001609 -1.028382
v 2.380811 0.015609 -1.028382
v 2.373302 0.001609 -1.023617
v 2.373302 0.015609 -1.023617
v 2.365618 0.001609 -1.019213
v 2.365618 0.015609 -1.019213
v 2.357856 0.001609 -1.015193
v 2.357856 0.015609 -1.015193
v 2.350014 0.001609 -1.011555
v 2.350014 0.015609 -1.011555
v 2.342095 0.001609 -1.008300
v 2.342095 0.015609 -1.008300
v 2.334096 0.001609 -1.005428
v 2.334096 0.015609 -1.005428
v 2.326019 0.001609 -1.002939
v 2.326019 0.015609 -1.002939
v 2.317863 0.001609 -1.000833
v 2.317863 0.015609 -1.000833
v 2.309628 0.001609 -0.999110
v 2.309628 0.015609 -0.999110
v 2.301315 0.001609 -0.997769
v 2.301315 0.015609 -0.997769
v 2.292923 0.001609 -0.996812
v 2.292923 0.015609 -0.996812
v 2.284452 0.001609 -0.996238
v 2.284452 0.015609 -0.996238
v 2.275902 0.001609 -0.996046
v 2.275902 0.015609 -0.996046
v 2.267803 0.001609 -0.996229
v 2.267803 0.015609 -0.996229
v 2.259826 0.001609 -0.996776
v 2.259826 0.015609 -0.996776
v 2.251971 0.001609 -0.997689
v 2.251971 0.015609 -0.997689
v 2.244237 0.001609 -0.998967
v 2.244237 0.015609 -0.998967
v 2.236625 0.001609 -1.000609
v 2.236625 0.015609 -1.000609
v 2.229135 0.001609 -1.002617
v 2.229135 0.015609 -1.002617
v 2.221766 0.001609 -1.004990
v 2.221766 0.015609 -1.004990
v 2.214519 0.001609 -1.007727
v 2.214519 0.015609 -1.007727
v 2.207394 0.001609 -1.010830
v 2.207394 0.015609 -1.010830
v 2.200390 0.001609 -1.014298
v 2.200390 0.015609 -1.014298
v 2.193509 0.001609 -1.018131
v 2.193509 0.015609 -1.018131
v 2.186748 0.001609 -1.022329
v 2.186748 0.015609 -1.022329
v 2.180163 0.001609 -1.026884
v 2.180163 0.015609 -1.026884
v 2.173807 0.001609 -1.031791
v 2.173807 0.015609 -1.031791
v 2.167681 0.001609 -1.037048
v 2.167681 0.015609 -1.037048
v 2.161783 0.001609 -1.042656
v 2.161783 0.015609 -1.042656
v 2.156114 0.001609 -1.048615
v 2.156114 0.015609 -1.048615
v 2.150674 0.001609 -1.054924
v 2.150674 0.015609 -1.054924
v 2.145464 0.001609 -1.061584
v 2.145464 0.015609 -1.061584
v 2.140482 0.001609 -1.068595
v 2.140482 0.015609 -1.068595
v 2.135730 0.001609 -1.075956
v 2.135730 0.015609 -1.075956
v 2.131206 0.001609 -1.083668
v 2.131206 0.015609 -1.083668
v 2.126911 0.001609 -1.091731
v 2.126911 0.015609 -1.091731
v 2.122846 0.001609 -1.100145
v 2.122846 0.015609 -1.100145
v 2.120039 0.001609 -1.089187
v 2.120039 0.015609 -1.089187
v 2.116769 0.001609 -1.078644
v 2.116769 0.015609 -1.078644
v 2.113039 0.001609 -1.068516
v 2.113039 0.015609 -1.068516
v 2.108846 0.001609 -1.058803
v 2.108846 0.015609 -1.058803
v 2.104192 0.001609 -1.049506
v 2.104192 0.015609 -1.049506
v 2.099076 0.001609 -1.040623
v 2.099076 0.015609 -1.040623
v 2.093498 0.001609 -1.032156
v 2.093498 0.015609 -1.032156
v 2.087459 0.001609 -1.024104
v 2.087459 0.015609 -1.024104
v 2.080959 0.001609 -1.016467
v 2.080959 0.015609 -1.016467
v 2.073996 0.001609 -1.009245
v 2.073996 0.015609 -1.009245
v 2.066572 0.001609 -1.002438
v 2.066572 0.015609 -1.002438
v 2.058686 0.001609 -0.996046
v 2.058686 0.015609 -0.996046
v 2.050400 0.001609 -0.990120
v 2.050400 0.015609 -0.990120
v 2.041773 0.001609 -0.984709
v 2.041773 0.015609 -0.984709
v 2.032806 0.001609 -0.979813
v 2.032806 0.015609 -0.979813
v 2.023500 0.001609 -0.975433
v 2.023500 0.015609 -0.975433
v 2.013853 0.001609 -0.971568
v 2.013853 0.015609 -0.971568
v 2.003867 0.001609 -0.968218
v 2.003867 0.015609 -0.968218
v 1.993540 0.001609 -0.965384
v 1.993540 0.015609 -0.965384
v 1.982874 0.001609 -0.963065
v 1.982874 0.015609 -0.963065
v 1.971867 0.001609 -0.961261
v 1.971867 0.015609 -0.961261
v 1.960521 0.001609 -0.959973
v 1.960521 0.015609 -0.959973
v 1.948835 0.001609 -0.959199
v 1.948835 0.015609 -0.959199
v 1.936808 0.001609 -0.958942
v 1.936808 0.015609 -0.958942
v 1.920527 0.001609 -0.959443
v 1.920527 0.015609 -0.959443
v 1.904664 0.001609 -0.960946
v 1.904664 0.015609 -0.960946
v 1.889220 0.001609 -0.963451
v 1.889220 0.015609 -0.963451
v 1.874194 0.001609 -0.966958
v 1.874194 0.015609 -0.966958
v 1.859588 0.001609 -0.971467
v 1.859588 0.015609 -0.971467
v 1.845400 0.001609 -0.976979
v 1.845400 0.015609 -0.976979
v 1.831630 0.001609 -0.983492
v 1.831630 0.015609 -0.983492
v 1.818280 0.001609 -0.991007
v 1.818280 0.015609 -0.991007
v 1.805348 0.001609 -0.999525
v 1.805348 0.015609 -0.999525
v 1.792835 0.001609 -1.009044
v 1.792835 0.015609 -1.009044
v 1.780741 0.001609 -1.019566
v 1.780741 0.015609 -1.019566
v 1.769065 0.001609 -1.031089
v 1.769065 0.015609 -1.031089
v 1.758076 0.001609 -1.043379
v 1.758076 0.015609 -1.043379
v 1.748043 0.001609 -1.056198
v 1.748043 0.015609 -1.056198
v 1.738966 0.001609 -1.069547
v 1.738966 0.015609 -1.069547
v 1.730844 0.001609 -1.083425
v 1.730844 0.015609 -1.083425
v 1.723677 0.001609 -1.097833
v 1.723677 0.015609 -1.097833
v 1.717466 0.001609 -1.112771
v 1.717466 0.015609 -1.112771
v 1.712211 0.001609 -1.128238
v 1.712211 0.015609 -1.128238
v 1.707911 0.001609 -1.144235
v 1.707911 0.015609 -1.144235
v 1.704567 0.001609 -1.160762
v 1.704567 0.015609 -1.160762
v 1.702178 0.001609 -1.177818
v 1.702178 0.015609 -1.177818
v 1.700745 0.001609 -1.195404
v 1.700745 0.015609 -1.195404
v 1.700267 0.001609 -1.213520
v 1.700267 0.015609 -1.213520
v 1.700679 0.001609 -1.229862
v 1.700679 0.015609 -1.229862
v 1.701913 0.001609 -1.245736
v 1.701913 0.015609 -1.245736
v 1.703971 0.001609 -1.261141
v 1.703971 0.015609 -1.261141
v 1.706852 0.001609 -1.276076
v 1.706852 0.015609 -1.276076
v 1.710556 0.001609 -1.290544
v 1.710556 0.015609 -1.290544
v 1.715083 0.001609 -1.304542
v 1.715083 0.015609 -1.304542
v 1.720433 0.001609 -1.318071
v 1.720433 0.015609 -1.318071
v 1.726607 0.001609 -1.331132
v 1.726607 0.015609 -1.331132
v 1.733603 0.001609 -1.343724
v 1.733603 0.015609 -1.343724
v 1.741423 0.001609 -1.355847
v 1.741423 0.015609 -1.355847
v 1.750065 0.001609 -1.367501
v 1.750065 0.015609 -1.367501
vn -0.0000 1.0000 -0.0000
vn -0.0000 -1.0000 -0.0000
vn -0.7001 -0.0000 -0.7140
vn -0.7430 -0.0000 -0.6693
vn -0.6540 -0.0000 -0.7565
vn -0.6043 -0.0000 -0.7968
vn -0.5514 -0.0000 -0.8342
vn -0.4960 -0.0000 -0.8683
vn -0.4388 -0.0000 -0.8986
vn -0.3806 -0.0000 -0.9247
vn -0.3220 -0.0000 -0.9467
vn -0.2639 -0.0000 -0.9645
vn -0.2069 -0.0000 -0.9784
vn -0.1515 -0.0000 -0.9885
vn 0.6106 -0.0000 -0.7919
vn 0.8190 -0.0000 0.5737
vn 0.2313 -0.0000 0.9729
vn 0.8191 -0.0000 0.5737
vn 0.2661 -0.0000 0.9639
vn 0.3036 -0.0000 0.9528
vn 0.3437 -0.0000 0.9391
vn 0.3865 -0.0000 0.9223
vn 0.4321 -0.0000 0.9018
vn 0.4801 -0.0000 0.8772
vn 0.5305 -0.0000 0.8477
vn 0.5825 -0.0000 0.8128
vn 0.6357 -0.0000 0.7719
vn 0.6890 -0.0000 0.7248
vn 0.7384 -0.0000 0.6744
vn 0.7805 -0.0000 0.6252
vn 0.8178 -0.0000 0.5754
vn 0.8527 -0.0000 0.5224
vn 0.8846 -0.0000 0.4664
vn 0.9129 -0.0000 0.4083
vn 0.9372 -0.0000 0.3487
vn 0.9575 -0.0000 0.2883
vn 0.9737 -0.0000 0.2280
vn 0.9857 -0.0000 0.1685
vn 0.9939 -0.0000 0.1104
vn 0.9985 -0.0000 0.0542
vn 1.0000 -0.0000 -0.0013
vn 0.9982 -0.0000 -0.0595
vn 0.9926 -0.0000 -0.1212
vn 0.9828 -0.0000 -0.1849
vn 0.9683 -0.0000 -0.2497
vn 0.9491 -0.0000 -0.3149
vn 0.9252 -0.0000 -0.3796
vn 0.8967 -0.0000 -0.4427
vn 0.8640 -0.0000 -0.5034
vn 0.8279 -0.0000 -0.5609
vn 0.7889 -0.0000 -0.6146
vn 0.7478 -0.0000 -0.6640
vn 0.7049 -0.0000 -0.7093
vn 0.6590 -0.0000 -0.7522
vn 0.6087 -0.0000 -0.7934
vn 0.5543 -0.0000 -0.8323
vn 0.4964 -0.0000 -0.8681
vn 0.4355 -0.0000 -0.9002
vn 0.3726 -0.0000 -0.9280
vn 0.3084 -0.0000 -0.9512
vn 0.2441 -0.0000 -0.9698
vn 0.1803 -0.0000 -0.9836
vn 0.1181 -0.0000 -0.9930
vn 0.0579 -0.0000 -0.9983
vn 0.0004 -0.0000 -1.0000
vn -0.0564 -0.0000 -0.9984
vn -0.1152 -0.0000 -0.9933
vn -0.1765 -0.0000 -0.9843
vn -0.2397 -0.0000 -0.9709
vn -0.3039 -0.0000 -0.9527
vn -0.3684 -0.0000 -0.9297
vn -0.4321 -0.0000 -0.9018
vn -0.4941 -0.0000 -0.8694
vn -0.5536 -0.0000 -0.8328
vn -0.6096 -0.0000 -0.7927
vn -0.6615 -0.0000 -0.7499
vn -0.7093 -0.0000 -0.7049
vn -0.7540 -0.0000 -0.6568
vn -0.7965 -0.0000 -0.6047
vn -0.7540 -0.0000 -0.6569
vn -0.8361 -0.0000 -0.5486
vn -0.8721 -0.0000 -0.4892
vn -0.9040 -0.0000 -0.4274
vn -0.9314 -0.0000 -0.3641
vn -0.9539 -0.0000 -0.3002
vn -0.9716 -0.0000 -0.2366
vn -0.9847 -0.0000 -0.1742
vn -0.9935 -0.0000 -0.1136
vn -0.9985 -0.0000 -0.0556
vn -0.9935 -0.0000 -0.1137
vn -1.0000 -0.0000 -0.0056
vn -0.9995 -0.0000 0.0311
vn -0.9982 -0.0000 0.0600
vn -0.9962 -0.0000 0.0868
vn -0.9938 -0.0000 0.1114
vn -0.9909 -0.0000 0.1343
vn -0.9879 -0.0000 0.1554
vn -0.9846 -0.0000 0.1750
vn -0.9812 -0.0000 0.1932
vn -0.9777 -0.0000 0.2101
vn -0.9742 -0.0000 0.2259
vn -0.9706 -0.0000 0.2406
vn -0.7497 -0.0000 -0.6618
vn 0.7847 -0.0000 -0.6198
vn 0.9945 -0.0000 0.1046
vn 0.9951 -0.0000 0.0985
vn 0.9958 -0.0000 0.0919
vn 0.9964 -0.0000 0.0847
vn 0.9970 -0.0000 0.0770
vn 0.9976 -0.0000 0.0687
vn 0.9982 -0.0000 0.0597
vn 0.9988 -0.0000 0.0498
vn 0.9992 -0.0000 0.0391
vn 0.9996 -0.0000 0.0272
vn 0.9999 -0.0000 0.0142
vn 1.0000 -0.0000 -0.0073
vn 0.9990 -0.0000 -0.0443
vn 0.9960 -0.0000 -0.0897
vn 0.9907 -0.0000 -0.1362
vn 0.9831 -0.0000 -0.1833
vn 0.9730 -0.0000 -0.2308
vn 0.9605 -0.0000 -0.2784
vn 0.9454 -0.0000 -0.3258
vn 0.9281 -0.0000 -0.3725
vn 0.9084 -0.0000 -0.4181
vn 0.8866 -0.0000 -0.4625
vn 0.8630 -0.0000 -0.5053
vn 0.8331 -0.0000 -0.5531
vn 0.7898 -0.0000 -0.6133
vn 0.7342 -0.0000 -0.6789
vn 0.6708 -0.0000 -0.7416
vn 0.6005 -0.0000 -0.7996
vn 0.5247 -0.0000 -0.8513
vn 0.4456 -0.0000 -0.8953
vn 0.5248 -0.0000 -0.8513
vn 0.3650 -0.0000 -0.9310
vn 0.2851 -0.0000 -0.9585
vn 0.2075 -0.0000 -0.9782
vn 0.1338 -0.0000 -0.9910
vn 0.2076 -0.0000 -0.9782
vn 0.0647 -0.0000 -0.9979
vn 0.0014 -0.0000 -1.0000
vn -0.0584 -0.0000 -0.9983
vn -0.1191 -0.0000 -0.9929
vn -0.0583 -0.0000 -0.9983
vn -0.1823 -0.0000 -0.9832
vn -0.1192 -0.0000 -0.9929
vn -0.2471 -0.0000 -0.9690
vn -0.3128 -0.0000 -0.9498
vn -0.3783 -0.0000 -0.9257
vn -0.4427 -0.0000 -0.8967
vn -0.5050 -0.0000 -0.8631
vn -0.5643 -0.0000 -0.8256
vn -0.6198 -0.0000 -0.7848
vn -0.6710 -0.0000 -0.7415
vn -0.7181 -0.0000 -0.6959
vn -0.7628 -0.0000 -0.6467
vn -0.8051 -0.0000 -0.5932
vn -0.7627 -0.0000 -0.6467
vn -0.8441 -0.0000 -0.5361
vn -0.8793 -0.0000 -0.4763
vn -0.9100 -0.0000 -0.4146
vn -0.9360 -0.0000 -0.3519
vn -0.9573 -0.0000 -0.2892
vn -0.9738 -0.0000 -0.2272
vn -0.9860 -0.0000 -0.1668
vn -0.9941 -0.0000 -0.1086
vn -0.9986 -0.0000 -0.0530
vn -1.0000 -0.0000 0.0003
vn -0.9985 -0.0000 0.0542
vn -0.9939 -0.0000 0.1106
vn -0.9856 -0.0000 0.1693
vn -0.9733 -0.0000 0.2297
vn -0.9567 -0.0000 0.2912
vn -0.9356 -0.0000 0.3530
vn -0.9101 -0.0000 0.4143
vn -0.8804 -0.0000 0.4743
vn -0.8467 -0.0000 0.5321
vn -0.8096 -0.0000 0.5870
vn -0.7697 -0.0000 0.6384
vn -0.7262 -0.0000 0.6875
vn -0.6775 -0.0000 0.7355
vn -0.6253 -0.0000 0.7804
vn -0.5721 -0.0000 0.8202
vn -0.5186 -0.0000 0.8550
vn -0.4658 -0.0000 0.8849
vn -0.4142 -0.0000 0.9102
vn -0.3643 -0.0000 0.9313
vn -0.3166 -0.0000 0.9486
vn -0.2712 -0.0000 0.9625
vn -0.2284 -0.0000 0.9736
vn -0.2713 -0.0000 0.9625
vn -0.1880 -0.0000 0.9822
vn -0.8180 -0.0000 0.5752
vn -0.5614 -0.0000 -0.8276
vn 0.2241 -0.0000 -0.9746
vn -0.5614 -0.0000 -0.8275
vn 0.2706 -0.0000 -0.9627
vn 0.3190 -0.0000 -0.9478
vn 0.3689 -0.0000 -0.9295
vn 0.4200 -0.0000 -0.9075
vn 0.4718 -0.0000 -0.8817
vn 0.5237 -0.0000 -0.8519
vn 0.5750 -0.0000 -0.8181
vn 0.6252 -0.0000 -0.7805
vn 0.6734 -0.0000 -0.7393
vn 0.7191 -0.0000 -0.6949
vn 0.7615 -0.0000 -0.6482
vn 0.8004 -0.0000 -0.5995
vn 0.8364 -0.0000 -0.5481
vn 0.8693 -0.0000 -0.4943
vn 0.8364 -0.0000 -0.5482
vn 0.8988 -0.0000 -0.4384
vn 0.9244 -0.0000 -0.3813
vn 0.9462 -0.0000 -0.3237
vn 0.9639 -0.0000 -0.2662
vn 0.9778 -0.0000 -0.2095
vn 0.9880 -0.0000 -0.1541
vn 0.9949 -0.0000 -0.1006
vn 0.9988 -0.0000 -0.0492
vn 1.0000 -0.0000 -0.0031
vn 0.9993 -0.0000 0.0363
vn 0.9973 -0.0000 0.0734
vn 0.9938 -0.0000 0.1111
vn 0.9888 -0.0000 0.1494
vn 0.9821 -0.0000 0.1881
vn 0.9739 -0.0000 0.2270
vn 0.9640 -0.0000 0.2659
vn 0.9525 -0.0000 0.3047
vn 0.9393 -0.0000 0.3431
vn 0.9246 -0.0000 0.3809
vn 0.9084 -0.0000 0.4180
vn 0.8908 -0.0000 0.4544
vn 0.8713 -0.0000 0.4907
vn 0.8497 -0.0000 0.5273
vn 0.8257 -0.0000 0.5641
vn 0.7994 -0.0000 0.6009
vn 0.7707 -0.0000 0.6372
vn 0.7398 -0.0000 0.6729
vn 0.7067 -0.0000 0.7076
vn 0.6715 -0.0000 0.7410
vn 0.6346 -0.0000 0.7729
vn 0.5960 -0.0000 0.8030
vn 0.5561 -0.0000 0.8311
vn 0.5166 -0.0000 0.8562
vn 0.4787 -0.0000 0.8780
vn 0.4405 -0.0000 0.8978
vn 0.4006 -0.0000 0.9163
vn 0.3591 -0.0000 0.9333
vn 0.3163 -0.0000 0.9487
vn 0.2723 -0.0000 0.9622
vn 0.2275 -0.0000 0.9738
vn 0.1820 -0.0000 0.9833
vn 0.1363 -0.0000 0.9907
vn 0.0905 -0.0000 0.9959
vn 0.0450 -0.0000 0.9990
vn -0.0001 -0.0000 1.0000
vn -0.0455 -0.0000 0.9990
vn -0.0920 -0.0000 0.9958
vn -0.1392 -0.0000 0.9903
vn -0.1870 -0.0000 0.9824
vn -0.2350 -0.0000 0.9720
vn -0.2828 -0.0000 0.9592
vn -0.3301 -0.0000 0.9440
vn -0.3764 -0.0000 0.9264
vn -0.4216 -0.0000 0.9068
vn -0.4653 -0.0000 0.8852
vn -0.5072 -0.0000 0.8618
vn -0.5484 -0.0000 0.8362
vn -0.5902 -0.0000 0.8072
vn -0.6313 -0.0000 0.7755
vn -0.5902 -0.0000 0.8073
vn -0.6704 -0.0000 0.7420
vn -0.7070 -0.0000 0.7072
vn -0.6703 -0.0000 0.7420
vn -0.7412 -0.0000 0.6713
vn -0.7727 -0.0000 0.6348
vn -0.8016 -0.0000 0.5979
vn -0.8279 -0.0000 0.5609
vn -0.8515 -0.0000 0.5243
vn -0.8728 -0.0000 0.4881
vn -0.8917 -0.0000 0.4527
vn 0.0996 -0.0000 0.9950
vn 0.9622 -0.0000 0.2723
vn 0.0994 -0.0000 0.9950
vn 0.9471 -0.0000 0.3210
vn 0.9286 -0.0000 0.3711
vn 0.9065 -0.0000 0.4221
vn 0.8808 -0.0000 0.4736
vn 0.8512 -0.0000 0.5248
vn 0.8179 -0.0000 0.5753
vn 0.7811 -0.0000 0.6244
vn 0.7411 -0.0000 0.6714
vn 0.6982 -0.0000 0.7159
vn 0.6530 -0.0000 0.7573
vn 0.6060 -0.0000 0.7955
vn 0.5568 -0.0000 0.8306
vn 0.5055 -0.0000 0.8628
vn 0.4527 -0.0000 0.8916
vn 0.3991 -0.0000 0.9169
vn 0.3451 -0.0000 0.9386
vn 0.2915 -0.0000 0.9566
vn 0.2387 -0.0000 0.9711
vn 0.1871 -0.0000 0.9823
vn 0.1373 -0.0000 0.9905
vn 0.0894 -0.0000 0.9960
vn 0.0437 -0.0000 0.9990
vn -0.0047 -0.0000 1.0000
vn -0.0626 -0.0000 0.9980
vn -0.1273 -0.0000 0.9919
vn -0.1938 -0.0000 0.9810
vn -0.2613 -0.0000 0.9653
vn -0.3287 -0.0000 0.9444
vn -0.3951 -0.0000 0.9186
vn -0.4594 -0.0000 0.8882
vn -0.5206 -0.0000 0.8538
vn -0.5781 -0.0000 0.8160
vn -0.6312 -0.0000 0.7756
vn -0.6797 -0.0000 0.7335
vn -0.7243 -0.0000 0.6895
vn -0.7669 -0.0000 0.6418
vn -0.8077 -0.0000 0.5897
vn -0.8455 -0.0000 0.5340
vn -0.8797 -0.0000 0.4755
vn -0.9099 -0.0000 0.4149
vn -0.9568 -0.0000 0.2908
vn -0.9734 -0.0000 0.2291
vn -0.9857 -0.0000 0.1686
vn -0.9939 -0.0000 0.1100
vn -0.9986 -0.0000 0.0538
vn -1.0000 -0.0000 0.0006
vn -0.9987 -0.0000 -0.0514
vn -0.9945 -0.0000 -0.1050
vn -0.9870 -0.0000 -0.1610
vn -0.9758 -0.0000 -0.2188
vn -0.9606 -0.0000 -0.2780
vn -0.9412 -0.0000 -0.3379
vn -0.9175 -0.0000 -0.3977
vn -0.8896 -0.0000 -0.4568
vn -0.8577 -0.0000 -0.5141
vn -0.8222 -0.0000 -0.5692
vn -0.7837 -0.0000 -0.6212
vt 0.631902 0.000000
vt 0.638037 0.000000
vt 0.634969 0.000000
vt 0.641104 0.000000
vt 0.628834 0.000000
vt 0.644172 0.000000
vt 0.625767 0.000000
vt 0.647239 0.000000
vt 0.650307 0.000000
vt 0.622699 0.000000
vt 0.653374 0.000000
vt 0.619632 0.000000
vt 0.656442 0.000000
vt 0.616564 0.000000
vt 0.659509 0.000000
vt 0.662577 0.000000
vt 0.613497 0.000000
vt 0.665644 0.000000
vt 0.610429 0.000000
vt 0.668712 0.000000
vt 0.671779 0.000000
vt 0.607362 0.000000
vt 0.674847 0.000000
vt 0.604294 0.000000
vt 0.677914 0.000000
vt 0.601227 0.000000
vt 0.680982 0.000000
vt 0.684049 0.000000
vt 0.598159 0.000000
vt 0.687117 0.000000
vt 0.595092 0.000000
vt 0.690184 0.000000
vt 0.693252 0.000000
vt 0.592025 0.000000
vt 0.696319 0.000000
vt 0.588957 0.000000
vt 0.484663 0.000000
vt 0.699386 0.000000
vt 0.487730 0.000000
vt 0.481595 0.000000
vt 0.478528 0.000000
vt 0.490798 0.000000
vt 0.475460 0.000000
vt 0.493865 0.000000
vt 0.702454 0.000000
vt 0.472393 0.000000
vt 0.496933 0.000000
vt 0.585890 0.000000
vt 0.469325 0.000000
vt 0.500000 0.000000
vt 0.466258 0.000000
vt 0.503067 0.000000
vt 0.705521 0.000000
vt 0.463190 0.000000
vt 0.506135 0.000000
vt 0.460123 0.000000
vt 0.509202 0.000000
vt 0.582822 0.000000
vt 0.457055 0.000000
vt 0.512270 0.000000
vt 0.708589 0.000000
vt 0.453988 0.000000
vt 0.515337 0.000000
vt 0.711656 0.000000
vt 0.450920 0.000000
vt 0.518405 0.000000
vt 0.579755 0.000000
vt 0.447853 0.000000
vt 0.521472 0.000000
vt 0.714724 0.000000
vt 0.444785 0.000000
vt 0.524540 0.000000
vt 0.576687 0.000000
vt 0.717791 0.000000
vt 0.441718 0.000000
vt 0.527607 0.000000
vt 0.438650 0.000000
vt 0.720859 0.000000
vt 0.530675 0.000000
vt 0.573620 0.000000
vt 0.435583 0.000000
vt 0.533742 0.000000
vt 0.723926 0.000000
vt 0.432515 0.000000
vt 0.536810 0.000000
vt 0.726994 0.000000
vt 0.570552 0.000000
vt 0.429448 0.000000
vt 0.539877 0.000000
vt 0.730061 0.000000
vt 0.426380 0.000000
vt 0.567485 0.000000
vt 0.542945 0.000000
vt 0.733129 0.000000
vt 0.423313 0.000000
vt 0.546012 0.000000
vt 0.420245 0.000000
vt 0.736196 0.000000
vt 0.564417 0.000000
vt 0.417178 0.000000
vt 0.549080 0.000000
vt 0.739264 0.000000
vt 0.414110 0.000000
vt 0.742331 0.000000
vt 0.552147 0.000000
vt 0.561350 0.000000
vt 0.411043 0.000000
vt 0.745399 0.000000
vt 0.555215 0.000000
vt 0.407975 0.000000
vt 0.558282 0.000000
vt 0.748466 0.000000
vt 0.751534 0.000000
vt 0.404908 0.000000
vt 0.754601 0.000000
vt 0.401840 0.000000
vt 0.757669 0.000000
vt 0.398773 0.000000
vt 0.760736 0.000000
vt 0.395706 0.000000
vt 0.763804 0.000000
vt 0.392638 0.000000
vt 0.766871 0.000000
vt 0.389571 0.000000
vt 0.769939 0.000000
vt 0.773006 0.000000
vt 0.386503 0.000000
vt 0.776074 0.000000
vt 0.383436 0.000000
vt 0.779141 0.000000
vt 0.380368 0.000000
vt 0.377301 0.000000
vt 0.782209 0.000000
vt 0.374233 0.000000
vt 0.785276 0.000000
vt 0.371166 0.000000
vt 0.788344 0.000000
vt 0.368098 0.000000
vt 0.791411 0.000000
vt 0.365031 0.000000
vt 0.361963 0.000000
vt 0.794479 0.000000
vt 0.358896 0.000000
vt 0.355828 0.000000
vt 0.797546 0.000000
vt 0.352761 0.000000
vt 0.349693 0.000000
vt 0.800614 0.000000
vt 0.346626 0.000000
vt 0.343558 0.000000
vt 0.297546 0.000000
vt 0.303681 0.000000
vt 0.300613 0.000000
vt 0.306748 0.000000
vt 0.340491 0.000000
vt 0.309816 0.000000
vt 0.312883 0.000000
vt 0.315951 0.000000
vt 0.319018 0.000000
vt 0.322086 0.000000
vt 0.337423 0.000000
vt 0.325153 0.000000
vt 0.328221 0.000000
vt 0.331288 0.000000
vt 0.334356 0.000000
vt 0.803681 0.000000
vt 0.806748 0.000000
vt 0.809816 0.000000
vt 0.812883 0.000000
vt 0.815951 0.000000
vt 0.819018 0.000000
vt 0.822086 0.000000
vt 0.294479 0.000000
vt 0.291411 0.000000
vt 0.825153 0.000000
vt 0.288344 0.000000
vt 0.285276 0.000000
vt 0.828221 0.000000
vt 0.282209 0.000000
vt 0.831288 0.000000
vt 0.279141 0.000000
vt 0.276074 0.000000
vt 0.834356 0.000000
vt 0.273006 0.000000
vt 0.837423 0.000000
vt 0.269939 0.000000
vt 0.266871 0.000000
vt 0.840491 0.000000
vt 0.263804 0.000000
vt 0.843558 0.000000
vt 0.260736 0.000000
vt 0.846626 0.000000
vt 0.257669 0.000000
vt 0.254601 0.000000
vt 0.849693 0.000000
vt 0.251534 0.000000
vt 0.248466 0.000000
vt 0.245399 0.000000
vt 0.242331 0.000000
vt 0.852761 0.000000
vt 0.239264 0.000000
vt 0.236196 0.000000
vt 0.855828 0.000000
vt 0.233129 0.000000
vt 0.858896 0.000000
vt 0.230061 0.000000
vt 0.226994 0.000000
vt 0.861963 0.000000
vt 0.223926 0.000000
vt 0.865031 0.000000
vt 0.220859 0.000000
vt 0.217791 0.000000
vt 0.868098 0.000000
vt 0.214724 0.000000
vt 0.871166 0.000000
vt 0.211656 0.000000
vt 0.874233 0.000000
vt 0.208589 0.000000
vt 0.877301 0.000000
vt 0.205521 0.000000
vt 0.880368 0.000000
vt 0.202454 0.000000
vt 0.199387 0.000000
vt 0.883436 0.000000
vt 0.196319 0.000000
vt 0.886503 0.000000
vt 0.193252 0.000000
vt 0.889571 0.000000
vt 0.190184 0.000000
vt 0.892638 0.000000
vt 0.187117 0.000000
vt 0.895706 0.000000
vt 0.184049 0.000000
vt 0.036810 0.000000
vt 0.042945 0.000000
vt 0.039877 0.000000
vt 0.180982 0.000000
vt 0.898773 0.000000
vt 0.033742 0.000000
vt 0.177914 0.000000
vt 0.046012 0.000000
vt 0.901841 0.000000
vt 0.174847 0.000000
vt 0.049080 0.000000
vt 0.030675 0.000000
vt 0.171779 0.000000
vt 0.904908 0.000000
vt 0.052147 0.000000
vt 0.168712 0.000000
vt 0.027607 0.000000
vt 0.055215 0.000000
vt 0.907975 0.000000
vt 0.165644 0.000000
vt 0.024540 0.000000
vt 0.058282 0.000000
vt 0.162577 0.000000
vt 0.911043 0.000000
vt 0.061350 0.000000
vt 0.159509 0.000000
vt 0.021472 0.000000
vt 0.064417 0.000000
vt 0.156442 0.000000
vt 0.914110 0.000000
vt 0.018405 0.000000
vt 0.067485 0.000000
vt 0.153374 0.000000
vt 0.070552 0.000000
vt 0.917178 0.000000
vt 0.150307 0.000000
vt 0.015337 0.000000
vt 0.073620 0.000000
vt 0.147239 0.000000
vt 0.920245 0.000000
vt 0.076687 0.000000
vt 0.144172 0.000000
vt 0.012270 0.000000
vt 0.079755 0.000000
vt 0.141104 0.000000
vt 0.082822 0.000000
vt 0.923313 0.000000
vt 0.009202 0.000000
vt 0.138037 0.000000
vt 0.085890 0.000000
vt 0.134969 0.000000
vt 0.088957 0.000000
vt 0.926380 0.000000
vt 0.092025 0.000000
vt 0.131902 0.000000
vt 0.006135 0.000000
vt 0.095092 0.000000
vt 0.128834 0.000000
vt 0.098160 0.000000
vt 0.125767 0.000000
vt 0.101227 0.000000
vt 0.122699 0.000000
vt 0.104294 0.000000
vt 0.929448 0.000000
vt 0.003067 0.000000
vt 0.119632 0.000000
vt 0.107362 0.000000
vt 0.116564 0.000000
vt 0.110429 0.000000
vt 0.113497 0.000000
vt 0.000000 0.000000
vt 0.932515 0.000000
vt 1.000000 0.000000
vt 0.935583 0.000000
vt 0.996933 0.000000
vt 0.938650 0.000000
vt 0.993865 0.000000
vt 0.941718 0.000000
vt 0.990798 0.000000
vt 0.944785 0.000000
vt 0.987730 0.000000
vt 0.947853 0.000000
vt 0.984663 0.000000
vt 0.950920 0.000000
vt 0.981595 0.000000
vt 0.953988 0.000000
vt 0.978528 0.000000
vt 0.957055 0.000000
vt 0.975460 0.000000
vt 0.960123 0.000000
vt 0.972393 0.000000
vt 0.963190 0.000000
vt 0.969325 0.000000
vt 0.966258 0.000000
vt 0.003058 1.000000
vt 0.000000 1.000000
vt 0.006116 1.000000
vt 0.003058 0.000000
vt 0.009174 1.000000
vt 0.006116 0.000000
vt 0.012232 1.000000
vt 0.009174 0.000000
vt 0.015291 1.000000
vt 0.012232 0.000000
vt 0.018349 1.000000
vt 0.015291 0.000000
vt 0.021407 1.000000
vt 0.018349 0.000000
vt 0.024465 1.000000
vt 0.021407 0.000000
vt 0.027523 1.000000
vt 0.024465 0.000000
vt 0.030581 1.000000
vt 0.027523 0.000000
vt 0.033639 1.000000
vt 0.030581 0.000000
vt 0.036697 1.000000
vt 0.033639 0.000000
vt 0.039755 1.000000
vt 0.036697 0.000000
vt 0.042813 1.000000
vt 0.039755 0.000000
vt 0.045872 1.000000
vt 0.042813 0.000000
vt 0.048930 1.000000
vt 0.045872 0.000000
vt 0.051988 1.000000
vt 0.048930 0.000000
vt 0.055046 1.000000
vt 0.051988 0.000000
vt 0.058104 1.000000
vt 0.055046 0.000000
vt 0.061162 1.000000
vt 0.058104 0.000000
vt 0.064220 1.000000
vt 0.061162 0.000000
vt 0.067278 1.000000
vt 0.064220 0.000000
vt 0.070336 1.000000
vt 0.067278 0.000000
vt 0.073394 1.000000
vt 0.070336 0.000000
vt 0.076453 1.000000
vt 0.073394 0.000000
vt 0.079511 1.000000
vt 0.076453 0.000000
vt 0.082569 1.000000
vt 0.079511 0.000000
vt 0.085627 1.000000
vt 0.082569 0.000000
vt 0.088685 1.000000
vt 0.085627 0.000000
vt 0.091743 1.000000
vt 0.088685 0.000000
vt 0.094801 1.000000
vt 0.091743 0.000000
vt 0.097859 1.000000
vt 0.094801 0.000000
vt 0.100917 1.000000
vt 0.097859 0.000000
vt 0.103976 1.000000
vt 0.100917 0.000000
vt 0.107034 1.000000
vt 0.103976 0.000000
vt 0.110092 1.000000
vt 0.107034 0.000000
vt 0.113150 1.000000
vt 0.110092 0.000000
vt 0.116208 1.000000
vt 0.113150 0.000000
vt 0.119266 1.000000
vt 0.116208 0.000000
vt 0.122324 1.000000
vt 0.119266 0.000000
vt 0.125382 1.000000
vt 0.122324 0.000000
vt 0.128440 1.000000
vt 0.125382 0.000000
vt 0.131498 1.000000
vt 0.128440 0.000000
vt 0.134557 1.000000
vt 0.131498 0.000000
vt 0.137615 1.000000
vt 0.134557 0.000000
vt 0.140673 1.000000
vt 0.137615 0.000000
vt 0.143731 1.000000
vt 0.140673 0.000000
vt 0.146789 1.000000
vt 0.143731 0.000000
vt 0.149847 1.000000
vt 0.146789 0.000000
vt 0.152905 1.000000
vt 0.149847 0.000000
vt 0.155963 1.000000
vt 0.152905 0.000000
vt 0.159021 1.000000
vt 0.155963 0.000000
vt 0.162080 1.000000
vt 0.159021 0.000000
vt 0.165138 1.000000
vt 0.162080 0.000000
vt 0.168196 1.000000
vt 0.165138 0.000000
vt 0.171254 1.000000
vt 0.168196 0.000000
vt 0.174312 1.000000
vt 0.171254 0.000000
vt 0.177370 1.000000
vt 0.174312 0.000000
vt 0.180428 1.000000
vt 0.177370 0.000000
vt 0.183486 1.000000
vt 0.180428 0.000000
vt 0.186544 1.000000
vt 0.183486 0.000000
vt 0.189602 1.000000
vt 0.186544 0.000000
vt 0.192661 1.000000
vt 0.189602 0.000000
vt 0.195719 1.000000
vt 0.192661 0.000000
vt 0.198777 1.000000
vt 0.195719 0.000000
vt 0.201835 1.000000
vt 0.198777 0.000000
vt 0.204893 1.000000
vt 0.201835 0.000000
vt 0.207951 1.000000
vt 0.204893 0.000000
vt 0.211009 1.000000
vt 0.207951 0.000000
vt 0.214067 1.000000
vt 0.211009 0.000000
vt 0.217125 1.000000
vt 0.214067 0.000000
vt 0.220183 1.000000
vt 0.217125 0.000000
vt 0.223242 1.000000
vt 0.220183 0.000000
vt 0.226300 1.000000
vt 0.223242 0.000000
vt 0.229358 1.000000
vt 0.226300 0.000000
vt 0.232416 1.000000
vt 0.229358 0.000000
vt 0.235474 1.000000
vt 0.232416 0.000000
vt 0.238532 1.000000
vt 0.235474 0.000000
vt 0.241590 1.000000
vt 0.238532 0.000000
vt 0.244648 1.000000
vt 0.241590 0.000000
vt 0.247706 1.000000
vt 0.244648 0.000000
vt 0.250765 1.000000
vt 0.247706 0.000000
vt 0.253823 1.000000
vt 0.250765 0.000000
vt 0.256881 1.000000
vt 0.253823 0.000000
vt 0.259939 1.000000
vt 0.256881 0.000000
vt 0.262997 1.000000
vt 0.259939 0.000000
vt 0.266055 1.000000
vt 0.262997 0.000000
vt 0.269113 1.000000
vt 0.266055 0.000000
vt 0.272171 1.000000
vt 0.269113 0.000000
vt 0.275229 1.000000
vt 0.272171 0.000000
vt 0.278287 1.000000
vt 0.275229 0.000000
vt 0.281346 1.000000
vt 0.278287 0.000000
vt 0.284404 1.000000
vt 0.281346 0.000000
vt 0.287462 1.000000
vt 0.284404 0.000000
vt 0.290520 1.000000
vt 0.287462 0.000000
vt 0.293578 1.000000
vt 0.290520 0.000000
vt 0.296636 1.000000
vt 0.293578 0.000000
vt 0.299694 1.000000
vt 0.296636 0.000000
vt 0.302752 1.000000
vt 0.299694 0.000000
vt 0.305810 1.000000
vt 0.302752 0.000000
vt 0.308868 1.000000
vt 0.305810 0.000000
vt 0.311927 1.000000
vt 0.308868 0.000000
vt 0.314985 1.000000
vt 0.311927 0.000000
vt 0.318043 1.000000
vt 0.314985 0.000000
vt 0.321101 1.000000
vt 0.318043 0.000000
vt 0.324159 1.000000
vt 0.321101 0.000000
vt 0.327217 1.000000
vt 0.324159 0.000000
vt 0.330275 1.000000
vt 0.327217 0.000000
vt 0.333333 1.000000
vt 0.330275 0.000000
vt 0.336391 1.000000
vt 0.333333 0.000000
vt 0.339450 1.000000
vt 0.336391 0.000000
vt 0.342508 1.000000
vt 0.339450 0.000000
vt 0.345566 1.000000
vt 0.342508 0.000000
vt 0.348624 1.000000
vt 0.345566 0.000000
vt 0.351682 1.000000
vt 0.348624 0.000000
vt 0.354740 1.000000
vt 0.351682 0.000000
vt 0.357798 1.000000
vt 0.354740 0.000000
vt 0.360856 1.000000
vt 0.357798 0.000000
vt 0.363914 1.000000
vt 0.360856 0.000000
vt 0.366972 1.000000
vt 0.363914 0.000000
vt 0.370031 1.000000
vt 0.366972 0.000000
vt 0.373089 1.000000
vt 0.370031 0.000000
vt 0.376147 1.000000
vt 0.373089 0.000000
vt 0.379205 1.000000
vt 0.376147 0.000000
vt 0.382263 1.000000
vt 0.379205 0.000000
vt 0.385321 1.000000
vt 0.382263 0.000000
vt 0.388379 1.000000
vt 0.385321 0.000000
vt 0.391437 1.000000
vt 0.388379 0.000000
vt 0.394495 1.000000
vt 0.391437 0.000000
vt 0.397554 1.000000
vt 0.394495 0.000000
vt 0.400612 1.000000
vt 0.397554 0.000000
vt 0.403670 1.000000
vt 0.400612 0.000000
vt 0.406728 1.000000
vt 0.403670 0.000000
vt 0.409786 1.000000
vt 0.406728 0.000000
vt 0.412844 1.000000
vt 0.409786 0.000000
vt 0.415902 1.000000
vt 0.412844 0.000000
vt 0.418960 1.000000
vt 0.415902 0.000000
vt 0.422018 1.000000
vt 0.418960 0.000000
vt 0.425076 1.000000
vt 0.422018 0.000000
vt 0.428135 1.000000
vt 0.425076 0.000000
vt 0.431193 1.000000
vt 0.428135 0.000000
vt 0.434251 1.000000
vt 0.431193 0.000000
vt 0.437309 1.000000
vt 0.434251 0.000000
vt 0.440367 1.000000
vt 0.437309 0.000000
vt 0.443425 1.000000
vt 0.440367 0.000000
vt 0.446483 1.000000
vt 0.443425 0.000000
vt 0.449541 1.000000
vt 0.446483 0.000000
vt 0.452599 1.000000
vt 0.449541 0.000000
vt 0.455657 1.000000
vt 0.452599 0.000000
vt 0.458716 1.000000
vt 0.455657 0.000000
vt 0.461774 1.000000
vt 0.458716 0.000000
vt 0.464832 1.000000
vt 0.461774 0.000000
vt 0.467890 1.000000
vt 0.464832 0.000000
vt 0.470948 1.000000
vt 0.467890 0.000000
vt 0.474006 1.000000
vt 0.470948 0.000000
vt 0.477064 1.000000
vt 0.474006 0.000000
vt 0.480122 1.000000
vt 0.477064 0.000000
vt 0.483180 1.000000
vt 0.480122 0.000000
vt 0.486239 1.000000
vt 0.483180 0.000000
vt 0.489297 1.000000
vt 0.486239 0.000000
vt 0.492355 1.000000
vt 0.489297 0.000000
vt 0.495413 1.000000
vt 0.492355 0.000000
vt 0.498471 1.000000
vt 0.495413 0.000000
vt 0.501529 1.000000
vt 0.498471 0.000000
vt 0.504587 1.000000
vt 0.501529 0.000000
vt 0.507645 1.000000
vt 0.504587 0.000000
vt 0.510703 1.000000
vt 0.507645 0.000000
vt 0.513761 1.000000
vt 0.510703 0.000000
vt 0.516820 1.000000
vt 0.513761 0.000000
vt 0.519878 1.000000
vt 0.516820 0.000000
vt 0.522936 1.000000
vt 0.519878 0.000000
vt 0.525994 1.000000
vt 0.522936 0.000000
vt 0.529052 1.000000
vt 0.525994 0.000000
vt 0.532110 1.000000
vt 0.529052 0.000000
vt 0.535168 1.000000
vt 0.532110 0.000000
vt 0.538226 1.000000
vt 0.535168 0.000000
vt 0.541284 1.000000
vt 0.538226 0.000000
vt 0.544343 1.000000
vt 0.541284 0.000000
vt 0.547401 1.000000
vt 0.544343 0.000000
vt 0.550459 1.000000
vt 0.547401 0.000000
vt 0.553517 1.000000
vt 0.550459 0.000000
vt 0.556575 1.000000
vt 0.553517 0.000000
vt 0.559633 1.000000
vt 0.556575 0.000000
vt 0.562691 1.000000
vt 0.559633 0.000000
vt 0.565749 1.000000
vt 0.562691 0.000000
vt 0.568807 1.000000
vt 0.565749 0.000000
vt 0.571865 1.000000
vt 0.568807 0.000000
vt 0.574924 1.000000
vt 0.571865 0.000000
vt 0.577982 1.000000
vt 0.574924 0.000000
vt 0.581040 1.000000
vt 0.577982 0.000000
vt 0.584098 1.000000
vt 0.581040 0.000000
vt 0.587156 1.000000
vt 0.584098 0.000000
vt 0.590214 1.000000
vt 0.587156 0.000000
vt 0.593272 1.000000
vt 0.590214 0.000000
vt 0.596330 1.000000
vt 0.593272 0.000000
vt 0.599388 1.000000
vt 0.596330 0.000000
vt 0.602446 1.000000
vt 0.599388 0.000000
vt 0.605505 1.000000
vt 0.602446 0.000000
vt 0.608563 1.000000
vt 0.605505 0.000000
vt 0.611621 1.000000
vt 0.608563 0.000000
vt 0.614679 1.000000
vt 0.611621 0.000000
vt 0.617737 1.000000
vt 0.614679 0.000000
vt 0.620795 1.000000
vt 0.617737 0.000000
vt 0.623853 1.000000
vt 0.620795 0.000000
vt 0.626911 1.000000
vt 0.623853 0.000000
vt 0.629969 1.000000
vt 0.626911 0.000000
vt 0.633027 1.000000
vt 0.629969 0.000000
vt 0.636086 1.000000
vt 0.633027 0.000000
vt 0.639144 1.000000
vt 0.636086 0.000000
vt 0.642202 1.000000
vt 0.639144 0.000000
vt 0.645260 1.000000
vt 0.642202 0.000000
vt 0.648318 1.000000
vt 0.645260 0.000000
vt 0.651376 1.000000
vt 0.648318 0.000000
vt 0.654434 1.000000
vt 0.651376 0.000000
vt 0.657492 1.000000
vt 0.654434 0.000000
vt 0.660550 1.000000
vt 0.657492 0.000000
vt 0.663609 1.000000
vt 0.660550 0.000000
vt 0.666667 1.000000
vt 0.663609 0.000000
vt 0.669725 1.000000
vt 0.666667 0.000000
vt 0.672783 1.000000
vt 0.669725 0.000000
vt 0.675841 1.000000
vt 0.672783 0.000000
vt 0.678899 1.000000
vt 0.675841 0.000000
vt 0.681957 1.000000
vt 0.678899 0.000000
vt 0.685015 1.000000
vt 0.681957 0.000000
vt 0.688073 1.000000
vt 0.685015 0.000000
vt 0.691131 1.000000
vt 0.688073 0.000000
vt 0.694190 1.000000
vt 0.691131 0.000000
vt 0.697248 1.000000
vt 0.694190 0.000000
vt 0.700306 1.000000
vt 0.697248 0.000000
vt 0.703364 1.000000
vt 0.700306 0.000000
vt 0.706422 1.000000
vt 0.703364 0.000000
vt 0.709480 1.000000
vt 0.706422 0.000000
vt 0.712538 1.000000
vt 0.709480 0.000000
vt 0.715596 1.000000
vt 0.712538 0.000000
vt 0.718654 1.000000
vt 0.715596 0.000000
vt 0.721713 1.000000
vt 0.718654 0.000000
vt 0.724771 1.000000
vt 0.721713 0.000000
vt 0.727829 1.000000
vt 0.724771 0.000000
vt 0.730887 1.000000
vt 0.727829 0.000000
vt 0.733945 1.000000
vt 0.730887 0.000000
vt 0.737003 1.000000
vt 0.733945 0.000000
vt 0.740061 1.000000
vt 0.737003 0.000000
vt 0.743119 1.000000
vt 0.740061 0.000000
vt 0.746177 1.000000
vt 0.743119 0.000000
vt 0.749235 1.000000
vt 0.746177 0.000000
vt 0.752294 1.000000
vt 0.749235 0.000000
vt 0.755352 1.000000
vt 0.752294 0.000000
vt 0.758410 1.000000
vt 0.755352 0.000000
vt 0.761468 1.000000
vt 0.758410 0.000000
vt 0.764526 1.000000
vt 0.761468 0.000000
vt 0.767584 1.000000
vt 0.764526 0.000000
vt 0.770642 1.000000
vt 0.767584 0.000000
vt 0.773700 1.000000
vt 0.770642 0.000000
vt 0.776758 1.000000
vt 0.773700 0.000000
vt 0.779817 1.000000
vt 0.776758 0.000000
vt 0.782875 1.000000
vt 0.779817 0.000000
vt 0.785933 1.000000
vt 0.782875 0.000000
vt 0.788991 1.000000
vt 0.785933 0.000000
vt 0.792049 1.000000
vt 0.788991 0.000000
vt 0.795107 1.000000
vt 0.792049 0.000000
vt 0.798165 1.000000
vt 0.795107 0.000000
vt 0.801223 1.000000
vt 0.798165 0.000000
vt 0.804281 1.000000
vt 0.801223 0.000000
vt 0.807339 1.000000
vt 0.804281 0.000000
vt 0.810398 1.000000
vt 0.807339 0.000000
vt 0.813456 1.000000
vt 0.810398 0.000000
vt 0.816514 1.000000
vt 0.813456 0.000000
vt 0.819572 1.000000
vt 0.816514 0.000000
vt 0.822630 1.000000
vt 0.819572 0.000000
vt 0.825688 1.000000
vt 0.822630 0.000000
vt 0.828746 1.000000
vt 0.825688 0.000000
vt 0.831804 1.000000
vt 0.828746 0.000000
vt 0.834862 1.000000
vt 0.831804 0.000000
vt 0.837920 1.000000
vt 0.834862 0.000000
vt 0.840979 1.000000
vt 0.837920 0.000000
vt 0.844037 1.000000
vt 0.840979 0.000000
vt 0.847095 1.000000
vt 0.844037 0.000000
vt 0.850153 1.000000
vt 0.847095 0.000000
vt 0.853211 1.000000
vt 0.850153 0.000000
vt 0.856269 1.000000
vt 0.853211 0.000000
vt 0.859327 1.000000
vt 0.856269 0.000000
vt 0.862385 1.000000
vt 0.859327 0.000000
vt 0.865443 1.000000
vt 0.862385 0.000000
vt 0.868502 1.000000
vt 0.865443 0.000000
vt 0.871560 1.000000
vt 0.868502 0.000000
vt 0.874618 1.000000
vt 0.871560 0.000000
vt 0.877676 1.000000
vt 0.874618 0.000000
vt 0.880734 1.000000
vt 0.877676 0.000000
vt 0.883792 1.000000
vt 0.880734 0.000000
vt 0.886850 1.000000
vt 0.883792 0.000000
vt 0.889908 1.000000
vt 0.886850 0.000000
vt 0.892966 1.000000
vt 0.889908 0.000000
vt 0.896024 1.000000
vt 0.892966 0.000000
vt 0.899083 1.000000
vt 0.896024 0.000000
vt 0.902141 1.000000
vt 0.899083 0.000000
vt 0.905199 1.000000
vt 0.902141 0.000000
vt 0.908257 1.000000
vt 0.905199 0.000000
vt 0.911315 1.000000
vt 0.908257 0.000000
vt 0.914373 1.000000
vt 0.911315 0.000000
vt 0.917431 1.000000
vt 0.914373 0.000000
vt 0.920489 1.000000
vt 0.917431 0.000000
vt 0.923547 1.000000
vt 0.920489 0.000000
vt 0.926606 1.000000
vt 0.923547 0.000000
vt 0.929664 1.000000
vt 0.926606 0.000000
vt 0.932722 1.000000
vt 0.929664 0.000000
vt 0.935780 1.000000
vt 0.932722 0.000000
vt 0.938838 1.000000
vt 0.935780 0.000000
vt 0.941896 1.000000
vt 0.938838 0.000000
vt 0.944954 1.000000
vt 0.941896 0.000000
vt 0.948012 1.000000
vt 0.944954 0.000000
vt 0.951070 1.000000
vt 0.948012 0.000000
vt 0.954128 1.000000
vt 0.951070 0.000000
vt 0.957187 1.000000
vt 0.954128 0.000000
vt 0.960245 1.000000
vt 0.957187 0.000000
vt 0.963303 1.000000
vt 0.960245 0.000000
vt 0.966361 1.000000
vt 0.963303 0.000000
vt 0.969419 1.000000
vt 0.966361 0.000000
vt 0.972477 1.000000
vt 0.969419 0.000000
vt 0.975535 1.000000
vt 0.972477 0.000000
vt 0.978593 1.000000
vt 0.975535 0.000000
vt 0.981651 1.000000
vt 0.978593 0.000000
vt 0.984710 1.000000
vt 0.981651 0.000000
vt 0.987768 1.000000
vt 0.984710 0.000000
vt 0.990826 1.000000
vt 0.987768 0.000000
vt 0.993884 1.000000
vt 0.990826 0.000000
vt 0.996942 1.000000
vt 0.993884 0.000000
vt 1.000000 1.000000
vt 0.996942 0.000000
s 0
f 207/1/1 209/2/1 208/3/1
f 207/1/1 210/4/1 209/2/1
f 206/5/1 210/4/1 207/1/1
f 206/5/1 211/6/1 210/4/1
f 205/7/1 211/6/1 206/5/1
f 205/7/1 212/8/1 211/6/1
f 205/7/1 213/9/1 212/8/1
f 204/10/1 213/9/1 205/7/1
f 204/10/1 214/11/1 213/9/1
f 203/12/1 214/11/1 204/10/1
f 203/12/1 215/13/1 214/11/1
f 202/14/1 215/13/1 203/12/1
f 202/14/1 216/15/1 215/13/1
f 202/14/1 217/16/1 216/15/1
f 201/17/1 217/16/1 202/14/1
f 201/17/1 218/18/1 217/16/1
f 200/19/1 218/18/1 201/17/1
f 200/19/1 219/20/1 218/18/1
f 200/19/1 220/21/1 219/20/1
f 199/22/1 220/21/1 200/19/1
f 199/22/1 221/23/1 220/21/1
f 198/24/1 221/23/1 199/22/1
f 198/24/1 222/25/1 221/23/1
f 197/26/1 222/25/1 198/24/1
f 197/26/1 223/27/1 222/25/1
f 197/26/1 224/28/1 223/27/1
f 196/29/1 224/28/1 197/26/1
f 196/29/1 225/30/1 224/28/1
f 195/31/1 225/30/1 196/29/1
f 195/31/1 226/32/1 225/30/1
f 195/31/1 227/33/1 226/32/1
f 194/34/1 227/33/1 195/31/1
f 194/34/1 228/35/1 227/33/1
f 193/36/1 228/35/1 194/34/1
f 193/36/1 159/37/1 228/35/1
f 159/37/1 229/38/1 228/35/1
f 193/36/1 160/39/1 159/37/1
f 158/40/1 229/38/1 159/37/1
f 157/41/1 229/38/1 158/40/1
f 193/36/1 161/42/1 160/39/1
f 156/43/1 229/38/1 157/41/1
f 193/36/1 162/44/1 161/42/1
f 156/43/1 230/45/1 229/38/1
f 155/46/1 230/45/1 156/43/1
f 193/36/1 163/47/1 162/44/1
f 192/48/1 163/47/1 193/36/1
f 154/49/1 230/45/1 155/46/1
f 192/48/1 164/50/1 163/47/1
f 153/51/1 230/45/1 154/49/1
f 192/48/1 165/52/1 164/50/1
f 153/51/1 231/53/1 230/45/1
f 152/54/1 231/53/1 153/51/1
f 192/48/1 166/55/1 165/52/1
f 151/56/1 231/53/1 152/54/1
f 192/48/1 167/57/1 166/55/1
f 191/58/1 167/57/1 192/48/1
f 150/59/1 231/53/1 151/56/1
f 191/58/1 168/60/1 167/57/1
f 150/59/1 232/61/1 231/53/1
f 149/62/1 232/61/1 150/59/1
f 191/58/1 169/63/1 168/60/1
f 149/62/1 233/64/1 232/61/1
f 148/65/1 233/64/1 149/62/1
f 191/58/1 170/66/1 169/63/1
f 190/67/1 170/66/1 191/58/1
f 147/68/1 233/64/1 148/65/1
f 190/67/1 171/69/1 170/66/1
f 147/68/1 234/70/1 233/64/1
f 146/71/1 234/70/1 147/68/1
f 190/67/1 172/72/1 171/69/1
f 189/73/1 172/72/1 190/67/1
f 146/71/1 235/74/1 234/70/1
f 145/75/1 235/74/1 146/71/1
f 189/73/1 173/76/1 172/72/1
f 144/77/1 235/74/1 145/75/1
f 144/77/1 236/78/1 235/74/1
f 189/73/1 174/79/1 173/76/1
f 188/80/1 174/79/1 189/73/1
f 143/81/1 236/78/1 144/77/1
f 188/80/1 175/82/1 174/79/1
f 143/81/1 237/83/1 236/78/1
f 142/84/1 237/83/1 143/81/1
f 188/80/1 176/85/1 175/82/1
f 142/84/1 238/86/1 237/83/1
f 187/87/1 176/85/1 188/80/1
f 141/88/1 238/86/1 142/84/1
f 187/87/1 177/89/1 176/85/1
f 141/88/1 239/90/1 238/86/1
f 140/91/1 239/90/1 141/88/1
f 186/92/1 177/89/1 187/87/1
f 186/92/1 178/93/1 177/89/1
f 140/91/1 240/94/1 239/90/1
f 139/95/1 240/94/1 140/91/1
f 186/92/1 179/96/1 178/93/1
f 138/97/1 240/94/1 139/95/1
f 138/97/1 241/98/1 240/94/1
f 185/99/1 179/96/1 186/92/1
f 137/100/1 241/98/1 138/97/1
f 185/99/1 180/101/1 179/96/1
f 137/100/1 242/102/1 241/98/1
f 136/103/1 242/102/1 137/100/1
f 136/103/1 243/104/1 242/102/1
f 185/99/1 181/105/1 180/101/1
f 184/106/1 181/105/1 185/99/1
f 135/107/1 243/104/1 136/103/1
f 135/107/1 244/108/1 243/104/1
f 184/106/1 182/109/1 181/105/1
f 134/110/1 244/108/1 135/107/1
f 183/111/1 182/109/1 184/106/1
f 134/110/1 245/112/1 244/108/1
f 134/110/1 246/113/1 245/112/1
f 133/114/1 246/113/1 134/110/1
f 133/114/1 247/115/1 246/113/1
f 132/116/1 247/115/1 133/114/1
f 132/116/1 248/117/1 247/115/1
f 131/118/1 248/117/1 132/116/1
f 131/118/1 249/119/1 248/117/1
f 130/120/1 249/119/1 131/118/1
f 130/120/1 250/121/1 249/119/1
f 129/122/1 250/121/1 130/120/1
f 129/122/1 251/123/1 250/121/1
f 128/124/1 251/123/1 129/122/1
f 128/124/1 252/125/1 251/123/1
f 128/124/1 253/126/1 252/125/1
f 127/127/1 253/126/1 128/124/1
f 127/127/1 254/128/1 253/126/1
f 126/129/1 254/128/1 127/127/1
f 126/129/1 255/130/1 254/128/1
f 125/131/1 255/130/1 126/129/1
f 124/132/1 255/130/1 125/131/1
f 124/132/1 256/133/1 255/130/1
f 123/134/1 256/133/1 124/132/1
f 123/134/1 257/135/1 256/133/1
f 122/136/1 257/135/1 123/134/1
f 122/136/1 258/137/1 257/135/1
f 121/138/1 258/137/1 122/136/1
f 121/138/1 259/139/1 258/137/1
f 120/140/1 259/139/1 121/138/1
f 119/141/1 259/139/1 120/140/1
f 119/141/1 260/142/1 259/139/1
f 118/143/1 260/142/1 119/141/1
f 117/144/1 260/142/1 118/143/1
f 117/144/1 261/145/1 260/142/1
f 116/146/1 261/145/1 117/144/1
f 115/147/1 261/145/1 116/146/1
f 115/147/1 262/148/1 261/145/1
f 114/149/1 262/148/1 115/147/1
f 113/150/1 262/148/1 114/149/1
f 98/151/1 100/152/1 99/153/1
f 98/151/1 101/154/1 100/152/1
f 112/155/1 262/148/1 113/150/1
f 98/151/1 102/156/1 101/154/1
f 98/151/1 103/157/1 102/156/1
f 98/151/1 104/158/1 103/157/1
f 98/151/1 105/159/1 104/158/1
f 98/151/1 106/160/1 105/159/1
f 111/161/1 262/148/1 112/155/1
f 98/151/1 107/162/1 106/160/1
f 98/151/1 108/163/1 107/162/1
f 98/151/1 109/164/1 108/163/1
f 98/151/1 110/165/1 109/164/1
f 98/151/1 111/161/1 110/165/1
f 98/151/1 262/148/1 111/161/1
f 98/151/1 263/166/1 262/148/1
f 98/151/1 264/167/1 263/166/1
f 98/151/1 265/168/1 264/167/1
f 98/151/1 266/169/1 265/168/1
f 98/151/1 267/170/1 266/169/1
f 98/151/1 268/171/1 267/170/1
f 98/151/1 269/172/1 268/171/1
f 98/151/1 97/173/1 269/172/1
f 97/173/1 96/174/1 269/172/1
f 96/174/1 270/175/1 269/172/1
f 96/174/1 95/176/1 270/175/1
f 95/176/1 94/177/1 270/175/1
f 94/177/1 271/178/1 270/175/1
f 94/177/1 93/179/1 271/178/1
f 93/179/1 272/180/1 271/178/1
f 93/179/1 92/181/1 272/180/1
f 92/181/1 91/182/1 272/180/1
f 91/182/1 273/183/1 272/180/1
f 91/182/1 90/184/1 273/183/1
f 90/184/1 274/185/1 273/183/1
f 90/184/1 89/186/1 274/185/1
f 89/186/1 88/187/1 274/185/1
f 88/187/1 275/188/1 274/185/1
f 88/187/1 87/189/1 275/188/1
f 87/189/1 276/190/1 275/188/1
f 87/189/1 86/191/1 276/190/1
f 86/191/1 277/192/1 276/190/1
f 85/193/1 277/192/1 86/191/1
f 84/194/1 277/192/1 85/193/1
f 84/194/1 278/195/1 277/192/1
f 83/196/1 278/195/1 84/194/1
f 82/197/1 278/195/1 83/196/1
f 81/198/1 278/195/1 82/197/1
f 80/199/1 278/195/1 81/198/1
f 80/199/1 279/200/1 278/195/1
f 79/201/1 279/200/1 80/199/1
f 78/202/1 279/200/1 79/201/1
f 78/202/1 280/203/1 279/200/1
f 77/204/1 280/203/1 78/202/1
f 77/204/1 281/205/1 280/203/1
f 76/206/1 281/205/1 77/204/1
f 75/207/1 281/205/1 76/206/1
f 75/207/1 282/208/1 281/205/1
f 74/209/1 282/208/1 75/207/1
f 74/209/1 283/210/1 282/208/1
f 73/211/1 283/210/1 74/209/1
f 72/212/1 283/210/1 73/211/1
f 72/212/1 284/213/1 283/210/1
f 71/214/1 284/213/1 72/212/1
f 71/214/1 285/215/1 284/213/1
f 70/216/1 285/215/1 71/214/1
f 70/216/1 286/217/1 285/215/1
f 69/218/1 286/217/1 70/216/1
f 69/218/1 287/219/1 286/217/1
f 68/220/1 287/219/1 69/218/1
f 68/220/1 288/221/1 287/219/1
f 67/222/1 288/221/1 68/220/1
f 66/223/1 288/221/1 67/222/1
f 66/223/1 289/224/1 288/221/1
f 65/225/1 289/224/1 66/223/1
f 65/225/1 290/226/1 289/224/1
f 64/227/1 290/226/1 65/225/1
f 64/227/1 291/228/1 290/226/1
f 63/229/1 291/228/1 64/227/1
f 63/229/1 292/230/1 291/228/1
f 62/231/1 292/230/1 63/229/1
f 62/231/1 293/232/1 292/230/1
f 61/233/1 293/232/1 62/231/1
f 13/234/1 15/235/1 14/236/1
f 60/237/1 293/232/1 61/233/1
f 60/237/1 294/238/1 293/232/1
f 12/239/1 15/235/1 13/234/1
f 59/240/1 294/238/1 60/237/1
f 12/239/1 16/241/1 15/235/1
f 59/240/1 295/242/1 294/238/1
f 58/243/1 295/242/1 59/240/1
f 12/239/1 17/244/1 16/241/1
f 11/245/1 17/244/1 12/239/1
f 57/246/1 295/242/1 58/243/1
f 57/246/1 296/247/1 295/242/1
f 11/245/1 18/248/1 17/244/1
f 56/249/1 296/247/1 57/246/1
f 10/250/1 18/248/1 11/245/1
f 10/250/1 19/251/1 18/248/1
f 56/249/1 297/252/1 296/247/1
f 55/253/1 297/252/1 56/249/1
f 9/254/1 19/251/1 10/250/1
f 9/254/1 20/255/1 19/251/1
f 54/256/1 297/252/1 55/253/1
f 54/256/1 298/257/1 297/252/1
f 9/254/1 21/258/1 20/255/1
f 53/259/1 298/257/1 54/256/1
f 8/260/1 21/258/1 9/254/1
f 8/260/1 22/261/1 21/258/1
f 52/262/1 298/257/1 53/259/1
f 52/262/1 299/263/1 298/257/1
f 7/264/1 22/261/1 8/260/1
f 7/264/1 23/265/1 22/261/1
f 51/266/1 299/263/1 52/262/1
f 7/264/1 24/267/1 23/265/1
f 51/266/1 300/268/1 299/263/1
f 50/269/1 300/268/1 51/266/1
f 6/270/1 24/267/1 7/264/1
f 6/270/1 25/271/1 24/267/1
f 49/272/1 300/268/1 50/269/1
f 49/272/1 301/273/1 300/268/1
f 6/270/1 26/274/1 25/271/1
f 48/275/1 301/273/1 49/272/1
f 5/276/1 26/274/1 6/270/1
f 5/276/1 27/277/1 26/274/1
f 47/278/1 301/273/1 48/275/1
f 5/276/1 28/279/1 27/277/1
f 47/278/1 302/280/1 301/273/1
f 4/281/1 28/279/1 5/276/1
f 46/282/1 302/280/1 47/278/1
f 4/281/1 29/283/1 28/279/1
f 45/284/1 302/280/1 46/282/1
f 4/281/1 30/285/1 29/283/1
f 45/284/1 303/286/1 302/280/1
f 4/281/1 31/287/1 30/285/1
f 44/288/1 303/286/1 45/284/1
f 3/289/1 31/287/1 4/281/1
f 3/289/1 32/290/1 31/287/1
f 43/291/1 303/286/1 44/288/1
f 3/289/1 33/292/1 32/290/1
f 42/293/1 303/286/1 43/291/1
f 3/289/1 34/294/1 33/292/1
f 41/295/1 303/286/1 42/293/1
f 3/289/1 35/296/1 34/294/1
f 41/295/1 304/297/1 303/286/1
f 2/298/1 35/296/1 3/289/1
f 40/299/1 304/297/1 41/295/1
f 2/298/1 36/300/1 35/296/1
f 39/301/1 304/297/1 40/299/1
f 2/298/1 37/302/1 36/300/1
f 38/303/1 304/297/1 39/301/1
f 2/298/1 38/303/1 37/302/1
f 2/298/1 304/297/1 38/303/1
f 1/304/1 304/297/1 2/298/1
f 1/304/1 305/305/1 304/297/1
f 327/306/1 305/305/1 1/304/1
f 327/306/1 306/307/1 305/305/1
f 326/308/1 306/307/1 327/306/1
f 326/308/1 307/309/1 306/307/1
f 325/310/1 307/309/1 326/308/1
f 325/310/1 308/311/1 307/309/1
f 324/312/1 308/311/1 325/310/1
f 324/312/1 309/313/1 308/311/1
f 323/314/1 309/313/1 324/312/1
f 323/314/1 310/315/1 309/313/1
f 322/316/1 310/315/1 323/314/1
f 322/316/1 311/317/1 310/315/1
f 321/318/1 311/317/1 322/316/1
f 321/318/1 312/319/1 311/317/1
f 320/320/1 312/319/1 321/318/1
f 320/320/1 313/321/1 312/319/1
f 319/322/1 313/321/1 320/320/1
f 319/322/1 314/323/1 313/321/1
f 318/324/1 314/323/1 319/322/1
f 318/324/1 315/325/1 314/323/1
f 317/326/1 315/325/1 318/324/1
f 317/326/1 316/327/1 315/325/1
f 534/1/2 535/3/2 536/2/2
f 534/1/2 536/2/2 537/4/2
f 533/5/2 534/1/2 537/4/2
f 533/5/2 537/4/2 538/6/2
f 532/7/2 533/5/2 538/6/2
f 532/7/2 538/6/2 539/8/2
f 532/7/2 539/8/2 540/9/2
f 531/10/2 532/7/2 540/9/2
f 531/10/2 540/9/2 541/11/2
f 530/12/2 531/10/2 541/11/2
f 530/12/2 541/11/2 542/13/2
f 529/14/2 530/12/2 542/13/2
f 529/14/2 542/13/2 543/15/2
f 529/14/2 543/15/2 544/16/2
f 528/17/2 529/14/2 544/16/2
f 528/17/2 544/16/2 545/18/2
f 527/19/2 528/17/2 545/18/2
f 527/19/2 545/18/2 546/20/2
f 527/19/2 546/20/2 547/21/2
f 526/22/2 527/19/2 547/21/2
f 526/22/2 547/21/2 548/23/2
f 525/24/2 526/22/2 548/23/2
f 525/24/2 548/23/2 549/25/2
f 524/26/2 525/24/2 549/25/2
f 524/26/2 549/25/2 550/27/2
f 524/26/2 550/27/2 551/28/2
f 523/29/2 524/26/2 551/28/2
f 523/29/2 551/28/2 552/30/2
f 522/31/2 523/29/2 552/30/2
f 522/31/2 552/30/2 553/32/2
f 522/31/2 553/32/2 554/33/2
f 521/34/2 522/31/2 554/33/2
f 521/34/2 554/33/2 555/35/2
f 520/36/2 521/34/2 555/35/2
f 520/36/2 555/35/2 486/37/2
f 486/37/2 555/35/2 556/38/2
f 520/36/2 486/37/2 487/39/2
f 485/40/2 486/37/2 556/38/2
f 484/41/2 485/40/2 556/38/2
f 520/36/2 487/39/2 488/42/2
f 483/43/2 484/41/2 556/38/2
f 520/36/2 488/42/2 489/44/2
f 483/43/2 556/38/2 557/45/2
f 482/46/2 483/43/2 557/45/2
f 520/36/2 489/44/2 490/47/2
f 519/48/2 520/36/2 490/47/2
f 481/49/2 482/46/2 557/45/2
f 519/48/2 490/47/2 491/50/2
f 480/51/2 481/49/2 557/45/2
f 519/48/2 491/50/2 492/52/2
f 480/51/2 557/45/2 558/53/2
f 479/54/2 480/51/2 558/53/2
f 519/48/2 492/52/2 493/55/2
f 478/56/2 479/54/2 558/53/2
f 519/48/2 493/55/2 494/57/2
f 518/58/2 519/48/2 494/57/2
f 477/59/2 478/56/2 558/53/2
f 518/58/2 494/57/2 495/60/2
f 477/59/2 558/53/2 559/61/2
f 476/62/2 477/59/2 559/61/2
f 518/58/2 495/60/2 496/63/2
f 476/62/2 559/61/2 560/64/2
f 475/65/2 476/62/2 560/64/2
f 518/58/2 496/63/2 497/66/2
f 517/67/2 518/58/2 497/66/2
f 474/68/2 475/65/2 560/64/2
f 517/67/2 497/66/2 498/69/2
f 474/68/2 560/64/2 561/70/2
f 473/71/2 474/68/2 561/70/2
f 517/67/2 498/69/2 499/72/2
f 516/73/2 517/67/2 499/72/2
f 473/71/2 561/70/2 562/74/2
f 472/75/2 473/71/2 562/74/2
f 516/73/2 499/72/2 500/76/2
f 471/77/2 472/75/2 562/74/2
f 471/77/2 562/74/2 563/78/2
f 516/73/2 500/76/2 501/79/2
f 515/80/2 516/73/2 501/79/2
f 470/81/2 471/77/2 563/78/2
f 515/80/2 501/79/2 502/82/2
f 470/81/2 563/78/2 564/83/2
f 469/84/2 470/81/2 564/83/2
f 515/80/2 502/82/2 503/85/2
f 469/84/2 564/83/2 565/86/2
f 514/87/2 515/80/2 503/85/2
f 468/88/2 469/84/2 565/86/2
f 514/87/2 503/85/2 504/89/2
f 468/88/2 565/86/2 566/90/2
f 467/91/2 468/88/2 566/90/2
f 513/92/2 514/87/2 504/89/2
f 513/92/2 504/89/2 505/93/2
f 467/91/2 566/90/2 567/94/2
f 466/95/2 467/91/2 567/94/2
f 513/92/2 505/93/2 506/96/2
f 465/97/2 466/95/2 567/94/2
f 465/97/2 567/94/2 568/98/2
f 512/99/2 513/92/2 506/96/2
f 464/100/2 465/97/2 568/98/2
f 512/99/2 506/96/2 507/101/2
f 464/100/2 568/98/2 569/102/2
f 463/103/2 464/100/2 569/102/2
f 463/103/2 569/102/2 570/104/2
f 512/99/2 507/101/2 508/105/2
f 511/106/2 512/99/2 508/105/2
f 462/107/2 463/103/2 570/104/2
f 462/107/2 570/104/2 571/108/2
f 511/106/2 508/105/2 509/109/2
f 461/110/2 462/107/2 571/108/2
f 510/111/2 511/106/2 509/109/2
f 461/110/2 571/108/2 572/112/2
f 461/110/2 572/112/2 573/113/2
f 460/114/2 461/110/2 573/113/2
f 460/114/2 573/113/2 574/115/2
f 459/116/2 460/114/2 574/115/2
f 459/116/2 574/115/2 575/117/2
f 458/118/2 459/116/2 575/117/2
f 458/118/2 575/117/2 576/119/2
f 457/120/2 458/118/2 576/119/2
f 457/120/2 576/119/2 577/121/2
f 456/122/2 457/120/2 577/121/2
f 456/122/2 577/121/2 578/123/2
f 455/124/2 456/122/2 578/123/2
f 455/124/2 578/123/2 579/125/2
f 455/124/2 579/125/2 580/126/2
f 454/127/2 455/124/2 580/126/2
f 454/127/2 580/126/2 581/128/2
f 453/129/2 454/127/2 581/128/2
f 453/129/2 581/128/2 582/130/2
f 452/131/2 453/129/2 582/130/2
f 451/132/2 452/131/2 582/130/2
f 451/132/2 582/130/2 583/133/2
f 450/134/2 451/132/2 583/133/2
f 450/134/2 583/133/2 584/135/2
f 449/136/2 450/134/2 584/135/2
f 449/136/2 584/135/2 585/137/2
f 448/138/2 449/136/2 585/137/2
f 448/138/2 585/137/2 586/139/2
f 447/140/2 448/138/2 586/139/2
f 446/141/2 447/140/2 586/139/2
f 446/141/2 586/139/2 587/142/2
f 445/143/2 446/141/2 587/142/2
f 444/144/2 445/143/2 587/142/2
f 444/144/2 587/142/2 588/145/2
f 443/146/2 444/144/2 588/145/2
f 442/147/2 443/146/2 588/145/2
f 442/147/2 588/145/2 589/148/2
f 441/149/2 442/147/2 589/148/2
f 440/150/2 441/149/2 589/148/2
f 425/151/2 426/153/2 427/152/2
f 425/151/2 427/152/2 428/154/2
f 439/155/2 440/150/2 589/148/2
f 425/151/2 428/154/2 429/156/2
f 425/151/2 429/156/2 430/157/2
f 425/151/2 430/157/2 431/158/2
f 425/151/2 431/158/2 432/159/2
f 425/151/2 432/159/2 433/160/2
f 438/161/2 439/155/2 589/148/2
f 425/151/2 433/160/2 434/162/2
f 425/151/2 434/162/2 435/163/2
f 425/151/2 435/163/2 436/164/2
f 425/151/2 436/164/2 437/165/2
f 425/151/2 437/165/2 438/161/2
f 425/151/2 438/161/2 589/148/2
f 425/151/2 589/148/2 590/166/2
f 425/151/2 590/166/2 591/167/2
f 425/151/2 591/167/2 592/168/2
f 425/151/2 592/168/2 593/169/2
f 425/151/2 593/169/2 594/170/2
f 425/151/2 594/170/2 595/171/2
f 425/151/2 595/171/2 596/172/2
f 425/151/2 596/172/2 424/173/2
f 424/173/2 596/172/2 423/174/2
f 423/174/2 596/172/2 597/175/2
f 423/174/2 597/175/2 422/176/2
f 422/176/2 597/175/2 421/177/2
f 421/177/2 597/175/2 598/178/2
f 421/177/2 598/178/2 420/179/2
f 420/179/2 598/178/2 599/180/2
f 420/179/2 599/180/2 419/181/2
f 419/181/2 599/180/2 418/182/2
f 418/182/2 599/180/2 600/183/2
f 418/182/2 600/183/2 417/184/2
f 417/184/2 600/183/2 601/185/2
f 417/184/2 601/185/2 416/186/2
f 416/186/2 601/185/2 415/187/2
f 415/187/2 601/185/2 602/188/2
f 415/187/2 602/188/2 414/189/2
f 414/189/2 602/188/2 603/190/2
f 414/189/2 603/190/2 413/191/2
f 413/191/2 603/190/2 604/192/2
f 412/193/2 413/191/2 604/192/2
f 411/194/2 412/193/2 604/192/2
f 411/194/2 604/192/2 605/195/2
f 410/196/2 411/194/2 605/195/2
f 409/197/2 410/196/2 605/195/2
f 408/198/2 409/197/2 605/195/2
f 407/199/2 408/198/2 605/195/2
f 407/199/2 605/195/2 606/200/2
f 406/201/2 407/199/2 606/200/2
f 405/202/2 406/201/2 606/200/2
f 405/202/2 606/200/2 607/203/2
f 404/204/2 405/202/2 607/203/2
f 404/204/2 607/203/2 608/205/2
f 403/206/2 404/204/2 608/205/2
f 402/207/2 403/206/2 608/205/2
f 402/207/2 608/205/2 609/208/2
f 401/209/2 402/207/2 609/208/2
f 401/209/2 609/208/2 610/210/2
f 400/211/2 401/209/2 610/210/2
f 399/212/2 400/211/2 610/210/2
f 399/212/2 610/210/2 611/213/2
f 398/214/2 399/212/2 611/213/2
f 398/214/2 611/213/2 612/215/2
f 397/216/2 398/214/2 612/215/2
f 397/216/2 612/215/2 613/217/2
f 396/218/2 397/216/2 613/217/2
f 396/218/2 613/217/2 614/219/2
f 395/220/2 396/218/2 614/219/2
f 395/220/2 614/219/2 615/221/2
f 394/222/2 395/220/2 615/221/2
f 393/223/2 394/222/2 615/221/2
f 393/223/2 615/221/2 616/224/2
f 392/225/2 393/223/2 616/224/2
f 392/225/2 616/224/2 617/226/2
f 391/227/2 392/225/2 617/226/2
f 391/227/2 617/226/2 618/228/2
f 390/229/2 391/227/2 618/228/2
f 390/229/2 618/228/2 619/230/2
f 389/231/2 390/229/2 619/230/2
f 389/231/2 619/230/2 620/232/2
f 388/233/2 389/231/2 620/232/2
f 340/234/2 341/236/2 342/235/2
f 387/237/2 388/233/2 620/232/2
f 387/237/2 620/232/2 621/238/2
f 339/239/2 340/234/2 342/235/2
f 386/240/2 387/237/2 621/238/2
f 339/239/2 342/235/2 343/241/2
f 386/240/2 621/238/2 622/242/2
f 385/243/2 386/240/2 622/242/2
f 339/239/2 343/241/2 344/244/2
f 338/245/2 339/239/2 344/244/2
f 384/246/2 385/243/2 622/242/2
f 384/246/2 622/242/2 623/247/2
f 338/245/2 344/244/2 345/248/2
f 383/249/2 384/246/2 623/247/2
f 337/250/2 338/245/2 345/248/2
f 337/250/2 345/248/2 346/251/2
f 383/249/2 623/247/2 624/252/2
f 382/253/2 383/249/2 624/252/2
f 336/254/2 337/250/2 346/251/2
f 336/254/2 346/251/2 347/255/2
f 381/256/2 382/253/2 624/252/2
f 381/256/2 624/252/2 625/257/2
f 336/254/2 347/255/2 348/258/2
f 380/259/2 381/256/2 625/257/2
f 335/260/2 336/254/2 348/258/2
f 335/260/2 348/258/2 349/261/2
f 379/262/2 380/259/2 625/257/2
f 379/262/2 625/257/2 626/263/2
f 334/264/2 335/260/2 349/261/2
f 334/264/2 349/261/2 350/265/2
f 378/266/2 379/262/2 626/263/2
f 334/264/2 350/265/2 351/267/2
f 378/266/2 626/263/2 627/268/2
f 377/269/2 378/266/2 627/268/2
f 333/270/2 334/264/2 351/267/2
f 333/270/2 351/267/2 352/271/2
f 376/272/2 377/269/2 627/268/2
f 376/272/2 627/268/2 628/273/2
f 333/270/2 352/271/2 353/274/2
f 375/275/2 376/272/2 628/273/2
f 332/276/2 333/270/2 353/274/2
f 332/276/2 353/274/2 354/277/2
f 374/278/2 375/275/2 628/273/2
f 332/276/2 354/277/2 355/279/2
f 374/278/2 628/273/2 629/280/2
f 331/281/2 332/276/2 355/279/2
f 373/282/2 374/278/2 629/280/2
f 331/281/2 355/279/2 356/283/2
f 372/284/2 373/282/2 629/280/2
f 331/281/2 356/283/2 357/285/2
f 372/284/2 629/280/2 630/286/2
f 331/281/2 357/285/2 358/287/2
f 371/288/2 372/284/2 630/286/2
f 330/289/2 331/281/2 358/287/2
f 330/289/2 358/287/2 359/290/2
f 370/291/2 371/288/2 630/286/2
f 330/289/2 359/290/2 360/292/2
f 369/293/2 370/291/2 630/286/2
f 330/289/2 360/292/2 361/294/2
f 368/295/2 369/293/2 630/286/2
f 330/289/2 361/294/2 362/296/2
f 368/295/2 630/286/2 631/297/2
f 329/298/2 330/289/2 362/296/2
f 367/299/2 368/295/2 631/297/2
f 329/298/2 362/296/2 363/300/2
f 366/301/2 367/299/2 631/297/2
f 329/298/2 363/300/2 364/302/2
f 365/303/2 366/301/2 631/297/2
f 329/298/2 364/302/2 365/303/2
f 329/298/2 365/303/2 631/297/2
f 328/304/2 329/298/2 631/297/2
f 328/304/2 631/297/2 632/305/2
f 654/306/2 328/304/2 632/305/2
f 654/306/2 632/305/2 633/307/2
f 653/308/2 654/306/2 633/307/2
f 653/308/2 633/307/2 634/309/2
f 652/310/2 653/308/2 634/309/2
f 652/310/2 634/309/2 635/311/2
f 651/312/2 652/310/2 635/311/2
f 651/312/2 635/311/2 636/313/2
f 650/314/2 651/312/2 636/313/2
f 650/314/2 636/313/2 637/315/2
f 649/316/2 650/314/2 637/315/2
f 649/316/2 637/315/2 638/317/2
f 648/318/2 649/316/2 638/317/2
f 648/318/2 638/317/2 639/319/2
f 647/320/2 648/318/2 639/319/2
f 647/320/2 639/319/2 640/321/2
f 646/322/2 647/320/2 640/321/2
f 646/322/2 640/321/2 641/323/2
f 645/324/2 646/322/2 641/323/2
f 645/324/2 641/323/2 642/325/2
f 644/326/2 645/324/2 642/325/2
f 644/326/2 642/325/2 643/327/2
s 1
f 658/328/3 655/304/4 656/329/4
f 660/330/5 657/331/3 658/328/3
f 662/332/6 659/333/5 660/330/5
f 664/334/7 661/335/6 662/332/6
f 666/336/8 663/337/7 664/334/7
f 668/338/9 665/339/8 666/336/8
f 670/340/10 667/341/9 668/338/9
f 672/342/11 669/343/10 670/340/10
f 674/344/12 671/345/11 672/342/11
f 676/346/13 673/347/12 674/344/12
f 678/348/14 675/349/13 676/346/13
f 680/350/15 677/351/14 678/348/14
f 682/352/16 679/353/15 680/350/15
f 684/354/17 681/355/18 682/352/16
f 686/356/19 683/357/17 684/354/17
f 688/358/20 685/359/19 686/356/19
f 690/360/21 687/361/20 688/358/20
f 692/362/22 689/363/21 690/360/21
f 694/364/23 691/365/22 692/362/22
f 696/366/24 693/367/23 694/364/23
f 698/368/25 695/369/24 696/366/24
f 700/370/26 697/371/25 698/368/25
f 702/372/27 699/373/26 700/370/26
f 704/374/28 701/375/27 702/372/27
f 706/376/29 703/377/28 704/374/28
f 708/378/30 705/379/29 706/376/29
f 710/380/31 707/381/30 708/378/30
f 712/382/32 709/383/31 710/380/31
f 714/384/33 711/385/32 712/382/32
f 716/386/34 713/387/33 714/384/33
f 718/388/35 715/389/34 716/386/34
f 720/390/36 717/391/35 718/388/35
f 722/392/37 719/393/36 720/390/36
f 724/394/38 721/395/37 722/392/37
f 726/396/39 723/397/38 724/394/38
f 728/398/40 725/399/39 726/396/39
f 730/400/41 727/401/40 728/398/40
f 732/402/42 729/403/41 730/400/41
f 734/404/43 731/405/42 732/402/42
f 736/406/44 733/407/43 734/404/43
f 738/408/45 735/409/44 736/406/44
f 740/410/46 737/411/45 738/408/45
f 742/412/47 739/413/46 740/410/46
f 744/414/48 741/415/47 742/412/47
f 746/416/49 743/417/48 744/414/48
f 748/418/50 745/419/49 746/416/49
f 750/420/51 747/421/50 748/418/50
f 752/422/52 749/423/51 750/420/51
f 754/424/53 751/425/52 752/422/52
f 756/426/54 753/427/53 754/424/53
f 758/428/55 755/429/54 756/426/54
f 760/430/56 757/431/55 758/428/55
f 762/432/57 759/433/56 760/430/56
f 764/434/58 761/435/57 762/432/57
f 766/436/59 763/437/58 764/434/58
f 768/438/60 765/439/59 766/436/59
f 770/440/61 767/441/60 768/438/60
f 772/442/62 769/443/61 770/440/61
f 774/444/63 771/445/62 772/442/62
f 776/446/64 773/447/63 774/444/63
f 778/448/65 775/449/64 776/446/64
f 780/450/66 777/451/65 778/448/65
f 782/452/67 779/453/66 780/450/66
f 784/454/68 781/455/67 782/452/67
f 786/456/69 783/457/68 784/454/68
f 788/458/70 785/459/69 786/456/69
f 790/460/71 787/461/70 788/458/70
f 792/462/72 789/463/71 790/460/71
f 794/464/73 791/465/72 792/462/72
f 796/466/74 793/467/73 794/464/73
f 798/468/75 795/469/74 796/466/74
f 800/470/76 797/471/75 798/468/75
f 802/472/77 799/473/76 800/470/76
f 804/474/78 801/475/77 802/472/77
f 806/476/79 803/477/80 804/474/78
f 808/478/81 805/479/79 806/476/79
f 810/480/82 807/481/81 808/478/81
f 812/482/83 809/483/82 810/480/82
f 814/484/84 811/485/83 812/482/83
f 816/486/85 813/487/84 814/484/84
f 818/488/86 815/489/85 816/486/85
f 820/490/87 817/491/86 818/488/86
f 822/492/88 819/493/87 820/490/87
f 824/494/89 821/495/90 822/492/88
f 826/496/91 823/497/89 824/494/89
f 828/498/92 825/499/91 826/496/91
f 830/500/93 827/501/92 828/498/92
f 832/502/94 829/503/93 830/500/93
f 834/504/95 831/505/94 832/502/94
f 836/506/96 833/507/95 834/504/95
f 838/508/97 835/509/96 836/506/96
f 840/510/98 837/511/97 838/508/97
f 842/512/99 839/513/98 840/510/98
f 844/514/100 841/515/99 842/512/99
f 846/516/101 843/517/100 844/514/100
f 848/518/102 845/519/101 846/516/101
f 850/520/103 847/521/102 848/518/102
f 852/522/104 849/523/103 850/520/103
f 854/524/105 851/525/104 852/522/104
f 856/526/106 853/527/105 854/524/105
f 858/528/107 855/529/106 856/526/106
f 860/530/108 857/531/107 858/528/107
f 862/532/109 859/533/108 860/530/108
f 864/534/110 861/535/109 862/532/109
f 866/536/111 863/537/110 864/534/110
f 868/538/112 865/539/111 866/536/111
f 870/540/113 867/541/112 868/538/112
f 872/542/114 869/543/113 870/540/113
f 874/544/115 871/545/114 872/542/114
f 876/546/116 873/547/115 874/544/115
f 878/548/117 875/549/116 876/546/116
f 880/550/118 877/551/117 878/548/117
f 882/552/119 879/553/118 880/550/118
f 884/554/120 881/555/119 882/552/119
f 886/556/121 883/557/120 884/554/120
f 888/558/122 885/559/121 886/556/121
f 890/560/123 887/561/122 888/558/122
f 892/562/124 889/563/123 890/560/123
f 894/564/125 891/565/124 892/562/124
f 896/566/126 893/567/125 894/564/125
f 898/568/127 895/569/126 896/566/126
f 900/570/128 897/571/127 898/568/127
f 902/572/129 899/573/128 900/570/128
f 904/574/130 901/575/129 902/572/129
f 906/576/131 903/577/130 904/574/130
f 908/578/132 905/579/131 906/576/131
f 910/580/133 907/581/132 908/578/132
f 912/582/134 909/583/135 910/580/133
f 914/584/136 911/585/134 912/582/134
f 916/586/137 913/587/136 914/584/136
f 918/588/138 915/589/137 916/586/137
f 920/590/139 917/591/140 918/588/138
f 922/592/141 919/593/139 920/590/139
f 924/594/142 921/595/141 922/592/141
f 926/596/143 923/597/142 924/594/142
f 928/598/144 925/599/145 926/596/143
f 930/600/146 927/601/147 928/598/144
f 932/602/148 929/603/146 930/600/146
f 934/604/149 931/605/148 932/602/148
f 936/606/150 933/607/149 934/604/149
f 938/608/151 935/609/150 936/606/150
f 940/610/152 937/611/151 938/608/151
f 942/612/153 939/613/152 940/610/152
f 944/614/154 941/615/153 942/612/153
f 946/616/155 943/617/154 944/614/154
f 948/618/156 945/619/155 946/616/155
f 950/620/157 947/621/156 948/618/156
f 952/622/158 949/623/159 950/620/157
f 954/624/160 951/625/158 952/622/158
f 956/626/161 953/627/160 954/624/160
f 958/628/162 955/629/161 956/626/161
f 960/630/163 957/631/162 958/628/162
f 962/632/164 959/633/163 960/630/163
f 964/634/165 961/635/164 962/632/164
f 966/636/166 963/637/165 964/634/165
f 968/638/167 965/639/166 966/636/166
f 970/640/168 967/641/167 968/638/167
f 972/642/169 969/643/168 970/640/168
f 974/644/170 971/645/169 972/642/169
f 976/646/171 973/647/170 974/644/170
f 978/648/172 975/649/171 976/646/171
f 980/650/173 977/651/172 978/648/172
f 982/652/174 979/653/173 980/650/173
f 984/654/175 981/655/174 982/652/174
f 986/656/176 983/657/175 984/654/175
f 988/658/177 985/659/176 986/656/176
f 990/660/178 987/661/177 988/658/177
f 992/662/179 989/663/178 990/660/178
f 994/664/180 991/665/179 992/662/179
f 996/666/181 993/667/180 994/664/180
f 998/668/182 995/669/181 996/666/181
f 1000/670/183 997/671/182 998/668/182
f 1002/672/184 999/673/183 1000/670/183
f 1004/674/185 1001/675/184 1002/672/184
f 1006/676/186 1003/677/185 1004/674/185
f 1008/678/187 1005/679/186 1006/676/186
f 1010/680/188 1007/681/187 1008/678/187
f 1012/682/189 1009/683/188 1010/680/188
f 1014/684/190 1011/685/189 1012/682/189
f 1016/686/191 1013/687/192 1014/684/190
f 1018/688/193 1015/689/191 1016/686/191
f 1020/690/194 1017/691/193 1018/688/193
f 1022/692/195 1019/693/194 1020/690/194
f 1024/694/196 1021/695/197 1022/692/195
f 1026/696/198 1023/697/196 1024/694/196
f 1028/698/199 1025/699/198 1026/696/198
f 1030/700/200 1027/701/199 1028/698/199
f 1032/702/201 1029/703/200 1030/700/200
f 1034/704/202 1031/705/201 1032/702/201
f 1036/706/203 1033/707/202 1034/704/202
f 1038/708/204 1035/709/203 1036/706/203
f 1040/710/205 1037/711/204 1038/708/204
f 1042/712/206 1039/713/205 1040/710/205
f 1044/714/207 1041/715/206 1042/712/206
f 1046/716/208 1043/717/207 1044/714/207
f 1048/718/209 1045/719/208 1046/716/208
f 1050/720/210 1047/721/209 1048/718/209
f 1052/722/211 1049/723/212 1050/720/210
f 1054/724/213 1051/725/211 1052/722/211
f 1056/726/214 1053/727/213 1054/724/213
f 1058/728/215 1055/729/214 1056/726/214
f 1060/730/216 1057/731/215 1058/728/215
f 1062/732/217 1059/733/216 1060/730/216
f 1064/734/218 1061/735/217 1062/732/217
f 1066/736/219 1063/737/218 1064/734/218
f 1068/738/220 1065/739/219 1066/736/219
f 1070/740/221 1067/741/220 1068/738/220
f 1072/742/222 1069/743/221 1070/740/221
f 1074/744/223 1071/745/222 1072/742/222
f 1076/746/224 1073/747/223 1074/744/223
f 1078/748/225 1075/749/224 1076/746/224
f 1080/750/226 1077/751/225 1078/748/225
f 1082/752/227 1079/753/226 1080/750/226
f 1084/754/228 1081/755/227 1082/752/227
f 1086/756/229 1083/757/228 1084/754/228
f 1088/758/230 1085/759/229 1086/756/229
f 1090/760/231 1087/761/230 1088/758/230
f 1092/762/232 1089/763/231 1090/760/231
f 1094/764/233 1091/765/232 1092/762/232
f 1096/766/234 1093/767/233 1094/764/233
f 1098/768/235 1095/769/234 1096/766/234
f 1100/770/236 1097/771/235 1098/768/235
f 1102/772/237 1099/773/236 1100/770/236
f 1104/774/238 1101/775/237 1102/772/237
f 1106/776/239 1103/777/238 1104/774/238
f 1108/778/240 1105/779/239 1106/776/239
f 1110/780/241 1107/781/240 1108/778/240
f 1112/782/242 1109/783/241 1110/780/241
f 1114/784/243 1111/785/242 1112/782/242
f 1116/786/244 1113/787/243 1114/784/243
f 1118/788/245 1115/789/244 1116/786/244
f 1120/790/246 1117/791/245 1118/788/245
f 1122/792/247 1119/793/246 1120/790/246
f 1124/794/248 1121/795/247 1122/792/247
f 1126/796/249 1123/797/248 1124/794/248
f 1128/798/250 1125/799/249 1126/796/249
f 1130/800/251 1127/801/250 1128/798/250
f 1132/802/252 1129/803/251 1130/800/251
f 1134/804/253 1131/805/252 1132/802/252
f 1136/806/254 1133/807/253 1134/804/253
f 1138/808/255 1135/809/254 1136/806/254
f 1140/810/256 1137/811/255 1138/808/255
f 1142/812/257 1139/813/256 1140/810/256
f 1144/814/258 1141/815/257 1142/812/257
f 1146/816/259 1143/817/258 1144/814/258
f 1148/818/260 1145/819/259 1146/816/259
f 1150/820/261 1147/821/260 1148/818/260
f 1152/822/262 1149/823/261 1150/820/261
f 1154/824/263 1151/825/262 1152/822/262
f 1156/826/264 1153/827/263 1154/824/263
f 1158/828/265 1155/829/264 1156/826/264
f 1160/830/266 1157/831/265 1158/828/265
f 1162/832/267 1159/833/266 1160/830/266
f 1164/834/268 1161/835/267 1162/832/267
f 1166/836/269 1163/837/268 1164/834/268
f 1168/838/270 1165/839/269 1166/836/269
f 1170/840/271 1167/841/272 1168/838/270
f 1172/842/273 1169/843/271 1170/840/271
f 1174/844/274 1171/845/275 1172/842/273
f 1176/846/276 1173/847/274 1174/844/274
f 1178/848/277 1175/849/276 1176/846/276
f 1180/850/278 1177/851/277 1178/848/277
f 1182/852/279 1179/853/278 1180/850/278
f 1184/854/280 1181/855/279 1182/852/279
f 1186/856/281 1183/857/280 1184/854/280
f 1188/858/282 1185/859/281 1186/856/281
f 1190/860/283 1187/861/282 1188/858/282
f 1192/862/284 1189/863/285 1190/860/283
f 1194/864/286 1191/865/284 1192/862/284
f 1196/866/287 1193/867/286 1194/864/286
f 1198/868/288 1195/869/287 1196/866/287
f 1200/870/289 1197/871/288 1198/868/288
f 1202/872/290 1199/873/289 1200/870/289
f 1204/874/291 1201/875/290 1202/872/290
f 1206/876/292 1203/877/291 1204/874/291
f 1208/878/293 1205/879/292 1206/876/292
f 1210/880/294 1207/881/293 1208/878/293
f 1212/882/295 1209/883/294 1210/880/294
f 1214/884/296 1211/885/295 1212/882/295
f 1216/886/297 1213/887/296 1214/884/296
f 1218/888/298 1215/889/297 1216/886/297
f 1220/890/299 1217/891/298 1218/888/298
f 1222/892/300 1219/893/299 1220/890/299
f 1224/894/301 1221/895/300 1222/892/300
f 1226/896/302 1223/897/301 1224/894/301
f 1228/898/303 1225/899/302 1226/896/302
f 1230/900/304 1227/901/303 1228/898/303
f 1232/902/305 1229/903/304 1230/900/304
f 1234/904/306 1231/905/305 1232/902/305
f 1236/906/307 1233/907/306 1234/904/306
f 1238/908/308 1235/909/307 1236/906/307
f 1240/910/309 1237/911/308 1238/908/308
f 1242/912/310 1239/913/309 1240/910/309
f 1244/914/311 1241/915/310 1242/912/310
f 1246/916/312 1243/917/311 1244/914/311
f 1248/918/313 1245/919/312 1246/916/312
f 1250/920/314 1247/921/313 1248/918/313
f 1252/922/315 1249/923/314 1250/920/314
f 1254/924/316 1251/925/315 1252/922/315
f 1256/926/317 1253/927/316 1254/924/316
f 1258/928/318 1255/929/317 1256/926/317
f 1260/930/319 1257/931/318 1258/928/318
f 1262/932/320 1259/933/319 1260/930/319
f 1264/934/321 1261/935/320 1262/932/320
f 1266/936/322 1263/937/321 1264/934/321
f 1268/938/323 1265/939/322 1266/936/322
f 1270/940/324 1267/941/323 1268/938/323
f 1272/942/325 1269/943/324 1270/940/324
f 1274/944/175 1271/945/325 1272/942/325
f 1276/946/326 1273/947/175 1274/944/175
f 1278/948/327 1275/949/326 1276/946/326
f 1280/950/328 1277/951/327 1278/948/327
f 1282/952/329 1279/953/328 1280/950/328
f 1284/954/330 1281/955/329 1282/952/329
f 1286/956/331 1283/957/330 1284/954/330
f 1288/958/332 1285/959/331 1286/956/331
f 1290/960/333 1287/961/332 1288/958/332
f 1292/962/334 1289/963/333 1290/960/333
f 1294/964/335 1291/965/334 1292/962/334
f 1296/966/336 1293/967/335 1294/964/335
f 1298/968/337 1295/969/336 1296/966/336
f 1300/970/338 1297/971/337 1298/968/337
f 1302/972/339 1299/973/338 1300/970/338
f 1304/974/340 1301/975/339 1302/972/339
f 1306/976/341 1303/977/340 1304/974/340
f 1308/978/342 1305/979/341 1306/976/341
f 656/980/4 1307/981/342 1308/978/342
f 658/328/3 657/331/3 655/304/4
f 660/330/5 659/333/5 657/331/3
f 662/332/6 661/335/6 659/333/5
f 664/334/7 663/337/7 661/335/6
f 666/336/8 665/339/8 663/337/7
f 668/338/9 667/341/9 665/339/8
f 670/340/10 669/343/10 667/341/9
f 672/342/11 671/345/11 669/343/10
f 674/344/12 673/347/12 671/345/11
f 676/346/13 675/349/13 673/347/12
f 678/348/14 677/351/14 675/349/13
f 680/350/15 679/353/15 677/351/14
f 682/352/16 681/355/18 679/353/15
f 684/354/17 683/357/17 681/355/18
f 686/356/19 685/359/19 683/357/17
f 688/358/20 687/361/20 685/359/19
f 690/360/21 689/363/21 687/361/20
f 692/362/22 691/365/22 689/363/21
f 694/364/23 693/367/23 691/365/22
f 696/366/24 695/369/24 693/367/23
f 698/368/25 697/371/25 695/369/24
f 700/370/26 699/373/26 697/371/25
f 702/372/27 701/375/27 699/373/26
f 704/374/28 703/377/28 701/375/27
f 706/376/29 705/379/29 703/377/28
f 708/378/30 707/381/30 705/379/29
f 710/380/31 709/383/31 707/381/30
f 712/382/32 711/385/32 709/383/31
f 714/384/33 713/387/33 711/385/32
f 716/386/34 715/389/34 713/387/33
f 718/388/35 717/391/35 715/389/34
f 720/390/36 719/393/36 717/391/35
f 722/392/37 721/395/37 719/393/36
f 724/394/38 723/397/38 721/395/37
f 726/396/39 725/399/39 723/397/38
f 728/398/40 727/401/40 725/399/39
f 730/400/41 729/403/41 727/401/40
f 732/402/42 731/405/42 729/403/41
f 734/404/43 733/407/43 731/405/42
f 736/406/44 735/409/44 733/407/43
f 738/408/45 737/411/45 735/409/44
f 740/410/46 739/413/46 737/411/45
f 742/412/47 741/415/47 739/413/46
f 744/414/48 743/417/48 741/415/47
f 746/416/49 745/419/49 743/417/48
f 748/418/50 747/421/50 745/419/49
f 750/420/51 749/423/51 747/421/50
f 752/422/52 751/425/52 749/423/51
f 754/424/53 753/427/53 751/425/52
f 756/426/54 755/429/54 753/427/53
f 758/428/55 757/431/55 755/429/54
f 760/430/56 759/433/56 757/431/55
f 762/432/57 761/435/57 759/433/56
f 764/434/58 763/437/58 761/435/57
f 766/436/59 765/439/59 763/437/58
f 768/438/60 767/441/60 765/439/59
f 770/440/61 769/443/61 767/441/60
f 772/442/62 771/445/62 769/443/61
f 774/444/63 773/447/63 771/445/62
f 776/446/64 775/449/64 773/447/63
f 778/448/65 777/451/65 775/449/64
f 780/450/66 779/453/66 777/451/65
f 782/452/67 781/455/67 779/453/66
f 784/454/68 783/457/68 781/455/67
f 786/456/69 785/459/69 783/457/68
f 788/458/70 787/461/70 785/459/69
f 790/460/71 789/463/71 787/461/70
f 792/462/72 791/465/72 789/463/71
f 794/464/73 793/467/73 791/465/72
f 796/466/74 795/469/74 793/467/73
f 798/468/75 797/471/75 795/469/74
f 800/470/76 799/473/76 797/471/75
f 802/472/77 801/475/77 799/473/76
f 804/474/78 803/477/80 801/475/77
f 806/476/79 805/479/79 803/477/80
f 808/478/81 807/481/81 805/479/79
f 810/480/82 809/483/82 807/481/81
f 812/482/83 811/485/83 809/483/82
f 814/484/84 813/487/84 811/485/83
f 816/486/85 815/489/85 813/487/84
f 818/488/86 817/491/86 815/489/85
f 820/490/87 819/493/87 817/491/86
f 822/492/88 821/495/90 819/493/87
f 824/494/89 823/497/89 821/495/90
f 826/496/91 825/499/91 823/497/89
f 828/498/92 827/501/92 825/499/91
f 830/500/93 829/503/93 827/501/92
f 832/502/94 831/505/94 829/503/93
f 834/504/95 833/507/95 831/505/94
f 836/506/96 835/509/96 833/507/95
f 838/508/97 837/511/97 835/509/96
f 840/510/98 839/513/98 837/511/97
f 842/512/99 841/515/99 839/513/98
f 844/514/100 843/517/100 841/515/99
f 846/516/101 845/519/101 843/517/100
f 848/518/102 847/521/102 845/519/101
f 850/520/103 849/523/103 847/521/102
f 852/522/104 851/525/104 849/523/103
f 854/524/105 853/527/105 851/525/104
f 856/526/106 855/529/106 853/527/105
f 858/528/107 857/531/107 855/529/106
f 860/530/108 859/533/108 857/531/107
f 862/532/109 861/535/109 859/533/108
f 864/534/110 863/537/110 861/535/109
f 866/536/111 865/539/111 863/537/110
f 868/538/112 867/541/112 865/539/111
f 870/540/113 869/543/113 867/541/112
f 872/542/114 871/545/114 869/543/113
f 874/544/115 873/547/115 871/545/114
f 876/546/116 875/549/116 873/547/115
f 878/548/117 877/551/117 875/549/116
f 880/550/118 879/553/118 877/551/117
f 882/552/119 881/555/119 879/553/118
f 884/554/120 883/557/120 881/555/119
f 886/556/121 885/559/121 883/557/120
f 888/558/122 887/561/122 885/559/121
f 890/560/123 889/563/123 887/561/122
f 892/562/124 891/565/124 889/563/123
f 894/564/125 893/567/125 891/565/124
f 896/566/126 895/569/126 893/567/125
f 898/568/127 897/571/127 895/569/126
f 900/570/128 899/573/128 897/571/127
f 902/572/129 901/575/129 899/573/128
f 904/574/130 903/577/130 901/575/129
f 906/576/131 905/579/131 903/577/130
f 908/578/132 907/581/132 905/579/131
f 910/580/133 909/583/135 907/581/132
f 912/582/134 911/585/134 909/583/135
f 914/584/136 913/587/136 911/585/134
f 916/586/137 915/589/137 913/587/136
f 918/588/138 917/591/140 915/589/137
f 920/590/139 919/593/139 917/591/140
f 922/592/141 921/595/141 919/593/139
f 924/594/142 923/597/142 921/595/141
f 926/596/143 925/599/145 923/597/142
f 928/598/144 927/601/147 925/599/145
f 930/600/146 929/603/146 927/601/147
f 932/602/148 931/605/148 929/603/146
f 934/604/149 933/607/149 931/605/148
f 936/606/150 935/609/150 933/607/149
f 938/608/151 937/611/151 935/609/150
f 940/610/152 939/613/152 937/611/151
f 942/612/153 941/615/153 939/613/152
f 944/614/154 943/617/154 941/615/153
f 946/616/155 945/619/155 943/617/154
f 948/618/156 947/621/156 945/619/155
f 950/620/157 949/623/159 947/621/156
f 952/622/158 951/625/158 949/623/159
f 954/624/160 953/627/160 951/625/158
f 956/626/161 955/629/161 953/627/160
f 958/628/162 957/631/162 955/629/161
f 960/630/163 959/633/163 957/631/162
f 962/632/164 961/635/164 959/633/163
f 964/634/165 963/637/165 961/635/164
f 966/636/166 965/639/166 963/637/165
f 968/638/167 967/641/167 965/639/166
f 970/640/168 969/643/168 967/641/167
f 972/642/169 971/645/169 969/643/168
f 974/644/170 973/647/170 971/645/169
f 976/646/171 975/649/171 973/647/170
f 978/648/172 977/651/172 975/649/171
f 980/650/173 979/653/173 977/651/172
f 982/652/174 981/655/174 979/653/173
f 984/654/175 983/657/175 981/655/174
f 986/656/176 985/659/176 983/657/175
f 988/658/177 987/661/177 985/659/176
f 990/660/178 989/663/178 987/661/177
f 992/662/179 991/665/179 989/663/178
f 994/664/180 993/667/180 991/665/179
f 996/666/181 995/669/181 993/667/180
f 998/668/182 997/671/182 995/669/181
f 1000/670/183 999/673/183 997/671/182
f 1002/672/184 1001/675/184 999/673/183
f 1004/674/185 1003/677/185 1001/675/184
f 1006/676/186 1005/679/186 1003/677/185
f 1008/678/187 1007/681/187 1005/679/186
f 1010/680/188 1009/683/188 1007/681/187
f 1012/682/189 1011/685/189 1009/683/188
f 1014/684/190 1013/687/192 1011/685/189
f 1016/686/191 1015/689/191 1013/687/192
f 1018/688/193 1017/691/193 1015/689/191
f 1020/690/194 1019/693/194 1017/691/193
f 1022/692/195 1021/695/197 1019/693/194
f 1024/694/196 1023/697/196 1021/695/197
f 1026/696/198 1025/699/198 1023/697/196
f 1028/698/199 1027/701/199 1025/699/198
f 1030/700/200 1029/703/200 1027/701/199
f 1032/702/201 1031/705/201 1029/703/200
f 1034/704/202 1033/707/202 1031/705/201
f 1036/706/203 1035/709/203 1033/707/202
f 1038/708/204 1037/711/204 1035/709/203
f 1040/710/205 1039/713/205 1037/711/204
f 1042/712/206 1041/715/206 1039/713/205
f 1044/714/207 1043/717/207 1041/715/206
f 1046/716/208 1045/719/208 1043/717/207
f 1048/718/209 1047/721/209 1045/719/208
f 1050/720/210 1049/723/212 1047/721/209
f 1052/722/211 1051/725/211 1049/723/212
f 1054/724/213 1053/727/213 1051/725/211
f 1056/726/214 1055/729/214 1053/727/213
f 1058/728/215 1057/731/215 1055/729/214
f 1060/730/216 1059/733/216 1057/731/215
f 1062/732/217 1061/735/217 1059/733/216
f 1064/734/218 1063/737/218 1061/735/217
f 1066/736/219 1065/739/219 1063/737/218
f 1068/738/220 1067/741/220 1065/739/219
f 1070/740/221 1069/743/221 1067/741/220
f 1072/742/222 1071/745/222 1069/743/221
f 1074/744/223 1073/747/223 1071/745/222
f 1076/746/224 1075/749/224 1073/747/223
f 1078/748/225 1077/751/225 1075/749/224
f 1080/750/226 1079/753/226 1077/751/225
f 1082/752/227 1081/755/227 1079/753/226
f 1084/754/228 1083/757/228 1081/755/227
f 1086/756/229 1085/759/229 1083/757/228
f 1088/758/230 1087/761/230 1085/759/229
f 1090/760/231 1089/763/231 1087/761/230
f 1092/762/232 1091/765/232 1089/763/231
f 1094/764/233 1093/767/233 1091/765/232
f 1096/766/234 1095/769/234 1093/767/233
f 1098/768/235 1097/771/235 1095/769/234
f 1100/770/236 1099/773/236 1097/771/235
f 1102/772/237 1101/775/237 1099/773/236
f 1104/774/238 1103/777/238 1101/775/237
f 1106/776/239 1105/779/239 1103/777/238
f 1108/778/240 1107/781/240 1105/779/239
f 1110/780/241 1109/783/241 1107/781/240
f 1112/782/242 1111/785/242 1109/783/241
f 1114/784/243 1113/787/243 1111/785/242
f 1116/786/244 1115/789/244 1113/787/243
f 1118/788/245 1117/791/245 1115/789/244
f 1120/790/246 1119/793/246 1117/791/245
f 1122/792/247 1121/795/247 1119/793/246
f 1124/794/248 1123/797/248 1121/795/247
f 1126/796/249 1125/799/249 1123/797/248
f 1128/798/250 1127/801/250 1125/799/249
f 1130/800/251 1129/803/251 1127/801/250
f 1132/802/252 1131/805/252 1129/803/251
f 1134/804/253 1133/807/253 1131/805/252
f 1136/806/254 1135/809/254 1133/807/253
f 1138/808/255 1137/811/255 1135/809/254
f 1140/810/256 1139/813/256 1137/811/255
f 1142/812/257 1141/815/257 1139/813/256
f 1144/814/258 1143/817/258 1141/815/257
f 1146/816/259 1145/819/259 1143/817/258
f 1148/818/260 1147/821/260 1145/819/259
f 1150/820/261 1149/823/261 1147/821/260
f 1152/822/262 1151/825/262 1149/823/261
f 1154/824/263 1153/827/263 1151/825/262
f 1156/826/264 1155/829/264 1153/827/263
f 1158/828/265 1157/831/265 1155/829/264
f 1160/830/266 1159/833/266 1157/831/265
f 1162/832/267 1161/835/267 1159/833/266
f 1164/834/268 1163/837/268 1161/835/267
f 1166/836/269 1165/839/269 1163/837/268
f 1168/838/270 1167/841/272 1165/839/269
f 1170/840/271 1169/843/271 1167/841/272
f 1172/842/273 1171/845/275 1169/843/271
f 1174/844/274 1173/847/274 1171/845/275
f 1176/846/276 1175/849/276 1173/847/274
f 1178/848/277 1177/851/277 1175/849/276
f 1180/850/278 1179/853/278 1177/851/277
f 1182/852/279 1181/855/279 1179/853/278
f 1184/854/280 1183/857/280 1181/855/279
f 1186/856/281 1185/859/281 1183/857/280
f 1188/858/282 1187/861/282 1185/859/281
f 1190/860/283 1189/863/285 1187/861/282
f 1192/862/284 1191/865/284 1189/863/285
f 1194/864/286 1193/867/286 1191/865/284
f 1196/866/287 1195/869/287 1193/867/286
f 1198/868/288 1197/871/288 1195/869/287
f 1200/870/289 1199/873/289 1197/871/288
f 1202/872/290 1201/875/290 1199/873/289
f 1204/874/291 1203/877/291 1201/875/290
f 1206/876/292 1205/879/292 1203/877/291
f 1208/878/293 1207/881/293 1205/879/292
f 1210/880/294 1209/883/294 1207/881/293
f 1212/882/295 1211/885/295 1209/883/294
f 1214/884/296 1213/887/296 1211/885/295
f 1216/886/297 1215/889/297 1213/887/296
f 1218/888/298 1217/891/298 1215/889/297
f 1220/890/299 1219/893/299 1217/891/298
f 1222/892/300 1221/895/300 1219/893/299
f 1224/894/301 1223/897/301 1221/895/300
f 1226/896/302 1225/899/302 1223/897/301
f 1228/898/303 1227/901/303 1225/899/302
f 1230/900/304 1229/903/304 1227/901/303
f 1232/902/305 1231/905/305 1229/903/304
f 1234/904/306 1233/907/306 1231/905/305
f 1236/906/307 1235/909/307 1233/907/306
f 1238/908/308 1237/911/308 1235/909/307
f 1240/910/309 1239/913/309 1237/911/308
f 1242/912/310 1241/915/310 1239/913/309
f 1244/914/311 1243/917/311 1241/915/310
f 1246/916/312 1245/919/312 1243/917/311
f 1248/918/313 1247/921/313 1245/919/312
f 1250/920/314 1249/923/314 1247/921/313
f 1252/922/315 1251/925/315 1249/923/314
f 1254/924/316 1253/927/316 1251/925/315
f 1256/926/317 1255/929/317 1253/927/316
f 1258/928/318 1257/931/318 1255/929/317
f 1260/930/319 1259/933/319 1257/931/318
f 1262/932/320 1261/935/320 1259/933/319
f 1264/934/321 1263/937/321 1261/935/320
f 1266/936/322 1265/939/322 1263/937/321
f 1268/938/323 1267/941/323 1265/939/322
f 1270/940/324 1269/943/324 1267/941/323
f 1272/942/325 1271/945/325 1269/943/324
f 1274/944/175 1273/947/175 1271/945/325
f 1276/946/326 1275/949/326 1273/947/175
f 1278/948/327 1277/951/327 1275/949/326
f 1280/950/328 1279/953/328 1277/951/327
f 1282/952/329 1281/955/329 1279/953/328
f 1284/954/330 1283/957/330 1281/955/329
f 1286/956/331 1285/959/331 1283/957/330
f 1288/958/332 1287/961/332 1285/959/331
f 1290/960/333 1289/963/333 1287/961/332
f 1292/962/334 1291/965/334 1289/963/333
f 1294/964/335 1293/967/335 1291/965/334
f 1296/966/336 1295/969/336 1293/967/335
f 1298/968/337 1297/971/337 1295/969/336
f 1300/970/338 1299/973/338 1297/971/337
f 1302/972/339 1301/975/339 1299/973/338
f 1304/974/340 1303/977/340 1301/975/339
f 1306/976/341 1305/979/341 1303/977/340
f 1308/978/342 1307/981/342 1305/979/341
f 656/980/4 655/306/4 1307/981/342
