# Blender 4.4.1
# www.blender.org
mtllib clover.mtl
o テキスト.001
v 1.581461 0.015609 1.445899
v 1.551579 0.015609 1.452930
v 1.551579 0.015609 0.707628
v 1.581461 0.015609 0.714659
v 1.586582 0.015609 0.738151
v 1.591691 0.015609 0.760288
v 1.596787 0.015609 0.781071
v 1.601871 0.015609 0.800498
v 1.606943 0.015609 0.818570
v 1.612003 0.015609 0.835287
v 1.617050 0.015609 0.850650
v 1.622086 0.015609 0.864657
v 1.627109 0.015609 0.877309
v 1.632120 0.015609 0.888607
v 1.637118 0.015609 0.898549
v 1.642105 0.015609 0.907137
v 1.649874 0.015609 0.918822
v 1.658242 0.015609 0.930147
v 1.667208 0.015609 0.941112
v 1.676772 0.015609 0.951716
v 1.686934 0.015609 0.961961
v 1.697695 0.015609 0.971846
v 1.709053 0.015609 0.981370
v 1.721010 0.015609 0.990534
v 1.733565 0.015609 0.999338
v 1.746717 0.015609 1.007782
v 1.760468 0.015609 1.015866
v 1.774818 0.015609 1.023590
v 1.789533 0.015609 1.030820
v 1.804383 0.015609 1.037421
v 1.819367 0.015609 1.043393
v 1.834485 0.015609 1.048736
v 1.849737 0.015609 1.053451
v 1.865124 0.015609 1.057538
v 1.880645 0.015609 1.060995
v 1.896300 0.015609 1.063824
v 1.912090 0.015609 1.066024
v 1.928014 0.015609 1.067596
v 1.944072 0.015609 1.068539
v 1.960264 0.015609 1.068853
v 1.962693 0.015609 1.068847
v 1.965293 0.015609 1.068829
v 1.968064 0.015609 1.068798
v 1.971006 0.015609 1.068756
v 1.974119 0.015609 1.068701
v 1.977403 0.015609 1.068634
v 1.980857 0.015609 1.068554
v 1.984483 0.015609 1.068463
v 1.988279 0.015609 1.068359
v 1.992246 0.015609 1.068243
v 1.996384 0.015609 1.068115
v 2.000693 0.015609 1.067974
v 1.982938 0.015609 1.058877
v 1.966001 0.015609 1.049457
v 1.949882 0.015609 1.039712
v 1.934581 0.015609 1.029645
v 1.920097 0.015609 1.019254
v 1.906432 0.015609 1.008539
v 1.893584 0.015609 0.997501
v 1.881554 0.015609 0.986140
v 1.870342 0.015609 0.974455
v 1.859948 0.015609 0.962446
v 1.850372 0.015609 0.950114
v 1.841614 0.015609 0.937459
v 1.833612 0.015609 0.924620
v 1.826306 0.015609 0.911739
v 1.819696 0.015609 0.898815
v 1.813782 0.015609 0.885848
v 1.808563 0.015609 0.872839
v 1.804041 0.015609 0.859787
v 1.800214 0.015609 0.846692
v 1.797083 0.015609 0.833554
v 1.794648 0.015609 0.820374
v 1.792908 0.015609 0.807151
v 1.791865 0.015609 0.793885
v 1.791517 0.015609 0.780576
v 1.792011 0.015609 0.763798
v 1.793494 0.015609 0.747447
v 1.795966 0.015609 0.731523
v 1.799427 0.015609 0.716026
v 1.803876 0.015609 0.700957
v 1.809314 0.015609 0.686315
v 1.815741 0.015609 0.672100
v 1.823157 0.015609 0.658312
v 1.831561 0.015609 0.644952
v 1.840954 0.015609 0.632019
v 1.851336 0.015609 0.619513
v 1.862707 0.015609 0.607434
v 1.874798 0.015609 0.596063
v 1.887341 0.015609 0.585682
v 1.900335 0.015609 0.576288
v 1.913781 0.015609 0.567884
v 1.927678 0.015609 0.560468
v 1.942027 0.015609 0.554041
v 1.956828 0.015609 0.548603
v 1.972080 0.015609 0.544154
v 1.987785 0.015609 0.540693
v 2.003940 0.015609 0.538221
v 2.020548 0.015609 0.536738
v 2.037607 0.015609 0.536244
v 2.054376 0.015609 0.536695
v 2.070700 0.015609 0.538050
v 2.086578 0.015609 0.540309
v 2.102010 0.015609 0.543470
v 2.116997 0.015609 0.547535
v 2.131538 0.015609 0.552503
v 2.145634 0.015609 0.558375
v 2.159285 0.015609 0.565150
v 2.172489 0.015609 0.572828
v 2.185249 0.015609 0.581409
v 2.197562 0.015609 0.590894
v 2.209430 0.015609 0.601282
v 2.220591 0.015609 0.612244
v 2.230780 0.015609 0.623450
v 2.240000 0.015609 0.634900
v 2.248248 0.015609 0.646594
v 2.255527 0.015609 0.658532
v 2.261835 0.015609 0.670714
v 2.267172 0.015609 0.683141
v 2.271539 0.015609 0.695812
v 2.274935 0.015609 0.708727
v 2.277362 0.015609 0.721886
v 2.278817 0.015609 0.735289
v 2.279303 0.015609 0.748936
v 2.278991 0.015609 0.757987
v 2.278058 0.015609 0.767564
v 2.276501 0.015609 0.777665
v 2.274322 0.015609 0.788291
v 2.271521 0.015609 0.799442
v 2.268097 0.015609 0.811118
v 2.264050 0.015609 0.823318
v 2.259381 0.015609 0.836044
v 2.254089 0.015609 0.849295
v 2.248175 0.015609 0.863070
v 2.241638 0.015609 0.877370
v 2.234479 0.015609 0.892196
v 2.244522 0.015609 0.886223
v 2.254144 0.015609 0.880611
v 2.263345 0.015609 0.875359
v 2.272125 0.015609 0.870467
v 2.280484 0.015609 0.865936
v 2.288421 0.015609 0.861764
v 2.295938 0.015609 0.857952
v 2.303033 0.015609 0.854501
v 2.309707 0.015609 0.851410
v 2.315960 0.015609 0.848678
v 2.321792 0.015609 0.846307
v 2.327202 0.015609 0.844296
v 2.332436 0.015609 0.842541
v 2.337737 0.015609 0.840939
v 2.343105 0.015609 0.839490
v 2.348540 0.015609 0.838193
v 2.354042 0.015609 0.837048
v 2.359612 0.015609 0.836056
v 2.365248 0.015609 0.835217
v 2.370952 0.015609 0.834530
v 2.376722 0.015609 0.833996
v 2.382560 0.015609 0.833615
v 2.388465 0.015609 0.833386
v 2.394438 0.015609 0.833310
v 2.410923 0.015609 0.833792
v 2.426981 0.015609 0.835239
v 2.442612 0.015609 0.837649
v 2.457816 0.015609 0.841025
v 2.472592 0.015609 0.845364
v 2.486941 0.015609 0.850668
v 2.500863 0.015609 0.856936
v 2.514358 0.015609 0.864169
v 2.527425 0.015609 0.872366
v 2.540065 0.015609 0.881527
v 2.552278 0.015609 0.891652
v 2.564064 0.015609 0.902742
v 2.575154 0.015609 0.914553
v 2.585279 0.015609 0.926839
v 2.594441 0.015609 0.939601
v 2.602638 0.015609 0.952839
v 2.609870 0.015609 0.966554
v 2.616138 0.015609 0.980744
v 2.621442 0.015609 0.995411
v 2.625782 0.015609 1.010553
v 2.629157 0.015609 1.026172
v 2.631568 0.015609 1.042267
v 2.633015 0.015609 1.058838
v 2.633497 0.015609 1.075884
v 2.633014 0.015609 1.092940
v 2.631568 0.015609 1.109539
v 2.629157 0.015609 1.125679
v 2.625782 0.015609 1.141362
v 2.621442 0.015609 1.156587
v 2.616138 0.015609 1.171354
v 2.609870 0.015609 1.185664
v 2.602638 0.015609 1.199515
v 2.594440 0.015609 1.212909
v 2.585279 0.015609 1.225846
v 2.575154 0.015609 1.238324
v 2.564064 0.015609 1.250345
v 2.552309 0.015609 1.261645
v 2.540187 0.015609 1.271963
v 2.527700 0.015609 1.281298
v 2.514846 0.015609 1.289651
v 2.501626 0.015609 1.297021
v 2.488040 0.015609 1.303408
v 2.474087 0.015609 1.308813
v 2.459769 0.015609 1.313235
v 2.445084 0.015609 1.316674
v 2.430033 0.015609 1.319130
v 2.414616 0.015609 1.320604
v 2.398832 0.015609 1.321096
v 2.385740 0.015609 1.320675
v 2.372539 0.015609 1.319411
v 2.359227 0.015609 1.317305
v 2.345806 0.015609 1.314357
v 2.332274 0.015609 1.310567
v 2.318633 0.015609 1.305935
v 2.304882 0.015609 1.300460
v 2.291021 0.015609 1.294143
v 2.277050 0.015609 1.286983
v 2.262970 0.015609 1.278982
v 2.248779 0.015609 1.270138
v 2.234479 0.015609 1.260452
v 2.240125 0.015609 1.272348
v 2.245343 0.015609 1.283425
v 2.250134 0.015609 1.293685
v 2.254498 0.015609 1.303127
v 2.258435 0.015609 1.311751
v 2.261944 0.015609 1.319558
v 2.265027 0.015609 1.326546
v 2.267682 0.015609 1.332717
v 2.269909 0.015609 1.338069
v 2.271710 0.015609 1.342604
v 2.273083 0.015609 1.346321
v 2.274029 0.015609 1.349220
v 2.275152 0.015609 1.353218
v 2.276178 0.015609 1.357301
v 2.277105 0.015609 1.361470
v 2.277936 0.015609 1.365724
v 2.278668 0.015609 1.370063
v 2.279303 0.015609 1.374488
v 2.279840 0.015609 1.378999
v 2.280279 0.015609 1.383595
v 2.280621 0.015609 1.388276
v 2.280865 0.015609 1.393043
v 2.281012 0.015609 1.397895
v 2.281060 0.015609 1.402833
v 2.280581 0.015609 1.417319
v 2.279144 0.015609 1.431482
v 2.276748 0.015609 1.445322
v 2.273395 0.015609 1.458838
v 2.269083 0.015609 1.472030
v 2.263812 0.015609 1.484899
v 2.257584 0.015609 1.497445
v 2.250397 0.015609 1.509667
v 2.242252 0.015609 1.521566
v 2.233149 0.015609 1.533141
v 2.223087 0.015609 1.544392
v 2.212067 0.015609 1.555321
v 2.200340 0.015609 1.565639
v 2.188154 0.015609 1.575059
v 2.175511 0.015609 1.583583
v 2.162410 0.015609 1.591209
v 2.148851 0.015609 1.597938
v 2.134835 0.015609 1.603770
v 2.120360 0.015609 1.608704
v 2.105428 0.015609 1.612742
v 2.090038 0.015609 1.615882
v 2.074191 0.015609 1.618125
v 2.057886 0.015609 1.619471
v 2.041122 0.015609 1.619919
v 2.023779 0.015609 1.619428
v 2.006907 0.015609 1.617954
v 1.990504 0.015609 1.615497
v 1.974571 0.015609 1.612058
v 1.959108 0.015609 1.607636
v 1.944115 0.015609 1.602232
v 1.929591 0.015609 1.595844
v 1.915538 0.015609 1.588475
v 1.901955 0.015609 1.580122
v 1.888842 0.015609 1.570787
v 1.876199 0.015609 1.560469
v 1.864025 0.015609 1.549169
v 1.852584 0.015609 1.537178
v 1.842139 0.015609 1.524791
v 1.832687 0.015609 1.512008
v 1.824231 0.015609 1.498828
v 1.816770 0.015609 1.485250
v 1.810303 0.015609 1.471277
v 1.804831 0.015609 1.456906
v 1.800354 0.015609 1.442139
v 1.796872 0.015609 1.426975
v 1.794385 0.015609 1.411414
v 1.792893 0.015609 1.395457
v 1.792396 0.015609 1.379103
v 1.792582 0.015609 1.369853
v 1.793140 0.015609 1.360560
v 1.794071 0.015609 1.351225
v 1.795374 0.015609 1.341847
v 1.797049 0.015609 1.332427
v 1.799097 0.015609 1.322963
v 1.801517 0.015609 1.313457
v 1.804309 0.015609 1.303908
v 1.807474 0.015609 1.294317
v 1.811011 0.015609 1.284683
v 1.814920 0.015609 1.275006
v 1.819202 0.015609 1.265286
v 1.823795 0.015609 1.255652
v 1.828638 0.015609 1.246231
v 1.833731 0.015609 1.237024
v 1.839075 0.015609 1.228031
v 1.844668 0.015609 1.219251
v 1.850512 0.015609 1.210685
v 1.856607 0.015609 1.202332
v 1.862951 0.015609 1.194193
v 1.869546 0.015609 1.186268
v 1.876391 0.015609 1.178556
v 1.883486 0.015609 1.171058
v 1.890832 0.015609 1.163774
v 1.896563 0.015609 1.158543
v 1.902916 0.015609 1.153105
v 1.909893 0.015609 1.147459
v 1.917491 0.015609 1.141606
v 1.925713 0.015609 1.135545
v 1.934557 0.015609 1.129277
v 1.944023 0.015609 1.122801
v 1.954112 0.015609 1.116118
v 1.964823 0.015609 1.109227
v 1.976158 0.015609 1.102129
v 1.988114 0.015609 1.094823
v 2.000693 0.015609 1.087310
v 1.977808 0.015609 1.088143
v 1.955735 0.015609 1.089471
v 1.934474 0.015609 1.091293
v 1.914025 0.015609 1.093609
v 1.894387 0.015609 1.096419
v 1.875561 0.015609 1.099724
v 1.857547 0.015609 1.103524
v 1.840344 0.015609 1.107818
v 1.823953 0.015609 1.112606
v 1.808374 0.015609 1.117888
v 1.793607 0.015609 1.123665
v 1.779652 0.015609 1.129936
v 1.766294 0.015609 1.136745
v 1.753321 0.015609 1.144133
v 1.740733 0.015609 1.152101
v 1.728529 0.015609 1.160649
v 1.716710 0.015609 1.169776
v 1.705275 0.015609 1.179484
v 1.694225 0.015609 1.189771
v 1.683559 0.015609 1.200638
v 1.673278 0.015609 1.212085
v 1.663381 0.015609 1.224112
v 1.653869 0.015609 1.236719
v 1.644742 0.015609 1.249905
v 1.638797 0.015609 1.259591
v 1.632974 0.015609 1.270486
v 1.627273 0.015609 1.282589
v 1.621695 0.015609 1.295901
v 1.616238 0.015609 1.310421
v 1.610904 0.015609 1.326149
v 1.605692 0.015609 1.343086
v 1.600602 0.015609 1.361232
v 1.595633 0.015609 1.380586
v 1.590787 0.015609 1.401148
v 1.586063 0.015609 1.422919
v 1.581461 0.001609 1.445899
v 1.551579 0.001609 1.452930
v 1.551579 0.001609 0.707628
v 1.581461 0.001609 0.714659
v 1.586582 0.001609 0.738151
v 1.591691 0.001609 0.760288
v 1.596787 0.001609 0.781071
v 1.601871 0.001609 0.800498
v 1.606943 0.001609 0.818570
v 1.612003 0.001609 0.835287
v 1.617050 0.001609 0.850650
v 1.622086 0.001609 0.864657
v 1.627109 0.001609 0.877309
v 1.632120 0.001609 0.888607
v 1.637118 0.001609 0.898549
v 1.642105 0.001609 0.907137
v 1.649874 0.001609 0.918822
v 1.658242 0.001609 0.930147
v 1.667208 0.001609 0.941112
v 1.676772 0.001609 0.951716
v 1.686934 0.001609 0.961961
v 1.697695 0.001609 0.971846
v 1.709053 0.001609 0.981370
v 1.721010 0.001609 0.990534
v 1.733565 0.001609 0.999338
v 1.746717 0.001609 1.007782
v 1.760468 0.001609 1.015866
v 1.774818 0.001609 1.023590
v 1.789533 0.001609 1.030820
v 1.804383 0.001609 1.037421
v 1.819367 0.001609 1.043393
v 1.834485 0.001609 1.048736
v 1.849737 0.001609 1.053451
v 1.865124 0.001609 1.057538
v 1.880645 0.001609 1.060995
v 1.896300 0.001609 1.063824
v 1.912090 0.001609 1.066024
v 1.928014 0.001609 1.067596
v 1.944072 0.001609 1.068539
v 1.960264 0.001609 1.068853
v 1.962693 0.001609 1.068847
v 1.965293 0.001609 1.068829
v 1.968064 0.001609 1.068798
v 1.971006 0.001609 1.068756
v 1.974119 0.001609 1.068701
v 1.977403 0.001609 1.068634
v 1.980857 0.001609 1.068554
v 1.984483 0.001609 1.068463
v 1.988279 0.001609 1.068359
v 1.992246 0.001609 1.068243
v 1.996384 0.001609 1.068115
v 2.000693 0.001609 1.067974
v 1.982938 0.001609 1.058877
v 1.966001 0.001609 1.049457
v 1.949882 0.001609 1.039712
v 1.934581 0.001609 1.029645
v 1.920097 0.001609 1.019254
v 1.906432 0.001609 1.008539
v 1.893584 0.001609 0.997501
v 1.881554 0.001609 0.986140
v 1.870342 0.001609 0.974455
v 1.859948 0.001609 0.962446
v 1.850372 0.001609 0.950114
v 1.841614 0.001609 0.937459
v 1.833612 0.001609 0.924620
v 1.826306 0.001609 0.911739
v 1.819696 0.001609 0.898815
v 1.813782 0.001609 0.885848
v 1.808563 0.001609 0.872839
v 1.804041 0.001609 0.859787
v 1.800214 0.001609 0.846692
v 1.797083 0.001609 0.833554
v 1.794648 0.001609 0.820374
v 1.792908 0.001609 0.807151
v 1.791865 0.001609 0.793885
v 1.791517 0.001609 0.780576
v 1.792011 0.001609 0.763798
v 1.793494 0.001609 0.747447
v 1.795966 0.001609 0.731523
v 1.799427 0.001609 0.716026
v 1.803876 0.001609 0.700957
v 1.809314 0.001609 0.686315
v 1.815741 0.001609 0.672100
v 1.823157 0.001609 0.658312
v 1.831561 0.001609 0.644952
v 1.840954 0.001609 0.632019
v 1.851336 0.001609 0.619513
v 1.862707 0.001609 0.607434
v 1.874798 0.001609 0.596063
v 1.887341 0.001609 0.585682
v 1.900335 0.001609 0.576288
v 1.913781 0.001609 0.567884
v 1.927678 0.001609 0.560468
v 1.942027 0.001609 0.554041
v 1.956828 0.001609 0.548603
v 1.972080 0.001609 0.544154
v 1.987785 0.001609 0.540693
v 2.003940 0.001609 0.538221
v 2.020548 0.001609 0.536738
v 2.037607 0.001609 0.536244
v 2.054376 0.001609 0.536695
v 2.070700 0.001609 0.538050
v 2.086578 0.001609 0.540309
v 2.102010 0.001609 0.543470
v 2.116997 0.001609 0.547535
v 2.131538 0.001609 0.552503
v 2.145634 0.001609 0.558375
v 2.159285 0.001609 0.565150
v 2.172489 0.001609 0.572828
v 2.185249 0.001609 0.581409
v 2.197562 0.001609 0.590894
v 2.209430 0.001609 0.601282
v 2.220591 0.001609 0.612244
v 2.230780 0.001609 0.623450
v 2.240000 0.001609 0.634900
v 2.248248 0.001609 0.646594
v 2.255527 0.001609 0.658532
v 2.261835 0.001609 0.670714
v 2.267172 0.001609 0.683141
v 2.271539 0.001609 0.695812
v 2.274935 0.001609 0.708727
v 2.277362 0.001609 0.721886
v 2.278817 0.001609 0.735289
v 2.279303 0.001609 0.748936
v 2.278991 0.001609 0.757987
v 2.278058 0.001609 0.767564
v 2.276501 0.001609 0.777665
v 2.274322 0.001609 0.788291
v 2.271521 0.001609 0.799442
v 2.268097 0.001609 0.811118
v 2.264050 0.001609 0.823318
v 2.259381 0.001609 0.836044
v 2.254089 0.001609 0.849295
v 2.248175 0.001609 0.863070
v 2.241638 0.001609 0.877370
v 2.234479 0.001609 0.892196
v 2.244522 0.001609 0.886223
v 2.254144 0.001609 0.880611
v 2.263345 0.001609 0.875359
v 2.272125 0.001609 0.870467
v 2.280484 0.001609 0.865936
v 2.288421 0.001609 0.861764
v 2.295938 0.001609 0.857952
v 2.303033 0.001609 0.854501
v 2.309707 0.001609 0.851410
v 2.315960 0.001609 0.848678
v 2.321792 0.001609 0.846307
v 2.327202 0.001609 0.844296
v 2.332436 0.001609 0.842541
v 2.337737 0.001609 0.840939
v 2.343105 0.001609 0.839490
v 2.348540 0.001609 0.838193
v 2.354042 0.001609 0.837048
v 2.359612 0.001609 0.836056
v 2.365248 0.001609 0.835217
v 2.370952 0.001609 0.834530
v 2.376722 0.001609 0.833996
v 2.382560 0.001609 0.833615
v 2.388465 0.001609 0.833386
v 2.394438 0.001609 0.833310
v 2.410923 0.001609 0.833792
v 2.426981 0.001609 0.835239
v 2.442612 0.001609 0.837649
v 2.457816 0.001609 0.841025
v 2.472592 0.001609 0.845364
v 2.486941 0.001609 0.850668
v 2.500863 0.001609 0.856936
v 2.514358 0.001609 0.864169
v 2.527425 0.001609 0.872366
v 2.540065 0.001609 0.881527
v 2.552278 0.001609 0.891652
v 2.564064 0.001609 0.902742
v 2.575154 0.001609 0.914553
v 2.585279 0.001609 0.926839
v 2.594441 0.001609 0.939601
v 2.602638 0.001609 0.952839
v 2.609870 0.001609 0.966554
v 2.616138 0.001609 0.980744
v 2.621442 0.001609 0.995411
v 2.625782 0.001609 1.010553
v 2.629157 0.001609 1.026172
v 2.631568 0.001609 1.042267
v 2.633015 0.001609 1.058838
v 2.633497 0.001609 1.075884
v 2.633014 0.001609 1.092940
v 2.631568 0.001609 1.109539
v 2.629157 0.001609 1.125679
v 2.625782 0.001609 1.141362
v 2.621442 0.001609 1.156587
v 2.616138 0.001609 1.171354
v 2.609870 0.001609 1.185664
v 2.602638 0.001609 1.199515
v 2.594440 0.001609 1.212909
v 2.585279 0.001609 1.225846
v 2.575154 0.001609 1.238324
v 2.564064 0.001609 1.250345
v 2.552309 0.001609 1.261645
v 2.540187 0.001609 1.271963
v 2.527700 0.001609 1.281298
v 2.514846 0.001609 1.289651
v 2.501626 0.001609 1.297021
v 2.488040 0.001609 1.303408
v 2.474087 0.001609 1.308813
v 2.459769 0.001609 1.313235
v 2.445084 0.001609 1.316674
v 2.430033 0.001609 1.319130
v 2.414616 0.001609 1.320604
v 2.398832 0.001609 1.321096
v 2.385740 0.001609 1.320675
v 2.372539 0.001609 1.319411
v 2.359227 0.001609 1.317305
v 2.345806 0.001609 1.314357
v 2.332274 0.001609 1.310567
v 2.318633 0.001609 1.305935
v 2.304882 0.001609 1.300460
v 2.291021 0.001609 1.294143
v 2.277050 0.001609 1.286983
v 2.262970 0.001609 1.278982
v 2.248779 0.001609 1.270138
v 2.234479 0.001609 1.260452
v 2.240125 0.001609 1.272348
v 2.245343 0.001609 1.283425
v 2.250134 0.001609 1.293685
v 2.254498 0.001609 1.303127
v 2.258435 0.001609 1.311751
v 2.261944 0.001609 1.319558
v 2.265027 0.001609 1.326546
v 2.267682 0.001609 1.332717
v 2.269909 0.001609 1.338069
v 2.271710 0.001609 1.342604
v 2.273083 0.001609 1.346321
v 2.274029 0.001609 1.349220
v 2.275152 0.001609 1.353218
v 2.276178 0.001609 1.357301
v 2.277105 0.001609 1.361470
v 2.277936 0.001609 1.365724
v 2.278668 0.001609 1.370063
v 2.279303 0.001609 1.374488
v 2.279840 0.001609 1.378999
v 2.280279 0.001609 1.383595
v 2.280621 0.001609 1.388276
v 2.280865 0.001609 1.393043
v 2.281012 0.001609 1.397895
v 2.281060 0.001609 1.402833
v 2.280581 0.001609 1.417319
v 2.279144 0.001609 1.431482
v 2.276748 0.001609 1.445322
v 2.273395 0.001609 1.458838
v 2.269083 0.001609 1.472030
v 2.263812 0.001609 1.484899
v 2.257584 0.001609 1.497445
v 2.250397 0.001609 1.509667
v 2.242252 0.001609 1.521566
v 2.233149 0.001609 1.533141
v 2.223087 0.001609 1.544392
v 2.212067 0.001609 1.555321
v 2.200340 0.001609 1.565639
v 2.188154 0.001609 1.575059
v 2.175511 0.001609 1.583583
v 2.162410 0.001609 1.591209
v 2.148851 0.001609 1.597938
v 2.134835 0.001609 1.603770
v 2.120360 0.001609 1.608704
v 2.105428 0.001609 1.612742
v 2.090038 0.001609 1.615882
v 2.074191 0.001609 1.618125
v 2.057886 0.001609 1.619471
v 2.041122 0.001609 1.619919
v 2.023779 0.001609 1.619428
v 2.006907 0.001609 1.617954
v 1.990504 0.001609 1.615497
v 1.974571 0.001609 1.612058
v 1.959108 0.001609 1.607636
v 1.944115 0.001609 1.602232
v 1.929591 0.001609 1.595844
v 1.915538 0.001609 1.588475
v 1.901955 0.001609 1.580122
v 1.888842 0.001609 1.570787
v 1.876199 0.001609 1.560469
v 1.864025 0.001609 1.549169
v 1.852584 0.001609 1.537178
v 1.842139 0.001609 1.524791
v 1.832687 0.001609 1.512008
v 1.824231 0.001609 1.498828
v 1.816770 0.001609 1.485250
v 1.810303 0.001609 1.471277
v 1.804831 0.001609 1.456906
v 1.800354 0.001609 1.442139
v 1.796872 0.001609 1.426975
v 1.794385 0.001609 1.411414
v 1.792893 0.001609 1.395457
v 1.792396 0.001609 1.379103
v 1.792582 0.001609 1.369853
v 1.793140 0.001609 1.360560
v 1.794071 0.001609 1.351225
v 1.795374 0.001609 1.341847
v 1.797049 0.001609 1.332427
v 1.799097 0.001609 1.322963
v 1.801517 0.001609 1.313457
v 1.804309 0.001609 1.303908
v 1.807474 0.001609 1.294317
v 1.811011 0.001609 1.284683
v 1.814920 0.001609 1.275006
v 1.819202 0.001609 1.265286
v 1.823795 0.001609 1.255652
v 1.828638 0.001609 1.246231
v 1.833731 0.001609 1.237024
v 1.839075 0.001609 1.228031
v 1.844668 0.001609 1.219251
v 1.850512 0.001609 1.210685
v 1.856607 0.001609 1.202332
v 1.862951 0.001609 1.194193
v 1.869546 0.001609 1.186268
v 1.876391 0.001609 1.178556
v 1.883486 0.001609 1.171058
v 1.890832 0.001609 1.163774
v 1.896563 0.001609 1.158543
v 1.902916 0.001609 1.153105
v 1.909893 0.001609 1.147459
v 1.917491 0.001609 1.141606
v 1.925713 0.001609 1.135545
v 1.934557 0.001609 1.129277
v 1.944023 0.001609 1.122801
v 1.954112 0.001609 1.116118
v 1.964823 0.001609 1.109227
v 1.976158 0.001609 1.102129
v 1.988114 0.001609 1.094823
v 2.000693 0.001609 1.087310
v 1.977808 0.001609 1.088143
v 1.955735 0.001609 1.089471
v 1.934474 0.001609 1.091293
v 1.914025 0.001609 1.093609
v 1.894387 0.001609 1.096419
v 1.875561 0.001609 1.099724
v 1.857547 0.001609 1.103524
v 1.840344 0.001609 1.107818
v 1.823953 0.001609 1.112606
v 1.808374 0.001609 1.117888
v 1.793607 0.001609 1.123665
v 1.779652 0.001609 1.129936
v 1.766294 0.001609 1.136745
v 1.753321 0.001609 1.144133
v 1.740733 0.001609 1.152101
v 1.728529 0.001609 1.160649
v 1.716710 0.001609 1.169776
v 1.705275 0.001609 1.179484
v 1.694225 0.001609 1.189771
v 1.683559 0.001609 1.200638
v 1.673278 0.001609 1.212085
v 1.663381 0.001609 1.224112
v 1.653869 0.001609 1.236719
v 1.644742 0.001609 1.249905
v 1.638797 0.001609 1.259591
v 1.632974 0.001609 1.270486
v 1.627273 0.001609 1.282589
v 1.621695 0.001609 1.295901
v 1.616238 0.001609 1.310421
v 1.610904 0.001609 1.326149
v 1.605692 0.001609 1.343086
v 1.600602 0.001609 1.361232
v 1.595633 0.001609 1.380586
v 1.590787 0.001609 1.401148
v 1.586063 0.001609 1.422919
v 1.581461 0.001609 1.445899
v 1.581461 0.015609 1.445899
v 1.551579 0.001609 1.452930
v 1.551579 0.015609 1.452930
v 1.551579 0.001609 0.707628
v 1.551579 0.015609 0.707628
v 1.581461 0.001609 0.714659
v 1.581461 0.015609 0.714659
v 1.586582 0.001609 0.738151
v 1.586582 0.015609 0.738151
v 1.591691 0.001609 0.760288
v 1.591691 0.015609 0.760288
v 1.596787 0.001609 0.781071
v 1.596787 0.015609 0.781071
v 1.601871 0.001609 0.800498
v 1.601871 0.015609 0.800498
v 1.606943 0.001609 0.818570
v 1.606943 0.015609 0.818570
v 1.612003 0.001609 0.835287
v 1.612003 0.015609 0.835287
v 1.617050 0.001609 0.850650
v 1.617050 0.015609 0.850650
v 1.622086 0.001609 0.864657
v 1.622086 0.015609 0.864657
v 1.627109 0.001609 0.877309
v 1.627109 0.015609 0.877309
v 1.632120 0.001609 0.888607
v 1.632120 0.015609 0.888607
v 1.637118 0.001609 0.898549
v 1.637118 0.015609 0.898549
v 1.642105 0.001609 0.907137
v 1.642105 0.015609 0.907137
v 1.649874 0.001609 0.918822
v 1.649874 0.015609 0.918822
v 1.658242 0.001609 0.930147
v 1.658242 0.015609 0.930147
v 1.667208 0.001609 0.941112
v 1.667208 0.015609 0.941112
v 1.676772 0.001609 0.951716
v 1.676772 0.015609 0.951716
v 1.686934 0.001609 0.961961
v 1.686934 0.015609 0.961961
v 1.697695 0.001609 0.971846
v 1.697695 0.015609 0.971846
v 1.709053 0.001609 0.981370
v 1.709053 0.015609 0.981370
v 1.721010 0.001609 0.990534
v 1.721010 0.015609 0.990534
v 1.733565 0.001609 0.999338
v 1.733565 0.015609 0.999338
v 1.746717 0.001609 1.007782
v 1.746717 0.015609 1.007782
v 1.760468 0.001609 1.015866
v 1.760468 0.015609 1.015866
v 1.774818 0.001609 1.023590
v 1.774818 0.015609 1.023590
v 1.789533 0.001609 1.030820
v 1.789533 0.015609 1.030820
v 1.804383 0.001609 1.037421
v 1.804383 0.015609 1.037421
v 1.819367 0.001609 1.043393
v 1.819367 0.015609 1.043393
v 1.834485 0.001609 1.048736
v 1.834485 0.015609 1.048736
v 1.849737 0.001609 1.053451
v 1.849737 0.015609 1.053451
v 1.865124 0.001609 1.057538
v 1.865124 0.015609 1.057538
v 1.880645 0.001609 1.060995
v 1.880645 0.015609 1.060995
v 1.896300 0.001609 1.063824
v 1.896300 0.015609 1.063824
v 1.912090 0.001609 1.066024
v 1.912090 0.015609 1.066024
v 1.928014 0.001609 1.067596
v 1.928014 0.015609 1.067596
v 1.944072 0.001609 1.068539
v 1.944072 0.015609 1.068539
v 1.960264 0.001609 1.068853
v 1.960264 0.015609 1.068853
v 1.962693 0.001609 1.068847
v 1.962693 0.015609 1.068847
v 1.965293 0.001609 1.068829
v 1.965293 0.015609 1.068829
v 1.968064 0.001609 1.068798
v 1.968064 0.015609 1.068798
v 1.971006 0.001609 1.068756
v 1.971006 0.015609 1.068756
v 1.974119 0.001609 1.068701
v 1.974119 0.015609 1.068701
v 1.977403 0.001609 1.068634
v 1.977403 0.015609 1.068634
v 1.980857 0.001609 1.068554
v 1.980857 0.015609 1.068554
v 1.984483 0.001609 1.068463
v 1.984483 0.015609 1.068463
v 1.988279 0.001609 1.068359
v 1.988279 0.015609 1.068359
v 1.992246 0.001609 1.068243
v 1.992246 0.015609 1.068243
v 1.996384 0.001609 1.068115
v 1.996384 0.015609 1.068115
v 2.000693 0.001609 1.067974
v 2.000693 0.015609 1.067974
v 1.982938 0.001609 1.058877
v 1.982938 0.015609 1.058877
v 1.966001 0.001609 1.049457
v 1.966001 0.015609 1.049457
v 1.949882 0.001609 1.039712
v 1.949882 0.015609 1.039712
v 1.934581 0.001609 1.029645
v 1.934581 0.015609 1.029645
v 1.920097 0.001609 1.019254
v 1.920097 0.015609 1.019254
v 1.906432 0.001609 1.008539
v 1.906432 0.015609 1.008539
v 1.893584 0.001609 0.997501
v 1.893584 0.015609 0.997501
v 1.881554 0.001609 0.986140
v 1.881554 0.015609 0.986140
v 1.870342 0.001609 0.974455
v 1.870342 0.015609 0.974455
v 1.859948 0.001609 0.962446
v 1.859948 0.015609 0.962446
v 1.850372 0.001609 0.950114
v 1.850372 0.015609 0.950114
v 1.841614 0.001609 0.937459
v 1.841614 0.015609 0.937459
v 1.833612 0.001609 0.924620
v 1.833612 0.015609 0.924620
v 1.826306 0.001609 0.911739
v 1.826306 0.015609 0.911739
v 1.819696 0.001609 0.898815
v 1.819696 0.015609 0.898815
v 1.813782 0.001609 0.885848
v 1.813782 0.015609 0.885848
v 1.808563 0.001609 0.872839
v 1.808563 0.015609 0.872839
v 1.804041 0.001609 0.859787
v 1.804041 0.015609 0.859787
v 1.800214 0.001609 0.846692
v 1.800214 0.015609 0.846692
v 1.797083 0.001609 0.833554
v 1.797083 0.015609 0.833554
v 1.794648 0.001609 0.820374
v 1.794648 0.015609 0.820374
v 1.792908 0.001609 0.807151
v 1.792908 0.015609 0.807151
v 1.791865 0.001609 0.793885
v 1.791865 0.015609 0.793885
v 1.791517 0.001609 0.780576
v 1.791517 0.015609 0.780576
v 1.792011 0.001609 0.763798
v 1.792011 0.015609 0.763798
v 1.793494 0.001609 0.747447
v 1.793494 0.015609 0.747447
v 1.795966 0.001609 0.731523
v 1.795966 0.015609 0.731523
v 1.799427 0.001609 0.716026
v 1.799427 0.015609 0.716026
v 1.803876 0.001609 0.700957
v 1.803876 0.015609 0.700957
v 1.809314 0.001609 0.686315
v 1.809314 0.015609 0.686315
v 1.815741 0.001609 0.672100
v 1.815741 0.015609 0.672100
v 1.823157 0.001609 0.658312
v 1.823157 0.015609 0.658312
v 1.831561 0.001609 0.644952
v 1.831561 0.015609 0.644952
v 1.840954 0.001609 0.632019
v 1.840954 0.015609 0.632019
v 1.851336 0.001609 0.619513
v 1.851336 0.015609 0.619513
v 1.862707 0.001609 0.607434
v 1.862707 0.015609 0.607434
v 1.874798 0.001609 0.596063
v 1.874798 0.015609 0.596063
v 1.887341 0.001609 0.585682
v 1.887341 0.015609 0.585682
v 1.900335 0.001609 0.576288
v 1.900335 0.015609 0.576288
v 1.913781 0.001609 0.567884
v 1.913781 0.015609 0.567884
v 1.927678 0.001609 0.560468
v 1.927678 0.015609 0.560468
v 1.942027 0.001609 0.554041
v 1.942027 0.015609 0.554041
v 1.956828 0.001609 0.548603
v 1.956828 0.015609 0.548603
v 1.972080 0.001609 0.544154
v 1.972080 0.015609 0.544154
v 1.987785 0.001609 0.540693
v 1.987785 0.015609 0.540693
v 2.003940 0.001609 0.538221
v 2.003940 0.015609 0.538221
v 2.020548 0.001609 0.536738
v 2.020548 0.015609 0.536738
v 2.037607 0.001609 0.536244
v 2.037607 0.015609 0.536244
v 2.054376 0.001609 0.536695
v 2.054376 0.015609 0.536695
v 2.070700 0.001609 0.538050
v 2.070700 0.015609 0.538050
v 2.086578 0.001609 0.540309
v 2.086578 0.015609 0.540309
v 2.102010 0.001609 0.543470
v 2.102010 0.015609 0.543470
v 2.116997 0.001609 0.547535
v 2.116997 0.015609 0.547535
v 2.131538 0.001609 0.552503
v 2.131538 0.015609 0.552503
v 2.145634 0.001609 0.558375
v 2.145634 0.015609 0.558375
v 2.159285 0.001609 0.565150
v 2.159285 0.015609 0.565150
v 2.172489 0.001609 0.572828
v 2.172489 0.015609 0.572828
v 2.185249 0.001609 0.581409
v 2.185249 0.015609 0.581409
v 2.197562 0.001609 0.590894
v 2.197562 0.015609 0.590894
v 2.209430 0.001609 0.601282
v 2.209430 0.015609 0.601282
v 2.220591 0.001609 0.612244
v 2.220591 0.015609 0.612244
v 2.230780 0.001609 0.623450
v 2.230780 0.015609 0.623450
v 2.240000 0.001609 0.634900
v 2.240000 0.015609 0.634900
v 2.248248 0.001609 0.646594
v 2.248248 0.015609 0.646594
v 2.255527 0.001609 0.658532
v 2.255527 0.015609 0.658532
v 2.261835 0.001609 0.670714
v 2.261835 0.015609 0.670714
v 2.267172 0.001609 0.683141
v 2.267172 0.015609 0.683141
v 2.271539 0.001609 0.695812
v 2.271539 0.015609 0.695812
v 2.274935 0.001609 0.708727
v 2.274935 0.015609 0.708727
v 2.277362 0.001609 0.721886
v 2.277362 0.015609 0.721886
v 2.278817 0.001609 0.735289
v 2.278817 0.015609 0.735289
v 2.279303 0.001609 0.748936
v 2.279303 0.015609 0.748936
v 2.278991 0.001609 0.757987
v 2.278991 0.015609 0.757987
v 2.278058 0.001609 0.767564
v 2.278058 0.015609 0.767564
v 2.276501 0.001609 0.777665
v 2.276501 0.015609 0.777665
v 2.274322 0.001609 0.788291
v 2.274322 0.015609 0.788291
v 2.271521 0.001609 0.799442
v 2.271521 0.015609 0.799442
v 2.268097 0.001609 0.811118
v 2.268097 0.015609 0.811118
v 2.264050 0.001609 0.823318
v 2.264050 0.015609 0.823318
v 2.259381 0.001609 0.836044
v 2.259381 0.015609 0.836044
v 2.254089 0.001609 0.849295
v 2.254089 0.015609 0.849295
v 2.248175 0.001609 0.863070
v 2.248175 0.015609 0.863070
v 2.241638 0.001609 0.877370
v 2.241638 0.015609 0.877370
v 2.234479 0.001609 0.892196
v 2.234479 0.015609 0.892196
v 2.244522 0.001609 0.886223
v 2.244522 0.015609 0.886223
v 2.254144 0.001609 0.880611
v 2.254144 0.015609 0.880611
v 2.263345 0.001609 0.875359
v 2.263345 0.015609 0.875359
v 2.272125 0.001609 0.870467
v 2.272125 0.015609 0.870467
v 2.280484 0.001609 0.865936
v 2.280484 0.015609 0.865936
v 2.288421 0.001609 0.861764
v 2.288421 0.015609 0.861764
v 2.295938 0.001609 0.857952
v 2.295938 0.015609 0.857952
v 2.303033 0.001609 0.854501
v 2.303033 0.015609 0.854501
v 2.309707 0.001609 0.851410
v 2.309707 0.015609 0.851410
v 2.315960 0.001609 0.848678
v 2.315960 0.015609 0.848678
v 2.321792 0.001609 0.846307
v 2.321792 0.015609 0.846307
v 2.327202 0.001609 0.844296
v 2.327202 0.015609 0.844296
v 2.332436 0.001609 0.842541
v 2.332436 0.015609 0.842541
v 2.337737 0.001609 0.840939
v 2.337737 0.015609 0.840939
v 2.343105 0.001609 0.839490
v 2.343105 0.015609 0.839490
v 2.348540 0.001609 0.838193
v 2.348540 0.015609 0.838193
v 2.354042 0.001609 0.837048
v 2.354042 0.015609 0.837048
v 2.359612 0.001609 0.836056
v 2.359612 0.015609 0.836056
v 2.365248 0.001609 0.835217
v 2.365248 0.015609 0.835217
v 2.370952 0.001609 0.834530
v 2.370952 0.015609 0.834530
v 2.376722 0.001609 0.833996
v 2.376722 0.015609 0.833996
v 2.382560 0.001609 0.833615
v 2.382560 0.015609 0.833615
v 2.388465 0.001609 0.833386
v 2.388465 0.015609 0.833386
v 2.394438 0.001609 0.833310
v 2.394438 0.015609 0.833310
v 2.410923 0.001609 0.833792
v 2.410923 0.015609 0.833792
v 2.426981 0.001609 0.835239
v 2.426981 0.015609 0.835239
v 2.442612 0.001609 0.837649
v 2.442612 0.015609 0.837649
v 2.457816 0.001609 0.841025
v 2.457816 0.015609 0.841025
v 2.472592 0.001609 0.845364
v 2.472592 0.015609 0.845364
v 2.486941 0.001609 0.850668
v 2.486941 0.015609 0.850668
v 2.500863 0.001609 0.856936
v 2.500863 0.015609 0.856936
v 2.514358 0.001609 0.864169
v 2.514358 0.015609 0.864169
v 2.527425 0.001609 0.872366
v 2.527425 0.015609 0.872366
v 2.540065 0.001609 0.881527
v 2.540065 0.015609 0.881527
v 2.552278 0.001609 0.891652
v 2.552278 0.015609 0.891652
v 2.564064 0.001609 0.902742
v 2.564064 0.015609 0.902742
v 2.575154 0.001609 0.914553
v 2.575154 0.015609 0.914553
v 2.585279 0.001609 0.926839
v 2.585279 0.015609 0.926839
v 2.594441 0.001609 0.939601
v 2.594441 0.015609 0.939601
v 2.602638 0.001609 0.952839
v 2.602638 0.015609 0.952839
v 2.609870 0.001609 0.966554
v 2.609870 0.015609 0.966554
v 2.616138 0.001609 0.980744
v 2.616138 0.015609 0.980744
v 2.621442 0.001609 0.995411
v 2.621442 0.015609 0.995411
v 2.625782 0.001609 1.010553
v 2.625782 0.015609 1.010553
v 2.629157 0.001609 1.026172
v 2.629157 0.015609 1.026172
v 2.631568 0.001609 1.042267
v 2.631568 0.015609 1.042267
v 2.633015 0.001609 1.058838
v 2.633015 0.015609 1.058838
v 2.633497 0.001609 1.075884
v 2.633497 0.015609 1.075884
v 2.633014 0.001609 1.092940
v 2.633014 0.015609 1.092940
v 2.631568 0.001609 1.109539
v 2.631568 0.015609 1.109539
v 2.629157 0.001609 1.125679
v 2.629157 0.015609 1.125679
v 2.625782 0.001609 1.141362
v 2.625782 0.015609 1.141362
v 2.621442 0.001609 1.156587
v 2.621442 0.015609 1.156587
v 2.616138 0.001609 1.171354
v 2.616138 0.015609 1.171354
v 2.609870 0.001609 1.185664
v 2.609870 0.015609 1.185664
v 2.602638 0.001609 1.199515
v 2.602638 0.015609 1.199515
v 2.594440 0.001609 1.212909
v 2.594440 0.015609 1.212909
v 2.585279 0.001609 1.225846
v 2.585279 0.015609 1.225846
v 2.575154 0.001609 1.238324
v 2.575154 0.015609 1.238324
v 2.564064 0.001609 1.250345
v 2.564064 0.015609 1.250345
v 2.552309 0.001609 1.261645
v 2.552309 0.015609 1.261645
v 2.540187 0.001609 1.271963
v 2.540187 0.015609 1.271963
v 2.527700 0.001609 1.281298
v 2.527700 0.015609 1.281298
v 2.514846 0.001609 1.289651
v 2.514846 0.015609 1.289651
v 2.501626 0.001609 1.297021
v 2.501626 0.015609 1.297021
v 2.488040 0.001609 1.303408
v 2.488040 0.015609 1.303408
v 2.474087 0.001609 1.308813
v 2.474087 0.015609 1.308813
v 2.459769 0.001609 1.313235
v 2.459769 0.015609 1.313235
v 2.445084 0.001609 1.316674
v 2.445084 0.015609 1.316674
v 2.430033 0.001609 1.319130
v 2.430033 0.015609 1.319130
v 2.414616 0.001609 1.320604
v 2.414616 0.015609 1.320604
v 2.398832 0.001609 1.321096
v 2.398832 0.015609 1.321096
v 2.385740 0.001609 1.320675
v 2.385740 0.015609 1.320675
v 2.372539 0.001609 1.319411
v 2.372539 0.015609 1.319411
v 2.359227 0.001609 1.317305
v 2.359227 0.015609 1.317305
v 2.345806 0.001609 1.314357
v 2.345806 0.015609 1.314357
v 2.332274 0.001609 1.310567
v 2.332274 0.015609 1.310567
v 2.318633 0.001609 1.305935
v 2.318633 0.015609 1.305935
v 2.304882 0.001609 1.300460
v 2.304882 0.015609 1.300460
v 2.291021 0.001609 1.294143
v 2.291021 0.015609 1.294143
v 2.277050 0.001609 1.286983
v 2.277050 0.015609 1.286983
v 2.262970 0.001609 1.278982
v 2.262970 0.015609 1.278982
v 2.248779 0.001609 1.270138
v 2.248779 0.015609 1.270138
v 2.234479 0.001609 1.260452
v 2.234479 0.015609 1.260452
v 2.240125 0.001609 1.272348
v 2.240125 0.015609 1.272348
v 2.245343 0.001609 1.283425
v 2.245343 0.015609 1.283425
v 2.250134 0.001609 1.293685
v 2.250134 0.015609 1.293685
v 2.254498 0.001609 1.303127
v 2.254498 0.015609 1.303127
v 2.258435 0.001609 1.311751
v 2.258435 0.015609 1.311751
v 2.261944 0.001609 1.319558
v 2.261944 0.015609 1.319558
v 2.265027 0.001609 1.326546
v 2.265027 0.015609 1.326546
v 2.267682 0.001609 1.332717
v 2.267682 0.015609 1.332717
v 2.269909 0.001609 1.338069
v 2.269909 0.015609 1.338069
v 2.271710 0.001609 1.342604
v 2.271710 0.015609 1.342604
v 2.273083 0.001609 1.346321
v 2.273083 0.015609 1.346321
v 2.274029 0.001609 1.349220
v 2.274029 0.015609 1.349220
v 2.275152 0.001609 1.353218
v 2.275152 0.015609 1.353218
v 2.276178 0.001609 1.357301
v 2.276178 0.015609 1.357301
v 2.277105 0.001609 1.361470
v 2.277105 0.015609 1.361470
v 2.277936 0.001609 1.365724
v 2.277936 0.015609 1.365724
v 2.278668 0.001609 1.370063
v 2.278668 0.015609 1.370063
v 2.279303 0.001609 1.374488
v 2.279303 0.015609 1.374488
v 2.279840 0.001609 1.378999
v 2.279840 0.015609 1.378999
v 2.280279 0.001609 1.383595
v 2.280279 0.015609 1.383595
v 2.280621 0.001609 1.388276
v 2.280621 0.015609 1.388276
v 2.280865 0.001609 1.393043
v 2.280865 0.015609 1.393043
v 2.281012 0.001609 1.397895
v 2.281012 0.015609 1.397895
v 2.281060 0.001609 1.402833
v 2.281060 0.015609 1.402833
v 2.280581 0.001609 1.417319
v 2.280581 0.015609 1.417319
v 2.279144 0.001609 1.431482
v 2.279144 0.015609 1.431482
v 2.276748 0.001609 1.445322
v 2.276748 0.015609 1.445322
v 2.273395 0.001609 1.458838
v 2.273395 0.015609 1.458838
v 2.269083 0.001609 1.472030
v 2.269083 0.015609 1.472030
v 2.263812 0.001609 1.484899
v 2.263812 0.015609 1.484899
v 2.257584 0.001609 1.497445
v 2.257584 0.015609 1.497445
v 2.250397 0.001609 1.509667
v 2.250397 0.015609 1.509667
v 2.242252 0.001609 1.521566
v 2.242252 0.015609 1.521566
v 2.233149 0.001609 1.533141
v 2.233149 0.015609 1.533141
v 2.223087 0.001609 1.544392
v 2.223087 0.015609 1.544392
v 2.212067 0.001609 1.555321
v 2.212067 0.015609 1.555321
v 2.200340 0.001609 1.565639
v 2.200340 0.015609 1.565639
v 2.188154 0.001609 1.575059
v 2.188154 0.015609 1.575059
v 2.175511 0.001609 1.583583
v 2.175511 0.015609 1.583583
v 2.162410 0.001609 1.591209
v 2.162410 0.015609 1.591209
v 2.148851 0.001609 1.597938
v 2.148851 0.015609 1.597938
v 2.134835 0.001609 1.603770
v 2.134835 0.015609 1.603770
v 2.120360 0.001609 1.608704
v 2.120360 0.015609 1.608704
v 2.105428 0.001609 1.612742
v 2.105428 0.015609 1.612742
v 2.090038 0.001609 1.615882
v 2.090038 0.015609 1.615882
v 2.074191 0.001609 1.618125
v 2.074191 0.015609 1.618125
v 2.057886 0.001609 1.619471
v 2.057886 0.015609 1.619471
v 2.041122 0.001609 1.619919
v 2.041122 0.015609 1.619919
v 2.023779 0.001609 1.619428
v 2.023779 0.015609 1.619428
v 2.006907 0.001609 1.617954
v 2.006907 0.015609 1.617954
v 1.990504 0.001609 1.615497
v 1.990504 0.015609 1.615497
v 1.974571 0.001609 1.612058
v 1.974571 0.015609 1.612058
v 1.959108 0.001609 1.607636
v 1.959108 0.015609 1.607636
v 1.944115 0.001609 1.602232
v 1.944115 0.015609 1.602232
v 1.929591 0.001609 1.595844
v 1.929591 0.015609 1.595844
v 1.915538 0.001609 1.588475
v 1.915538 0.015609 1.588475
v 1.901955 0.001609 1.580122
v 1.901955 0.015609 1.580122
v 1.888842 0.001609 1.570787
v 1.888842 0.015609 1.570787
v 1.876199 0.001609 1.560469
v 1.876199 0.015609 1.560469
v 1.864025 0.001609 1.549169
v 1.864025 0.015609 1.549169
v 1.852584 0.001609 1.537178
v 1.852584 0.015609 1.537178
v 1.842139 0.001609 1.524791
v 1.842139 0.015609 1.524791
v 1.832687 0.001609 1.512008
v 1.832687 0.015609 1.512008
v 1.824231 0.001609 1.498828
v 1.824231 0.015609 1.498828
v 1.816770 0.001609 1.485250
v 1.816770 0.015609 1.485250
v 1.810303 0.001609 1.471277
v 1.810303 0.015609 1.471277
v 1.804831 0.001609 1.456906
v 1.804831 0.015609 1.456906
v 1.800354 0.001609 1.442139
v 1.800354 0.015609 1.442139
v 1.796872 0.001609 1.426975
v 1.796872 0.015609 1.426975
v 1.794385 0.001609 1.411414
v 1.794385 0.015609 1.411414
v 1.792893 0.001609 1.395457
v 1.792893 0.015609 1.395457
v 1.792396 0.001609 1.379103
v 1.792396 0.015609 1.379103
v 1.792582 0.001609 1.369853
v 1.792582 0.015609 1.369853
v 1.793140 0.001609 1.360560
v 1.793140 0.015609 1.360560
v 1.794071 0.001609 1.351225
v 1.794071 0.015609 1.351225
v 1.795374 0.001609 1.341847
v 1.795374 0.015609 1.341847
v 1.797049 0.001609 1.332427
v 1.797049 0.015609 1.332427
v 1.799097 0.001609 1.322963
v 1.799097 0.015609 1.322963
v 1.801517 0.001609 1.313457
v 1.801517 0.015609 1.313457
v 1.804309 0.001609 1.303908
v 1.804309 0.015609 1.303908
v 1.807474 0.001609 1.294317
v 1.807474 0.015609 1.294317
v 1.811011 0.001609 1.284683
v 1.811011 0.015609 1.284683
v 1.814920 0.001609 1.275006
v 1.814920 0.015609 1.275006
v 1.819202 0.001609 1.265286
v 1.819202 0.015609 1.265286
v 1.823795 0.001609 1.255652
v 1.823795 0.015609 1.255652
v 1.828638 0.001609 1.246231
v 1.828638 0.015609 1.246231
v 1.833731 0.001609 1.237024
v 1.833731 0.015609 1.237024
v 1.839075 0.001609 1.228031
v 1.839075 0.015609 1.228031
v 1.844668 0.001609 1.219251
v 1.844668 0.015609 1.219251
v 1.850512 0.001609 1.210685
v 1.850512 0.015609 1.210685
v 1.856607 0.001609 1.202332
v 1.856607 0.015609 1.202332
v 1.862951 0.001609 1.194193
v 1.862951 0.015609 1.194193
v 1.869546 0.001609 1.186268
v 1.869546 0.015609 1.186268
v 1.876391 0.001609 1.178556
v 1.876391 0.015609 1.178556
v 1.883486 0.001609 1.171058
v 1.883486 0.015609 1.171058
v 1.890832 0.001609 1.163774
v 1.890832 0.015609 1.163774
v 1.896563 0.001609 1.158543
v 1.896563 0.015609 1.158543
v 1.902916 0.001609 1.153105
v 1.902916 0.015609 1.153105
v 1.909893 0.001609 1.147459
v 1.909893 0.015609 1.147459
v 1.917491 0.001609 1.141606
v 1.917491 0.015609 1.141606
v 1.925713 0.001609 1.135545
v 1.925713 0.015609 1.135545
v 1.934557 0.001609 1.129277
v 1.934557 0.015609 1.129277
v 1.944023 0.001609 1.122801
v 1.944023 0.015609 1.122801
v 1.954112 0.001609 1.116118
v 1.954112 0.015609 1.116118
v 1.964823 0.001609 1.109227
v 1.964823 0.015609 1.109227
v 1.976158 0.001609 1.102129
v 1.976158 0.015609 1.102129
v 1.988114 0.001609 1.094823
v 1.988114 0.015609 1.094823
v 2.000693 0.001609 1.087310
v 2.000693 0.015609 1.087310
v 1.977808 0.001609 1.088143
v 1.977808 0.015609 1.088143
v 1.955735 0.001609 1.089471
v 1.955735 0.015609 1.089471
v 1.934474 0.001609 1.091293
v 1.934474 0.015609 1.091293
v 1.914025 0.001609 1.093609
v 1.914025 0.015609 1.093609
v 1.894387 0.001609 1.096419
v 1.894387 0.015609 1.096419
v 1.875561 0.001609 1.099724
v 1.875561 0.015609 1.099724
v 1.857547 0.001609 1.103524
v 1.857547 0.015609 1.103524
v 1.840344 0.001609 1.107818
v 1.840344 0.015609 1.107818
v 1.823953 0.001609 1.112606
v 1.823953 0.015609 1.112606
v 1.808374 0.001609 1.117888
v 1.808374 0.015609 1.117888
v 1.793607 0.001609 1.123665
v 1.793607 0.015609 1.123665
v 1.779652 0.001609 1.129936
v 1.779652 0.015609 1.129936
v 1.766294 0.001609 1.136745
v 1.766294 0.015609 1.136745
v 1.753321 0.001609 1.144133
v 1.753321 0.015609 1.144133
v 1.740733 0.001609 1.152101
v 1.740733 0.015609 1.152101
v 1.728529 0.001609 1.160649
v 1.728529 0.015609 1.160649
v 1.716710 0.001609 1.169776
v 1.716710 0.015609 1.169776
v 1.705275 0.001609 1.179484
v 1.705275 0.015609 1.179484
v 1.694225 0.001609 1.189771
v 1.694225 0.015609 1.189771
v 1.683559 0.001609 1.200638
v 1.683559 0.015609 1.200638
v 1.673278 0.001609 1.212085
v 1.673278 0.015609 1.212085
v 1.663381 0.001609 1.224112
v 1.663381 0.015609 1.224112
v 1.653869 0.001609 1.236719
v 1.653869 0.015609 1.236719
v 1.644742 0.001609 1.249905
v 1.644742 0.015609 1.249905
v 1.638797 0.001609 1.259591
v 1.638797 0.015609 1.259591
v 1.632974 0.001609 1.270486
v 1.632974 0.015609 1.270486
v 1.627273 0.001609 1.282589
v 1.627273 0.015609 1.282589
v 1.621695 0.001609 1.295901
v 1.621695 0.015609 1.295901
v 1.616238 0.001609 1.310421
v 1.616238 0.015609 1.310421
v 1.610904 0.001609 1.326149
v 1.610904 0.015609 1.326149
v 1.605692 0.001609 1.343086
v 1.605692 0.015609 1.343086
v 1.600602 0.001609 1.361232
v 1.600602 0.015609 1.361232
v 1.595633 0.001609 1.380586
v 1.595633 0.015609 1.380586
v 1.590787 0.001609 1.401148
v 1.590787 0.015609 1.401148
v 1.586063 0.001609 1.422919
v 1.586063 0.015609 1.422919
vn -0.0000 1.0000 -0.0000
vn -0.0000 -1.0000 -0.0000
vn -0.6209 -0.0000 0.7839
vn 0.7188 -0.0000 0.6952
vn -0.6209 -0.0000 -0.7839
vn 0.7129 -0.0000 -0.7013
vn 0.9757 -0.0000 -0.2189
vn 0.9728 -0.0000 -0.2315
vn 0.9694 -0.0000 -0.2457
vn 0.9651 -0.0000 -0.2617
vn 0.9600 -0.0000 -0.2800
vn 0.9536 -0.0000 -0.3009
vn 0.9456 -0.0000 -0.3252
vn 0.9354 -0.0000 -0.3537
vn 0.9220 -0.0000 -0.3873
vn 0.9040 -0.0000 -0.4274
vn 0.8795 -0.0000 -0.4759
vn 0.8491 -0.0000 -0.5282
vn 0.8187 -0.0000 -0.5742
vn 0.7894 -0.0000 -0.6138
vn 0.7586 -0.0000 -0.6516
vn 0.7265 -0.0000 -0.6872
vn 0.6934 -0.0000 -0.7205
vn 0.6597 -0.0000 -0.7515
vn 0.6256 -0.0000 -0.7802
vn 0.5914 -0.0000 -0.8064
vn 0.5573 -0.0000 -0.8303
vn 0.5236 -0.0000 -0.8520
vn 0.4905 -0.0000 -0.8715
vn 0.4575 -0.0000 -0.8892
vn 0.4236 -0.0000 -0.9058
vn 0.3883 -0.0000 -0.9215
vn 0.3518 -0.0000 -0.9361
vn 0.3144 -0.0000 -0.9493
vn 0.2761 -0.0000 -0.9611
vn 0.2371 -0.0000 -0.9715
vn 0.1977 -0.0000 -0.9803
vn 0.1580 -0.0000 -0.9874
vn 0.1181 -0.0000 -0.9930
vn 0.0784 -0.0000 -0.9969
vn 0.0390 -0.0000 -0.9992
vn 0.0084 -0.0000 -1.0000
vn -0.0048 -0.0000 -1.0000
vn 0.0085 -0.0000 -1.0000
vn -0.0090 -0.0000 -1.0000
vn -0.0128 -0.0000 -0.9999
vn -0.0161 -0.0000 -0.9999
vn -0.0191 -0.0000 -0.9998
vn -0.0217 -0.0000 -0.9998
vn -0.0190 -0.0000 -0.9998
vn -0.0241 -0.0000 -0.9997
vn -0.0263 -0.0000 -0.9997
vn -0.0283 -0.0000 -0.9996
vn -0.0301 -0.0000 -0.9995
vn -0.0318 -0.0000 -0.9995
vn -0.9758 -0.0000 -0.2187
vn -0.4711 -0.0000 0.8821
vn -0.9758 -0.0000 -0.2188
vn -0.5018 -0.0000 0.8650
vn -0.5336 -0.0000 0.8457
vn -0.5664 -0.0000 0.8241
vn -0.6001 -0.0000 0.7999
vn -0.6345 -0.0000 0.7729
vn -0.6693 -0.0000 0.7430
vn -0.7043 -0.0000 0.7099
vn -0.7391 -0.0000 0.6736
vn -0.7732 -0.0000 0.6341
vn -0.8064 -0.0000 0.5914
vn -0.8357 -0.0000 0.5492
vn -0.8594 -0.0000 0.5112
vn -0.8803 -0.0000 0.4745
vn -0.9003 -0.0000 0.4353
vn -0.9192 -0.0000 0.3937
vn -0.9368 -0.0000 0.3499
vn -0.9527 -0.0000 0.3040
vn -0.9368 -0.0000 0.3500
vn -0.9666 -0.0000 0.2563
vn -0.9784 -0.0000 0.2068
vn -0.9877 -0.0000 0.1561
vn -0.9945 -0.0000 0.1045
vn -0.9986 -0.0000 0.0523
vn -1.0000 -0.0000 -0.0017
vn -0.9982 -0.0000 -0.0599
vn -0.9925 -0.0000 -0.1219
vn -0.9826 -0.0000 -0.1858
vn -0.9681 -0.0000 -0.2507
vn -0.9488 -0.0000 -0.3159
vn -0.9249 -0.0000 -0.3803
vn -0.8965 -0.0000 -0.4431
vn -0.8641 -0.0000 -0.5034
vn -0.8282 -0.0000 -0.5604
vn -0.7897 -0.0000 -0.6135
vn -0.7491 -0.0000 -0.6624
vn -0.7069 -0.0000 -0.7073
vn -0.6617 -0.0000 -0.7498
vn -0.6121 -0.0000 -0.7908
vn -0.5583 -0.0000 -0.8297
vn -0.5007 -0.0000 -0.8656
vn -0.4400 -0.0000 -0.8980
vn -0.3770 -0.0000 -0.9262
vn -0.3126 -0.0000 -0.9499
vn -0.2478 -0.0000 -0.9688
vn -0.1833 -0.0000 -0.9831
vn -0.1202 -0.0000 -0.9928
vn -0.0590 -0.0000 -0.9983
vn -0.0010 -0.0000 -1.0000
vn 0.0548 -0.0000 -0.9985
vn 0.1118 -0.0000 -0.9937
vn 0.1708 -0.0000 -0.9853
vn 0.2313 -0.0000 -0.9729
vn 0.2927 -0.0000 -0.9562
vn 0.3541 -0.0000 -0.9352
vn 0.4148 -0.0000 -0.9099
vn 0.4739 -0.0000 -0.8806
vn 0.5307 -0.0000 -0.8476
vn 0.5845 -0.0000 -0.8114
vn 0.6347 -0.0000 -0.7727
vn 0.6800 -0.0000 -0.7332
vn 0.7206 -0.0000 -0.6934
vn 0.7597 -0.0000 -0.6502
vn 0.7984 -0.0000 -0.6021
vn 0.8360 -0.0000 -0.5488
vn 0.8715 -0.0000 -0.4905
vn 0.9040 -0.0000 -0.4275
vn 0.9328 -0.0000 -0.3605
vn 0.9569 -0.0000 -0.2903
vn 0.9760 -0.0000 -0.2180
vn 0.9895 -0.0000 -0.1447
vn 0.9974 -0.0000 -0.0718
vn 1.0000 -0.0000 -0.0006
vn 0.9978 -0.0000 0.0657
vn 0.9922 -0.0000 0.1247
vn 0.9843 -0.0000 0.1766
vn 0.9750 -0.0000 0.2223
vn 0.9649 -0.0000 0.2626
vn 0.9545 -0.0000 0.2982
vn 0.9441 -0.0000 0.3297
vn 0.9338 -0.0000 0.3577
vn 0.9239 -0.0000 0.3827
vn 0.9143 -0.0000 0.4051
vn 0.9050 -0.0000 0.4253
vn 0.6758 -0.0000 -0.7371
vn -0.5075 -0.0000 -0.8617
vn 0.6759 -0.0000 -0.7370
vn -0.4998 -0.0000 -0.8662
vn -0.4912 -0.0000 -0.8710
vn -0.4817 -0.0000 -0.8763
vn -0.4709 -0.0000 -0.8822
vn -0.4588 -0.0000 -0.8886
vn -0.4449 -0.0000 -0.8956
vn -0.4289 -0.0000 -0.9034
vn -0.4103 -0.0000 -0.9119
vn -0.3885 -0.0000 -0.9215
vn -0.3626 -0.0000 -0.9320
vn -0.3885 -0.0000 -0.9214
vn -0.3332 -0.0000 -0.9429
vn -0.3036 -0.0000 -0.9528
vn -0.2750 -0.0000 -0.9614
vn -0.2464 -0.0000 -0.9692
vn -0.2179 -0.0000 -0.9760
vn -0.1895 -0.0000 -0.9819
vn -0.1613 -0.0000 -0.9869
vn -0.1334 -0.0000 -0.9911
vn -0.1059 -0.0000 -0.9944
vn -0.0787 -0.0000 -0.9969
vn -0.1058 -0.0000 -0.9944
vn -0.0520 -0.0000 -0.9986
vn -0.0257 -0.0000 -0.9997
vn 0.0082 -0.0000 -1.0000
vn -0.0258 -0.0000 -0.9997
vn 0.0595 -0.0000 -0.9982
vn 0.1211 -0.0000 -0.9926
vn 0.1847 -0.0000 -0.9828
vn 0.2494 -0.0000 -0.9684
vn 0.3789 -0.0000 -0.9255
vn 0.4417 -0.0000 -0.8971
vn 0.5022 -0.0000 -0.8648
vn 0.5594 -0.0000 -0.8289
vn 0.6129 -0.0000 -0.7902
vn 0.6621 -0.0000 -0.7494
vn 0.7075 -0.0000 -0.7067
vn 0.7507 -0.0000 -0.6606
vn 0.7925 -0.0000 -0.6099
vn 0.8318 -0.0000 -0.5551
vn 0.8679 -0.0000 -0.4968
vn 0.9002 -0.0000 -0.4355
vn 0.9281 -0.0000 -0.3723
vn 0.9514 -0.0000 -0.3080
vn 0.9699 -0.0000 -0.2435
vn 0.9837 -0.0000 -0.1798
vn 0.9931 -0.0000 -0.1176
vn 0.9983 -0.0000 -0.0576
vn 1.0000 -0.0000 -0.0000
vn 0.9983 -0.0000 0.0576
vn 0.9931 -0.0000 0.1173
vn 0.9838 -0.0000 0.1792
vn 0.9702 -0.0000 0.2424
vn 0.9520 -0.0000 0.3062
vn 0.9291 -0.0000 0.3698
vn 0.9017 -0.0000 0.4323
vn 0.8702 -0.0000 0.4927
vn 0.8350 -0.0000 0.5503
vn 0.7967 -0.0000 0.6043
vn 0.7561 -0.0000 0.6544
vn 0.7143 -0.0000 0.6998
vn 0.6709 -0.0000 0.7415
vn 0.6238 -0.0000 0.7816
vn 0.5721 -0.0000 0.8202
vn 0.5162 -0.0000 0.8565
vn 0.4565 -0.0000 0.8897
vn 0.3936 -0.0000 0.9193
vn 0.3283 -0.0000 0.9446
vn 0.2617 -0.0000 0.9651
vn 0.1947 -0.0000 0.9809
vn 0.1282 -0.0000 0.9917
vn 0.0632 -0.0000 0.9980
vn -0.0005 -0.0000 1.0000
vn -0.0637 -0.0000 0.9980
vn -0.1258 -0.0000 0.9921
vn -0.1855 -0.0000 0.9826
vn -0.2422 -0.0000 0.9702
vn -0.1855 -0.0000 0.9827
vn -0.2958 -0.0000 0.9553
vn -0.3458 -0.0000 0.9383
vn -0.2957 -0.0000 0.9553
vn -0.3924 -0.0000 0.9198
vn -0.4355 -0.0000 0.9002
vn -0.4752 -0.0000 0.8799
vn -0.5116 -0.0000 0.8592
vn -0.5450 -0.0000 0.8385
vn 0.6514 -0.0000 0.7588
vn 0.6512 -0.0000 0.7589
vn 0.9054 -0.0000 -0.4246
vn 0.9069 -0.0000 -0.4213
vn 0.9087 -0.0000 -0.4174
vn 0.9109 -0.0000 -0.4126
vn 0.9135 -0.0000 -0.4068
vn 0.9168 -0.0000 -0.3994
vn 0.9209 -0.0000 -0.3897
vn 0.9264 -0.0000 -0.3766
vn 0.9209 -0.0000 -0.3898
vn 0.9338 -0.0000 -0.3578
vn 0.9445 -0.0000 -0.3285
vn 0.9569 -0.0000 -0.2904
vn 0.9445 -0.0000 -0.3284
vn 0.9664 -0.0000 -0.2570
vn 0.9731 -0.0000 -0.2304
vn 0.9789 -0.0000 -0.2044
vn 0.9839 -0.0000 -0.1790
vn 0.9880 -0.0000 -0.1542
vn 0.9915 -0.0000 -0.1301
vn 0.9943 -0.0000 -0.1067
vn 0.9965 -0.0000 -0.0840
vn 0.9981 -0.0000 -0.0620
vn 0.9992 -0.0000 -0.0407
vn 0.9998 -0.0000 -0.0200
vn 0.9999 -0.0000 0.0116
vn 0.9977 -0.0000 0.0671
vn 0.9907 -0.0000 0.1358
vn 0.9977 -0.0000 0.0670
vn 0.9786 -0.0000 0.2058
vn 0.9612 -0.0000 0.2759
vn 0.9386 -0.0000 0.3451
vn 0.9111 -0.0000 0.4121
vn 0.8794 -0.0000 0.4761
vn 0.8441 -0.0000 0.5362
vn 0.8060 -0.0000 0.5918
vn 0.7661 -0.0000 0.6427
vn 0.8061 -0.0000 0.5918
vn 0.7251 -0.0000 0.6886
vn 0.6826 -0.0000 0.7307
vn 0.6364 -0.0000 0.7714
vn 0.6827 -0.0000 0.7307
vn 0.5856 -0.0000 0.8106
vn 0.5313 -0.0000 0.8472
vn 0.4741 -0.0000 0.8805
vn 0.4146 -0.0000 0.9100
vn 0.3536 -0.0000 0.9354
vn 0.2920 -0.0000 0.9564
vn 0.2306 -0.0000 0.9731
vn 0.1701 -0.0000 0.9854
vn 0.1112 -0.0000 0.9938
vn 0.0545 -0.0000 0.9985
vn 0.1113 -0.0000 0.9938
vn -0.0008 -0.0000 1.0000
vn -0.0577 -0.0000 0.9983
vn -0.1176 -0.0000 0.9931
vn -0.1796 -0.0000 0.9837
vn -0.2431 -0.0000 0.9700
vn -0.1797 -0.0000 0.9837
vn -0.3072 -0.0000 0.9516
vn -0.3711 -0.0000 0.9286
vn -0.4338 -0.0000 0.9010
vn -0.4944 -0.0000 0.8692
vn -0.5522 -0.0000 0.8337
vn -0.6064 -0.0000 0.7951
vn -0.6566 -0.0000 0.7542
vn -0.7022 -0.0000 0.7119
vn -0.7443 -0.0000 0.6678
vn -0.7847 -0.0000 0.6199
vn -0.8233 -0.0000 0.5676
vn -0.8595 -0.0000 0.5111
vn -0.8925 -0.0000 0.4511
vn -0.9216 -0.0000 0.3881
vn -0.9463 -0.0000 0.3232
vn -0.9664 -0.0000 0.2571
vn -0.9816 -0.0000 0.1909
vn -0.9921 -0.0000 0.1255
vn -0.9981 -0.0000 0.0618
vn -1.0000 -0.0000 0.0051
vn -0.9992 -0.0000 -0.0401
vn -0.9968 -0.0000 -0.0796
vn -0.9930 -0.0000 -0.1184
vn -0.9877 -0.0000 -0.1564
vn -0.9811 -0.0000 -0.1933
vn -0.9734 -0.0000 -0.2291
vn -0.9646 -0.0000 -0.2637
vn -0.9549 -0.0000 -0.2970
vn -0.9443 -0.0000 -0.3290
vn -0.9331 -0.0000 -0.3596
vn -0.9213 -0.0000 -0.3889
vn -0.9090 -0.0000 -0.4168
vn -0.8961 -0.0000 -0.4438
vn -0.8823 -0.0000 -0.4707
vn -0.8675 -0.0000 -0.4975
vn -0.8516 -0.0000 -0.5241
vn -0.8348 -0.0000 -0.5505
vn -0.8171 -0.0000 -0.5766
vn -0.7984 -0.0000 -0.6022
vn -0.7788 -0.0000 -0.6273
vn -0.7584 -0.0000 -0.6518
vn -0.7372 -0.0000 -0.6757
vn -0.7153 -0.0000 -0.6988
vn -0.6893 -0.0000 -0.7245
vn -0.6623 -0.0000 -0.7493
vn -0.6397 -0.0000 -0.7686
vn -0.6197 -0.0000 -0.7848
vn -0.6018 -0.0000 -0.7986
vn -0.5858 -0.0000 -0.8104
vn -0.5714 -0.0000 -0.8206
vn -0.5584 -0.0000 -0.8295
vn -0.5467 -0.0000 -0.8374
vn -0.5359 -0.0000 -0.8443
vn -0.5261 -0.0000 -0.8504
vn -0.5171 -0.0000 -0.8559
vn -0.9590 -0.0000 0.2836
vn 0.0482 -0.0000 0.9988
vn -0.9590 -0.0000 0.2834
vn 0.0727 -0.0000 0.9974
vn 0.0990 -0.0000 0.9951
vn 0.1271 -0.0000 0.9919
vn 0.1573 -0.0000 0.9875
vn 0.1897 -0.0000 0.9818
vn 0.2243 -0.0000 0.9745
vn 0.2613 -0.0000 0.9652
vn 0.3008 -0.0000 0.9537
vn 0.3428 -0.0000 0.9394
vn 0.3872 -0.0000 0.9220
vn 0.4321 -0.0000 0.9018
vn 0.4746 -0.0000 0.8802
vn 0.5150 -0.0000 0.8572
vn 0.5544 -0.0000 0.8322
vn 0.5926 -0.0000 0.8055
vn 0.6294 -0.0000 0.7771
vn 0.6645 -0.0000 0.7473
vn 0.6977 -0.0000 0.7164
vn 0.7290 -0.0000 0.6845
vn 0.7583 -0.0000 0.6520
vn 0.7854 -0.0000 0.6190
vn 0.8104 -0.0000 0.5859
vn 0.8376 -0.0000 0.5463
vn 0.8675 -0.0000 0.4974
vn 0.8936 -0.0000 0.4489
vn 0.9137 -0.0000 0.4064
vn 0.9293 -0.0000 0.3692
vn 0.9417 -0.0000 0.3365
vn 0.9515 -0.0000 0.3077
vn 0.9594 -0.0000 0.2821
vn 0.9658 -0.0000 0.2594
vn 0.9710 -0.0000 0.2390
vn 0.9753 -0.0000 0.2207
vn 0.9789 -0.0000 0.2042
vt 0.502762 0.000000
vt 0.508287 0.000000
vt 0.505525 0.000000
vt 0.500000 0.000000
vt 0.511050 0.000000
vt 0.497238 0.000000
vt 0.513812 0.000000
vt 0.494475 0.000000
vt 0.516575 0.000000
vt 0.491713 0.000000
vt 0.519337 0.000000
vt 0.488950 0.000000
vt 0.522099 0.000000
vt 0.486188 0.000000
vt 0.524862 0.000000
vt 0.483425 0.000000
vt 0.527624 0.000000
vt 0.480663 0.000000
vt 0.530387 0.000000
vt 0.477901 0.000000
vt 0.533149 0.000000
vt 0.475138 0.000000
vt 0.535912 0.000000
vt 0.472376 0.000000
vt 0.538674 0.000000
vt 0.469613 0.000000
vt 0.541436 0.000000
vt 0.544199 0.000000
vt 0.466851 0.000000
vt 0.546961 0.000000
vt 0.464088 0.000000
vt 0.549724 0.000000
vt 0.461326 0.000000
vt 0.552486 0.000000
vt 0.458564 0.000000
vt 0.555249 0.000000
vt 0.455801 0.000000
vt 0.558011 0.000000
vt 0.453039 0.000000
vt 0.560773 0.000000
vt 0.450276 0.000000
vt 0.563536 0.000000
vt 0.447514 0.000000
vt 0.566298 0.000000
vt 0.444751 0.000000
vt 0.569061 0.000000
vt 0.441989 0.000000
vt 0.571823 0.000000
vt 0.439227 0.000000
vt 0.574586 0.000000
vt 0.436464 0.000000
vt 0.433702 0.000000
vt 0.577348 0.000000
vt 0.430939 0.000000
vt 0.428177 0.000000
vt 0.580110 0.000000
vt 0.425414 0.000000
vt 0.422652 0.000000
vt 0.419890 0.000000
vt 0.582873 0.000000
vt 0.417127 0.000000
vt 0.414365 0.000000
vt 0.585635 0.000000
vt 0.411602 0.000000
vt 0.408840 0.000000
vt 0.406077 0.000000
vt 0.588398 0.000000
vt 0.403315 0.000000
vt 0.400552 0.000000
vt 0.591160 0.000000
vt 0.397790 0.000000
vt 0.395028 0.000000
vt 0.593923 0.000000
vt 0.392265 0.000000
vt 0.389503 0.000000
vt 0.596685 0.000000
vt 0.386740 0.000000
vt 0.668508 0.000000
vt 0.674033 0.000000
vt 0.671271 0.000000
vt 0.665746 0.000000
vt 0.662983 0.000000
vt 0.660221 0.000000
vt 0.676796 0.000000
vt 0.383978 0.000000
vt 0.657459 0.000000
vt 0.654696 0.000000
vt 0.651934 0.000000
vt 0.337017 0.000000
vt 0.342541 0.000000
vt 0.339779 0.000000
vt 0.679558 0.000000
vt 0.345304 0.000000
vt 0.334254 0.000000
vt 0.649171 0.000000
vt 0.348066 0.000000
vt 0.646409 0.000000
vt 0.331492 0.000000
vt 0.643646 0.000000
vt 0.599447 0.000000
vt 0.682320 0.000000
vt 0.350829 0.000000
vt 0.640884 0.000000
vt 0.638122 0.000000
vt 0.328729 0.000000
vt 0.353591 0.000000
vt 0.635359 0.000000
vt 0.685083 0.000000
vt 0.632597 0.000000
vt 0.381215 0.000000
vt 0.629834 0.000000
vt 0.325967 0.000000
vt 0.356354 0.000000
vt 0.627072 0.000000
vt 0.687845 0.000000
vt 0.359116 0.000000
vt 0.624309 0.000000
vt 0.323204 0.000000
vt 0.621547 0.000000
vt 0.361878 0.000000
vt 0.690608 0.000000
vt 0.378453 0.000000
vt 0.602210 0.000000
vt 0.618785 0.000000
vt 0.320442 0.000000
vt 0.364641 0.000000
vt 0.616022 0.000000
vt 0.693370 0.000000
vt 0.317680 0.000000
vt 0.613260 0.000000
vt 0.375691 0.000000
vt 0.367403 0.000000
vt 0.696133 0.000000
vt 0.610497 0.000000
vt 0.604972 0.000000
vt 0.314917 0.000000
vt 0.370166 0.000000
vt 0.607735 0.000000
vt 0.372928 0.000000
vt 0.698895 0.000000
vt 0.312155 0.000000
vt 0.701657 0.000000
vt 0.309392 0.000000
vt 0.704420 0.000000
vt 0.306630 0.000000
vt 0.707182 0.000000
vt 0.303867 0.000000
vt 0.709945 0.000000
vt 0.301105 0.000000
vt 0.712707 0.000000
vt 0.298343 0.000000
vt 0.715470 0.000000
vt 0.295580 0.000000
vt 0.718232 0.000000
vt 0.292818 0.000000
vt 0.720994 0.000000
vt 0.290055 0.000000
vt 0.723757 0.000000
vt 0.287293 0.000000
vt 0.726519 0.000000
vt 0.284530 0.000000
vt 0.729282 0.000000
vt 0.281768 0.000000
vt 0.732044 0.000000
vt 0.279006 0.000000
vt 0.734807 0.000000
vt 0.276243 0.000000
vt 0.737569 0.000000
vt 0.273481 0.000000
vt 0.740331 0.000000
vt 0.270718 0.000000
vt 0.743094 0.000000
vt 0.267956 0.000000
vt 0.903315 0.000000
vt 0.745856 0.000000
vt 0.265193 0.000000
vt 0.140884 0.000000
vt 0.143646 0.000000
vt 0.138122 0.000000
vt 0.906077 0.000000
vt 0.900553 0.000000
vt 0.135359 0.000000
vt 0.132597 0.000000
vt 0.748619 0.000000
vt 0.129834 0.000000
vt 0.897790 0.000000
vt 0.262431 0.000000
vt 0.127072 0.000000
vt 0.146409 0.000000
vt 0.124309 0.000000
vt 0.908840 0.000000
vt 0.121547 0.000000
vt 0.895028 0.000000
vt 0.751381 0.000000
vt 0.118785 0.000000
vt 0.259668 0.000000
vt 0.116022 0.000000
vt 0.113260 0.000000
vt 0.149171 0.000000
vt 0.110497 0.000000
vt 0.892265 0.000000
vt 0.107735 0.000000
vt 0.104972 0.000000
vt 0.754144 0.000000
vt 0.256906 0.000000
vt 0.911602 0.000000
vt 0.889503 0.000000
vt 0.151934 0.000000
vt 0.756906 0.000000
vt 0.102210 0.000000
vt 0.886740 0.000000
vt 0.254144 0.000000
vt 0.154696 0.000000
vt 0.883978 0.000000
vt 0.914365 0.000000
vt 0.759669 0.000000
vt 0.099448 0.000000
vt 0.251381 0.000000
vt 0.881215 0.000000
vt 0.157459 0.000000
vt 0.878453 0.000000
vt 0.762431 0.000000
vt 0.917127 0.000000
vt 0.248619 0.000000
vt 0.096685 0.000000
vt 0.875691 0.000000
vt 0.160221 0.000000
vt 0.872928 0.000000
vt 0.765193 0.000000
vt 0.245856 0.000000
vt 0.870166 0.000000
vt 0.093923 0.000000
vt 0.919890 0.000000
vt 0.162983 0.000000
vt 0.867403 0.000000
vt 0.767956 0.000000
vt 0.243094 0.000000
vt 0.864641 0.000000
vt 0.165746 0.000000
vt 0.091160 0.000000
vt 0.861878 0.000000
vt 0.770718 0.000000
vt 0.922652 0.000000
vt 0.240331 0.000000
vt 0.168508 0.000000
vt 0.859116 0.000000
vt 0.088398 0.000000
vt 0.773481 0.000000
vt 0.856354 0.000000
vt 0.237569 0.000000
vt 0.171271 0.000000
vt 0.925414 0.000000
vt 0.853591 0.000000
vt 0.776243 0.000000
vt 0.234807 0.000000
vt 0.850829 0.000000
vt 0.174033 0.000000
vt 0.085635 0.000000
vt 0.848066 0.000000
vt 0.779006 0.000000
vt 0.176796 0.000000
vt 0.232044 0.000000
vt 0.928177 0.000000
vt 0.845304 0.000000
vt 0.082873 0.000000
vt 0.842541 0.000000
vt 0.179558 0.000000
vt 0.781768 0.000000
vt 0.229282 0.000000
vt 0.839779 0.000000
vt 0.182320 0.000000
vt 0.784530 0.000000
vt 0.930939 0.000000
vt 0.837017 0.000000
vt 0.226519 0.000000
vt 0.185083 0.000000
vt 0.080110 0.000000
vt 0.834254 0.000000
vt 0.787293 0.000000
vt 0.223757 0.000000
vt 0.831492 0.000000
vt 0.187845 0.000000
vt 0.828729 0.000000
vt 0.790055 0.000000
vt 0.220994 0.000000
vt 0.190608 0.000000
vt 0.933702 0.000000
vt 0.825967 0.000000
vt 0.792818 0.000000
vt 0.077348 0.000000
vt 0.823204 0.000000
vt 0.193370 0.000000
vt 0.218232 0.000000
vt 0.820442 0.000000
vt 0.795580 0.000000
vt 0.196133 0.000000
vt 0.215470 0.000000
vt 0.817680 0.000000
vt 0.198895 0.000000
vt 0.814917 0.000000
vt 0.798343 0.000000
vt 0.212707 0.000000
vt 0.812155 0.000000
vt 0.201657 0.000000
vt 0.801105 0.000000
vt 0.809392 0.000000
vt 0.936464 0.000000
vt 0.209945 0.000000
vt 0.806630 0.000000
vt 0.204420 0.000000
vt 0.803867 0.000000
vt 0.207182 0.000000
vt 0.074586 0.000000
vt 0.939227 0.000000
vt 0.071823 0.000000
vt 0.941989 0.000000
vt 0.069061 0.000000
vt 0.944751 0.000000
vt 0.066298 0.000000
vt 0.947514 0.000000
vt 0.063536 0.000000
vt 0.950276 0.000000
vt 0.060773 0.000000
vt 0.953039 0.000000
vt 0.058011 0.000000
vt 0.955801 0.000000
vt 0.055249 0.000000
vt 0.958564 0.000000
vt 0.052486 0.000000
vt 0.961326 0.000000
vt 0.049724 0.000000
vt 0.964088 0.000000
vt 0.046961 0.000000
vt 0.966851 0.000000
vt 0.044199 0.000000
vt 0.969613 0.000000
vt 0.041436 0.000000
vt 0.972376 0.000000
vt 0.038674 0.000000
vt 0.975138 0.000000
vt 0.035912 0.000000
vt 0.977901 0.000000
vt 0.033149 0.000000
vt 0.980663 0.000000
vt 0.030387 0.000000
vt 0.027624 0.000000
vt 0.983425 0.000000
vt 0.024862 0.000000
vt 0.986188 0.000000
vt 0.022099 0.000000
vt 0.988950 0.000000
vt 0.019337 0.000000
vt 0.991713 0.000000
vt 0.016575 0.000000
vt 0.994475 0.000000
vt 0.013812 0.000000
vt 0.997238 0.000000
vt 0.011050 0.000000
vt 1.000000 0.000000
vt 0.008287 0.000000
vt 0.000000 0.000000
vt 0.005525 0.000000
vt 0.002762 0.000000
vt 0.002755 1.000000
vt 0.000000 1.000000
vt 0.005510 1.000000
vt 0.002755 0.000000
vt 0.008264 1.000000
vt 0.005510 0.000000
vt 0.011019 1.000000
vt 0.008264 0.000000
vt 0.013774 1.000000
vt 0.011019 0.000000
vt 0.016529 1.000000
vt 0.013774 0.000000
vt 0.019284 1.000000
vt 0.016529 0.000000
vt 0.022039 1.000000
vt 0.019284 0.000000
vt 0.024793 1.000000
vt 0.022039 0.000000
vt 0.027548 1.000000
vt 0.024793 0.000000
vt 0.030303 1.000000
vt 0.027548 0.000000
vt 0.033058 1.000000
vt 0.030303 0.000000
vt 0.035813 1.000000
vt 0.033058 0.000000
vt 0.038567 1.000000
vt 0.035813 0.000000
vt 0.041322 1.000000
vt 0.038567 0.000000
vt 0.044077 1.000000
vt 0.041322 0.000000
vt 0.046832 1.000000
vt 0.044077 0.000000
vt 0.049587 1.000000
vt 0.046832 0.000000
vt 0.052342 1.000000
vt 0.049587 0.000000
vt 0.055096 1.000000
vt 0.052342 0.000000
vt 0.057851 1.000000
vt 0.055096 0.000000
vt 0.060606 1.000000
vt 0.057851 0.000000
vt 0.063361 1.000000
vt 0.060606 0.000000
vt 0.066116 1.000000
vt 0.063361 0.000000
vt 0.068871 1.000000
vt 0.066116 0.000000
vt 0.071625 1.000000
vt 0.068871 0.000000
vt 0.074380 1.000000
vt 0.071625 0.000000
vt 0.077135 1.000000
vt 0.074380 0.000000
vt 0.079890 1.000000
vt 0.077135 0.000000
vt 0.082645 1.000000
vt 0.079890 0.000000
vt 0.085399 1.000000
vt 0.082645 0.000000
vt 0.088154 1.000000
vt 0.085399 0.000000
vt 0.090909 1.000000
vt 0.088154 0.000000
vt 0.093664 1.000000
vt 0.090909 0.000000
vt 0.096419 1.000000
vt 0.093664 0.000000
vt 0.099174 1.000000
vt 0.096419 0.000000
vt 0.101928 1.000000
vt 0.099174 0.000000
vt 0.104683 1.000000
vt 0.101928 0.000000
vt 0.107438 1.000000
vt 0.104683 0.000000
vt 0.110193 1.000000
vt 0.107438 0.000000
vt 0.112948 1.000000
vt 0.110193 0.000000
vt 0.115702 1.000000
vt 0.112948 0.000000
vt 0.118457 1.000000
vt 0.115702 0.000000
vt 0.121212 1.000000
vt 0.118457 0.000000
vt 0.123967 1.000000
vt 0.121212 0.000000
vt 0.126722 1.000000
vt 0.123967 0.000000
vt 0.129477 1.000000
vt 0.126722 0.000000
vt 0.132231 1.000000
vt 0.129477 0.000000
vt 0.134986 1.000000
vt 0.132231 0.000000
vt 0.137741 1.000000
vt 0.134986 0.000000
vt 0.140496 1.000000
vt 0.137741 0.000000
vt 0.143251 1.000000
vt 0.140496 0.000000
vt 0.146006 1.000000
vt 0.143251 0.000000
vt 0.148760 1.000000
vt 0.146006 0.000000
vt 0.151515 1.000000
vt 0.148760 0.000000
vt 0.154270 1.000000
vt 0.151515 0.000000
vt 0.157025 1.000000
vt 0.154270 0.000000
vt 0.159780 1.000000
vt 0.157025 0.000000
vt 0.162534 1.000000
vt 0.159780 0.000000
vt 0.165289 1.000000
vt 0.162534 0.000000
vt 0.168044 1.000000
vt 0.165289 0.000000
vt 0.170799 1.000000
vt 0.168044 0.000000
vt 0.173554 1.000000
vt 0.170799 0.000000
vt 0.176309 1.000000
vt 0.173554 0.000000
vt 0.179063 1.000000
vt 0.176309 0.000000
vt 0.181818 1.000000
vt 0.179063 0.000000
vt 0.184573 1.000000
vt 0.181818 0.000000
vt 0.187328 1.000000
vt 0.184573 0.000000
vt 0.190083 1.000000
vt 0.187328 0.000000
vt 0.192837 1.000000
vt 0.190083 0.000000
vt 0.195592 1.000000
vt 0.192837 0.000000
vt 0.198347 1.000000
vt 0.195592 0.000000
vt 0.201102 1.000000
vt 0.198347 0.000000
vt 0.203857 1.000000
vt 0.201102 0.000000
vt 0.206612 1.000000
vt 0.203857 0.000000
vt 0.209366 1.000000
vt 0.206612 0.000000
vt 0.212121 1.000000
vt 0.209366 0.000000
vt 0.214876 1.000000
vt 0.212121 0.000000
vt 0.217631 1.000000
vt 0.214876 0.000000
vt 0.220386 1.000000
vt 0.217631 0.000000
vt 0.223140 1.000000
vt 0.220386 0.000000
vt 0.225895 1.000000
vt 0.223140 0.000000
vt 0.228650 1.000000
vt 0.225895 0.000000
vt 0.231405 1.000000
vt 0.228650 0.000000
vt 0.234160 1.000000
vt 0.231405 0.000000
vt 0.236915 1.000000
vt 0.234160 0.000000
vt 0.239669 1.000000
vt 0.236915 0.000000
vt 0.242424 1.000000
vt 0.239669 0.000000
vt 0.245179 1.000000
vt 0.242424 0.000000
vt 0.247934 1.000000
vt 0.245179 0.000000
vt 0.250689 1.000000
vt 0.247934 0.000000
vt 0.253444 1.000000
vt 0.250689 0.000000
vt 0.256198 1.000000
vt 0.253444 0.000000
vt 0.258953 1.000000
vt 0.256198 0.000000
vt 0.261708 1.000000
vt 0.258953 0.000000
vt 0.264463 1.000000
vt 0.261708 0.000000
vt 0.267218 1.000000
vt 0.264463 0.000000
vt 0.269972 1.000000
vt 0.267218 0.000000
vt 0.272727 1.000000
vt 0.269972 0.000000
vt 0.275482 1.000000
vt 0.272727 0.000000
vt 0.278237 1.000000
vt 0.275482 0.000000
vt 0.280992 1.000000
vt 0.278237 0.000000
vt 0.283747 1.000000
vt 0.280992 0.000000
vt 0.286501 1.000000
vt 0.283747 0.000000
vt 0.289256 1.000000
vt 0.286501 0.000000
vt 0.292011 1.000000
vt 0.289256 0.000000
vt 0.294766 1.000000
vt 0.292011 0.000000
vt 0.297521 1.000000
vt 0.294766 0.000000
vt 0.300275 1.000000
vt 0.297521 0.000000
vt 0.303030 1.000000
vt 0.300275 0.000000
vt 0.305785 1.000000
vt 0.303030 0.000000
vt 0.308540 1.000000
vt 0.305785 0.000000
vt 0.311295 1.000000
vt 0.308540 0.000000
vt 0.314050 1.000000
vt 0.311295 0.000000
vt 0.316804 1.000000
vt 0.314050 0.000000
vt 0.319559 1.000000
vt 0.316804 0.000000
vt 0.322314 1.000000
vt 0.319559 0.000000
vt 0.325069 1.000000
vt 0.322314 0.000000
vt 0.327824 1.000000
vt 0.325069 0.000000
vt 0.330579 1.000000
vt 0.327824 0.000000
vt 0.333333 1.000000
vt 0.330579 0.000000
vt 0.336088 1.000000
vt 0.333333 0.000000
vt 0.338843 1.000000
vt 0.336088 0.000000
vt 0.341598 1.000000
vt 0.338843 0.000000
vt 0.344353 1.000000
vt 0.341598 0.000000
vt 0.347107 1.000000
vt 0.344353 0.000000
vt 0.349862 1.000000
vt 0.347107 0.000000
vt 0.352617 1.000000
vt 0.349862 0.000000
vt 0.355372 1.000000
vt 0.352617 0.000000
vt 0.358127 1.000000
vt 0.355372 0.000000
vt 0.360882 1.000000
vt 0.358127 0.000000
vt 0.363636 1.000000
vt 0.360882 0.000000
vt 0.366391 1.000000
vt 0.363636 0.000000
vt 0.369146 1.000000
vt 0.366391 0.000000
vt 0.371901 1.000000
vt 0.369146 0.000000
vt 0.374656 1.000000
vt 0.371901 0.000000
vt 0.377410 1.000000
vt 0.374656 0.000000
vt 0.380165 1.000000
vt 0.377410 0.000000
vt 0.382920 1.000000
vt 0.380165 0.000000
vt 0.385675 1.000000
vt 0.382920 0.000000
vt 0.388430 1.000000
vt 0.385675 0.000000
vt 0.391185 1.000000
vt 0.388430 0.000000
vt 0.393939 1.000000
vt 0.391185 0.000000
vt 0.396694 1.000000
vt 0.393939 0.000000
vt 0.399449 1.000000
vt 0.396694 0.000000
vt 0.402204 1.000000
vt 0.399449 0.000000
vt 0.404959 1.000000
vt 0.402204 0.000000
vt 0.407714 1.000000
vt 0.404959 0.000000
vt 0.410468 1.000000
vt 0.407714 0.000000
vt 0.413223 1.000000
vt 0.410468 0.000000
vt 0.415978 1.000000
vt 0.413223 0.000000
vt 0.418733 1.000000
vt 0.415978 0.000000
vt 0.421488 1.000000
vt 0.418733 0.000000
vt 0.424242 1.000000
vt 0.421488 0.000000
vt 0.426997 1.000000
vt 0.424242 0.000000
vt 0.429752 1.000000
vt 0.426997 0.000000
vt 0.432507 1.000000
vt 0.429752 0.000000
vt 0.435262 1.000000
vt 0.432507 0.000000
vt 0.438017 1.000000
vt 0.435262 0.000000
vt 0.440771 1.000000
vt 0.438017 0.000000
vt 0.443526 1.000000
vt 0.440771 0.000000
vt 0.446281 1.000000
vt 0.443526 0.000000
vt 0.449036 1.000000
vt 0.446281 0.000000
vt 0.451791 1.000000
vt 0.449036 0.000000
vt 0.454545 1.000000
vt 0.451791 0.000000
vt 0.457300 1.000000
vt 0.454545 0.000000
vt 0.460055 1.000000
vt 0.457300 0.000000
vt 0.462810 1.000000
vt 0.460055 0.000000
vt 0.465565 1.000000
vt 0.462810 0.000000
vt 0.468320 1.000000
vt 0.465565 0.000000
vt 0.471074 1.000000
vt 0.468320 0.000000
vt 0.473829 1.000000
vt 0.471074 0.000000
vt 0.476584 1.000000
vt 0.473829 0.000000
vt 0.479339 1.000000
vt 0.476584 0.000000
vt 0.482094 1.000000
vt 0.479339 0.000000
vt 0.484848 1.000000
vt 0.482094 0.000000
vt 0.487603 1.000000
vt 0.484848 0.000000
vt 0.490358 1.000000
vt 0.487603 0.000000
vt 0.493113 1.000000
vt 0.490358 0.000000
vt 0.495868 1.000000
vt 0.493113 0.000000
vt 0.498623 1.000000
vt 0.495868 0.000000
vt 0.501377 1.000000
vt 0.498623 0.000000
vt 0.504132 1.000000
vt 0.501377 0.000000
vt 0.506887 1.000000
vt 0.504132 0.000000
vt 0.509642 1.000000
vt 0.506887 0.000000
vt 0.512397 1.000000
vt 0.509642 0.000000
vt 0.515152 1.000000
vt 0.512397 0.000000
vt 0.517906 1.000000
vt 0.515152 0.000000
vt 0.520661 1.000000
vt 0.517906 0.000000
vt 0.523416 1.000000
vt 0.520661 0.000000
vt 0.526171 1.000000
vt 0.523416 0.000000
vt 0.528926 1.000000
vt 0.526171 0.000000
vt 0.531680 1.000000
vt 0.528926 0.000000
vt 0.534435 1.000000
vt 0.531680 0.000000
vt 0.537190 1.000000
vt 0.534435 0.000000
vt 0.539945 1.000000
vt 0.537190 0.000000
vt 0.542700 1.000000
vt 0.539945 0.000000
vt 0.545455 1.000000
vt 0.542700 0.000000
vt 0.548209 1.000000
vt 0.545455 0.000000
vt 0.550964 1.000000
vt 0.548209 0.000000
vt 0.553719 1.000000
vt 0.550964 0.000000
vt 0.556474 1.000000
vt 0.553719 0.000000
vt 0.559229 1.000000
vt 0.556474 0.000000
vt 0.561983 1.000000
vt 0.559229 0.000000
vt 0.564738 1.000000
vt 0.561983 0.000000
vt 0.567493 1.000000
vt 0.564738 0.000000
vt 0.570248 1.000000
vt 0.567493 0.000000
vt 0.573003 1.000000
vt 0.570248 0.000000
vt 0.575758 1.000000
vt 0.573003 0.000000
vt 0.578512 1.000000
vt 0.575758 0.000000
vt 0.581267 1.000000
vt 0.578512 0.000000
vt 0.584022 1.000000
vt 0.581267 0.000000
vt 0.586777 1.000000
vt 0.584022 0.000000
vt 0.589532 1.000000
vt 0.586777 0.000000
vt 0.592287 1.000000
vt 0.589532 0.000000
vt 0.595041 1.000000
vt 0.592287 0.000000
vt 0.597796 1.000000
vt 0.595041 0.000000
vt 0.600551 1.000000
vt 0.597796 0.000000
vt 0.603306 1.000000
vt 0.600551 0.000000
vt 0.606061 1.000000
vt 0.603306 0.000000
vt 0.608815 1.000000
vt 0.606061 0.000000
vt 0.611570 1.000000
vt 0.608815 0.000000
vt 0.614325 1.000000
vt 0.611570 0.000000
vt 0.617080 1.000000
vt 0.614325 0.000000
vt 0.619835 1.000000
vt 0.617080 0.000000
vt 0.622590 1.000000
vt 0.619835 0.000000
vt 0.625344 1.000000
vt 0.622590 0.000000
vt 0.628099 1.000000
vt 0.625344 0.000000
vt 0.630854 1.000000
vt 0.628099 0.000000
vt 0.633609 1.000000
vt 0.630854 0.000000
vt 0.636364 1.000000
vt 0.633609 0.000000
vt 0.639118 1.000000
vt 0.636364 0.000000
vt 0.641873 1.000000
vt 0.639118 0.000000
vt 0.644628 1.000000
vt 0.641873 0.000000
vt 0.647383 1.000000
vt 0.644628 0.000000
vt 0.650138 1.000000
vt 0.647383 0.000000
vt 0.652893 1.000000
vt 0.650138 0.000000
vt 0.655647 1.000000
vt 0.652893 0.000000
vt 0.658402 1.000000
vt 0.655647 0.000000
vt 0.661157 1.000000
vt 0.658402 0.000000
vt 0.663912 1.000000
vt 0.661157 0.000000
vt 0.666667 1.000000
vt 0.663912 0.000000
vt 0.669421 1.000000
vt 0.666667 0.000000
vt 0.672176 1.000000
vt 0.669421 0.000000
vt 0.674931 1.000000
vt 0.672176 0.000000
vt 0.677686 1.000000
vt 0.674931 0.000000
vt 0.680441 1.000000
vt 0.677686 0.000000
vt 0.683196 1.000000
vt 0.680441 0.000000
vt 0.685950 1.000000
vt 0.683196 0.000000
vt 0.688705 1.000000
vt 0.685950 0.000000
vt 0.691460 1.000000
vt 0.688705 0.000000
vt 0.694215 1.000000
vt 0.691460 0.000000
vt 0.696970 1.000000
vt 0.694215 0.000000
vt 0.699724 1.000000
vt 0.696970 0.000000
vt 0.702479 1.000000
vt 0.699724 0.000000
vt 0.705234 1.000000
vt 0.702479 0.000000
vt 0.707989 1.000000
vt 0.705234 0.000000
vt 0.710744 1.000000
vt 0.707989 0.000000
vt 0.713499 1.000000
vt 0.710744 0.000000
vt 0.716253 1.000000
vt 0.713499 0.000000
vt 0.719008 1.000000
vt 0.716253 0.000000
vt 0.721763 1.000000
vt 0.719008 0.000000
vt 0.724518 1.000000
vt 0.721763 0.000000
vt 0.727273 1.000000
vt 0.724518 0.000000
vt 0.730028 1.000000
vt 0.727273 0.000000
vt 0.732782 1.000000
vt 0.730028 0.000000
vt 0.735537 1.000000
vt 0.732782 0.000000
vt 0.738292 1.000000
vt 0.735537 0.000000
vt 0.741047 1.000000
vt 0.738292 0.000000
vt 0.743802 1.000000
vt 0.741047 0.000000
vt 0.746556 1.000000
vt 0.743802 0.000000
vt 0.749311 1.000000
vt 0.746556 0.000000
vt 0.752066 1.000000
vt 0.749311 0.000000
vt 0.754821 1.000000
vt 0.752066 0.000000
vt 0.757576 1.000000
vt 0.754821 0.000000
vt 0.760331 1.000000
vt 0.757576 0.000000
vt 0.763085 1.000000
vt 0.760331 0.000000
vt 0.765840 1.000000
vt 0.763085 0.000000
vt 0.768595 1.000000
vt 0.765840 0.000000
vt 0.771350 1.000000
vt 0.768595 0.000000
vt 0.774105 1.000000
vt 0.771350 0.000000
vt 0.776860 1.000000
vt 0.774105 0.000000
vt 0.779614 1.000000
vt 0.776860 0.000000
vt 0.782369 1.000000
vt 0.779614 0.000000
vt 0.785124 1.000000
vt 0.782369 0.000000
vt 0.787879 1.000000
vt 0.785124 0.000000
vt 0.790634 1.000000
vt 0.787879 0.000000
vt 0.793388 1.000000
vt 0.790634 0.000000
vt 0.796143 1.000000
vt 0.793388 0.000000
vt 0.798898 1.000000
vt 0.796143 0.000000
vt 0.801653 1.000000
vt 0.798898 0.000000
vt 0.804408 1.000000
vt 0.801653 0.000000
vt 0.807163 1.000000
vt 0.804408 0.000000
vt 0.809917 1.000000
vt 0.807163 0.000000
vt 0.812672 1.000000
vt 0.809917 0.000000
vt 0.815427 1.000000
vt 0.812672 0.000000
vt 0.818182 1.000000
vt 0.815427 0.000000
vt 0.820937 1.000000
vt 0.818182 0.000000
vt 0.823691 1.000000
vt 0.820937 0.000000
vt 0.826446 1.000000
vt 0.823691 0.000000
vt 0.829201 1.000000
vt 0.826446 0.000000
vt 0.831956 1.000000
vt 0.829201 0.000000
vt 0.834711 1.000000
vt 0.831956 0.000000
vt 0.837466 1.000000
vt 0.834711 0.000000
vt 0.840220 1.000000
vt 0.837466 0.000000
vt 0.842975 1.000000
vt 0.840220 0.000000
vt 0.845730 1.000000
vt 0.842975 0.000000
vt 0.848485 1.000000
vt 0.845730 0.000000
vt 0.851240 1.000000
vt 0.848485 0.000000
vt 0.853994 1.000000
vt 0.851240 0.000000
vt 0.856749 1.000000
vt 0.853994 0.000000
vt 0.859504 1.000000
vt 0.856749 0.000000
vt 0.862259 1.000000
vt 0.859504 0.000000
vt 0.865014 1.000000
vt 0.862259 0.000000
vt 0.867769 1.000000
vt 0.865014 0.000000
vt 0.870523 1.000000
vt 0.867769 0.000000
vt 0.873278 1.000000
vt 0.870523 0.000000
vt 0.876033 1.000000
vt 0.873278 0.000000
vt 0.878788 1.000000
vt 0.876033 0.000000
vt 0.881543 1.000000
vt 0.878788 0.000000
vt 0.884298 1.000000
vt 0.881543 0.000000
vt 0.887052 1.000000
vt 0.884298 0.000000
vt 0.889807 1.000000
vt 0.887052 0.000000
vt 0.892562 1.000000
vt 0.889807 0.000000
vt 0.895317 1.000000
vt 0.892562 0.000000
vt 0.898072 1.000000
vt 0.895317 0.000000
vt 0.900826 1.000000
vt 0.898072 0.000000
vt 0.903581 1.000000
vt 0.900826 0.000000
vt 0.906336 1.000000
vt 0.903581 0.000000
vt 0.909091 1.000000
vt 0.906336 0.000000
vt 0.911846 1.000000
vt 0.909091 0.000000
vt 0.914601 1.000000
vt 0.911846 0.000000
vt 0.917355 1.000000
vt 0.914601 0.000000
vt 0.920110 1.000000
vt 0.917355 0.000000
vt 0.922865 1.000000
vt 0.920110 0.000000
vt 0.925620 1.000000
vt 0.922865 0.000000
vt 0.928375 1.000000
vt 0.925620 0.000000
vt 0.931129 1.000000
vt 0.928375 0.000000
vt 0.933884 1.000000
vt 0.931129 0.000000
vt 0.936639 1.000000
vt 0.933884 0.000000
vt 0.939394 1.000000
vt 0.936639 0.000000
vt 0.942149 1.000000
vt 0.939394 0.000000
vt 0.944904 1.000000
vt 0.942149 0.000000
vt 0.947658 1.000000
vt 0.944904 0.000000
vt 0.950413 1.000000
vt 0.947658 0.000000
vt 0.953168 1.000000
vt 0.950413 0.000000
vt 0.955923 1.000000
vt 0.953168 0.000000
vt 0.958678 1.000000
vt 0.955923 0.000000
vt 0.961433 1.000000
vt 0.958678 0.000000
vt 0.964187 1.000000
vt 0.961433 0.000000
vt 0.966942 1.000000
vt 0.964187 0.000000
vt 0.969697 1.000000
vt 0.966942 0.000000
vt 0.972452 1.000000
vt 0.969697 0.000000
vt 0.975207 1.000000
vt 0.972452 0.000000
vt 0.977961 1.000000
vt 0.975207 0.000000
vt 0.980716 1.000000
vt 0.977961 0.000000
vt 0.983471 1.000000
vt 0.980716 0.000000
vt 0.986226 1.000000
vt 0.983471 0.000000
vt 0.988981 1.000000
vt 0.986226 0.000000
vt 0.991736 1.000000
vt 0.988981 0.000000
vt 0.994490 1.000000
vt 0.991736 0.000000
vt 0.997245 1.000000
vt 0.994490 0.000000
vt 1.000000 1.000000
vt 0.997245 0.000000
s 0
f 183/1/1 185/2/1 184/3/1
f 182/4/1 185/2/1 183/1/1
f 182/4/1 186/5/1 185/2/1
f 181/6/1 186/5/1 182/4/1
f 181/6/1 187/7/1 186/5/1
f 180/8/1 187/7/1 181/6/1
f 180/8/1 188/9/1 187/7/1
f 179/10/1 188/9/1 180/8/1
f 179/10/1 189/11/1 188/9/1
f 178/12/1 189/11/1 179/10/1
f 178/12/1 190/13/1 189/11/1
f 177/14/1 190/13/1 178/12/1
f 177/14/1 191/15/1 190/13/1
f 176/16/1 191/15/1 177/14/1
f 176/16/1 192/17/1 191/15/1
f 175/18/1 192/17/1 176/16/1
f 175/18/1 193/19/1 192/17/1
f 174/20/1 193/19/1 175/18/1
f 174/20/1 194/21/1 193/19/1
f 173/22/1 194/21/1 174/20/1
f 173/22/1 195/23/1 194/21/1
f 172/24/1 195/23/1 173/22/1
f 172/24/1 196/25/1 195/23/1
f 171/26/1 196/25/1 172/24/1
f 171/26/1 197/27/1 196/25/1
f 171/26/1 198/28/1 197/27/1
f 170/29/1 198/28/1 171/26/1
f 170/29/1 199/30/1 198/28/1
f 169/31/1 199/30/1 170/29/1
f 169/31/1 200/32/1 199/30/1
f 168/33/1 200/32/1 169/31/1
f 168/33/1 201/34/1 200/32/1
f 167/35/1 201/34/1 168/33/1
f 167/35/1 202/36/1 201/34/1
f 166/37/1 202/36/1 167/35/1
f 166/37/1 203/38/1 202/36/1
f 165/39/1 203/38/1 166/37/1
f 165/39/1 204/40/1 203/38/1
f 164/41/1 204/40/1 165/39/1
f 164/41/1 205/42/1 204/40/1
f 163/43/1 205/42/1 164/41/1
f 163/43/1 206/44/1 205/42/1
f 162/45/1 206/44/1 163/43/1
f 162/45/1 207/46/1 206/44/1
f 161/47/1 207/46/1 162/45/1
f 161/47/1 208/48/1 207/46/1
f 160/49/1 208/48/1 161/47/1
f 160/49/1 209/50/1 208/48/1
f 159/51/1 209/50/1 160/49/1
f 158/52/1 209/50/1 159/51/1
f 158/52/1 210/53/1 209/50/1
f 157/54/1 210/53/1 158/52/1
f 156/55/1 210/53/1 157/54/1
f 156/55/1 211/56/1 210/53/1
f 155/57/1 211/56/1 156/55/1
f 154/58/1 211/56/1 155/57/1
f 153/59/1 211/56/1 154/58/1
f 153/59/1 212/60/1 211/56/1
f 152/61/1 212/60/1 153/59/1
f 151/62/1 212/60/1 152/61/1
f 151/62/1 213/63/1 212/60/1
f 150/64/1 213/63/1 151/62/1
f 149/65/1 213/63/1 150/64/1
f 148/66/1 213/63/1 149/65/1
f 148/66/1 214/67/1 213/63/1
f 147/68/1 214/67/1 148/66/1
f 146/69/1 214/67/1 147/68/1
f 146/69/1 215/70/1 214/67/1
f 145/71/1 215/70/1 146/69/1
f 144/72/1 215/70/1 145/71/1
f 144/72/1 216/73/1 215/70/1
f 143/74/1 216/73/1 144/72/1
f 142/75/1 216/73/1 143/74/1
f 142/75/1 217/76/1 216/73/1
f 141/77/1 217/76/1 142/75/1
f 243/78/1 245/79/1 244/80/1
f 242/81/1 245/79/1 243/78/1
f 241/82/1 245/79/1 242/81/1
f 240/83/1 245/79/1 241/82/1
f 240/83/1 246/84/1 245/79/1
f 140/85/1 217/76/1 141/77/1
f 239/86/1 246/84/1 240/83/1
f 238/87/1 246/84/1 239/86/1
f 237/88/1 246/84/1 238/87/1
f 123/89/1 125/90/1 124/91/1
f 237/88/1 247/92/1 246/84/1
f 123/89/1 126/93/1 125/90/1
f 122/94/1 126/93/1 123/89/1
f 236/95/1 247/92/1 237/88/1
f 122/94/1 127/96/1 126/93/1
f 235/97/1 247/92/1 236/95/1
f 121/98/1 127/96/1 122/94/1
f 234/99/1 247/92/1 235/97/1
f 140/85/1 218/100/1 217/76/1
f 234/99/1 248/101/1 247/92/1
f 121/98/1 128/102/1 127/96/1
f 233/103/1 248/101/1 234/99/1
f 232/104/1 248/101/1 233/103/1
f 120/105/1 128/102/1 121/98/1
f 120/105/1 129/106/1 128/102/1
f 231/107/1 248/101/1 232/104/1
f 231/107/1 249/108/1 248/101/1
f 230/109/1 249/108/1 231/107/1
f 139/110/1 218/100/1 140/85/1
f 229/111/1 249/108/1 230/109/1
f 119/112/1 129/106/1 120/105/1
f 119/112/1 130/113/1 129/106/1
f 228/114/1 249/108/1 229/111/1
f 228/114/1 250/115/1 249/108/1
f 119/112/1 131/116/1 130/113/1
f 227/117/1 250/115/1 228/114/1
f 118/118/1 131/116/1 119/112/1
f 226/119/1 250/115/1 227/117/1
f 118/118/1 132/120/1 131/116/1
f 226/119/1 251/121/1 250/115/1
f 138/122/1 218/100/1 139/110/1
f 138/122/1 219/123/1 218/100/1
f 225/124/1 251/121/1 226/119/1
f 117/125/1 132/120/1 118/118/1
f 117/125/1 133/126/1 132/120/1
f 224/127/1 251/121/1 225/124/1
f 224/127/1 252/128/1 251/121/1
f 116/129/1 133/126/1 117/125/1
f 223/130/1 252/128/1 224/127/1
f 137/131/1 219/123/1 138/122/1
f 116/129/1 134/132/1 133/126/1
f 223/130/1 253/133/1 252/128/1
f 222/134/1 253/133/1 223/130/1
f 137/131/1 220/135/1 219/123/1
f 115/136/1 134/132/1 116/129/1
f 115/136/1 135/137/1 134/132/1
f 221/138/1 253/133/1 222/134/1
f 136/139/1 220/135/1 137/131/1
f 221/138/1 254/140/1 253/133/1
f 115/136/1 136/139/1 135/137/1
f 220/135/1 254/140/1 221/138/1
f 114/141/1 136/139/1 115/136/1
f 114/141/1 220/135/1 136/139/1
f 114/141/1 254/140/1 220/135/1
f 114/141/1 255/142/1 254/140/1
f 113/143/1 255/142/1 114/141/1
f 113/143/1 256/144/1 255/142/1
f 112/145/1 256/144/1 113/143/1
f 112/145/1 257/146/1 256/144/1
f 111/147/1 257/146/1 112/145/1
f 111/147/1 258/148/1 257/146/1
f 110/149/1 258/148/1 111/147/1
f 110/149/1 259/150/1 258/148/1
f 109/151/1 259/150/1 110/149/1
f 109/151/1 260/152/1 259/150/1
f 108/153/1 260/152/1 109/151/1
f 108/153/1 261/154/1 260/152/1
f 107/155/1 261/154/1 108/153/1
f 107/155/1 262/156/1 261/154/1
f 106/157/1 262/156/1 107/155/1
f 106/157/1 263/158/1 262/156/1
f 105/159/1 263/158/1 106/157/1
f 105/159/1 264/160/1 263/158/1
f 104/161/1 264/160/1 105/159/1
f 104/161/1 265/162/1 264/160/1
f 103/163/1 265/162/1 104/161/1
f 103/163/1 266/164/1 265/162/1
f 102/165/1 266/164/1 103/163/1
f 102/165/1 267/166/1 266/164/1
f 101/167/1 267/166/1 102/165/1
f 101/167/1 268/168/1 267/166/1
f 100/169/1 268/168/1 101/167/1
f 100/169/1 269/170/1 268/168/1
f 99/171/1 269/170/1 100/169/1
f 99/171/1 270/172/1 269/170/1
f 98/173/1 270/172/1 99/171/1
f 98/173/1 328/174/1 270/172/1
f 328/174/1 271/175/1 270/172/1
f 97/176/1 52/177/1 98/173/1
f 52/177/1 328/174/1 98/173/1
f 97/176/1 53/178/1 52/177/1
f 51/179/1 328/174/1 52/177/1
f 51/179/1 329/180/1 328/174/1
f 327/181/1 271/175/1 328/174/1
f 50/182/1 329/180/1 51/179/1
f 49/183/1 329/180/1 50/182/1
f 327/181/1 272/184/1 271/175/1
f 48/185/1 329/180/1 49/183/1
f 326/186/1 272/184/1 327/181/1
f 96/187/1 53/178/1 97/176/1
f 47/188/1 329/180/1 48/185/1
f 96/187/1 54/189/1 53/178/1
f 46/190/1 329/180/1 47/188/1
f 46/190/1 330/191/1 329/180/1
f 45/192/1 330/191/1 46/190/1
f 325/193/1 272/184/1 326/186/1
f 325/193/1 273/194/1 272/184/1
f 44/195/1 330/191/1 45/192/1
f 95/196/1 54/189/1 96/187/1
f 43/197/1 330/191/1 44/195/1
f 42/198/1 330/191/1 43/197/1
f 95/196/1 55/199/1 54/189/1
f 41/200/1 330/191/1 42/198/1
f 324/201/1 273/194/1 325/193/1
f 40/202/1 330/191/1 41/200/1
f 39/203/1 330/191/1 40/202/1
f 324/201/1 274/204/1 273/194/1
f 94/205/1 55/199/1 95/196/1
f 39/203/1 331/206/1 330/191/1
f 323/207/1 274/204/1 324/201/1
f 94/205/1 56/208/1 55/199/1
f 323/207/1 275/209/1 274/204/1
f 38/210/1 331/206/1 39/203/1
f 322/211/1 275/209/1 323/207/1
f 93/212/1 56/208/1 94/205/1
f 93/212/1 57/213/1 56/208/1
f 321/214/1 275/209/1 322/211/1
f 38/210/1 332/215/1 331/206/1
f 321/214/1 276/216/1 275/209/1
f 37/217/1 332/215/1 38/210/1
f 92/218/1 57/213/1 93/212/1
f 320/219/1 276/216/1 321/214/1
f 92/218/1 58/220/1 57/213/1
f 319/221/1 276/216/1 320/219/1
f 319/221/1 277/222/1 276/216/1
f 37/217/1 333/223/1 332/215/1
f 91/224/1 58/220/1 92/218/1
f 36/225/1 333/223/1 37/217/1
f 318/226/1 277/222/1 319/221/1
f 91/224/1 59/227/1 58/220/1
f 317/228/1 277/222/1 318/226/1
f 317/228/1 278/229/1 277/222/1
f 90/230/1 59/227/1 91/224/1
f 316/231/1 278/229/1 317/228/1
f 35/232/1 333/223/1 36/225/1
f 35/232/1 334/233/1 333/223/1
f 90/230/1 60/234/1 59/227/1
f 315/235/1 278/229/1 316/231/1
f 315/235/1 279/236/1 278/229/1
f 89/237/1 60/234/1 90/230/1
f 314/238/1 279/236/1 315/235/1
f 89/237/1 61/239/1 60/234/1
f 34/240/1 334/233/1 35/232/1
f 313/241/1 279/236/1 314/238/1
f 313/241/1 280/242/1 279/236/1
f 34/240/1 335/243/1 334/233/1
f 88/244/1 61/239/1 89/237/1
f 88/244/1 62/245/1 61/239/1
f 312/246/1 280/242/1 313/241/1
f 33/247/1 335/243/1 34/240/1
f 312/246/1 281/248/1 280/242/1
f 311/249/1 281/248/1 312/246/1
f 87/250/1 62/245/1 88/244/1
f 87/250/1 63/251/1 62/245/1
f 33/247/1 336/252/1 335/243/1
f 310/253/1 281/248/1 311/249/1
f 310/253/1 282/254/1 281/248/1
f 86/255/1 63/251/1 87/250/1
f 309/256/1 282/254/1 310/253/1
f 86/255/1 64/257/1 63/251/1
f 32/258/1 336/252/1 33/247/1
f 308/259/1 282/254/1 309/256/1
f 308/259/1 283/260/1 282/254/1
f 86/255/1 65/261/1 64/257/1
f 85/262/1 65/261/1 86/255/1
f 32/258/1 337/263/1 336/252/1
f 307/264/1 283/260/1 308/259/1
f 31/265/1 337/263/1 32/258/1
f 306/266/1 283/260/1 307/264/1
f 85/262/1 66/267/1 65/261/1
f 306/266/1 284/268/1 283/260/1
f 84/269/1 66/267/1 85/262/1
f 305/270/1 284/268/1 306/266/1
f 84/269/1 67/271/1 66/267/1
f 305/270/1 285/272/1 284/268/1
f 31/265/1 338/273/1 337/263/1
f 304/274/1 285/272/1 305/270/1
f 83/275/1 67/271/1 84/269/1
f 83/275/1 68/276/1 67/271/1
f 30/277/1 338/273/1 31/265/1
f 303/278/1 285/272/1 304/274/1
f 303/278/1 286/279/1 285/272/1
f 82/280/1 68/276/1 83/275/1
f 302/281/1 286/279/1 303/278/1
f 82/280/1 69/282/1 68/276/1
f 301/283/1 286/279/1 302/281/1
f 301/283/1 287/284/1 286/279/1
f 81/285/1 69/282/1 82/280/1
f 81/285/1 70/286/1 69/282/1
f 30/277/1 339/287/1 338/273/1
f 300/288/1 287/284/1 301/283/1
f 300/288/1 288/289/1 287/284/1
f 29/290/1 339/287/1 30/277/1
f 299/291/1 288/289/1 300/288/1
f 81/285/1 71/292/1 70/286/1
f 80/293/1 71/292/1 81/285/1
f 298/294/1 288/289/1 299/291/1
f 298/294/1 289/295/1 288/289/1
f 80/293/1 72/296/1 71/292/1
f 79/297/1 72/296/1 80/293/1
f 297/298/1 289/295/1 298/294/1
f 79/297/1 73/299/1 72/296/1
f 296/300/1 289/295/1 297/298/1
f 296/300/1 290/301/1 289/295/1
f 78/302/1 73/299/1 79/297/1
f 295/303/1 290/301/1 296/300/1
f 78/302/1 74/304/1 73/299/1
f 295/303/1 291/305/1 290/301/1
f 294/306/1 291/305/1 295/303/1
f 29/290/1 340/307/1 339/287/1
f 77/308/1 74/304/1 78/302/1
f 293/309/1 291/305/1 294/306/1
f 77/308/1 75/310/1 74/304/1
f 293/309/1 292/311/1 291/305/1
f 76/312/1 75/310/1 77/308/1
f 28/313/1 340/307/1 29/290/1
f 28/313/1 341/314/1 340/307/1
f 27/315/1 341/314/1 28/313/1
f 27/315/1 342/316/1 341/314/1
f 26/317/1 342/316/1 27/315/1
f 26/317/1 343/318/1 342/316/1
f 25/319/1 343/318/1 26/317/1
f 25/319/1 344/320/1 343/318/1
f 24/321/1 344/320/1 25/319/1
f 24/321/1 345/322/1 344/320/1
f 23/323/1 345/322/1 24/321/1
f 23/323/1 346/324/1 345/322/1
f 22/325/1 346/324/1 23/323/1
f 22/325/1 347/326/1 346/324/1
f 21/327/1 347/326/1 22/325/1
f 21/327/1 348/328/1 347/326/1
f 20/329/1 348/328/1 21/327/1
f 20/329/1 349/330/1 348/328/1
f 19/331/1 349/330/1 20/329/1
f 19/331/1 350/332/1 349/330/1
f 18/333/1 350/332/1 19/331/1
f 18/333/1 351/334/1 350/332/1
f 17/335/1 351/334/1 18/333/1
f 17/335/1 352/336/1 351/334/1
f 16/337/1 352/336/1 17/335/1
f 16/337/1 353/338/1 352/336/1
f 15/339/1 353/338/1 16/337/1
f 15/339/1 354/340/1 353/338/1
f 14/341/1 354/340/1 15/339/1
f 14/341/1 355/342/1 354/340/1
f 13/343/1 355/342/1 14/341/1
f 13/343/1 356/344/1 355/342/1
f 12/345/1 356/344/1 13/343/1
f 11/346/1 356/344/1 12/345/1
f 11/346/1 357/347/1 356/344/1
f 10/348/1 357/347/1 11/346/1
f 10/348/1 358/349/1 357/347/1
f 9/350/1 358/349/1 10/348/1
f 9/350/1 359/351/1 358/349/1
f 8/352/1 359/351/1 9/350/1
f 8/352/1 360/353/1 359/351/1
f 7/354/1 360/353/1 8/352/1
f 7/354/1 361/355/1 360/353/1
f 6/356/1 361/355/1 7/354/1
f 6/356/1 362/357/1 361/355/1
f 5/358/1 362/357/1 6/356/1
f 5/358/1 363/359/1 362/357/1
f 4/360/1 363/359/1 5/358/1
f 4/360/1 1/361/1 363/359/1
f 3/362/1 1/361/1 4/360/1
f 3/362/1 2/363/1 1/361/1
f 546/1/2 547/3/2 548/2/2
f 545/4/2 546/1/2 548/2/2
f 545/4/2 548/2/2 549/5/2
f 544/6/2 545/4/2 549/5/2
f 544/6/2 549/5/2 550/7/2
f 543/8/2 544/6/2 550/7/2
f 543/8/2 550/7/2 551/9/2
f 542/10/2 543/8/2 551/9/2
f 542/10/2 551/9/2 552/11/2
f 541/12/2 542/10/2 552/11/2
f 541/12/2 552/11/2 553/13/2
f 540/14/2 541/12/2 553/13/2
f 540/14/2 553/13/2 554/15/2
f 539/16/2 540/14/2 554/15/2
f 539/16/2 554/15/2 555/17/2
f 538/18/2 539/16/2 555/17/2
f 538/18/2 555/17/2 556/19/2
f 537/20/2 538/18/2 556/19/2
f 537/20/2 556/19/2 557/21/2
f 536/22/2 537/20/2 557/21/2
f 536/22/2 557/21/2 558/23/2
f 535/24/2 536/22/2 558/23/2
f 535/24/2 558/23/2 559/25/2
f 534/26/2 535/24/2 559/25/2
f 534/26/2 559/25/2 560/27/2
f 534/26/2 560/27/2 561/28/2
f 533/29/2 534/26/2 561/28/2
f 533/29/2 561/28/2 562/30/2
f 532/31/2 533/29/2 562/30/2
f 532/31/2 562/30/2 563/32/2
f 531/33/2 532/31/2 563/32/2
f 531/33/2 563/32/2 564/34/2
f 530/35/2 531/33/2 564/34/2
f 530/35/2 564/34/2 565/36/2
f 529/37/2 530/35/2 565/36/2
f 529/37/2 565/36/2 566/38/2
f 528/39/2 529/37/2 566/38/2
f 528/39/2 566/38/2 567/40/2
f 527/41/2 528/39/2 567/40/2
f 527/41/2 567/40/2 568/42/2
f 526/43/2 527/41/2 568/42/2
f 526/43/2 568/42/2 569/44/2
f 525/45/2 526/43/2 569/44/2
f 525/45/2 569/44/2 570/46/2
f 524/47/2 525/45/2 570/46/2
f 524/47/2 570/46/2 571/48/2
f 523/49/2 524/47/2 571/48/2
f 523/49/2 571/48/2 572/50/2
f 522/51/2 523/49/2 572/50/2
f 521/52/2 522/51/2 572/50/2
f 521/52/2 572/50/2 573/53/2
f 520/54/2 521/52/2 573/53/2
f 519/55/2 520/54/2 573/53/2
f 519/55/2 573/53/2 574/56/2
f 518/57/2 519/55/2 574/56/2
f 517/58/2 518/57/2 574/56/2
f 516/59/2 517/58/2 574/56/2
f 516/59/2 574/56/2 575/60/2
f 515/61/2 516/59/2 575/60/2
f 514/62/2 515/61/2 575/60/2
f 514/62/2 575/60/2 576/63/2
f 513/64/2 514/62/2 576/63/2
f 512/65/2 513/64/2 576/63/2
f 511/66/2 512/65/2 576/63/2
f 511/66/2 576/63/2 577/67/2
f 510/68/2 511/66/2 577/67/2
f 509/69/2 510/68/2 577/67/2
f 509/69/2 577/67/2 578/70/2
f 508/71/2 509/69/2 578/70/2
f 507/72/2 508/71/2 578/70/2
f 507/72/2 578/70/2 579/73/2
f 506/74/2 507/72/2 579/73/2
f 505/75/2 506/74/2 579/73/2
f 505/75/2 579/73/2 580/76/2
f 504/77/2 505/75/2 580/76/2
f 606/78/2 607/80/2 608/79/2
f 605/81/2 606/78/2 608/79/2
f 604/82/2 605/81/2 608/79/2
f 603/83/2 604/82/2 608/79/2
f 603/83/2 608/79/2 609/84/2
f 503/85/2 504/77/2 580/76/2
f 602/86/2 603/83/2 609/84/2
f 601/87/2 602/86/2 609/84/2
f 600/88/2 601/87/2 609/84/2
f 486/89/2 487/91/2 488/90/2
f 600/88/2 609/84/2 610/92/2
f 486/89/2 488/90/2 489/93/2
f 485/94/2 486/89/2 489/93/2
f 599/95/2 600/88/2 610/92/2
f 485/94/2 489/93/2 490/96/2
f 598/97/2 599/95/2 610/92/2
f 484/98/2 485/94/2 490/96/2
f 597/99/2 598/97/2 610/92/2
f 503/85/2 580/76/2 581/100/2
f 597/99/2 610/92/2 611/101/2
f 484/98/2 490/96/2 491/102/2
f 596/103/2 597/99/2 611/101/2
f 595/104/2 596/103/2 611/101/2
f 483/105/2 484/98/2 491/102/2
f 483/105/2 491/102/2 492/106/2
f 594/107/2 595/104/2 611/101/2
f 594/107/2 611/101/2 612/108/2
f 593/109/2 594/107/2 612/108/2
f 502/110/2 503/85/2 581/100/2
f 592/111/2 593/109/2 612/108/2
f 482/112/2 483/105/2 492/106/2
f 482/112/2 492/106/2 493/113/2
f 591/114/2 592/111/2 612/108/2
f 591/114/2 612/108/2 613/115/2
f 482/112/2 493/113/2 494/116/2
f 590/117/2 591/114/2 613/115/2
f 481/118/2 482/112/2 494/116/2
f 589/119/2 590/117/2 613/115/2
f 481/118/2 494/116/2 495/120/2
f 589/119/2 613/115/2 614/121/2
f 501/122/2 502/110/2 581/100/2
f 501/122/2 581/100/2 582/123/2
f 588/124/2 589/119/2 614/121/2
f 480/125/2 481/118/2 495/120/2
f 480/125/2 495/120/2 496/126/2
f 587/127/2 588/124/2 614/121/2
f 587/127/2 614/121/2 615/128/2
f 479/129/2 480/125/2 496/126/2
f 586/130/2 587/127/2 615/128/2
f 500/131/2 501/122/2 582/123/2
f 479/129/2 496/126/2 497/132/2
f 586/130/2 615/128/2 616/133/2
f 585/134/2 586/130/2 616/133/2
f 500/131/2 582/123/2 583/135/2
f 478/136/2 479/129/2 497/132/2
f 478/136/2 497/132/2 498/137/2
f 584/138/2 585/134/2 616/133/2
f 499/139/2 500/131/2 583/135/2
f 584/138/2 616/133/2 617/140/2
f 478/136/2 498/137/2 499/139/2
f 583/135/2 584/138/2 617/140/2
f 477/141/2 478/136/2 499/139/2
f 477/141/2 499/139/2 583/135/2
f 477/141/2 583/135/2 617/140/2
f 477/141/2 617/140/2 618/142/2
f 476/143/2 477/141/2 618/142/2
f 476/143/2 618/142/2 619/144/2
f 475/145/2 476/143/2 619/144/2
f 475/145/2 619/144/2 620/146/2
f 474/147/2 475/145/2 620/146/2
f 474/147/2 620/146/2 621/148/2
f 473/149/2 474/147/2 621/148/2
f 473/149/2 621/148/2 622/150/2
f 472/151/2 473/149/2 622/150/2
f 472/151/2 622/150/2 623/152/2
f 471/153/2 472/151/2 623/152/2
f 471/153/2 623/152/2 624/154/2
f 470/155/2 471/153/2 624/154/2
f 470/155/2 624/154/2 625/156/2
f 469/157/2 470/155/2 625/156/2
f 469/157/2 625/156/2 626/158/2
f 468/159/2 469/157/2 626/158/2
f 468/159/2 626/158/2 627/160/2
f 467/161/2 468/159/2 627/160/2
f 467/161/2 627/160/2 628/162/2
f 466/163/2 467/161/2 628/162/2
f 466/163/2 628/162/2 629/164/2
f 465/165/2 466/163/2 629/164/2
f 465/165/2 629/164/2 630/166/2
f 464/167/2 465/165/2 630/166/2
f 464/167/2 630/166/2 631/168/2
f 463/169/2 464/167/2 631/168/2
f 463/169/2 631/168/2 632/170/2
f 462/171/2 463/169/2 632/170/2
f 462/171/2 632/170/2 633/172/2
f 461/173/2 462/171/2 633/172/2
f 461/173/2 633/172/2 691/174/2
f 691/174/2 633/172/2 634/175/2
f 460/176/2 461/173/2 415/177/2
f 415/177/2 461/173/2 691/174/2
f 460/176/2 415/177/2 416/178/2
f 414/179/2 415/177/2 691/174/2
f 414/179/2 691/174/2 692/180/2
f 690/181/2 691/174/2 634/175/2
f 413/182/2 414/179/2 692/180/2
f 412/183/2 413/182/2 692/180/2
f 690/181/2 634/175/2 635/184/2
f 411/185/2 412/183/2 692/180/2
f 689/186/2 690/181/2 635/184/2
f 459/187/2 460/176/2 416/178/2
f 410/188/2 411/185/2 692/180/2
f 459/187/2 416/178/2 417/189/2
f 409/190/2 410/188/2 692/180/2
f 409/190/2 692/180/2 693/191/2
f 408/192/2 409/190/2 693/191/2
f 688/193/2 689/186/2 635/184/2
f 688/193/2 635/184/2 636/194/2
f 407/195/2 408/192/2 693/191/2
f 458/196/2 459/187/2 417/189/2
f 406/197/2 407/195/2 693/191/2
f 405/198/2 406/197/2 693/191/2
f 458/196/2 417/189/2 418/199/2
f 404/200/2 405/198/2 693/191/2
f 687/201/2 688/193/2 636/194/2
f 403/202/2 404/200/2 693/191/2
f 402/203/2 403/202/2 693/191/2
f 687/201/2 636/194/2 637/204/2
f 457/205/2 458/196/2 418/199/2
f 402/203/2 693/191/2 694/206/2
f 686/207/2 687/201/2 637/204/2
f 457/205/2 418/199/2 419/208/2
f 686/207/2 637/204/2 638/209/2
f 401/210/2 402/203/2 694/206/2
f 685/211/2 686/207/2 638/209/2
f 456/212/2 457/205/2 419/208/2
f 456/212/2 419/208/2 420/213/2
f 684/214/2 685/211/2 638/209/2
f 401/210/2 694/206/2 695/215/2
f 684/214/2 638/209/2 639/216/2
f 400/217/2 401/210/2 695/215/2
f 455/218/2 456/212/2 420/213/2
f 683/219/2 684/214/2 639/216/2
f 455/218/2 420/213/2 421/220/2
f 682/221/2 683/219/2 639/216/2
f 682/221/2 639/216/2 640/222/2
f 400/217/2 695/215/2 696/223/2
f 454/224/2 455/218/2 421/220/2
f 399/225/2 400/217/2 696/223/2
f 681/226/2 682/221/2 640/222/2
f 454/224/2 421/220/2 422/227/2
f 680/228/2 681/226/2 640/222/2
f 680/228/2 640/222/2 641/229/2
f 453/230/2 454/224/2 422/227/2
f 679/231/2 680/228/2 641/229/2
f 398/232/2 399/225/2 696/223/2
f 398/232/2 696/223/2 697/233/2
f 453/230/2 422/227/2 423/234/2
f 678/235/2 679/231/2 641/229/2
f 678/235/2 641/229/2 642/236/2
f 452/237/2 453/230/2 423/234/2
f 677/238/2 678/235/2 642/236/2
f 452/237/2 423/234/2 424/239/2
f 397/240/2 398/232/2 697/233/2
f 676/241/2 677/238/2 642/236/2
f 676/241/2 642/236/2 643/242/2
f 397/240/2 697/233/2 698/243/2
f 451/244/2 452/237/2 424/239/2
f 451/244/2 424/239/2 425/245/2
f 675/246/2 676/241/2 643/242/2
f 396/247/2 397/240/2 698/243/2
f 675/246/2 643/242/2 644/248/2
f 674/249/2 675/246/2 644/248/2
f 450/250/2 451/244/2 425/245/2
f 450/250/2 425/245/2 426/251/2
f 396/247/2 698/243/2 699/252/2
f 673/253/2 674/249/2 644/248/2
f 673/253/2 644/248/2 645/254/2
f 449/255/2 450/250/2 426/251/2
f 672/256/2 673/253/2 645/254/2
f 449/255/2 426/251/2 427/257/2
f 395/258/2 396/247/2 699/252/2
f 671/259/2 672/256/2 645/254/2
f 671/259/2 645/254/2 646/260/2
f 449/255/2 427/257/2 428/261/2
f 448/262/2 449/255/2 428/261/2
f 395/258/2 699/252/2 700/263/2
f 670/264/2 671/259/2 646/260/2
f 394/265/2 395/258/2 700/263/2
f 669/266/2 670/264/2 646/260/2
f 448/262/2 428/261/2 429/267/2
f 669/266/2 646/260/2 647/268/2
f 447/269/2 448/262/2 429/267/2
f 668/270/2 669/266/2 647/268/2
f 447/269/2 429/267/2 430/271/2
f 668/270/2 647/268/2 648/272/2
f 394/265/2 700/263/2 701/273/2
f 667/274/2 668/270/2 648/272/2
f 446/275/2 447/269/2 430/271/2
f 446/275/2 430/271/2 431/276/2
f 393/277/2 394/265/2 701/273/2
f 666/278/2 667/274/2 648/272/2
f 666/278/2 648/272/2 649/279/2
f 445/280/2 446/275/2 431/276/2
f 665/281/2 666/278/2 649/279/2
f 445/280/2 431/276/2 432/282/2
f 664/283/2 665/281/2 649/279/2
f 664/283/2 649/279/2 650/284/2
f 444/285/2 445/280/2 432/282/2
f 444/285/2 432/282/2 433/286/2
f 393/277/2 701/273/2 702/287/2
f 663/288/2 664/283/2 650/284/2
f 663/288/2 650/284/2 651/289/2
f 392/290/2 393/277/2 702/287/2
f 662/291/2 663/288/2 651/289/2
f 444/285/2 433/286/2 434/292/2
f 443/293/2 444/285/2 434/292/2
f 661/294/2 662/291/2 651/289/2
f 661/294/2 651/289/2 652/295/2
f 443/293/2 434/292/2 435/296/2
f 442/297/2 443/293/2 435/296/2
f 660/298/2 661/294/2 652/295/2
f 442/297/2 435/296/2 436/299/2
f 659/300/2 660/298/2 652/295/2
f 659/300/2 652/295/2 653/301/2
f 441/302/2 442/297/2 436/299/2
f 658/303/2 659/300/2 653/301/2
f 441/302/2 436/299/2 437/304/2
f 658/303/2 653/301/2 654/305/2
f 657/306/2 658/303/2 654/305/2
f 392/290/2 702/287/2 703/307/2
f 440/308/2 441/302/2 437/304/2
f 656/309/2 657/306/2 654/305/2
f 440/308/2 437/304/2 438/310/2
f 656/309/2 654/305/2 655/311/2
f 439/312/2 440/308/2 438/310/2
f 391/313/2 392/290/2 703/307/2
f 391/313/2 703/307/2 704/314/2
f 390/315/2 391/313/2 704/314/2
f 390/315/2 704/314/2 705/316/2
f 389/317/2 390/315/2 705/316/2
f 389/317/2 705/316/2 706/318/2
f 388/319/2 389/317/2 706/318/2
f 388/319/2 706/318/2 707/320/2
f 387/321/2 388/319/2 707/320/2
f 387/321/2 707/320/2 708/322/2
f 386/323/2 387/321/2 708/322/2
f 386/323/2 708/322/2 709/324/2
f 385/325/2 386/323/2 709/324/2
f 385/325/2 709/324/2 710/326/2
f 384/327/2 385/325/2 710/326/2
f 384/327/2 710/326/2 711/328/2
f 383/329/2 384/327/2 711/328/2
f 383/329/2 711/328/2 712/330/2
f 382/331/2 383/329/2 712/330/2
f 382/331/2 712/330/2 713/332/2
f 381/333/2 382/331/2 713/332/2
f 381/333/2 713/332/2 714/334/2
f 380/335/2 381/333/2 714/334/2
f 380/335/2 714/334/2 715/336/2
f 379/337/2 380/335/2 715/336/2
f 379/337/2 715/336/2 716/338/2
f 378/339/2 379/337/2 716/338/2
f 378/339/2 716/338/2 717/340/2
f 377/341/2 378/339/2 717/340/2
f 377/341/2 717/340/2 718/342/2
f 376/343/2 377/341/2 718/342/2
f 376/343/2 718/342/2 719/344/2
f 375/345/2 376/343/2 719/344/2
f 374/346/2 375/345/2 719/344/2
f 374/346/2 719/344/2 720/347/2
f 373/348/2 374/346/2 720/347/2
f 373/348/2 720/347/2 721/349/2
f 372/350/2 373/348/2 721/349/2
f 372/350/2 721/349/2 722/351/2
f 371/352/2 372/350/2 722/351/2
f 371/352/2 722/351/2 723/353/2
f 370/354/2 371/352/2 723/353/2
f 370/354/2 723/353/2 724/355/2
f 369/356/2 370/354/2 724/355/2
f 369/356/2 724/355/2 725/357/2
f 368/358/2 369/356/2 725/357/2
f 368/358/2 725/357/2 726/359/2
f 367/360/2 368/358/2 726/359/2
f 367/360/2 726/359/2 364/361/2
f 366/362/2 367/360/2 364/361/2
f 366/362/2 364/361/2 365/363/2
s 1
f 730/364/3 727/361/4 728/365/4
f 732/366/5 729/367/3 730/364/3
f 734/368/6 731/369/5 732/366/5
f 736/370/7 733/371/6 734/368/6
f 738/372/8 735/373/7 736/370/7
f 740/374/9 737/375/8 738/372/8
f 742/376/10 739/377/9 740/374/9
f 744/378/11 741/379/10 742/376/10
f 746/380/12 743/381/11 744/378/11
f 748/382/13 745/383/12 746/380/12
f 750/384/14 747/385/13 748/382/13
f 752/386/15 749/387/14 750/384/14
f 754/388/16 751/389/15 752/386/15
f 756/390/17 753/391/16 754/388/16
f 758/392/18 755/393/17 756/390/17
f 760/394/19 757/395/18 758/392/18
f 762/396/20 759/397/19 760/394/19
f 764/398/21 761/399/20 762/396/20
f 766/400/22 763/401/21 764/398/21
f 768/402/23 765/403/22 766/400/22
f 770/404/24 767/405/23 768/402/23
f 772/406/25 769/407/24 770/404/24
f 774/408/26 771/409/25 772/406/25
f 776/410/27 773/411/26 774/408/26
f 778/412/28 775/413/27 776/410/27
f 780/414/29 777/415/28 778/412/28
f 782/416/30 779/417/29 780/414/29
f 784/418/31 781/419/30 782/416/30
f 786/420/32 783/421/31 784/418/31
f 788/422/33 785/423/32 786/420/32
f 790/424/34 787/425/33 788/422/33
f 792/426/35 789/427/34 790/424/34
f 794/428/36 791/429/35 792/426/35
f 796/430/37 793/431/36 794/428/36
f 798/432/38 795/433/37 796/430/37
f 800/434/39 797/435/38 798/432/38
f 802/436/40 799/437/39 800/434/39
f 804/438/41 801/439/40 802/436/40
f 806/440/42 803/441/41 804/438/41
f 808/442/43 805/443/44 806/440/42
f 810/444/45 807/445/43 808/442/43
f 812/446/46 809/447/45 810/444/45
f 814/448/47 811/449/46 812/446/46
f 816/450/48 813/451/47 814/448/47
f 818/452/49 815/453/50 816/450/48
f 820/454/51 817/455/49 818/452/49
f 822/456/52 819/457/51 820/454/51
f 824/458/53 821/459/52 822/456/52
f 826/460/54 823/461/53 824/458/53
f 828/462/55 825/463/54 826/460/54
f 830/464/56 827/465/55 828/462/55
f 832/466/57 829/467/58 830/464/56
f 834/468/59 831/469/57 832/466/57
f 836/470/60 833/471/59 834/468/59
f 838/472/61 835/473/60 836/470/60
f 840/474/62 837/475/61 838/472/61
f 842/476/63 839/477/62 840/474/62
f 844/478/64 841/479/63 842/476/63
f 846/480/65 843/481/64 844/478/64
f 848/482/66 845/483/65 846/480/65
f 850/484/67 847/485/66 848/482/66
f 852/486/68 849/487/67 850/484/67
f 854/488/69 851/489/68 852/486/68
f 856/490/70 853/491/69 854/488/69
f 858/492/71 855/493/70 856/490/70
f 860/494/72 857/495/71 858/492/71
f 862/496/73 859/497/72 860/494/72
f 864/498/74 861/499/73 862/496/73
f 866/500/75 863/501/76 864/498/74
f 868/502/77 865/503/75 866/500/75
f 870/504/78 867/505/77 868/502/77
f 872/506/79 869/507/78 870/504/78
f 874/508/80 871/509/79 872/506/79
f 876/510/81 873/511/80 874/508/80
f 878/512/82 875/513/81 876/510/81
f 880/514/83 877/515/82 878/512/82
f 882/516/84 879/517/83 880/514/83
f 884/518/85 881/519/84 882/516/84
f 886/520/86 883/521/85 884/518/85
f 888/522/87 885/523/86 886/520/86
f 890/524/88 887/525/87 888/522/87
f 892/526/89 889/527/88 890/524/88
f 894/528/90 891/529/89 892/526/89
f 896/530/91 893/531/90 894/528/90
f 898/532/92 895/533/91 896/530/91
f 900/534/93 897/535/92 898/532/92
f 902/536/94 899/537/93 900/534/93
f 904/538/95 901/539/94 902/536/94
f 906/540/96 903/541/95 904/538/95
f 908/542/97 905/543/96 906/540/96
f 910/544/98 907/545/97 908/542/97
f 912/546/99 909/547/98 910/544/98
f 914/548/100 911/549/99 912/546/99
f 916/550/101 913/551/100 914/548/100
f 918/552/102 915/553/101 916/550/101
f 920/554/103 917/555/102 918/552/102
f 922/556/104 919/557/103 920/554/103
f 924/558/105 921/559/104 922/556/104
f 926/560/106 923/561/105 924/558/105
f 928/562/107 925/563/106 926/560/106
f 930/564/108 927/565/107 928/562/107
f 932/566/109 929/567/108 930/564/108
f 934/568/110 931/569/109 932/566/109
f 936/570/111 933/571/110 934/568/110
f 938/572/112 935/573/111 936/570/111
f 940/574/113 937/575/112 938/572/112
f 942/576/114 939/577/113 940/574/113
f 944/578/115 941/579/114 942/576/114
f 946/580/116 943/581/115 944/578/115
f 948/582/117 945/583/116 946/580/116
f 950/584/118 947/585/117 948/582/117
f 952/586/119 949/587/118 950/584/118
f 954/588/120 951/589/119 952/586/119
f 956/590/121 953/591/120 954/588/120
f 958/592/122 955/593/121 956/590/121
f 960/594/123 957/595/122 958/592/122
f 962/596/124 959/597/123 960/594/123
f 964/598/125 961/599/124 962/596/124
f 966/600/126 963/601/125 964/598/125
f 968/602/127 965/603/126 966/600/126
f 970/604/128 967/605/127 968/602/127
f 972/606/129 969/607/128 970/604/128
f 974/608/130 971/609/129 972/606/129
f 976/610/131 973/611/130 974/608/130
f 978/612/132 975/613/131 976/610/131
f 980/614/133 977/615/132 978/612/132
f 982/616/134 979/617/133 980/614/133
f 984/618/135 981/619/134 982/616/134
f 986/620/136 983/621/135 984/618/135
f 988/622/137 985/623/136 986/620/136
f 990/624/138 987/625/137 988/622/137
f 992/626/139 989/627/138 990/624/138
f 994/628/140 991/629/139 992/626/139
f 996/630/141 993/631/140 994/628/140
f 998/632/142 995/633/141 996/630/141
f 1000/634/143 997/635/144 998/632/142
f 1002/636/145 999/637/143 1000/634/143
f 1004/638/146 1001/639/145 1002/636/145
f 1006/640/147 1003/641/146 1004/638/146
f 1008/642/148 1005/643/147 1006/640/147
f 1010/644/149 1007/645/148 1008/642/148
f 1012/646/150 1009/647/149 1010/644/149
f 1014/648/151 1011/649/150 1012/646/150
f 1016/650/152 1013/651/151 1014/648/151
f 1018/652/153 1015/653/152 1016/650/152
f 1020/654/154 1017/655/155 1018/652/153
f 1022/656/156 1019/657/154 1020/654/154
f 1024/658/157 1021/659/156 1022/656/156
f 1026/660/158 1023/661/157 1024/658/157
f 1028/662/159 1025/663/158 1026/660/158
f 1030/664/160 1027/665/159 1028/662/159
f 1032/666/161 1029/667/160 1030/664/160
f 1034/668/162 1031/669/161 1032/666/161
f 1036/670/163 1033/671/162 1034/668/162
f 1038/672/164 1035/673/163 1036/670/163
f 1040/674/165 1037/675/166 1038/672/164
f 1042/676/167 1039/677/165 1040/674/165
f 1044/678/168 1041/679/167 1042/676/167
f 1046/680/169 1043/681/170 1044/678/168
f 1048/682/171 1045/683/169 1046/680/169
f 1050/684/172 1047/685/171 1048/682/171
f 1052/686/173 1049/687/172 1050/684/172
f 1054/688/174 1051/689/173 1052/686/173
f 1056/690/34 1053/691/174 1054/688/174
f 1058/692/175 1055/693/34 1056/690/34
f 1060/694/176 1057/695/175 1058/692/175
f 1062/696/177 1059/697/176 1060/694/176
f 1064/698/178 1061/699/177 1062/696/177
f 1066/700/179 1063/701/178 1064/698/178
f 1068/702/180 1065/703/179 1066/700/179
f 1070/704/181 1067/705/180 1068/702/180
f 1072/706/182 1069/707/181 1070/704/181
f 1074/708/183 1071/709/182 1072/706/182
f 1076/710/184 1073/711/183 1074/708/183
f 1078/712/185 1075/713/184 1076/710/184
f 1080/714/186 1077/715/185 1078/712/185
f 1082/716/187 1079/717/186 1080/714/186
f 1084/718/188 1081/719/187 1082/716/187
f 1086/720/189 1083/721/188 1084/718/188
f 1088/722/190 1085/723/189 1086/720/189
f 1090/724/191 1087/725/190 1088/722/190
f 1092/726/192 1089/727/191 1090/724/191
f 1094/728/193 1091/729/192 1092/726/192
f 1096/730/194 1093/731/193 1094/728/193
f 1098/732/195 1095/733/194 1096/730/194
f 1100/734/196 1097/735/195 1098/732/195
f 1102/736/197 1099/737/196 1100/734/196
f 1104/738/198 1101/739/197 1102/736/197
f 1106/740/199 1103/741/198 1104/738/198
f 1108/742/200 1105/743/199 1106/740/199
f 1110/744/201 1107/745/200 1108/742/200
f 1112/746/202 1109/747/201 1110/744/201
f 1114/748/203 1111/749/202 1112/746/202
f 1116/750/204 1113/751/203 1114/748/203
f 1118/752/205 1115/753/204 1116/750/204
f 1120/754/206 1117/755/205 1118/752/205
f 1122/756/207 1119/757/206 1120/754/206
f 1124/758/208 1121/759/207 1122/756/207
f 1126/760/209 1123/761/208 1124/758/208
f 1128/762/210 1125/763/209 1126/760/209
f 1130/764/211 1127/765/210 1128/762/210
f 1132/766/212 1129/767/211 1130/764/211
f 1134/768/213 1131/769/212 1132/766/212
f 1136/770/214 1133/771/213 1134/768/213
f 1138/772/215 1135/773/214 1136/770/214
f 1140/774/216 1137/775/215 1138/772/215
f 1142/776/217 1139/777/216 1140/774/216
f 1144/778/218 1141/779/217 1142/776/217
f 1146/780/219 1143/781/218 1144/778/218
f 1148/782/220 1145/783/219 1146/780/219
f 1150/784/221 1147/785/222 1148/782/220
f 1152/786/223 1149/787/221 1150/784/221
f 1154/788/224 1151/789/225 1152/786/223
f 1156/790/226 1153/791/224 1154/788/224
f 1158/792/227 1155/793/226 1156/790/226
f 1160/794/228 1157/795/227 1158/792/227
f 1162/796/229 1159/797/228 1160/794/228
f 1164/798/230 1161/799/229 1162/796/229
f 1166/800/231 1163/801/230 1164/798/230
f 1168/802/124 1165/803/232 1166/800/231
f 1170/804/233 1167/805/124 1168/802/124
f 1172/806/234 1169/807/233 1170/804/233
f 1174/808/235 1171/809/234 1172/806/234
f 1176/810/236 1173/811/235 1174/808/235
f 1178/812/237 1175/813/236 1176/810/236
f 1180/814/238 1177/815/237 1178/812/237
f 1182/816/239 1179/817/238 1180/814/238
f 1184/818/240 1181/819/241 1182/816/239
f 1186/820/242 1183/821/240 1184/818/240
f 1188/822/243 1185/823/242 1186/820/242
f 1190/824/244 1187/825/245 1188/822/243
f 1192/826/246 1189/827/244 1190/824/244
f 1194/828/247 1191/829/246 1192/826/246
f 1196/830/248 1193/831/247 1194/828/247
f 1198/832/249 1195/833/248 1196/830/248
f 1200/834/250 1197/835/249 1198/832/249
f 1202/836/251 1199/837/250 1200/834/250
f 1204/838/252 1201/839/251 1202/836/251
f 1206/840/253 1203/841/252 1204/838/252
f 1208/842/254 1205/843/253 1206/840/253
f 1210/844/255 1207/845/254 1208/842/254
f 1212/846/256 1209/847/255 1210/844/255
f 1214/848/257 1211/849/256 1212/846/256
f 1216/850/258 1213/851/257 1214/848/257
f 1218/852/259 1215/853/260 1216/850/258
f 1220/854/261 1217/855/259 1218/852/259
f 1222/856/262 1219/857/261 1220/854/261
f 1224/858/263 1221/859/262 1222/856/262
f 1226/860/264 1223/861/263 1224/858/263
f 1228/862/265 1225/863/264 1226/860/264
f 1230/864/266 1227/865/265 1228/862/265
f 1232/866/267 1229/867/266 1230/864/266
f 1234/868/268 1231/869/269 1232/866/267
f 1236/870/270 1233/871/268 1234/868/268
f 1238/872/271 1235/873/270 1236/870/270
f 1240/874/272 1237/875/273 1238/872/271
f 1242/876/274 1239/877/272 1240/874/272
f 1244/878/275 1241/879/274 1242/876/274
f 1246/880/276 1243/881/275 1244/878/275
f 1248/882/277 1245/883/276 1246/880/276
f 1250/884/278 1247/885/277 1248/882/277
f 1252/886/279 1249/887/278 1250/884/278
f 1254/888/280 1251/889/279 1252/886/279
f 1256/890/281 1253/891/280 1254/888/280
f 1258/892/282 1255/893/281 1256/890/281
f 1260/894/283 1257/895/284 1258/892/282
f 1262/896/285 1259/897/283 1260/894/283
f 1264/898/286 1261/899/285 1262/896/285
f 1266/900/287 1263/901/286 1264/898/286
f 1268/902/288 1265/903/287 1266/900/287
f 1270/904/289 1267/905/290 1268/902/288
f 1272/906/291 1269/907/289 1270/904/289
f 1274/908/292 1271/909/291 1272/906/291
f 1276/910/293 1273/911/292 1274/908/292
f 1278/912/294 1275/913/293 1276/910/293
f 1280/914/295 1277/915/294 1278/912/294
f 1282/916/296 1279/917/295 1280/914/295
f 1284/918/297 1281/919/296 1282/916/296
f 1286/920/298 1283/921/297 1284/918/297
f 1288/922/299 1285/923/298 1286/920/298
f 1290/924/300 1287/925/299 1288/922/299
f 1292/926/301 1289/927/300 1290/924/300
f 1294/928/302 1291/929/301 1292/926/301
f 1296/930/303 1293/931/302 1294/928/302
f 1298/932/304 1295/933/303 1296/930/303
f 1300/934/305 1297/935/304 1298/932/304
f 1302/936/306 1299/937/305 1300/934/305
f 1304/938/307 1301/939/306 1302/936/306
f 1306/940/308 1303/941/307 1304/938/307
f 1308/942/309 1305/943/308 1306/940/308
f 1310/944/310 1307/945/309 1308/942/309
f 1312/946/311 1309/947/310 1310/944/310
f 1314/948/312 1311/949/311 1312/946/311
f 1316/950/313 1313/951/312 1314/948/312
f 1318/952/314 1315/953/313 1316/950/313
f 1320/954/315 1317/955/314 1318/952/314
f 1322/956/316 1319/957/315 1320/954/315
f 1324/958/317 1321/959/316 1322/956/316
f 1326/960/318 1323/961/317 1324/958/317
f 1328/962/319 1325/963/318 1326/960/318
f 1330/964/320 1327/965/319 1328/962/319
f 1332/966/321 1329/967/320 1330/964/320
f 1334/968/322 1331/969/321 1332/966/321
f 1336/970/323 1333/971/322 1334/968/322
f 1338/972/324 1335/973/323 1336/970/323
f 1340/974/325 1337/975/324 1338/972/324
f 1342/976/326 1339/977/325 1340/974/325
f 1344/978/327 1341/979/326 1342/976/326
f 1346/980/328 1343/981/327 1344/978/327
f 1348/982/329 1345/983/328 1346/980/328
f 1350/984/330 1347/985/329 1348/982/329
f 1352/986/331 1349/987/330 1350/984/330
f 1354/988/332 1351/989/331 1352/986/331
f 1356/990/333 1353/991/332 1354/988/332
f 1358/992/334 1355/993/333 1356/990/333
f 1360/994/335 1357/995/334 1358/992/334
f 1362/996/336 1359/997/335 1360/994/335
f 1364/998/337 1361/999/336 1362/996/336
f 1366/1000/338 1363/1001/337 1364/998/337
f 1368/1002/339 1365/1003/338 1366/1000/338
f 1370/1004/340 1367/1005/339 1368/1002/339
f 1372/1006/341 1369/1007/340 1370/1004/340
f 1374/1008/342 1371/1009/341 1372/1006/341
f 1376/1010/343 1373/1011/342 1374/1008/342
f 1378/1012/344 1375/1013/343 1376/1010/343
f 1380/1014/345 1377/1015/344 1378/1012/344
f 1382/1016/346 1379/1017/345 1380/1014/345
f 1384/1018/347 1381/1019/348 1382/1016/346
f 1386/1020/349 1383/1021/347 1384/1018/347
f 1388/1022/350 1385/1023/349 1386/1020/349
f 1390/1024/351 1387/1025/350 1388/1022/350
f 1392/1026/352 1389/1027/351 1390/1024/351
f 1394/1028/353 1391/1029/352 1392/1026/352
f 1396/1030/354 1393/1031/353 1394/1028/353
f 1398/1032/355 1395/1033/354 1396/1030/354
f 1400/1034/356 1397/1035/355 1398/1032/355
f 1402/1036/357 1399/1037/356 1400/1034/356
f 1404/1038/358 1401/1039/357 1402/1036/357
f 1406/1040/359 1403/1041/358 1404/1038/358
f 1408/1042/360 1405/1043/359 1406/1040/359
f 1410/1044/361 1407/1045/360 1408/1042/360
f 1412/1046/362 1409/1047/361 1410/1044/361
f 1414/1048/363 1411/1049/362 1412/1046/362
f 1416/1050/364 1413/1051/363 1414/1048/363
f 1418/1052/365 1415/1053/364 1416/1050/364
f 1420/1054/366 1417/1055/365 1418/1052/365
f 1422/1056/367 1419/1057/366 1420/1054/366
f 1424/1058/368 1421/1059/367 1422/1056/367
f 1426/1060/369 1423/1061/368 1424/1058/368
f 1428/1062/370 1425/1063/369 1426/1060/369
f 1430/1064/371 1427/1065/370 1428/1062/370
f 1432/1066/372 1429/1067/371 1430/1064/371
f 1434/1068/373 1431/1069/372 1432/1066/372
f 1436/1070/374 1433/1071/373 1434/1068/373
f 1438/1072/375 1435/1073/374 1436/1070/374
f 1440/1074/376 1437/1075/375 1438/1072/375
f 1442/1076/377 1439/1077/376 1440/1074/376
f 1444/1078/378 1441/1079/377 1442/1076/377
f 1446/1080/379 1443/1081/378 1444/1078/378
f 1448/1082/380 1445/1083/379 1446/1080/379
f 1450/1084/381 1447/1085/380 1448/1082/380
f 1452/1086/382 1449/1087/381 1450/1084/381
f 728/1088/4 1451/1089/382 1452/1086/382
f 730/364/3 729/367/3 727/361/4
f 732/366/5 731/369/5 729/367/3
f 734/368/6 733/371/6 731/369/5
f 736/370/7 735/373/7 733/371/6
f 738/372/8 737/375/8 735/373/7
f 740/374/9 739/377/9 737/375/8
f 742/376/10 741/379/10 739/377/9
f 744/378/11 743/381/11 741/379/10
f 746/380/12 745/383/12 743/381/11
f 748/382/13 747/385/13 745/383/12
f 750/384/14 749/387/14 747/385/13
f 752/386/15 751/389/15 749/387/14
f 754/388/16 753/391/16 751/389/15
f 756/390/17 755/393/17 753/391/16
f 758/392/18 757/395/18 755/393/17
f 760/394/19 759/397/19 757/395/18
f 762/396/20 761/399/20 759/397/19
f 764/398/21 763/401/21 761/399/20
f 766/400/22 765/403/22 763/401/21
f 768/402/23 767/405/23 765/403/22
f 770/404/24 769/407/24 767/405/23
f 772/406/25 771/409/25 769/407/24
f 774/408/26 773/411/26 771/409/25
f 776/410/27 775/413/27 773/411/26
f 778/412/28 777/415/28 775/413/27
f 780/414/29 779/417/29 777/415/28
f 782/416/30 781/419/30 779/417/29
f 784/418/31 783/421/31 781/419/30
f 786/420/32 785/423/32 783/421/31
f 788/422/33 787/425/33 785/423/32
f 790/424/34 789/427/34 787/425/33
f 792/426/35 791/429/35 789/427/34
f 794/428/36 793/431/36 791/429/35
f 796/430/37 795/433/37 793/431/36
f 798/432/38 797/435/38 795/433/37
f 800/434/39 799/437/39 797/435/38
f 802/436/40 801/439/40 799/437/39
f 804/438/41 803/441/41 801/439/40
f 806/440/42 805/443/44 803/441/41
f 808/442/43 807/445/43 805/443/44
f 810/444/45 809/447/45 807/445/43
f 812/446/46 811/449/46 809/447/45
f 814/448/47 813/451/47 811/449/46
f 816/450/48 815/453/50 813/451/47
f 818/452/49 817/455/49 815/453/50
f 820/454/51 819/457/51 817/455/49
f 822/456/52 821/459/52 819/457/51
f 824/458/53 823/461/53 821/459/52
f 826/460/54 825/463/54 823/461/53
f 828/462/55 827/465/55 825/463/54
f 830/464/56 829/467/58 827/465/55
f 832/466/57 831/469/57 829/467/58
f 834/468/59 833/471/59 831/469/57
f 836/470/60 835/473/60 833/471/59
f 838/472/61 837/475/61 835/473/60
f 840/474/62 839/477/62 837/475/61
f 842/476/63 841/479/63 839/477/62
f 844/478/64 843/481/64 841/479/63
f 846/480/65 845/483/65 843/481/64
f 848/482/66 847/485/66 845/483/65
f 850/484/67 849/487/67 847/485/66
f 852/486/68 851/489/68 849/487/67
f 854/488/69 853/491/69 851/489/68
f 856/490/70 855/493/70 853/491/69
f 858/492/71 857/495/71 855/493/70
f 860/494/72 859/497/72 857/495/71
f 862/496/73 861/499/73 859/497/72
f 864/498/74 863/501/76 861/499/73
f 866/500/75 865/503/75 863/501/76
f 868/502/77 867/505/77 865/503/75
f 870/504/78 869/507/78 867/505/77
f 872/506/79 871/509/79 869/507/78
f 874/508/80 873/511/80 871/509/79
f 876/510/81 875/513/81 873/511/80
f 878/512/82 877/515/82 875/513/81
f 880/514/83 879/517/83 877/515/82
f 882/516/84 881/519/84 879/517/83
f 884/518/85 883/521/85 881/519/84
f 886/520/86 885/523/86 883/521/85
f 888/522/87 887/525/87 885/523/86
f 890/524/88 889/527/88 887/525/87
f 892/526/89 891/529/89 889/527/88
f 894/528/90 893/531/90 891/529/89
f 896/530/91 895/533/91 893/531/90
f 898/532/92 897/535/92 895/533/91
f 900/534/93 899/537/93 897/535/92
f 902/536/94 901/539/94 899/537/93
f 904/538/95 903/541/95 901/539/94
f 906/540/96 905/543/96 903/541/95
f 908/542/97 907/545/97 905/543/96
f 910/544/98 909/547/98 907/545/97
f 912/546/99 911/549/99 909/547/98
f 914/548/100 913/551/100 911/549/99
f 916/550/101 915/553/101 913/551/100
f 918/552/102 917/555/102 915/553/101
f 920/554/103 919/557/103 917/555/102
f 922/556/104 921/559/104 919/557/103
f 924/558/105 923/561/105 921/559/104
f 926/560/106 925/563/106 923/561/105
f 928/562/107 927/565/107 925/563/106
f 930/564/108 929/567/108 927/565/107
f 932/566/109 931/569/109 929/567/108
f 934/568/110 933/571/110 931/569/109
f 936/570/111 935/573/111 933/571/110
f 938/572/112 937/575/112 935/573/111
f 940/574/113 939/577/113 937/575/112
f 942/576/114 941/579/114 939/577/113
f 944/578/115 943/581/115 941/579/114
f 946/580/116 945/583/116 943/581/115
f 948/582/117 947/585/117 945/583/116
f 950/584/118 949/587/118 947/585/117
f 952/586/119 951/589/119 949/587/118
f 954/588/120 953/591/120 951/589/119
f 956/590/121 955/593/121 953/591/120
f 958/592/122 957/595/122 955/593/121
f 960/594/123 959/597/123 957/595/122
f 962/596/124 961/599/124 959/597/123
f 964/598/125 963/601/125 961/599/124
f 966/600/126 965/603/126 963/601/125
f 968/602/127 967/605/127 965/603/126
f 970/604/128 969/607/128 967/605/127
f 972/606/129 971/609/129 969/607/128
f 974/608/130 973/611/130 971/609/129
f 976/610/131 975/613/131 973/611/130
f 978/612/132 977/615/132 975/613/131
f 980/614/133 979/617/133 977/615/132
f 982/616/134 981/619/134 979/617/133
f 984/618/135 983/621/135 981/619/134
f 986/620/136 985/623/136 983/621/135
f 988/622/137 987/625/137 985/623/136
f 990/624/138 989/627/138 987/625/137
f 992/626/139 991/629/139 989/627/138
f 994/628/140 993/631/140 991/629/139
f 996/630/141 995/633/141 993/631/140
f 998/632/142 997/635/144 995/633/141
f 1000/634/143 999/637/143 997/635/144
f 1002/636/145 1001/639/145 999/637/143
f 1004/638/146 1003/641/146 1001/639/145
f 1006/640/147 1005/643/147 1003/641/146
f 1008/642/148 1007/645/148 1005/643/147
f 1010/644/149 1009/647/149 1007/645/148
f 1012/646/150 1011/649/150 1009/647/149
f 1014/648/151 1013/651/151 1011/649/150
f 1016/650/152 1015/653/152 1013/651/151
f 1018/652/153 1017/655/155 1015/653/152
f 1020/654/154 1019/657/154 1017/655/155
f 1022/656/156 1021/659/156 1019/657/154
f 1024/658/157 1023/661/157 1021/659/156
f 1026/660/158 1025/663/158 1023/661/157
f 1028/662/159 1027/665/159 1025/663/158
f 1030/664/160 1029/667/160 1027/665/159
f 1032/666/161 1031/669/161 1029/667/160
f 1034/668/162 1033/671/162 1031/669/161
f 1036/670/163 1035/673/163 1033/671/162
f 1038/672/164 1037/675/166 1035/673/163
f 1040/674/165 1039/677/165 1037/675/166
f 1042/676/167 1041/679/167 1039/677/165
f 1044/678/168 1043/681/170 1041/679/167
f 1046/680/169 1045/683/169 1043/681/170
f 1048/682/171 1047/685/171 1045/683/169
f 1050/684/172 1049/687/172 1047/685/171
f 1052/686/173 1051/689/173 1049/687/172
f 1054/688/174 1053/691/174 1051/689/173
f 1056/690/34 1055/693/34 1053/691/174
f 1058/692/175 1057/695/175 1055/693/34
f 1060/694/176 1059/697/176 1057/695/175
f 1062/696/177 1061/699/177 1059/697/176
f 1064/698/178 1063/701/178 1061/699/177
f 1066/700/179 1065/703/179 1063/701/178
f 1068/702/180 1067/705/180 1065/703/179
f 1070/704/181 1069/707/181 1067/705/180
f 1072/706/182 1071/709/182 1069/707/181
f 1074/708/183 1073/711/183 1071/709/182
f 1076/710/184 1075/713/184 1073/711/183
f 1078/712/185 1077/715/185 1075/713/184
f 1080/714/186 1079/717/186 1077/715/185
f 1082/716/187 1081/719/187 1079/717/186
f 1084/718/188 1083/721/188 1081/719/187
f 1086/720/189 1085/723/189 1083/721/188
f 1088/722/190 1087/725/190 1085/723/189
f 1090/724/191 1089/727/191 1087/725/190
f 1092/726/192 1091/729/192 1089/727/191
f 1094/728/193 1093/731/193 1091/729/192
f 1096/730/194 1095/733/194 1093/731/193
f 1098/732/195 1097/735/195 1095/733/194
f 1100/734/196 1099/737/196 1097/735/195
f 1102/736/197 1101/739/197 1099/737/196
f 1104/738/198 1103/741/198 1101/739/197
f 1106/740/199 1105/743/199 1103/741/198
f 1108/742/200 1107/745/200 1105/743/199
f 1110/744/201 1109/747/201 1107/745/200
f 1112/746/202 1111/749/202 1109/747/201
f 1114/748/203 1113/751/203 1111/749/202
f 1116/750/204 1115/753/204 1113/751/203
f 1118/752/205 1117/755/205 1115/753/204
f 1120/754/206 1119/757/206 1117/755/205
f 1122/756/207 1121/759/207 1119/757/206
f 1124/758/208 1123/761/208 1121/759/207
f 1126/760/209 1125/763/209 1123/761/208
f 1128/762/210 1127/765/210 1125/763/209
f 1130/764/211 1129/767/211 1127/765/210
f 1132/766/212 1131/769/212 1129/767/211
f 1134/768/213 1133/771/213 1131/769/212
f 1136/770/214 1135/773/214 1133/771/213
f 1138/772/215 1137/775/215 1135/773/214
f 1140/774/216 1139/777/216 1137/775/215
f 1142/776/217 1141/779/217 1139/777/216
f 1144/778/218 1143/781/218 1141/779/217
f 1146/780/219 1145/783/219 1143/781/218
f 1148/782/220 1147/785/222 1145/783/219
f 1150/784/221 1149/787/221 1147/785/222
f 1152/786/223 1151/789/225 1149/787/221
f 1154/788/224 1153/791/224 1151/789/225
f 1156/790/226 1155/793/226 1153/791/224
f 1158/792/227 1157/795/227 1155/793/226
f 1160/794/228 1159/797/228 1157/795/227
f 1162/796/229 1161/799/229 1159/797/228
f 1164/798/230 1163/801/230 1161/799/229
f 1166/800/231 1165/803/232 1163/801/230
f 1168/802/124 1167/805/124 1165/803/232
f 1170/804/233 1169/807/233 1167/805/124
f 1172/806/234 1171/809/234 1169/807/233
f 1174/808/235 1173/811/235 1171/809/234
f 1176/810/236 1175/813/236 1173/811/235
f 1178/812/237 1177/815/237 1175/813/236
f 1180/814/238 1179/817/238 1177/815/237
f 1182/816/239 1181/819/241 1179/817/238
f 1184/818/240 1183/821/240 1181/819/241
f 1186/820/242 1185/823/242 1183/821/240
f 1188/822/243 1187/825/245 1185/823/242
f 1190/824/244 1189/827/244 1187/825/245
f 1192/826/246 1191/829/246 1189/827/244
f 1194/828/247 1193/831/247 1191/829/246
f 1196/830/248 1195/833/248 1193/831/247
f 1198/832/249 1197/835/249 1195/833/248
f 1200/834/250 1199/837/250 1197/835/249
f 1202/836/251 1201/839/251 1199/837/250
f 1204/838/252 1203/841/252 1201/839/251
f 1206/840/253 1205/843/253 1203/841/252
f 1208/842/254 1207/845/254 1205/843/253
f 1210/844/255 1209/847/255 1207/845/254
f 1212/846/256 1211/849/256 1209/847/255
f 1214/848/257 1213/851/257 1211/849/256
f 1216/850/258 1215/853/260 1213/851/257
f 1218/852/259 1217/855/259 1215/853/260
f 1220/854/261 1219/857/261 1217/855/259
f 1222/856/262 1221/859/262 1219/857/261
f 1224/858/263 1223/861/263 1221/859/262
f 1226/860/264 1225/863/264 1223/861/263
f 1228/862/265 1227/865/265 1225/863/264
f 1230/864/266 1229/867/266 1227/865/265
f 1232/866/267 1231/869/269 1229/867/266
f 1234/868/268 1233/871/268 1231/869/269
f 1236/870/270 1235/873/270 1233/871/268
f 1238/872/271 1237/875/273 1235/873/270
f 1240/874/272 1239/877/272 1237/875/273
f 1242/876/274 1241/879/274 1239/877/272
f 1244/878/275 1243/881/275 1241/879/274
f 1246/880/276 1245/883/276 1243/881/275
f 1248/882/277 1247/885/277 1245/883/276
f 1250/884/278 1249/887/278 1247/885/277
f 1252/886/279 1251/889/279 1249/887/278
f 1254/888/280 1253/891/280 1251/889/279
f 1256/890/281 1255/893/281 1253/891/280
f 1258/892/282 1257/895/284 1255/893/281
f 1260/894/283 1259/897/283 1257/895/284
f 1262/896/285 1261/899/285 1259/897/283
f 1264/898/286 1263/901/286 1261/899/285
f 1266/900/287 1265/903/287 1263/901/286
f 1268/902/288 1267/905/290 1265/903/287
f 1270/904/289 1269/907/289 1267/905/290
f 1272/906/291 1271/909/291 1269/907/289
f 1274/908/292 1273/911/292 1271/909/291
f 1276/910/293 1275/913/293 1273/911/292
f 1278/912/294 1277/915/294 1275/913/293
f 1280/914/295 1279/917/295 1277/915/294
f 1282/916/296 1281/919/296 1279/917/295
f 1284/918/297 1283/921/297 1281/919/296
f 1286/920/298 1285/923/298 1283/921/297
f 1288/922/299 1287/925/299 1285/923/298
f 1290/924/300 1289/927/300 1287/925/299
f 1292/926/301 1291/929/301 1289/927/300
f 1294/928/302 1293/931/302 1291/929/301
f 1296/930/303 1295/933/303 1293/931/302
f 1298/932/304 1297/935/304 1295/933/303
f 1300/934/305 1299/937/305 1297/935/304
f 1302/936/306 1301/939/306 1299/937/305
f 1304/938/307 1303/941/307 1301/939/306
f 1306/940/308 1305/943/308 1303/941/307
f 1308/942/309 1307/945/309 1305/943/308
f 1310/944/310 1309/947/310 1307/945/309
f 1312/946/311 1311/949/311 1309/947/310
f 1314/948/312 1313/951/312 1311/949/311
f 1316/950/313 1315/953/313 1313/951/312
f 1318/952/314 1317/955/314 1315/953/313
f 1320/954/315 1319/957/315 1317/955/314
f 1322/956/316 1321/959/316 1319/957/315
f 1324/958/317 1323/961/317 1321/959/316
f 1326/960/318 1325/963/318 1323/961/317
f 1328/962/319 1327/965/319 1325/963/318
f 1330/964/320 1329/967/320 1327/965/319
f 1332/966/321 1331/969/321 1329/967/320
f 1334/968/322 1333/971/322 1331/969/321
f 1336/970/323 1335/973/323 1333/971/322
f 1338/972/324 1337/975/324 1335/973/323
f 1340/974/325 1339/977/325 1337/975/324
f 1342/976/326 1341/979/326 1339/977/325
f 1344/978/327 1343/981/327 1341/979/326
f 1346/980/328 1345/983/328 1343/981/327
f 1348/982/329 1347/985/329 1345/983/328
f 1350/984/330 1349/987/330 1347/985/329
f 1352/986/331 1351/989/331 1349/987/330
f 1354/988/332 1353/991/332 1351/989/331
f 1356/990/333 1355/993/333 1353/991/332
f 1358/992/334 1357/995/334 1355/993/333
f 1360/994/335 1359/997/335 1357/995/334
f 1362/996/336 1361/999/336 1359/997/335
f 1364/998/337 1363/1001/337 1361/999/336
f 1366/1000/338 1365/1003/338 1363/1001/337
f 1368/1002/339 1367/1005/339 1365/1003/338
f 1370/1004/340 1369/1007/340 1367/1005/339
f 1372/1006/341 1371/1009/341 1369/1007/340
f 1374/1008/342 1373/1011/342 1371/1009/341
f 1376/1010/343 1375/1013/343 1373/1011/342
f 1378/1012/344 1377/1015/344 1375/1013/343
f 1380/1014/345 1379/1017/345 1377/1015/344
f 1382/1016/346 1381/1019/348 1379/1017/345
f 1384/1018/347 1383/1021/347 1381/1019/348
f 1386/1020/349 1385/1023/349 1383/1021/347
f 1388/1022/350 1387/1025/350 1385/1023/349
f 1390/1024/351 1389/1027/351 1387/1025/350
f 1392/1026/352 1391/1029/352 1389/1027/351
f 1394/1028/353 1393/1031/353 1391/1029/352
f 1396/1030/354 1395/1033/354 1393/1031/353
f 1398/1032/355 1397/1035/355 1395/1033/354
f 1400/1034/356 1399/1037/356 1397/1035/355
f 1402/1036/357 1401/1039/357 1399/1037/356
f 1404/1038/358 1403/1041/358 1401/1039/357
f 1406/1040/359 1405/1043/359 1403/1041/358
f 1408/1042/360 1407/1045/360 1405/1043/359
f 1410/1044/361 1409/1047/361 1407/1045/360
f 1412/1046/362 1411/1049/362 1409/1047/361
f 1414/1048/363 1413/1051/363 1411/1049/362
f 1416/1050/364 1415/1053/364 1413/1051/363
f 1418/1052/365 1417/1055/365 1415/1053/364
f 1420/1054/366 1419/1057/366 1417/1055/365
f 1422/1056/367 1421/1059/367 1419/1057/366
f 1424/1058/368 1423/1061/368 1421/1059/367
f 1426/1060/369 1425/1063/369 1423/1061/368
f 1428/1062/370 1427/1065/370 1425/1063/369
f 1430/1064/371 1429/1067/371 1427/1065/370
f 1432/1066/372 1431/1069/372 1429/1067/371
f 1434/1068/373 1433/1071/373 1431/1069/372
f 1436/1070/374 1435/1073/374 1433/1071/373
f 1438/1072/375 1437/1075/375 1435/1073/374
f 1440/1074/376 1439/1077/376 1437/1075/375
f 1442/1076/377 1441/1079/377 1439/1077/376
f 1444/1078/378 1443/1081/378 1441/1079/377
f 1446/1080/379 1445/1083/379 1443/1081/378
f 1448/1082/380 1447/1085/380 1445/1083/379
f 1450/1084/381 1449/1087/381 1447/1085/380
f 1452/1086/382 1451/1089/382 1449/1087/381
f 728/1088/4 727/359/4 1451/1089/382
