# Blender 4.4.1
# www.blender.org
mtllib boss.mtl
o 球
v -0.002335 1.131024 -0.518637
v 0.029693 0.973227 -0.834574
v -0.018296 0.541626 -1.219382
v -0.010166 0.265599 -1.183391
v 0.003395 0.045662 -1.229988
v -0.017976 -0.464825 -1.335029
v 0.037677 1.290148 -0.186771
v 0.073790 1.230830 -0.363608
v 0.106255 1.132369 -0.514626
v 0.141024 1.008232 -0.631422
v 0.202690 0.876921 -0.766491
v 0.233577 0.683799 -0.942746
v 0.228009 0.494468 -1.008763
v 0.205439 0.291351 -1.007974
v 0.234788 0.071103 -1.056293
v 0.190181 -0.166125 -1.041221
v 0.148407 -0.431551 -1.217440
v 0.108835 -0.630957 -1.403496
v 0.080987 -0.664181 -1.145202
v 0.060190 -0.677439 -0.682290
v 0.031043 -0.653544 -0.321701
v 0.074294 1.290262 -0.176016
v 0.145699 1.231498 -0.343941
v 0.211054 1.135425 -0.492809
v 0.267871 1.005990 -0.618073
v 0.316295 0.853293 -0.730053
v 0.373811 0.686704 -0.842337
v 0.375963 0.495947 -0.901425
v 0.381822 0.298735 -0.933248
v 0.374287 0.092596 -0.937227
v 0.351239 -0.122550 -0.934856
v 0.310970 -0.346597 -0.981198
v 0.254216 -0.531000 -1.054659
v 0.193636 -0.623650 -0.931966
v 0.134360 -0.667983 -0.610992
v 0.066456 -0.647764 -0.303771
v 0.108051 1.290415 -0.158450
v 0.212006 1.232247 -0.310910
v 0.307641 1.137984 -0.449568
v 0.391436 1.011898 -0.571478
v 0.460518 0.859988 -0.676238
v 0.512207 0.687730 -0.759704
v 0.544143 0.500000 -0.815201
v 0.554912 0.302482 -0.840427
v 0.544015 0.100868 -0.838753
v 0.511550 -0.100316 -0.820545
v 0.457828 -0.295049 -0.805411
v 0.384277 -0.465001 -0.796045
v 0.297149 -0.585120 -0.717578
v 0.203431 -0.655686 -0.514148
v 0.098787 -0.637800 -0.275259
v 0.137647 1.290588 -0.134700
v 0.270134 1.232921 -0.265378
v 0.392203 1.139696 -0.385758
v 0.502905 1.014215 -0.492458
v 0.687023 0.846849 -0.582188
v 0.707401 0.681363 -0.650977
v 0.693048 0.502209 -0.695533
v 0.745260 0.320831 -0.714727
v 0.903732 0.190702 -0.710091
v 0.718176 -0.061079 -0.686496
v 0.585450 -0.270211 -0.652401
v 0.495294 -0.431884 -0.612257
v 0.386055 -0.559333 -0.544236
v 0.262392 -0.638686 -0.412131
v 0.126522 -0.624281 -0.238938
v 0.161943 1.290763 -0.105642
v 0.317837 1.233461 -0.208988
v 0.461526 1.140751 -0.304689
v 0.608776 1.012777 -0.389434
v 0.886196 0.832695 -0.459955
v 0.902388 0.669630 -0.513315
v 0.815178 0.503630 -0.547470
v 0.899595 0.334746 -0.561632
v 1.127614 0.234843 -0.556488
v 0.906293 -0.025192 -0.534513
v 0.689794 -0.258325 -0.500030
v 0.585239 -0.415710 -0.456849
v 0.456725 -0.541713 -0.399418
v 0.305104 -0.603167 -0.313746
v 0.149240 -0.610409 -0.197548
v -0.000193 1.310349 0.001800
v 0.180003 1.290926 -0.072376
v 0.353284 1.233868 -0.143984
v 0.513003 1.141395 -0.210419
v 0.654877 1.016729 -0.269130
v 0.854208 0.851338 -0.317763
v 0.900753 0.684693 -0.354406
v 0.905906 0.504542 -0.377783
v 0.923614 0.308806 -0.387361
v 0.943326 0.127547 -0.383465
v 0.858375 -0.074652 -0.367445
v 0.767185 -0.252382 -0.341748
v 0.654170 -0.414735 -0.310290
v 0.509300 -0.534407 -0.268368
v 0.338854 -0.582949 -0.218834
v 0.166653 -0.597773 -0.153777
v 0.191133 1.291071 -0.036179
v 0.375121 1.234165 -0.072998
v 0.544700 1.141798 -0.107210
v 0.693345 1.017476 -0.137423
v 0.815335 0.865931 -0.162432
v 0.905975 0.692949 -0.181314
v 0.961776 0.505133 -0.193470
v 0.980586 0.309638 -0.198679
v 0.961667 0.113880 -0.197152
v 0.905715 -0.074768 -0.189638
v 0.839464 -0.285072 -0.191460
v 0.743344 -0.476667 -0.191408
v 0.545019 -0.533824 -0.145273
v 0.361417 -0.569280 -0.129999
v 0.178111 -0.586152 -0.109495
v 0.194905 1.291195 0.001549
v 0.382517 1.234382 0.001113
v 0.555425 1.142059 0.000597
v 0.706980 1.017749 0.000064
v 0.831354 0.866213 -0.000478
v 0.923766 0.693261 -0.001068
v 0.980661 0.505519 -0.001790
v 0.999848 0.310168 -0.002780
v 0.980581 0.114656 -0.004263
v 0.923582 -0.073597 -0.006612
v 0.881062 -0.320297 -0.038790
v 0.798178 -0.532756 -0.068871
v 0.563901 -0.526511 -0.035414
v 0.369689 -0.553864 -0.047394
v 0.182997 -0.575546 -0.065996
v 0.191177 1.291298 0.039341
v 0.375194 1.234539 0.075402
v 0.544782 1.142234 0.108648
v 0.693423 1.017928 0.137785
v 0.815404 0.866399 0.161648
v 0.906038 0.693470 0.179254
v 0.961841 0.505776 0.189843
v 0.980666 0.310511 0.192894
v 0.961783 0.115139 0.188112
v 0.905905 -0.072897 0.175390
v 0.832553 -0.271774 0.144874
v 0.740613 -0.467523 0.098047
v 0.543451 -0.505634 0.078726
v 0.362589 -0.538810 0.030890
v 0.180704 -0.566460 -0.025270
v 0.180091 1.291383 0.075728
v 0.353438 1.234654 0.146944
v 0.513188 1.142355 0.212673
v 0.653203 1.018049 0.270323
v 0.768106 0.866526 0.317613
v 0.853481 0.693612 0.352664
v 0.906047 0.505950 0.374064
v 0.923783 0.310736 0.380905
v 0.906003 0.115446 0.372797
v 0.853380 -0.072462 0.349843
v 0.767921 -0.245848 0.312560
v 0.654741 -0.405292 0.262959
v 0.503794 -0.483698 0.186175
v 0.341075 -0.525967 0.101539
v 0.170940 -0.559175 0.011073
v 0.162075 1.291450 0.109296
v 0.318090 1.234738 0.212940
v 0.461862 1.142440 0.308610
v 0.587872 1.018134 0.392522
v 0.691281 0.866614 0.461380
v 0.768117 0.693711 0.512480
v 0.815426 0.506068 0.543806
v 0.831389 0.310886 0.554088
v 0.815391 0.115647 0.542835
v 0.768038 -0.072184 0.510319
v 0.691138 -0.245453 0.457506
v 0.587503 -0.399116 0.386315
v 0.451372 -0.469214 0.280142
v 0.306082 -0.515591 0.162622
v 0.154264 -0.553321 0.043640
v 0.137823 1.291501 0.138740
v 0.270509 1.234799 0.270822
v 0.392779 1.142500 0.392733
v 0.499943 1.018193 0.499655
v 0.587885 0.866675 0.587403
v 0.653228 0.693779 0.652555
v 0.693462 0.506149 0.692562
v 0.707038 0.310987 0.705834
v 0.693433 0.115779 0.691783
v 0.653164 -0.072003 0.650820
v 0.587768 -0.245198 0.584286
v 0.499882 -0.398856 0.494982
v 0.383703 -0.461302 0.359606
v 0.259051 -0.506747 0.216164
v 0.131569 -0.548584 0.072319
v 0.108267 1.291539 0.162917
v 0.212526 1.234841 0.318344
v 0.308596 1.142541 0.461788
v 0.392796 1.018233 0.587588
v 0.461892 0.866718 0.690833
v 0.513232 0.693826 0.767509
v 0.544843 0.506203 0.814630
v 0.555509 0.311055 0.830342
v 0.544819 0.115867 0.813975
v 0.513178 -0.071885 0.766048
v 0.461793 -0.245033 0.688204
v 0.392087 -0.391045 0.580340
v 0.300075 -0.448489 0.420606
v 0.202473 -0.498330 0.259951
v 0.103820 -0.544815 0.095843
v 0.074543 1.291564 0.180892
v 0.146370 1.234869 0.353667
v 0.212550 1.142568 0.513110
v 0.270550 1.018260 0.652934
v 0.318145 0.866745 0.767690
v 0.353509 0.693856 0.852926
v 0.375282 0.506239 0.905330
v 0.382627 0.311099 0.922848
v 0.375261 0.115923 0.904752
v 0.353461 -0.071810 0.851637
v 0.318161 -0.246445 0.766389
v 0.268709 -0.366830 0.631433
v 0.205545 -0.433509 0.463220
v 0.138111 -0.490057 0.292097
v 0.072125 -0.541813 0.113241
v 0.037949 1.291579 0.191966
v 0.074584 1.234885 0.375426
v 0.108331 1.142583 0.544719
v 0.137904 1.018275 0.693178
v 0.162169 0.866761 0.815022
v 0.180198 0.693874 0.905527
v 0.191296 0.506260 0.961182
v 0.195037 0.311124 0.979812
v 0.191276 0.115955 0.960648
v 0.180169 -0.072081 0.904738
v 0.161759 -0.242843 0.808461
v 0.136740 -0.349879 0.660060
v 0.104797 -0.423269 0.488419
v 0.069667 -0.483779 0.311758
v 0.037658 -0.539445 0.123832
v -0.000111 1.291582 0.195713
v -0.000073 1.234889 0.382780
v -0.000054 1.142587 0.555398
v -0.000045 1.018280 0.706771
v -0.000042 0.866767 0.831008
v -0.000041 0.693881 0.923292
v -0.000045 0.506267 0.980046
v -0.000052 0.311134 0.999052
v -0.000064 0.115955 0.979549
v -0.000076 -0.071006 0.920720
v 0.000161 -0.240192 0.819201
v 0.001474 -0.344767 0.671285
v 0.001175 -0.419159 0.496970
v 0.000283 -0.480231 0.318357
v 0.001499 -0.537906 0.127354
v -0.038172 1.291574 0.191987
v -0.074732 1.234882 0.375446
v -0.108442 1.142581 0.544736
v -0.137996 1.018275 0.693193
v -0.162254 0.866762 0.815036
v -0.180282 0.693877 0.905541
v -0.191387 0.506263 0.961198
v -0.195143 0.311129 0.979831
v -0.191406 0.115963 0.960673
v -0.180450 -0.072277 0.904860
v -0.161029 -0.240309 0.805978
v -0.133962 -0.350420 0.660360
v -0.102527 -0.421715 0.489156
v -0.069269 -0.480775 0.311812
v -0.034806 -0.537391 0.123683
v -0.074772 1.291555 0.180934
v -0.146523 1.234862 0.353709
v -0.212665 1.142564 0.513146
v -0.270646 1.018260 0.652966
v -0.318233 0.866748 0.767720
v -0.353597 0.693862 0.852956
v -0.375377 0.506247 0.905364
v -0.382738 0.311110 0.922890
v -0.375398 0.115939 0.904805
v -0.353693 -0.072035 0.851982
v -0.318133 -0.244467 0.764418
v -0.265969 -0.364774 0.628651
v -0.204071 -0.430212 0.463542
v -0.137039 -0.484388 0.292388
v -0.069547 -0.538260 0.113028
v -0.108506 1.291524 0.162983
v -0.212689 1.234829 0.318412
v -0.308720 1.142534 0.461847
v -0.392899 1.018232 0.587640
v -0.461987 0.866721 0.690881
v -0.513327 0.693834 0.767559
v -0.544946 0.506217 0.814686
v -0.555629 0.311074 0.830409
v -0.544968 0.115894 0.814063
v -0.513377 -0.071846 0.766172
v -0.462247 -0.245697 0.688867
v -0.390046 -0.382540 0.575207
v -0.297169 -0.436683 0.417711
v -0.200012 -0.489398 0.259847
v -0.101520 -0.540849 0.095608
v -0.138077 1.291479 0.138831
v -0.270687 1.234779 0.270921
v -0.392916 1.142488 0.392821
v -0.500057 1.018189 0.499733
v -0.587990 0.866680 0.587477
v -0.653333 0.693791 0.652630
v -0.693576 0.506168 0.692646
v -0.707172 0.311017 0.705936
v -0.693602 0.115821 0.691918
v -0.653391 -0.071943 0.651010
v -0.588153 -0.245230 0.584624
v -0.496106 -0.387900 0.490504
v -0.379047 -0.443762 0.353219
v -0.256320 -0.496498 0.214761
v -0.129688 -0.545099 0.072189
v -0.002994 -0.588033 -0.072243
v -0.162349 1.291420 0.109417
v -0.318290 1.234709 0.213081
v -0.462018 1.142421 0.308740
v -0.588003 1.018126 0.392638
v -0.691401 0.866618 0.461488
v -0.768237 0.693726 0.512589
v -0.815557 0.506095 0.543927
v -0.831545 0.310929 0.554237
v -0.815588 0.115711 0.543035
v -0.768307 -0.072091 0.510604
v -0.691881 -0.245983 0.458268
v -0.583945 -0.391953 0.382811
v -0.448477 -0.456953 0.275190
v -0.303843 -0.506625 0.159560
v -0.152985 -0.550687 0.044029
v -0.180390 1.291344 0.075883
v -0.353669 1.234610 0.147142
v -0.513372 1.142322 0.212864
v -0.653360 1.018033 0.270496
v -0.768249 0.866526 0.317772
v -0.853624 0.693631 0.352823
v -0.906204 0.505988 0.374240
v -0.923969 0.310799 0.381121
v -0.906242 0.115543 0.373091
v -0.853711 -0.072318 0.350269
v -0.769286 -0.247144 0.314122
v -0.655718 -0.406448 0.264693
v -0.505147 -0.476468 0.185457
v -0.339728 -0.518631 0.099625
v -0.170182 -0.557447 0.012508
v -0.191508 1.291249 0.039535
v -0.375468 1.234473 0.075680
v -0.545009 1.142177 0.108934
v -0.693617 1.017892 0.138050
v -0.815581 0.866390 0.161890
v -0.906214 0.693489 0.179490
v -0.962033 0.505829 0.190100
v -0.980896 0.310604 0.193211
v -0.962083 0.115288 0.188547
v -0.906327 -0.072668 0.176037
v -0.885994 -0.318948 0.155928
v -0.781439 -0.483904 0.122753
v -0.544214 -0.501847 0.087208
v -0.361545 -0.532543 0.034011
v -0.180383 -0.565382 -0.021855
v -0.195277 1.291133 0.001785
v -0.382853 1.234284 0.001504
v -0.555718 1.141960 0.001038
v -0.707235 1.017676 0.000487
v -0.831585 0.866179 -0.000093
v -0.923991 0.693274 -0.000705
v -0.980904 0.505589 -0.001408
v -1.000140 0.310308 -0.002314
v -0.980970 0.114893 -0.003611
v -0.926186 -0.075336 -0.005612
v -0.985312 -0.405660 -0.008836
v -0.873588 -0.570993 -0.014216
v -0.562804 -0.526526 -0.020940
v -0.368892 -0.548761 -0.039727
v -0.183336 -0.574813 -0.060154
v -0.191553 1.290995 -0.035898
v -0.375544 1.234020 -0.072448
v -0.545096 1.141624 -0.106506
v -0.693700 1.017323 -0.136706
v -0.815653 0.865838 -0.161781
v -0.906278 0.692936 -0.180728
v -0.962096 0.505218 -0.192888
v -0.980969 0.309850 -0.197985
v -0.962185 0.114266 -0.196165
v -0.906488 -0.074130 -0.188061
v -0.892657 -0.327496 -0.174874
v -0.781453 -0.491753 -0.158266
v -0.547331 -0.536490 -0.137230
v -0.362689 -0.565889 -0.120646
v -0.179510 -0.585783 -0.102290
v -0.180480 1.290838 -0.072055
v -0.353830 1.233657 -0.143216
v -0.513567 1.141086 -0.209263
v -0.661610 1.015409 -0.267832
v -0.871576 0.848556 -0.316565
v -0.894888 0.685723 -0.353389
v -0.906344 0.504631 -0.376858
v -0.924128 0.309125 -0.386320
v -0.985621 0.172612 -0.381965
v -0.987224 0.024200 -0.364915
v -0.770315 -0.249594 -0.337276
v -0.654766 -0.405241 -0.301771
v -0.515400 -0.533917 -0.259130
v -0.344187 -0.580431 -0.208885
v -0.169598 -0.598165 -0.146036
v -0.162484 1.290665 -0.105292
v -0.318552 1.233165 -0.207944
v -0.462372 1.140203 -0.302752
v -0.628599 1.009071 -0.386919
v -0.922114 0.826845 -0.457532
v -0.895014 0.670908 -0.511380
v -0.815807 0.503667 -0.545928
v -0.831811 0.307966 -0.560071
v -1.050529 0.287467 -0.554235
v -1.077490 0.153036 -0.530425
v -0.718311 -0.235565 -0.492202
v -0.590135 -0.410820 -0.443269
v -0.464989 -0.538207 -0.382190
v -0.314401 -0.599664 -0.300051
v -0.154159 -0.611590 -0.189407
v -0.138255 1.290488 -0.134344
v -0.271075 1.232532 -0.264037
v -0.393523 1.138753 -0.382543
v -0.513989 1.011186 -0.487316
v -0.713695 0.841495 -0.576790
v -0.704838 0.681172 -0.646929
v -0.694004 0.502043 -0.692832
v -0.707583 0.306120 -0.712430
v -0.756403 0.155352 -0.706835
v -0.740396 -0.018863 -0.679955
v -0.589982 -0.263101 -0.638320
v -0.503715 -0.422286 -0.586586
v -0.398282 -0.550689 -0.513176
v -0.274694 -0.633725 -0.392192
v -0.133475 -0.624902 -0.230868
v -0.108725 1.290322 -0.158124
v -0.213224 1.231791 -0.309366
v -0.309725 1.136495 -0.444595
v -0.394367 1.008720 -0.560883
v -0.464934 0.855971 -0.663398
v -0.514443 0.685312 -0.750695
v -0.545685 0.499302 -0.810394
v -0.556232 0.303316 -0.837251
v -0.545740 0.103933 -0.834433
v -0.514835 -0.092745 -0.810420
v -0.465315 -0.280022 -0.779246
v -0.399522 -0.445407 -0.745905
v -0.317876 -0.570904 -0.665378
v -0.220513 -0.649897 -0.488435
v -0.107415 -0.636262 -0.268205
v -0.075024 1.290189 -0.175763
v -0.147209 1.231062 -0.342481
v -0.214225 1.133504 -0.486468
v -0.279817 1.005967 -0.600659
v -0.322179 0.843922 -0.700781
v -0.355925 0.676897 -0.810977
v -0.376637 0.495080 -0.892354
v -0.383569 0.299568 -0.929534
v -0.376376 0.096769 -0.932409
v -0.355703 -0.109801 -0.920313
v -0.324010 -0.315729 -0.929601
v -0.283383 -0.493052 -0.958885
v -0.228271 -0.603743 -0.857154
v -0.157277 -0.662177 -0.584121
v -0.076550 -0.644978 -0.298577
v -0.038445 1.290108 -0.186631
v -0.075535 1.230554 -0.362688
v -0.110925 1.132433 -0.509439
v -0.180328 1.066703 -0.626543
v -0.248825 0.866054 -0.726314
v -0.194818 0.665406 -0.842114
v -0.227076 0.493609 -0.979178
v -0.201671 0.294863 -0.993987
v -0.235126 0.074942 -1.047287
v -0.194383 -0.148865 -1.020709
v -0.173140 -0.385915 -1.127262
v -0.162812 -0.581956 -1.286659
v -0.132864 -0.646742 -1.079247
v -0.088266 -0.673580 -0.664013
v -0.042160 -0.651401 -0.318939
v -0.000391 1.290093 -0.190346
v -0.000918 1.230464 -0.369784
v 0.005586 1.081690 -0.634447
v -0.002157 0.699851 -0.965800
v -0.007107 -0.249758 -1.149570
v -0.035377 -0.668223 -1.558406
v -0.030389 -0.676249 -1.218298
v -0.015108 -0.679741 -0.702743
v -0.005744 -0.654658 -0.326972
vn 0.5368 0.7001 -0.4710
vn 0.0205 -0.9975 0.0678
vn 0.6347 -0.0735 -0.7693
vn 0.0084 0.9945 -0.1048
vn -0.0070 -0.9674 0.2531
vn 0.5734 0.2035 -0.7936
vn 0.0213 0.9492 -0.3140
vn 0.5432 -0.2385 -0.8050
vn 0.0097 0.8386 -0.5447
vn 0.3827 0.5922 -0.7091
vn 0.3864 0.6871 -0.6153
vn 0.4908 0.6249 -0.6072
vn 0.5624 0.7063 -0.4299
vn 0.1762 -0.9785 -0.1069
vn 0.1171 0.6796 -0.7242
vn 0.0379 -0.9989 -0.0269
vn 0.4367 0.6435 -0.6286
vn 0.2148 -0.9721 -0.0946
vn 0.5659 0.2566 -0.7835
vn 0.1156 -0.9892 0.0906
vn 0.3913 -0.0471 -0.9190
vn 0.0266 0.9945 -0.1012
vn 0.0273 -0.9659 0.2574
vn 0.6069 0.2466 -0.7556
vn 0.0736 0.9507 -0.3014
vn 0.5737 -0.1589 -0.8035
vn 0.0823 0.8534 -0.5147
vn 0.7366 0.2898 -0.6111
vn 0.0859 0.7121 -0.6968
vn 0.8741 0.2272 -0.4294
vn 0.3534 0.6235 -0.6974
vn 0.6632 -0.7171 -0.2141
vn 0.5857 -0.0716 -0.8074
vn 0.1841 0.8672 -0.4626
vn 0.7682 -0.0057 -0.6401
vn 0.2030 0.7470 -0.6331
vn 0.8989 -0.1075 -0.4247
vn 0.2476 0.6238 -0.7413
vn 0.7130 -0.6641 -0.2249
vn 0.4427 0.4951 -0.7476
vn 0.3702 -0.9171 -0.1476
vn 0.4340 0.2710 -0.8592
vn 0.1702 -0.9743 0.1475
vn 0.4643 0.1545 -0.8721
vn 0.0443 0.9946 -0.0938
vn 0.0614 -0.9619 0.2666
vn 0.5019 -0.0017 -0.8649
vn 0.1271 0.9525 -0.2767
vn 0.4492 -0.8864 -0.1119
vn 0.5907 0.3195 -0.7409
vn 0.1790 -0.9589 0.2202
vn 0.5195 0.2364 -0.8211
vn 0.0606 0.9947 -0.0828
vn 0.0959 -0.9546 0.2821
vn 0.2595 0.2832 -0.9233
vn 0.1777 0.9541 -0.2409
vn 0.5586 -0.1637 -0.8131
vn 0.2798 0.8754 -0.3942
vn 0.7623 -0.2565 -0.5942
vn 0.3597 0.7680 -0.5299
vn 0.8208 -0.3788 -0.4276
vn 0.3109 0.6915 -0.6520
vn 0.6950 -0.6717 -0.2565
vn 0.4580 0.3887 -0.7995
vn 0.3565 0.8791 -0.3163
vn 0.7186 -0.5295 -0.4508
vn 0.4345 0.7884 -0.4355
vn 0.7614 -0.5205 -0.3865
vn 0.3709 0.7729 -0.5148
vn 0.6695 -0.7026 -0.2412
vn 0.5491 0.3775 -0.7456
vn 0.4356 -0.8903 0.1323
vn 0.7674 0.0962 -0.6339
vn 0.2012 -0.9567 0.2102
vn 0.6358 0.3744 -0.6750
vn 0.0748 0.9948 -0.0685
vn 0.0850 -0.9579 0.2744
vn 0.3151 0.6855 -0.6563
vn 0.2211 0.9553 -0.1962
vn 0.5998 -0.5006 -0.6242
vn 0.8286 -0.3446 -0.4412
vn 0.1634 -0.9633 0.2131
vn 0.9879 0.0953 -0.1220
vn 0.0860 0.9950 -0.0516
vn 0.0659 -0.9654 0.2524
vn 0.6544 0.0873 0.7511
vn 0.2549 0.9560 -0.1450
vn 0.9154 -0.3725 0.1523
vn 0.4134 0.8806 -0.2318
vn 0.8018 -0.4656 -0.3746
vn 0.5550 0.7968 -0.2389
vn 0.7365 -0.5833 -0.3425
vn 0.5468 0.8372 0.0132
vn 0.6339 -0.7435 -0.2129
vn 0.9951 0.0985 0.0009
vn 0.4004 -0.9148 0.0525
vn 0.8460 -0.2625 -0.4640
vn 0.6057 0.7747 -0.1813
vn 0.6630 -0.3328 -0.6706
vn 0.6490 0.7553 0.0915
vn 0.5980 -0.7833 -0.1698
vn 0.9598 0.2774 -0.0422
vn 0.2926 -0.9535 0.0724
vn 0.9549 0.0649 -0.2897
vn 0.1627 -0.9639 0.2109
vn 0.9524 0.1003 -0.2880
vn 0.0938 0.9951 -0.0328
vn 0.0592 -0.9692 0.2390
vn 0.9898 -0.0965 -0.1045
vn 0.2779 0.9564 -0.0895
vn 0.9263 -0.2846 -0.2468
vn 0.4511 0.8811 -0.1420
vn 0.1141 -0.9681 0.2232
vn 0.9904 0.0979 -0.0976
vn 0.0977 0.9951 -0.0130
vn 0.0575 -0.9714 0.2304
vn 0.9906 -0.0965 -0.0967
vn 0.2895 0.9566 -0.0317
vn 0.9537 -0.2865 -0.0913
vn 0.4701 0.8812 -0.0489
vn 0.9068 -0.2830 -0.3124
vn 0.6325 0.7719 -0.0643
vn 0.8334 -0.2557 -0.4900
vn 0.7704 0.6329 -0.0773
vn 0.2803 -0.9598 0.0157
vn 0.8784 0.4698 -0.0875
vn 0.2000 -0.9666 0.1604
vn 0.9526 0.2891 -0.0944
vn 0.8184 -0.3803 0.4309
vn 0.7709 0.6325 0.0751
vn 0.1662 -0.9643 0.2061
vn 0.8789 0.4693 0.0859
vn 0.1247 -0.9722 0.1983
vn 0.9530 0.2884 0.0932
vn 0.0907 -0.9709 0.2217
vn 0.9906 0.0968 0.0969
vn 0.0977 0.9952 0.0069
vn 0.0580 -0.9737 0.2205
vn 0.9904 -0.0983 0.0970
vn 0.2898 0.9567 0.0265
vn 0.9526 -0.2896 0.0936
vn 0.4706 0.8812 0.0449
vn 0.9330 -0.1998 0.2992
vn 0.6331 0.7716 0.0613
vn 0.0939 0.9952 0.0263
vn 0.0604 -0.9755 0.2118
vn 0.9525 -0.0991 0.2879
vn 0.2788 0.9567 0.0832
vn 0.9159 -0.2909 0.2765
vn 0.4528 0.8811 0.1365
vn 0.8459 -0.3708 0.3834
vn 0.6091 0.7715 0.1841
vn 0.7044 -0.4601 0.5404
vn 0.7415 0.6323 0.2244
vn 0.3150 -0.9004 0.3001
vn 0.8453 0.4691 0.2558
vn 0.1214 -0.9694 0.2132
vn 0.9166 0.2881 0.2773
vn 0.0810 -0.9729 0.2168
vn 0.9527 0.0964 0.2881
vn 0.6835 0.6322 0.3649
vn 0.3088 -0.8989 0.3108
vn 0.7791 0.4690 0.4159
vn 0.1272 -0.9633 0.2365
vn 0.8448 0.2881 0.4508
vn 0.0762 -0.9738 0.2141
vn 0.8782 0.0962 0.4685
vn 0.0865 0.9953 0.0444
vn 0.0626 -0.9762 0.2075
vn 0.8781 -0.0994 0.4680
vn 0.2570 0.9567 0.1365
vn 0.8444 -0.2914 0.4496
vn 0.4175 0.8810 0.2226
vn 0.7783 -0.4725 0.4136
vn 0.5614 0.7714 0.2996
vn 0.6826 -0.6098 0.4026
vn 0.7698 -0.0994 0.6304
vn 0.2254 0.9567 0.1842
vn 0.7404 -0.2915 0.6057
vn 0.3660 0.8810 0.2999
vn 0.6825 -0.4728 0.5574
vn 0.4922 0.7713 0.4035
vn 0.6025 -0.6321 0.4873
vn 0.5992 0.6322 0.4913
vn 0.2426 -0.9231 0.2985
vn 0.6830 0.4690 0.5600
vn 0.1044 -0.9624 0.2507
vn 0.7406 0.2881 0.6071
vn 0.0715 -0.9735 0.2174
vn 0.7699 0.0962 0.6309
vn 0.0757 0.9953 0.0606
vn 0.0610 -0.9759 0.2095
vn 0.1053 -0.9343 0.3406
vn 0.5606 0.4690 0.6825
vn 0.0556 -0.9647 0.2573
vn 0.6079 0.2881 0.7399
vn 0.0614 -0.9717 0.2282
vn 0.6319 0.0963 0.7690
vn 0.0621 0.9953 0.0744
vn 0.0520 -0.9747 0.2175
vn 0.6319 -0.0994 0.7686
vn 0.1850 0.9567 0.2249
vn 0.6078 -0.2915 0.7387
vn 0.3004 0.8809 0.3657
vn 0.5603 -0.4728 0.6800
vn 0.4039 0.7713 0.4919
vn 0.4549 -0.6275 0.6319
vn 0.4918 0.6322 0.5988
vn 0.1375 0.9566 0.2567
vn 0.4517 -0.2914 0.8432
vn 0.2232 0.8809 0.4173
vn 0.4268 -0.4649 0.7757
vn 0.3002 0.7713 0.5612
vn 0.1837 -0.6393 0.7467
vn 0.3654 0.6322 0.6832
vn 0.0027 -0.9415 0.3370
vn 0.4166 0.4691 0.7788
vn 0.0194 -0.9582 0.2855
vn 0.4517 0.2882 0.8443
vn 0.0442 -0.9679 0.2476
vn 0.4696 0.0963 0.8776
vn 0.0461 0.9953 0.0851
vn 0.0335 -0.9729 0.2289
vn 0.4696 -0.0993 0.8773
vn 0.2565 0.4691 0.8451
vn 0.0027 -0.9498 0.3128
vn 0.2782 0.2882 0.9163
vn 0.0175 -0.9621 0.2720
vn 0.2892 0.0964 0.9524
vn 0.0284 0.9953 0.0925
vn 0.0068 -0.9709 0.2392
vn 0.2892 -0.0992 0.9521
vn 0.0847 0.9566 0.2787
vn 0.2807 -0.2913 0.9145
vn 0.1375 0.8809 0.4529
vn 0.2202 -0.4635 0.8583
vn 0.1849 0.7713 0.6090
vn 0.0454 -0.7537 0.6557
vn 0.2250 0.6322 0.7414
vn -0.0021 -0.9294 0.3692
vn 0.0829 -0.2885 0.9539
vn 0.0464 0.8809 0.4710
vn 0.0496 -0.4946 0.8677
vn 0.0624 0.7713 0.6334
vn 0.0177 -0.8123 0.5829
vn 0.0760 0.6322 0.7710
vn -0.0040 -0.9192 0.3938
vn 0.0866 0.4691 0.8789
vn -0.0172 -0.9449 0.3271
vn 0.0940 0.2882 0.9529
vn -0.0129 -0.9581 0.2860
vn 0.0977 0.0964 0.9905
vn 0.0096 0.9953 0.0963
vn -0.0175 -0.9696 0.2439
vn 0.0978 -0.0991 0.9903
vn 0.0286 0.9566 0.2899
vn -0.0231 -0.9459 0.3236
vn -0.0939 0.2883 0.9529
vn -0.0420 -0.9588 0.2809
vn -0.0976 0.0965 0.9905
vn -0.0096 0.9953 0.0963
vn -0.0384 -0.9690 0.2442
vn -0.0977 -0.0991 0.9903
vn -0.0286 0.9566 0.2899
vn -0.0819 -0.2877 0.9542
vn -0.0464 0.8809 0.4710
vn -0.0698 -0.5133 0.8553
vn -0.0624 0.7713 0.6334
vn -0.0152 -0.7989 0.6013
vn -0.0759 0.6322 0.7711
vn -0.0061 -0.9235 0.3835
vn -0.0866 0.4691 0.8789
vn -0.2130 -0.4770 0.8527
vn -0.1848 0.7713 0.6091
vn -0.0725 -0.7601 0.6457
vn -0.2250 0.6322 0.7414
vn -0.0139 -0.9313 0.3639
vn -0.2564 0.4691 0.8451
vn -0.0322 -0.9564 0.2901
vn -0.2781 0.2882 0.9163
vn -0.0579 -0.9619 0.2671
vn -0.2891 0.0964 0.9524
vn -0.0285 0.9953 0.0926
vn -0.0501 -0.9689 0.2423
vn -0.2891 -0.0991 0.9522
vn -0.0847 0.9566 0.2787
vn -0.2798 -0.2895 0.9154
vn -0.1374 0.8809 0.4529
vn -0.0651 -0.9627 0.2626
vn -0.4695 0.0964 0.8777
vn -0.0462 0.9953 0.0852
vn -0.0530 -0.9690 0.2413
vn -0.4695 -0.0991 0.8774
vn -0.1375 0.9566 0.2568
vn -0.4531 -0.2912 0.8426
vn -0.2232 0.8809 0.4174
vn -0.4071 -0.4684 0.7841
vn -0.3001 0.7713 0.5613
vn -0.2024 -0.6867 0.6982
vn -0.3653 0.6322 0.6833
vn -0.0739 -0.9557 0.2850
vn -0.4165 0.4691 0.7788
vn -0.0676 -0.9581 0.2783
vn -0.4516 0.2882 0.8444
vn -0.4039 0.7713 0.4920
vn -0.4395 -0.6747 0.5930
vn -0.4917 0.6322 0.5989
vn -0.1334 -0.9525 0.2739
vn -0.5604 0.4690 0.6826
vn -0.1000 -0.9561 0.2755
vn -0.6077 0.2882 0.7400
vn -0.0733 -0.9621 0.2628
vn -0.6318 0.0964 0.7691
vn -0.0623 0.9953 0.0744
vn -0.0539 -0.9691 0.2408
vn -0.6317 -0.0991 0.7688
vn -0.1850 0.9567 0.2249
vn -0.6076 -0.2911 0.7390
vn -0.3004 0.8809 0.3658
vn -0.5633 -0.4719 0.6782
vn -0.7697 0.0964 0.6310
vn -0.0759 0.9953 0.0606
vn -0.0562 -0.9694 0.2389
vn -0.7697 -0.0991 0.6307
vn -0.2254 0.9567 0.1843
vn -0.7402 -0.2910 0.6061
vn -0.3660 0.8809 0.3000
vn -0.6814 -0.4687 0.5622
vn -0.4921 0.7713 0.4037
vn -0.5641 -0.6680 0.4853
vn -0.5991 0.6322 0.4914
vn -0.1877 -0.9273 0.3238
vn -0.6829 0.4690 0.5601
vn -0.1114 -0.9560 0.2713
vn -0.7405 0.2882 0.6072
vn -0.0825 -0.9623 0.2592
vn -0.6454 -0.6049 0.4664
vn -0.6834 0.6322 0.3650
vn -0.2386 -0.9067 0.3479
vn -0.7790 0.4690 0.4161
vn -0.1105 -0.9597 0.2584
vn -0.8447 0.2882 0.4510
vn -0.0893 -0.9628 0.2552
vn -0.8781 0.0964 0.4687
vn -0.0867 0.9952 0.0444
vn -0.0564 -0.9695 0.2387
vn -0.8779 -0.0990 0.4684
vn -0.2571 0.9567 0.1365
vn -0.8443 -0.2908 0.4501
vn -0.4175 0.8810 0.2227
vn -0.7791 -0.4635 0.4221
vn -0.5614 0.7713 0.2998
vn -0.0942 0.9952 0.0262
vn -0.0555 -0.9691 0.2402
vn -0.9524 -0.0986 0.2883
vn -0.2789 0.9567 0.0832
vn -0.9160 -0.2902 0.2772
vn -0.4528 0.8811 0.1366
vn -0.7738 -0.1148 0.6230
vn -0.6090 0.7714 0.1843
vn -0.5167 -0.4713 0.7148
vn -0.7415 0.6323 0.2246
vn -0.2476 -0.9097 0.3334
vn -0.8452 0.4691 0.2561
vn -0.0937 -0.9672 0.2362
vn -0.9164 0.2883 0.2776
vn -0.0971 -0.9631 0.2512
vn -0.9526 0.0966 0.2885
vn -0.7709 0.6325 0.0753
vn -0.0393 -0.9727 0.2287
vn -0.8788 0.4694 0.0861
vn -0.0898 -0.9708 0.2225
vn -0.9529 0.2886 0.0935
vn -0.1082 -0.9633 0.2456
vn -0.9905 0.0971 0.0973
vn -0.0980 0.9952 0.0067
vn -0.0547 -0.9685 0.2427
vn -0.9904 -0.0978 0.0975
vn -0.2900 0.9567 0.0264
vn -0.9550 -0.2762 0.1085
vn -0.4707 0.8811 0.0449
vn -0.8799 0.1531 0.4498
vn -0.6331 0.7716 0.0615
vn -0.6003 -0.4277 0.6758
vn -0.9907 -0.0960 -0.0963
vn -0.2898 0.9565 -0.0321
vn -0.9525 -0.2861 -0.1047
vn -0.4703 0.8811 -0.0492
vn -0.8922 0.1638 -0.4208
vn -0.6325 0.7719 -0.0644
vn -0.6453 -0.4152 -0.6412
vn -0.7703 0.6329 -0.0772
vn -0.1924 -0.9796 0.0583
vn -0.8784 0.4700 -0.0873
vn -0.1711 -0.9665 0.1915
vn -0.9526 0.2893 -0.0941
vn -0.1285 -0.9625 0.2389
vn -0.9904 0.0982 -0.0973
vn -0.0980 0.9951 -0.0133
vn -0.0544 -0.9675 0.2469
vn -0.6363 -0.7496 -0.1825
vn -0.9850 0.1572 -0.0715
vn -0.2873 -0.9529 0.0968
vn -0.9524 0.0977 -0.2889
vn -0.1799 -0.9564 0.2299
vn -0.9524 0.1006 -0.2878
vn -0.0941 0.9950 -0.0332
vn -0.0565 -0.9639 0.2600
vn -0.9910 -0.0943 0.0954
vn -0.2782 0.9563 -0.0903
vn -0.9247 -0.2615 0.2768
vn -0.4513 0.8808 -0.1431
vn -0.7789 -0.0749 -0.6227
vn -0.6017 0.7828 -0.1587
vn -0.5303 -0.4327 -0.7290
vn -0.6360 0.7579 0.1452
vn -0.8524 0.0688 0.5184
vn -0.4130 0.8800 -0.2345
vn -0.7324 -0.6106 -0.3011
vn -0.5449 0.8156 -0.1945
vn -0.7253 -0.6162 -0.3070
vn -0.5373 0.8410 0.0631
vn -0.6349 -0.7362 -0.2344
vn -0.9841 -0.1770 0.0174
vn -0.2896 -0.9513 0.1061
vn -0.8402 -0.3053 -0.4482
vn -0.1805 -0.9559 0.2316
vn -0.8779 0.1055 -0.4671
vn -0.0864 0.9949 -0.0519
vn -0.0632 -0.9595 0.2745
vn -0.7665 0.3622 0.5303
vn -0.2552 0.9558 -0.1463
vn -0.4384 -0.8879 0.1393
vn -0.7639 0.1164 -0.6347
vn -0.2107 -0.9565 0.2020
vn -0.7691 0.1162 -0.6285
vn -0.0752 0.9948 -0.0688
vn -0.0643 -0.9591 0.2758
vn -0.0824 0.6693 -0.7384
vn -0.2214 0.9548 -0.1982
vn -0.4730 -0.1766 -0.8632
vn -0.3549 0.8776 -0.3222
vn -0.6908 -0.5124 -0.5101
vn -0.4047 0.7988 -0.4452
vn -0.7423 -0.5339 -0.4049
vn -0.3545 0.7742 -0.5244
vn -0.6623 -0.6986 -0.2707
vn -0.5637 0.3047 -0.7677
vn -0.2761 0.8718 -0.4046
vn -0.7328 -0.2958 -0.6128
vn -0.3261 0.7646 -0.5559
vn -0.7905 -0.4068 -0.4579
vn -0.2756 0.6817 -0.6777
vn -0.6679 -0.6972 -0.2603
vn -0.4210 0.5069 -0.7522
vn -0.4713 -0.8740 -0.1184
vn -0.5813 0.3355 -0.7413
vn -0.1539 -0.9701 0.1878
vn -0.6286 0.1387 -0.7653
vn -0.0613 0.9947 -0.0830
vn -0.0455 -0.9641 0.2615
vn -0.4910 0.1270 -0.8618
vn -0.1784 0.9534 -0.2433
vn -0.5367 -0.1849 -0.8233
vn -0.3890 0.4129 -0.8235
vn -0.1442 -0.9803 0.1348
vn -0.4605 0.1816 -0.8689
vn -0.0452 0.9946 -0.0939
vn -0.0255 -0.9675 0.2517
vn -0.5009 -0.0055 -0.8655
vn -0.1294 0.9516 -0.2789
vn -0.5727 -0.1049 -0.8130
vn -0.1819 0.8602 -0.4764
vn -0.7359 -0.0830 -0.6719
vn -0.2084 0.7302 -0.6507
vn -0.8825 -0.1274 -0.4527
vn -0.1552 0.5989 -0.7856
vn -0.7380 -0.6320 -0.2366
vn -0.2661 0.5677 -0.7790
vn -0.4229 -0.8910 -0.1651
vn -0.7355 0.2218 -0.6402
vn -0.5463 0.6969 -0.4646
vn -0.8751 0.2767 -0.3970
vn -0.4178 0.5541 -0.7200
vn -0.7775 -0.5892 -0.2199
vn -0.1355 0.4676 -0.8735
vn -0.3002 -0.9457 -0.1243
vn -0.3902 0.6179 -0.6826
vn -0.1278 -0.9872 0.0956
vn -0.3332 0.0276 -0.9424
vn -0.0279 0.9945 -0.1012
vn -0.0307 -0.9669 0.2532
vn -0.5809 0.2741 -0.7664
vn -0.0786 0.9498 -0.3028
vn -0.5519 -0.1967 -0.8103
vn -0.1075 0.8456 -0.5229
vn -0.0727 -0.9946 0.0736
vn -0.7074 -0.1118 -0.6979
vn -0.0099 0.9944 -0.1048
vn -0.0306 -0.9669 0.2532
vn -0.5925 0.1318 -0.7947
vn -0.0288 0.9487 -0.3148
vn -0.6227 -0.1848 -0.7603
vn -0.0357 0.8347 -0.5495
vn -0.5452 0.5631 -0.6210
vn -0.0907 0.8904 -0.4460
vn -0.6415 0.5914 -0.4886
vn -0.4755 0.5164 -0.7121
vn -0.5020 -0.8435 -0.1910
vn -0.5430 0.4140 -0.7306
vn -0.1112 -0.9924 -0.0522
vn -0.6091 0.6897 -0.3916
vn 0.1139 0.3241 -0.9391
vn 0.0125 -0.9977 0.0663
vn 0.6388 -0.0809 -0.7651
vn 0.5936 0.2471 -0.7659
vn 0.0283 0.9486 -0.3153
vn 0.6037 -0.1631 -0.7803
vn 0.0418 0.8306 -0.5553
vn 0.2370 0.5112 -0.8261
vn 0.0031 0.9201 -0.3917
vn 0.3854 0.5875 -0.7116
vn 0.4468 0.8080 -0.3841
vn 0.2769 -0.9605 -0.0267
vn 0.4982 0.3274 -0.8029
vn 0.1143 -0.9934 -0.0101
vn 0.3546 0.6037 -0.7140
vn 0.3565 -0.9342 -0.0107
vn 0.5601 0.2509 -0.7895
vn 0.0589 -0.9958 0.0707
vn 0.5799 0.1465 -0.8014
vn 0.3900 0.0035 -0.9208
vn 0.0855 0.9497 -0.3011
vn 0.6542 -0.0784 -0.7523
vn 0.1346 0.8431 -0.5207
vn 0.5346 0.0780 -0.8415
vn 0.1263 0.6983 -0.7046
vn 0.8288 -0.0326 -0.5586
vn 0.0840 0.7334 -0.6746
vn 0.6202 -0.7837 -0.0339
vn 0.5013 -0.1579 -0.8508
vn 0.2191 0.8608 -0.4593
vn 0.5863 -0.2223 -0.7790
vn 0.2639 0.7281 -0.6326
vn 0.7651 -0.3605 -0.5335
vn 0.2498 0.6229 -0.7414
vn 0.7008 -0.6913 -0.1760
vn 0.2552 0.5994 -0.7586
vn 0.4295 -0.9019 -0.0453
vn 0.4834 0.3228 -0.8137
vn 0.0651 -0.9947 0.0799
vn 0.4493 0.1372 -0.8828
vn 0.4729 -0.0329 -0.8805
vn 0.1384 0.9517 -0.2742
vn 0.4514 -0.8867 -0.0996
vn 0.4835 0.1746 -0.8578
vn 0.0894 -0.9895 0.1132
vn 0.6197 0.1326 -0.7736
vn 0.5532 -0.0368 -0.8323
vn 0.1851 0.9536 -0.2376
vn 0.3933 -0.3688 -0.8422
vn 0.2951 0.8724 -0.3896
vn 0.5432 -0.4593 -0.7028
vn 0.3809 0.7610 -0.5252
vn 0.6982 -0.5133 -0.4990
vn 0.4371 0.6368 -0.6352
vn 0.6557 -0.7055 -0.2689
vn 0.3580 0.4920 -0.7936
vn 0.3611 0.8781 -0.3139
vn 0.5659 -0.6079 -0.5569
vn 0.4759 0.7744 -0.4170
vn 0.6933 -0.5785 -0.4297
vn 0.4615 0.7563 -0.4637
vn 0.6079 -0.7451 -0.2743
vn 0.5129 0.3126 -0.7995
vn 0.4495 -0.8863 -0.1115
vn 0.5666 -0.1303 -0.8136
vn 0.2154 -0.9446 0.2475
vn 0.7398 0.2778 -0.6129
vn 0.5248 0.6182 -0.5852
vn 0.2247 0.9550 -0.1936
vn 0.5499 -0.5231 -0.6512
vn 0.9996 0.0276 0.0077
vn 0.1583 -0.9757 0.1515
vn 0.7941 0.4327 -0.4269
vn 0.3984 0.9136 0.0811
vn 0.2561 0.9559 -0.1437
vn 0.7131 -0.5727 0.4043
vn 0.4140 0.8804 -0.2313
vn 0.7334 -0.6797 0.0091
vn 0.5532 0.7743 -0.3074
vn 0.7397 -0.5808 -0.3399
vn 0.5819 0.7744 -0.2484
vn 0.5684 -0.7799 -0.2621
vn 0.9562 0.2263 0.1854
vn 0.2599 -0.9643 -0.0505
vn 0.8527 -0.4704 -0.2273
vn 0.6070 0.7718 -0.1894
vn 0.6876 -0.5666 -0.4540
vn 0.7418 0.6335 -0.2202
vn 0.1196 -0.8409 -0.5278
vn 0.8794 0.4413 0.1786
vn 0.1854 -0.9814 -0.0492
vn 0.9570 0.2871 -0.0426
vn 0.1048 -0.9866 0.1252
vn 0.9522 0.0993 -0.2890
vn 0.9526 0.0974 -0.2881
vn 0.2780 0.9564 -0.0893
vn 0.9120 -0.3926 -0.1186
vn 0.4511 0.8810 -0.1425
vn 0.0966 -0.9801 0.1732
vn 0.9904 0.0978 -0.0978
vn 0.9905 -0.0969 -0.0971
vn 0.2896 0.9566 -0.0321
vn 0.9533 -0.2875 -0.0923
vn 0.4703 0.8811 -0.0495
vn 0.9830 -0.1570 -0.0950
vn 0.6327 0.7717 -0.0648
vn 0.8444 -0.4237 -0.3278
vn 0.7705 0.6327 -0.0777
vn -0.0795 -0.9194 -0.3852
vn 0.8785 0.4697 -0.0877
vn 0.1368 -0.9897 0.0424
vn 0.9526 0.2891 -0.0945
vn 0.8178 -0.4652 0.3389
vn 0.7710 0.6324 0.0751
vn 0.0284 -0.9277 0.3723
vn 0.8788 0.4693 0.0859
vn 0.1253 -0.9717 0.2002
vn 0.9529 0.2886 0.0933
vn 0.0880 -0.9767 0.1958
vn 0.9905 0.0970 0.0971
vn 0.9904 -0.0981 0.0973
vn 0.2900 0.9567 0.0260
vn 0.9526 -0.2894 0.0938
vn 0.4708 0.8811 0.0445
vn 0.9296 -0.3569 0.0917
vn 0.6332 0.7715 0.0611
vn 0.9524 -0.0987 0.2883
vn 0.2791 0.9567 0.0828
vn 0.9159 -0.2903 0.2771
vn 0.4530 0.8810 0.1363
vn 0.8443 -0.4711 0.2554
vn 0.6091 0.7714 0.1841
vn 0.7018 -0.6117 0.3651
vn 0.1342 -0.9020 0.4103
vn 0.8452 0.4692 0.2559
vn 0.1240 -0.9623 0.2422
vn 0.9164 0.2883 0.2775
vn 0.0827 -0.9758 0.2026
vn 0.9526 0.0967 0.2884
vn 0.6834 0.6323 0.3649
vn 0.3093 -0.9263 0.2150
vn 0.7790 0.4691 0.4160
vn 0.1296 -0.9666 0.2213
vn 0.8447 0.2883 0.4510
vn 0.0776 -0.9746 0.2100
vn 0.8781 0.0965 0.4687
vn 0.8779 -0.0989 0.4685
vn 0.2573 0.9567 0.1362
vn 0.8442 -0.2908 0.4502
vn 0.4175 0.8810 0.2225
vn 0.7782 -0.4717 0.4146
vn 0.5614 0.7714 0.2997
vn 0.6849 -0.6308 0.3646
vn 0.7696 -0.0990 0.6308
vn 0.2256 0.9567 0.1841
vn 0.7401 -0.2910 0.6063
vn 0.6822 -0.4721 0.5584
vn 0.4921 0.7714 0.4036
vn 0.6014 -0.6297 0.4916
vn 0.5991 0.6322 0.4913
vn 0.2597 -0.9422 0.2117
vn 0.6829 0.4691 0.5600
vn 0.1227 -0.9718 0.2013
vn 0.7405 0.2882 0.6072
vn 0.0693 -0.9727 0.2215
vn 0.7697 0.0965 0.6310
vn 0.1392 -0.9547 0.2631
vn 0.5604 0.4691 0.6825
vn 0.0487 -0.9620 0.2688
vn 0.6077 0.2882 0.7400
vn 0.0465 -0.9681 0.2462
vn 0.6318 0.0965 0.7691
vn 0.6317 -0.0991 0.7689
vn 0.1851 0.9567 0.2248
vn 0.6075 -0.2910 0.7391
vn 0.5600 -0.4722 0.6808
vn 0.4787 -0.6580 0.5813
vn 0.4917 0.6322 0.5988
vn 0.1376 0.9566 0.2567
vn 0.4515 -0.2911 0.8435
vn 0.4161 -0.4727 0.7768
vn 0.3001 0.7713 0.5612
vn 0.3150 -0.7627 0.5649
vn -0.0257 -0.9260 0.3767
vn 0.4165 0.4691 0.7788
vn -0.0077 -0.9486 0.3165
vn 0.4516 0.2883 0.8444
vn 0.0130 -0.9618 0.2735
vn 0.4695 0.0965 0.8777
vn 0.4694 -0.0991 0.8774
vn -0.0144 -0.9451 0.3266
vn 0.2781 0.2883 0.9163
vn -0.0061 -0.9585 0.2850
vn 0.2891 0.0965 0.9524
vn 0.2891 -0.0991 0.9522
vn 0.2783 -0.2888 0.9161
vn 0.2552 -0.4956 0.8302
vn 0.1848 0.7713 0.6090
vn 0.1332 -0.8143 0.5649
vn -0.0315 -0.9169 0.3979
vn 0.0938 -0.2988 0.9497
vn 0.0728 -0.5131 0.8552
vn 0.0250 -0.8162 0.5773
vn -0.0022 -0.9197 0.3925
vn -0.0108 -0.9461 0.3236
vn 0.0939 0.2883 0.9529
vn -0.0215 -0.9571 0.2889
vn 0.0977 0.0965 0.9905
vn 0.0977 -0.0990 0.9903
vn -0.0004 -0.9488 0.3159
vn -0.0197 -0.9572 0.2889
vn -0.0976 -0.0989 0.9903
vn -0.0937 -0.2988 0.9497
vn -0.0717 -0.5120 0.8560
vn -0.0623 0.7713 0.6334
vn -0.0467 -0.8158 0.5764
vn -0.0759 0.6322 0.7710
vn 0.0067 -0.9197 0.3925
vn -0.2514 -0.5123 0.8212
vn -0.1847 0.7713 0.6091
vn -0.1327 -0.8023 0.5820
vn -0.2249 0.6322 0.7414
vn 0.0077 -0.9226 0.3856
vn -0.0003 -0.9488 0.3159
vn -0.2780 0.2883 0.9163
vn -0.0300 -0.9586 0.2830
vn -0.2890 0.0965 0.9524
vn -0.2890 -0.0990 0.9522
vn -0.2782 -0.2879 0.9164
vn -0.0609 -0.9620 0.2660
vn -0.4694 0.0965 0.8777
vn -0.4693 -0.0990 0.8775
vn -0.4516 -0.2893 0.8440
vn -0.2231 0.8809 0.4174
vn -0.4161 -0.4785 0.7733
vn -0.3000 0.7713 0.5613
vn -0.2918 -0.7688 0.5691
vn -0.0221 -0.9322 0.3612
vn -0.4164 0.4691 0.7788
vn -0.0694 -0.9586 0.2763
vn -0.4515 0.2883 0.8444
vn -0.4038 0.7713 0.4920
vn -0.4579 -0.6984 0.5500
vn -0.4915 0.6322 0.5989
vn -0.1460 -0.9588 0.2435
vn -0.5603 0.4691 0.6826
vn -0.1143 -0.9613 0.2506
vn -0.6076 0.2883 0.7401
vn -0.0812 -0.9640 0.2533
vn -0.6316 0.0966 0.7692
vn -0.6316 -0.0989 0.7690
vn -0.1851 0.9566 0.2249
vn -0.6074 -0.2908 0.7393
vn -0.3003 0.8809 0.3658
vn -0.5610 -0.4685 0.6825
vn -0.7696 0.0966 0.6312
vn -0.7695 -0.0988 0.6310
vn -0.2256 0.9567 0.1842
vn -0.7400 -0.2906 0.6065
vn -0.3659 0.8809 0.3001
vn -0.6824 -0.4710 0.5590
vn -0.4920 0.7713 0.4037
vn -0.5675 -0.6761 0.4699
vn -0.5989 0.6322 0.4915
vn -0.2114 -0.9549 0.2083
vn -0.6827 0.4691 0.5602
vn -0.1142 -0.9579 0.2636
vn -0.7403 0.2883 0.6073
vn -0.0868 -0.9640 0.2515
vn -0.6537 -0.6676 0.3564
vn -0.6833 0.6323 0.3651
vn -0.2410 -0.9347 0.2612
vn -0.7789 0.4692 0.4162
vn -0.1076 -0.9552 0.2757
vn -0.8446 0.2884 0.4512
vn -0.0917 -0.9644 0.2481
vn -0.8779 0.0967 0.4689
vn -0.8778 -0.0986 0.4687
vn -0.2573 0.9567 0.1363
vn -0.8442 -0.2903 0.4506
vn -0.7797 -0.4679 0.4160
vn -0.5613 0.7714 0.2999
vn -0.9524 -0.0983 0.2886
vn -0.2791 0.9567 0.0829
vn -0.9159 -0.2898 0.2776
vn -0.4530 0.8810 0.1365
vn -0.8483 -0.4628 0.2571
vn -0.5179 -0.5678 0.6398
vn -0.7414 0.6323 0.2247
vn 0.0048 -0.8796 0.4758
vn -0.8451 0.4692 0.2562
vn -0.0956 -0.9539 0.2844
vn -0.9163 0.2885 0.2778
vn -0.0990 -0.9663 0.2378
vn -0.9525 0.0969 0.2887
vn 0.1352 -0.8748 0.4652
vn -0.8788 0.4694 0.0862
vn -0.0936 -0.9671 0.2368
vn -0.9528 0.2887 0.0937
vn -0.1066 -0.9688 0.2237
vn -0.9905 0.0973 0.0975
vn -0.9904 -0.0977 0.0976
vn -0.2901 0.9566 0.0260
vn -0.9527 -0.2889 0.0942
vn -0.4709 0.8811 0.0446
vn -0.9898 -0.0907 0.1095
vn -0.6332 0.7715 0.0613
vn -0.5966 -0.5038 0.6247
vn -0.9906 -0.0965 -0.0968
vn -0.9571 -0.2747 -0.0925
vn -0.4704 0.8810 -0.0496
vn -0.9924 -0.0598 -0.1075
vn -0.6327 0.7717 -0.0649
vn -0.6401 -0.4930 -0.5893
vn -0.7705 0.6327 -0.0776
vn 0.1197 -0.9002 -0.4186
vn -0.8784 0.4698 -0.0875
vn -0.1069 -0.9918 0.0708
vn -0.9526 0.2892 -0.0943
vn -0.1150 -0.9736 0.1973
vn -0.9904 0.0980 -0.0975
vn -0.1027 -0.8092 -0.5785
vn -0.8656 0.4246 0.2653
vn -0.1516 -0.9866 -0.0605
vn -0.9545 0.2887 -0.0750
vn -0.1205 -0.9832 0.1368
vn -0.9522 0.0995 -0.2889
vn -0.8817 0.3886 -0.2676
vn -0.2787 0.9562 -0.0895
vn -0.9908 0.0260 0.1331
vn -0.4513 0.8808 -0.1430
vn -0.7844 -0.6201 0.0133
vn -0.6068 0.7717 -0.1902
vn -0.5266 -0.5406 -0.6560
vn -0.7486 0.6345 -0.1925
vn -0.8371 0.2537 0.4846
vn -0.4150 0.8795 -0.2329
vn -0.7208 -0.6796 -0.1359
vn -0.5434 0.7822 -0.3049
vn -0.7316 -0.6118 -0.3010
vn -0.5799 0.7890 -0.2028
vn -0.6141 -0.7483 -0.2510
vn -0.9425 0.0606 0.3286
vn -0.3279 -0.9392 -0.1016
vn -0.9979 0.0638 -0.0052
vn -0.1748 -0.9734 0.1482
vn -0.8767 0.1025 -0.4700
vn -0.0947 0.9939 -0.0569
vn -0.2572 0.9555 -0.1442
vn -0.4499 -0.8812 -0.1452
vn -0.5736 -0.1038 -0.8126
vn -0.2269 -0.9412 0.2501
vn -0.7647 0.1084 -0.6352
vn -0.7545 0.2214 -0.6179
vn -0.2264 0.9544 -0.1946
vn -0.4804 -0.0587 -0.8751
vn -0.3635 0.8758 -0.3175
vn -0.5584 -0.5750 -0.5979
vn -0.4655 0.7812 -0.4159
vn -0.6516 -0.6045 -0.4583
vn -0.4338 0.7631 -0.4791
vn -0.6025 -0.7378 -0.3043
vn -0.4969 0.2048 -0.8433
vn -0.3000 0.8673 -0.3971
vn -0.5527 -0.4590 -0.6956
vn -0.3821 0.7476 -0.5433
vn -0.6653 -0.5311 -0.5248
vn -0.3970 0.6308 -0.6667
vn -0.6711 -0.6570 -0.3435
vn -0.3251 0.3639 -0.8729
vn -0.4690 -0.8733 -0.1318
vn -0.4729 0.1918 -0.8600
vn -0.0975 -0.9890 0.1113
vn -0.6153 0.1206 -0.7790
vn -0.6361 -0.0444 -0.7703
vn -0.1873 0.9527 -0.2393
vn -0.5411 -0.1766 -0.8222
vn -0.3188 0.3378 -0.8856
vn -0.0718 -0.9942 0.0802
vn -0.4287 0.1453 -0.8917
vn -0.4717 -0.0373 -0.8810
vn -0.1408 0.9507 -0.2762
vn -0.4981 -0.1818 -0.8478
vn -0.2272 0.8521 -0.4716
vn -0.5658 -0.2788 -0.7760
vn -0.2618 0.7150 -0.6482
vn -0.7134 -0.3998 -0.5755
vn -0.2607 0.5559 -0.7893
vn -0.7420 -0.6149 -0.2671
vn -0.1821 0.4891 -0.8530
vn -0.4671 -0.8817 -0.0672
vn -0.5356 -0.0444 -0.8433
vn -0.0900 0.8903 -0.4464
vn -0.8067 -0.0883 -0.5844
vn -0.4967 0.5164 -0.6975
vn -0.7480 -0.6566 -0.0971
vn -0.4179 0.5576 -0.7172
vn -0.4334 -0.9011 -0.0117
vn -0.1436 0.4179 -0.8971
vn -0.0782 -0.9942 0.0743
vn -0.4926 0.1794 -0.8516
vn -0.3340 0.0015 -0.9426
vn -0.0878 0.9491 -0.3025
vn -0.6373 -0.1085 -0.7630
vn -0.1424 0.8384 -0.5262
vn -0.0481 -0.9965 0.0677
vn -0.7493 -0.0466 -0.6606
vn -0.6557 0.2706 -0.7048
vn -0.0304 0.9486 -0.3151
vn -0.6111 -0.2021 -0.7653
vn -0.0517 0.8306 -0.5544
vn -0.3980 0.3462 -0.8495
vn -0.0214 0.9193 -0.3931
vn -0.6031 0.4839 -0.6342
vn -0.0907 0.8709 -0.4830
vn -0.5763 -0.8172 -0.0108
vn -0.4535 0.3508 -0.8193
vn -0.2747 -0.9615 0.0016
vn -0.5072 0.5937 -0.6247
vt 0.750000 0.625000
vt 0.718750 0.562500
vt 0.750000 0.562500
vt 0.750000 0.062500
vt 0.718750 0.125000
vt 0.718750 0.062500
vt 0.750000 0.500000
vt 0.718750 0.500000
vt 0.750000 0.937500
vt 0.734375 1.000000
vt 0.718750 0.937500
vt 0.734375 0.000000
vt 0.718750 0.437500
vt 0.750000 0.437500
vt 0.750000 0.875000
vt 0.718750 0.875000
vt 0.718750 0.375000
vt 0.750000 0.375000
vt 0.750000 0.812500
vt 0.718750 0.812500
vt 0.718750 0.312500
vt 0.750000 0.312500
vt 0.750000 0.750000
vt 0.718750 0.750000
vt 0.718750 0.250000
vt 0.750000 0.250000
vt 0.750000 0.687500
vt 0.718750 0.687500
vt 0.750000 0.187500
vt 0.718750 0.187500
vt 0.718750 0.625000
vt 0.750000 0.125000
vt 0.687500 0.625000
vt 0.687500 0.187500
vt 0.687500 0.125000
vt 0.687500 0.562500
vt 0.687500 0.062500
vt 0.687500 0.500000
vt 0.703125 1.000000
vt 0.687500 0.937500
vt 0.703125 0.000000
vt 0.687500 0.437500
vt 0.687500 0.875000
vt 0.687500 0.375000
vt 0.687500 0.812500
vt 0.687500 0.312500
vt 0.687500 0.750000
vt 0.687500 0.250000
vt 0.687500 0.687500
vt 0.656250 0.375000
vt 0.656250 0.875000
vt 0.656250 0.812500
vt 0.656250 0.312500
vt 0.656250 0.750000
vt 0.656250 0.250000
vt 0.656250 0.687500
vt 0.656250 0.187500
vt 0.656250 0.625000
vt 0.656250 0.125000
vt 0.656250 0.562500
vt 0.656250 0.062500
vt 0.656250 0.500000
vt 0.671875 1.000000
vt 0.656250 0.937500
vt 0.671875 0.000000
vt 0.656250 0.437500
vt 0.625000 0.187500
vt 0.625000 0.125000
vt 0.625000 0.562500
vt 0.625000 0.062500
vt 0.625000 0.500000
vt 0.640625 1.000000
vt 0.625000 0.937500
vt 0.640625 0.000000
vt 0.625000 0.437500
vt 0.625000 0.875000
vt 0.625000 0.375000
vt 0.625000 0.812500
vt 0.625000 0.312500
vt 0.625000 0.750000
vt 0.625000 0.250000
vt 0.625000 0.687500
vt 0.625000 0.625000
vt 0.593750 0.875000
vt 0.593750 0.812500
vt 0.593750 0.312500
vt 0.593750 0.750000
vt 0.593750 0.250000
vt 0.593750 0.687500
vt 0.593750 0.187500
vt 0.593750 0.625000
vt 0.593750 0.125000
vt 0.593750 0.562500
vt 0.593750 0.062500
vt 0.593750 0.500000
vt 0.609375 1.000000
vt 0.593750 0.937500
vt 0.609375 0.000000
vt 0.593750 0.437500
vt 0.593750 0.375000
vt 0.562500 0.562500
vt 0.562500 0.125000
vt 0.562500 0.062500
vt 0.562500 0.500000
vt 0.578125 1.000000
vt 0.562500 0.937500
vt 0.578125 0.000000
vt 0.562500 0.437500
vt 0.562500 0.875000
vt 0.562500 0.375000
vt 0.562500 0.812500
vt 0.562500 0.312500
vt 0.562500 0.750000
vt 0.562500 0.250000
vt 0.562500 0.687500
vt 0.562500 0.187500
vt 0.562500 0.625000
vt 0.531250 0.375000
vt 0.531250 0.312500
vt 0.531250 0.750000
vt 0.531250 0.250000
vt 0.531250 0.687500
vt 0.531250 0.187500
vt 0.531250 0.625000
vt 0.531250 0.125000
vt 0.531250 0.562500
vt 0.531250 0.062500
vt 0.531250 0.500000
vt 0.546875 1.000000
vt 0.531250 0.937500
vt 0.546875 0.000000
vt 0.531250 0.437500
vt 0.531250 0.875000
vt 0.531250 0.812500
vt 0.500000 0.062500
vt 0.500000 0.500000
vt 0.515625 1.000000
vt 0.500000 0.937500
vt 0.515625 0.000000
vt 0.500000 0.437500
vt 0.500000 0.875000
vt 0.500000 0.375000
vt 0.500000 0.812500
vt 0.500000 0.312500
vt 0.500000 0.750000
vt 0.500000 0.250000
vt 0.500000 0.687500
vt 0.500000 0.187500
vt 0.500000 0.625000
vt 0.500000 0.125000
vt 0.500000 0.562500
vt 0.468750 0.250000
vt 0.468750 0.687500
vt 0.468750 0.187500
vt 0.468750 0.625000
vt 0.468750 0.125000
vt 0.468750 0.562500
vt 0.468750 0.062500
vt 0.468750 0.500000
vt 0.484375 1.000000
vt 0.468750 0.937500
vt 0.484375 0.000000
vt 0.468750 0.437500
vt 0.468750 0.875000
vt 0.468750 0.375000
vt 0.468750 0.812500
vt 0.468750 0.312500
vt 0.468750 0.750000
vt 0.453125 1.000000
vt 0.437500 0.937500
vt 0.453125 0.000000
vt 0.437500 0.062500
vt 0.437500 0.437500
vt 0.437500 0.875000
vt 0.437500 0.375000
vt 0.437500 0.812500
vt 0.437500 0.312500
vt 0.437500 0.750000
vt 0.437500 0.250000
vt 0.437500 0.687500
vt 0.437500 0.187500
vt 0.437500 0.625000
vt 0.437500 0.125000
vt 0.437500 0.562500
vt 0.437500 0.500000
vt 0.406250 0.687500
vt 0.406250 0.187500
vt 0.406250 0.625000
vt 0.406250 0.125000
vt 0.406250 0.562500
vt 0.406250 0.062500
vt 0.406250 0.500000
vt 0.421875 1.000000
vt 0.406250 0.937500
vt 0.421875 0.000000
vt 0.406250 0.437500
vt 0.406250 0.875000
vt 0.406250 0.375000
vt 0.406250 0.812500
vt 0.406250 0.312500
vt 0.406250 0.750000
vt 0.406250 0.250000
vt 0.375000 0.437500
vt 0.375000 0.875000
vt 0.375000 0.375000
vt 0.375000 0.812500
vt 0.375000 0.312500
vt 0.375000 0.750000
vt 0.375000 0.250000
vt 0.375000 0.687500
vt 0.375000 0.187500
vt 0.375000 0.625000
vt 0.375000 0.125000
vt 0.375000 0.562500
vt 0.375000 0.062500
vt 0.375000 0.500000
vt 0.390625 1.000000
vt 0.375000 0.937500
vt 0.390625 0.000000
vt 0.343750 0.187500
vt 0.343750 0.625000
vt 0.343750 0.125000
vt 0.343750 0.562500
vt 0.343750 0.062500
vt 0.343750 0.500000
vt 0.359375 1.000000
vt 0.343750 0.937500
vt 0.359375 0.000000
vt 0.343750 0.437500
vt 0.343750 0.875000
vt 0.343750 0.375000
vt 0.343750 0.812500
vt 0.343750 0.312500
vt 0.343750 0.750000
vt 0.343750 0.250000
vt 0.343750 0.687500
vt 0.312500 0.875000
vt 0.312500 0.375000
vt 0.312500 0.812500
vt 0.312500 0.312500
vt 0.312500 0.750000
vt 0.312500 0.250000
vt 0.312500 0.687500
vt 0.312500 0.187500
vt 0.312500 0.625000
vt 0.312500 0.125000
vt 0.312500 0.562500
vt 0.312500 0.062500
vt 0.312500 0.500000
vt 0.328125 1.000000
vt 0.312500 0.937500
vt 0.328125 0.000000
vt 0.312500 0.437500
vt 0.281250 0.625000
vt 0.281250 0.125000
vt 0.281250 0.562500
vt 0.281250 0.062500
vt 0.281250 0.500000
vt 0.296875 1.000000
vt 0.281250 0.937500
vt 0.296875 0.000000
vt 0.281250 0.437500
vt 0.281250 0.875000
vt 0.281250 0.375000
vt 0.281250 0.812500
vt 0.281250 0.312500
vt 0.281250 0.750000
vt 0.281250 0.250000
vt 0.281250 0.687500
vt 0.281250 0.187500
vt 0.250000 0.375000
vt 0.250000 0.812500
vt 0.250000 0.312500
vt 0.250000 0.750000
vt 0.250000 0.250000
vt 0.250000 0.687500
vt 0.250000 0.187500
vt 0.250000 0.625000
vt 0.250000 0.125000
vt 0.250000 0.562500
vt 0.250000 0.062500
vt 0.250000 0.500000
vt 0.265625 1.000000
vt 0.250000 0.937500
vt 0.265625 0.000000
vt 0.250000 0.437500
vt 0.250000 0.875000
vt 0.218750 0.125000
vt 0.218750 0.625000
vt 0.218750 0.562500
vt 0.218750 0.062500
vt 0.218750 0.500000
vt 0.234375 1.000000
vt 0.218750 0.937500
vt 0.234375 0.000000
vt 0.218750 0.437500
vt 0.218750 0.875000
vt 0.218750 0.375000
vt 0.218750 0.812500
vt 0.218750 0.312500
vt 0.218750 0.750000
vt 0.218750 0.250000
vt 0.218750 0.687500
vt 0.218750 0.187500
vt 0.187500 0.375000
vt 0.187500 0.312500
vt 0.187500 0.812500
vt 0.187500 0.750000
vt 0.187500 0.250000
vt 0.187500 0.687500
vt 0.187500 0.187500
vt 0.187500 0.625000
vt 0.187500 0.125000
vt 0.187500 0.562500
vt 0.187500 0.062500
vt 0.187500 0.500000
vt 0.203125 1.000000
vt 0.187500 0.937500
vt 0.203125 0.000000
vt 0.187500 0.437500
vt 0.187500 0.875000
vt 0.156250 0.125000
vt 0.156250 0.062500
vt 0.156250 0.562500
vt 0.156250 0.500000
vt 0.171875 1.000000
vt 0.156250 0.937500
vt 0.171875 0.000000
vt 0.156250 0.437500
vt 0.156250 0.875000
vt 0.156250 0.375000
vt 0.156250 0.812500
vt 0.156250 0.312500
vt 0.156250 0.750000
vt 0.156250 0.250000
vt 0.156250 0.687500
vt 0.156250 0.187500
vt 0.156250 0.625000
vt 0.125000 0.812500
vt 0.125000 0.750000
vt 0.125000 0.312500
vt 0.125000 0.250000
vt 0.125000 0.687500
vt 0.125000 0.187500
vt 0.125000 0.625000
vt 0.125000 0.125000
vt 0.125000 0.562500
vt 0.125000 0.062500
vt 0.125000 0.500000
vt 0.140625 1.000000
vt 0.125000 0.937500
vt 0.140625 0.000000
vt 0.125000 0.437500
vt 0.125000 0.875000
vt 0.125000 0.375000
vt 0.093750 0.562500
vt 0.093750 0.500000
vt 0.109375 1.000000
vt 0.093750 0.937500
vt 0.109375 0.000000
vt 0.093750 0.062500
vt 0.093750 0.437500
vt 0.093750 0.875000
vt 0.093750 0.375000
vt 0.093750 0.812500
vt 0.093750 0.312500
vt 0.093750 0.750000
vt 0.093750 0.250000
vt 0.093750 0.687500
vt 0.093750 0.187500
vt 0.093750 0.625000
vt 0.093750 0.125000
vt 0.062500 0.312500
vt 0.062500 0.250000
vt 0.062500 0.750000
vt 0.062500 0.687500
vt 0.062500 0.187500
vt 0.062500 0.625000
vt 0.062500 0.125000
vt 0.062500 0.562500
vt 0.062500 0.062500
vt 0.062500 0.500000
vt 0.078125 1.000000
vt 0.062500 0.937500
vt 0.078125 0.000000
vt 0.062500 0.437500
vt 0.062500 0.875000
vt 0.062500 0.375000
vt 0.062500 0.812500
vt 0.046875 1.000000
vt 0.031250 0.937500
vt 0.046875 0.000000
vt 0.031250 0.062500
vt 0.031250 0.500000
vt 0.031250 0.437500
vt 0.031250 0.875000
vt 0.031250 0.375000
vt 0.031250 0.812500
vt 0.031250 0.312500
vt 0.031250 0.750000
vt 0.031250 0.250000
vt 0.031250 0.687500
vt 0.031250 0.187500
vt 0.031250 0.625000
vt 0.031250 0.125000
vt 0.031250 0.562500
vt 0.000000 0.750000
vt 0.000000 0.687500
vt 0.000000 0.187500
vt 0.000000 0.625000
vt 0.000000 0.125000
vt 0.000000 0.562500
vt 0.000000 0.062500
vt 0.000000 0.500000
vt 0.015625 1.000000
vt 0.000000 0.937500
vt 0.015625 0.000000
vt 0.000000 0.437500
vt 0.000000 0.875000
vt 0.000000 0.375000
vt 0.000000 0.812500
vt 0.000000 0.312500
vt 0.000000 0.250000
vt 1.000000 0.437500
vt 0.968750 0.500000
vt 0.968750 0.437500
vt 1.000000 0.875000
vt 0.968750 0.937500
vt 0.968750 0.875000
vt 1.000000 0.375000
vt 0.968750 0.375000
vt 1.000000 0.812500
vt 0.968750 0.812500
vt 0.968750 0.312500
vt 1.000000 0.312500
vt 1.000000 0.750000
vt 0.968750 0.750000
vt 0.968750 0.250000
vt 1.000000 0.250000
vt 1.000000 0.687500
vt 0.968750 0.687500
vt 1.000000 0.187500
vt 0.968750 0.187500
vt 1.000000 0.625000
vt 0.968750 0.625000
vt 1.000000 0.125000
vt 0.968750 0.125000
vt 1.000000 0.562500
vt 0.968750 0.562500
vt 1.000000 0.062500
vt 0.968750 0.062500
vt 1.000000 0.500000
vt 1.000000 0.937500
vt 0.984375 1.000000
vt 0.984375 0.000000
vt 0.937500 0.250000
vt 0.937500 0.187500
vt 0.937500 0.687500
vt 0.937500 0.625000
vt 0.937500 0.125000
vt 0.937500 0.562500
vt 0.937500 0.062500
vt 0.937500 0.500000
vt 0.953125 1.000000
vt 0.937500 0.937500
vt 0.953125 0.000000
vt 0.937500 0.437500
vt 0.937500 0.875000
vt 0.937500 0.375000
vt 0.937500 0.812500
vt 0.937500 0.312500
vt 0.937500 0.750000
vt 0.906250 0.375000
vt 0.906250 0.812500
vt 0.906250 0.312500
vt 0.906250 0.750000
vt 0.906250 0.250000
vt 0.906250 0.687500
vt 0.906250 0.187500
vt 0.906250 0.625000
vt 0.906250 0.125000
vt 0.906250 0.562500
vt 0.906250 0.062500
vt 0.906250 0.500000
vt 0.921875 1.000000
vt 0.906250 0.937500
vt 0.921875 0.000000
vt 0.906250 0.437500
vt 0.906250 0.875000
vt 0.875000 0.125000
vt 0.875000 0.625000
vt 0.875000 0.562500
vt 0.875000 0.062500
vt 0.875000 0.500000
vt 0.890625 1.000000
vt 0.875000 0.937500
vt 0.890625 0.000000
vt 0.875000 0.437500
vt 0.875000 0.875000
vt 0.875000 0.375000
vt 0.875000 0.812500
vt 0.875000 0.312500
vt 0.875000 0.750000
vt 0.875000 0.250000
vt 0.875000 0.687500
vt 0.875000 0.187500
vt 0.843750 0.812500
vt 0.843750 0.375000
vt 0.843750 0.312500
vt 0.843750 0.750000
vt 0.843750 0.250000
vt 0.843750 0.687500
vt 0.843750 0.187500
vt 0.843750 0.625000
vt 0.843750 0.125000
vt 0.843750 0.562500
vt 0.843750 0.062500
vt 0.843750 0.500000
vt 0.859375 1.000000
vt 0.843750 0.937500
vt 0.859375 0.000000
vt 0.843750 0.437500
vt 0.843750 0.875000
vt 0.812500 0.625000
vt 0.812500 0.562500
vt 0.812500 0.062500
vt 0.812500 0.500000
vt 0.828125 1.000000
vt 0.812500 0.937500
vt 0.828125 0.000000
vt 0.812500 0.437500
vt 0.812500 0.875000
vt 0.812500 0.375000
vt 0.812500 0.812500
vt 0.812500 0.312500
vt 0.812500 0.750000
vt 0.812500 0.250000
vt 0.812500 0.687500
vt 0.812500 0.187500
vt 0.812500 0.125000
vt 0.781250 0.375000
vt 0.781250 0.312500
vt 0.781250 0.750000
vt 0.781250 0.250000
vt 0.781250 0.687500
vt 0.781250 0.187500
vt 0.781250 0.625000
vt 0.781250 0.125000
vt 0.781250 0.562500
vt 0.781250 0.062500
vt 0.781250 0.500000
vt 0.796875 1.000000
vt 0.781250 0.937500
vt 0.796875 0.000000
vt 0.781250 0.437500
vt 0.781250 0.875000
vt 0.781250 0.812500
vt 0.765625 1.000000
vt 0.765625 0.000000
s 0
f 477/1/1 13/2/1 3/3/1
f 482/4/2 20/5/2 21/6/2
f 4/7/3 13/2/3 14/8/3
f 474/9/4 82/10/4 7/11/4
f 308/12/5 482/4/5 21/6/5
f 4/7/6 15/13/6 5/14/6
f 475/15/7 7/11/7 8/16/7
f 5/14/8 16/17/8 478/18/8
f 1/19/9 8/16/9 9/20/9
f 478/18/10 17/21/10 6/22/10
f 476/23/11 9/20/11 10/24/11
f 6/22/12 18/25/12 479/26/12
f 2/27/13 10/24/13 11/28/13
f 480/29/14 18/25/14 19/30/14
f 477/1/15 11/28/15 12/31/15
f 481/32/16 19/30/16 20/5/16
f 11/28/17 27/33/17 12/31/17
f 20/5/18 34/34/18 35/35/18
f 12/31/19 28/36/19 13/2/19
f 21/6/20 35/35/20 36/37/20
f 13/2/21 29/38/21 14/8/21
f 7/11/22 82/39/22 22/40/22
f 308/41/23 21/6/23 36/37/23
f 14/8/24 30/42/24 15/13/24
f 8/16/25 22/40/25 23/43/25
f 15/13/26 31/44/26 16/17/26
f 9/20/27 23/43/27 24/45/27
f 16/17/28 32/46/28 17/21/28
f 10/24/29 24/45/29 25/47/29
f 17/21/30 33/48/30 18/25/30
f 11/28/31 25/47/31 26/49/31
f 19/30/32 33/48/32 34/34/32
f 30/42/33 46/50/33 31/44/33
f 24/45/34 38/51/34 39/52/34
f 31/44/35 47/53/35 32/46/35
f 25/47/36 39/52/36 40/54/36
f 32/46/37 48/55/37 33/48/37
f 26/49/38 40/54/38 41/56/38
f 34/34/39 48/55/39 49/57/39
f 27/33/40 41/56/40 42/58/40
f 35/35/41 49/57/41 50/59/41
f 27/33/42 43/60/42 28/36/42
f 36/37/43 50/59/43 51/61/43
f 28/36/44 44/62/44 29/38/44
f 22/40/45 82/63/45 37/64/45
f 308/65/46 36/37/46 51/61/46
f 29/38/47 45/66/47 30/42/47
f 23/43/48 37/64/48 38/51/48
f 50/59/49 64/67/49 65/68/49
f 42/58/50 58/69/50 43/60/50
f 51/61/51 65/68/51 66/70/51
f 44/62/52 58/69/52 59/71/52
f 37/64/53 82/72/53 52/73/53
f 308/74/54 51/61/54 66/70/54
f 45/66/55 59/71/55 60/75/55
f 38/51/56 52/73/56 53/76/56
f 45/66/57 61/77/57 46/50/57
f 39/52/58 53/76/58 54/78/58
f 46/50/59 62/79/59 47/53/59
f 40/54/60 54/78/60 55/80/60
f 47/53/61 63/81/61 48/55/61
f 41/56/62 55/80/62 56/82/62
f 48/55/63 64/67/63 49/57/63
f 42/58/64 56/82/64 57/83/64
f 54/78/65 68/84/65 69/85/65
f 61/77/66 77/86/66 62/79/66
f 55/80/67 69/85/67 70/87/67
f 62/79/68 78/88/68 63/81/68
f 56/82/69 70/87/69 71/89/69
f 63/81/70 79/90/70 64/67/70
f 56/82/71 72/91/71 57/83/71
f 65/68/72 79/90/72 80/92/72
f 57/83/73 73/93/73 58/69/73
f 66/70/74 80/92/74 81/94/74
f 59/71/75 73/93/75 74/95/75
f 52/73/76 82/96/76 67/97/76
f 308/98/77 66/70/77 81/94/77
f 60/75/78 74/95/78 75/99/78
f 53/76/79 67/97/79 68/84/79
f 60/75/80 76/100/80 61/77/80
f 72/91/81 89/101/81 73/93/81
f 81/94/82 96/102/82 97/103/82
f 74/95/83 89/101/83 90/104/83
f 67/97/84 82/105/84 83/106/84
f 308/107/85 81/94/85 97/103/85
f 75/99/86 90/104/86 91/108/86
f 68/84/87 83/106/87 84/109/87
f 76/100/88 91/108/88 92/110/88
f 69/85/89 84/109/89 85/111/89
f 77/86/90 92/110/90 93/112/90
f 69/85/91 86/113/91 70/87/91
f 77/86/92 94/114/92 78/88/92
f 70/87/93 87/115/93 71/89/93
f 78/88/94 95/116/94 79/90/94
f 71/89/95 88/117/95 72/91/95
f 79/90/96 96/102/96 80/92/96
f 93/112/97 107/118/97 108/119/97
f 85/111/98 101/120/98 86/113/98
f 94/114/99 108/119/99 109/121/99
f 86/113/100 102/122/100 87/115/100
f 94/114/101 110/123/101 95/116/101
f 87/115/102 103/124/102 88/117/102
f 95/116/103 111/125/103 96/102/103
f 88/117/104 104/126/104 89/101/104
f 96/102/105 112/127/105 97/103/105
f 89/101/106 105/128/106 90/104/106
f 83/106/107 82/129/107 98/130/107
f 308/131/108 97/103/108 112/127/108
f 91/108/109 105/128/109 106/132/109
f 84/109/110 98/130/110 99/133/110
f 92/110/111 106/132/111 107/118/111
f 84/109/112 100/134/112 85/111/112
f 111/125/113 127/135/113 112/127/113
f 104/126/114 120/136/114 105/128/114
f 98/130/115 82/137/115 113/138/115
f 308/139/116 112/127/116 127/135/116
f 105/128/117 121/140/117 106/132/117
f 98/130/118 114/141/118 99/133/118
f 106/132/119 122/142/119 107/118/119
f 99/133/120 115/143/120 100/134/120
f 107/118/121 123/144/121 108/119/121
f 100/134/122 116/145/122 101/120/122
f 109/121/123 123/144/123 124/146/123
f 101/120/124 117/147/124 102/122/124
f 109/121/125 125/148/125 110/123/125
f 102/122/126 118/149/126 103/124/126
f 110/123/127 126/150/127 111/125/127
f 103/124/128 119/151/128 104/126/128
f 123/144/129 139/152/129 124/146/129
f 116/145/130 132/153/130 117/147/130
f 125/148/131 139/152/131 140/154/131
f 117/147/132 133/155/132 118/149/132
f 125/148/133 141/156/133 126/150/133
f 118/149/134 134/157/134 119/151/134
f 126/150/135 142/158/135 127/135/135
f 119/151/136 135/159/136 120/136/136
f 113/138/137 82/160/137 128/161/137
f 308/162/138 127/135/138 142/158/138
f 120/136/139 136/163/139 121/140/139
f 113/138/140 129/164/140 114/141/140
f 121/140/141 137/165/141 122/142/141
f 114/141/142 130/166/142 115/143/142
f 122/142/143 138/167/143 123/144/143
f 115/143/144 131/168/144 116/145/144
f 128/161/145 82/169/145 143/170/145
f 308/171/146 142/158/146 157/172/146
f 135/159/147 151/173/147 136/163/147
f 128/161/148 144/174/148 129/164/148
f 136/163/149 152/175/149 137/165/149
f 129/164/150 145/176/150 130/166/150
f 137/165/151 153/177/151 138/167/151
f 130/166/152 146/178/152 131/168/152
f 138/167/153 154/179/153 139/152/153
f 131/168/154 147/180/154 132/153/154
f 140/154/155 154/179/155 155/181/155
f 132/153/156 148/182/156 133/155/156
f 140/154/157 156/183/157 141/156/157
f 133/155/158 149/184/158 134/157/158
f 141/156/159 157/172/159 142/158/159
f 134/157/160 150/185/160 135/159/160
f 146/178/161 162/186/161 147/180/161
f 154/179/162 170/187/162 155/181/162
f 147/180/163 163/188/163 148/182/163
f 155/181/164 171/189/164 156/183/164
f 148/182/165 164/190/165 149/184/165
f 156/183/166 172/191/166 157/172/166
f 149/184/167 165/192/167 150/185/167
f 143/170/168 82/193/168 158/194/168
f 308/195/169 157/172/169 172/191/169
f 150/185/170 166/196/170 151/173/170
f 143/170/171 159/197/171 144/174/171
f 151/173/172 167/198/172 152/175/172
f 144/174/173 160/199/173 145/176/173
f 152/175/174 168/200/174 153/177/174
f 145/176/175 161/201/175 146/178/175
f 153/177/176 169/202/176 154/179/176
f 165/192/177 181/203/177 166/196/177
f 158/194/178 174/204/178 159/197/178
f 166/196/179 182/205/179 167/198/179
f 159/197/180 175/206/180 160/199/180
f 167/198/181 183/207/181 168/200/181
f 160/199/182 176/208/182 161/201/182
f 168/200/183 184/209/183 169/202/183
f 161/201/184 177/210/184 162/186/184
f 169/202/185 185/211/185 170/187/185
f 162/186/186 178/212/186 163/188/186
f 170/187/187 186/213/187 171/189/187
f 163/188/188 179/214/188 164/190/188
f 171/189/189 187/215/189 172/191/189
f 164/190/190 180/216/190 165/192/190
f 158/194/191 82/217/191 173/218/191
f 308/219/192 172/191/192 187/215/192
f 184/209/193 200/220/193 185/211/193
f 177/210/194 193/221/194 178/212/194
f 185/211/195 201/222/195 186/213/195
f 178/212/196 194/223/196 179/214/196
f 186/213/197 202/224/197 187/215/197
f 179/214/198 195/225/198 180/216/198
f 173/218/199 82/226/199 188/227/199
f 308/228/200 187/215/200 202/224/200
f 180/216/201 196/229/201 181/203/201
f 173/218/202 189/230/202 174/204/202
f 181/203/203 197/231/203 182/205/203
f 174/204/204 190/232/204 175/206/204
f 182/205/205 198/233/205 183/207/205
f 175/206/206 191/234/206 176/208/206
f 183/207/207 199/235/207 184/209/207
f 176/208/208 192/236/208 177/210/208
f 188/227/209 204/237/209 189/230/209
f 196/229/210 212/238/210 197/231/210
f 189/230/211 205/239/211 190/232/211
f 198/233/212 212/238/212 213/240/212
f 190/232/213 206/241/213 191/234/213
f 198/233/214 214/242/214 199/235/214
f 191/234/215 207/243/215 192/236/215
f 199/235/216 215/244/216 200/220/216
f 192/236/217 208/245/217 193/221/217
f 200/220/218 216/246/218 201/222/218
f 193/221/219 209/247/219 194/223/219
f 201/222/220 217/248/220 202/224/220
f 194/223/221 210/249/221 195/225/221
f 188/227/222 82/250/222 203/251/222
f 308/252/223 202/224/223 217/248/223
f 195/225/224 211/253/224 196/229/224
f 207/243/225 223/254/225 208/245/225
f 215/244/226 231/255/226 216/246/226
f 208/245/227 224/256/227 209/247/227
f 216/246/228 232/257/228 217/248/228
f 209/247/229 225/258/229 210/249/229
f 203/251/230 82/259/230 218/260/230
f 308/261/231 217/248/231 232/257/231
f 210/249/232 226/262/232 211/253/232
f 203/251/233 219/263/233 204/237/233
f 211/253/234 227/264/234 212/238/234
f 204/237/235 220/265/235 205/239/235
f 212/238/236 228/266/236 213/240/236
f 205/239/237 221/267/237 206/241/237
f 213/240/238 229/268/238 214/242/238
f 206/241/239 222/269/239 207/243/239
f 214/242/240 230/270/240 215/244/240
f 226/262/241 242/271/241 227/264/241
f 219/263/242 235/272/242 220/265/242
f 227/264/243 243/273/243 228/266/243
f 220/265/244 236/274/244 221/267/244
f 228/266/245 244/275/245 229/268/245
f 221/267/246 237/276/246 222/269/246
f 229/268/247 245/277/247 230/270/247
f 222/269/248 238/278/248 223/254/248
f 230/270/249 246/279/249 231/255/249
f 223/254/250 239/280/250 224/256/250
f 231/255/251 247/281/251 232/257/251
f 224/256/252 240/282/252 225/258/252
f 218/260/253 82/283/253 233/284/253
f 308/285/254 232/257/254 247/281/254
f 225/258/255 241/286/255 226/262/255
f 218/260/256 234/287/256 219/263/256
f 245/277/257 261/288/257 246/279/257
f 239/280/258 253/289/258 254/290/258
f 247/281/259 261/288/259 262/291/259
f 240/282/260 254/290/260 255/292/260
f 233/284/261 82/293/261 248/294/261
f 308/295/262 247/281/262 262/291/262
f 241/286/263 255/292/263 256/296/263
f 234/287/264 248/294/264 249/297/264
f 242/271/265 256/296/265 257/298/265
f 235/272/266 249/297/266 250/299/266
f 242/271/267 258/300/267 243/273/267
f 236/274/268 250/299/268 251/301/268
f 244/275/269 258/300/269 259/302/269
f 237/276/270 251/301/270 252/303/270
f 245/277/271 259/302/271 260/304/271
f 238/278/272 252/303/272 253/289/272
f 258/300/273 272/305/273 273/306/273
f 251/301/274 265/307/274 266/308/274
f 259/302/275 273/306/275 274/309/275
f 252/303/276 266/308/276 267/310/276
f 260/304/277 274/309/277 275/311/277
f 253/289/278 267/310/278 268/312/278
f 261/288/279 275/311/279 276/313/279
f 254/290/280 268/312/280 269/314/280
f 262/291/281 276/313/281 277/315/281
f 255/292/282 269/314/282 270/316/282
f 248/294/283 82/317/283 263/318/283
f 308/319/284 262/291/284 277/315/284
f 256/296/285 270/316/285 271/320/285
f 249/297/286 263/318/286 264/321/286
f 257/298/287 271/320/287 272/305/287
f 250/299/288 264/321/288 265/307/288
f 277/315/289 291/322/289 292/323/289
f 270/316/290 284/324/290 285/325/290
f 263/318/291 82/326/291 278/327/291
f 308/328/292 277/315/292 292/323/292
f 271/320/293 285/325/293 286/329/293
f 264/321/294 278/327/294 279/330/294
f 272/305/295 286/329/295 287/331/295
f 265/307/296 279/330/296 280/332/296
f 273/306/297 287/331/297 288/333/297
f 266/308/298 280/332/298 281/334/298
f 274/309/299 288/333/299 289/335/299
f 267/310/300 281/334/300 282/336/300
f 275/311/301 289/335/301 290/337/301
f 268/312/302 282/336/302 283/338/302
f 276/313/303 290/337/303 291/322/303
f 269/314/304 283/338/304 284/324/304
f 281/334/305 295/339/305 296/340/305
f 289/335/306 303/341/306 304/342/306
f 282/336/307 296/340/307 297/343/307
f 290/337/308 304/342/308 305/344/308
f 283/338/309 297/343/309 298/345/309
f 291/322/310 305/344/310 306/346/310
f 284/324/311 298/345/311 299/347/311
f 292/323/312 306/346/312 307/348/312
f 285/325/313 299/347/313 300/349/313
f 278/327/314 82/350/314 293/351/314
f 308/352/315 292/323/315 307/348/315
f 286/329/316 300/349/316 301/353/316
f 279/330/317 293/351/317 294/354/317
f 287/331/318 301/353/318 302/355/318
f 280/332/319 294/354/319 295/339/319
f 288/333/320 302/355/320 303/341/320
f 300/349/321 315/356/321 316/357/321
f 293/351/322 82/358/322 309/359/322
f 308/360/323 307/348/323 323/361/323
f 301/353/324 316/357/324 317/362/324
f 294/354/325 309/359/325 310/363/325
f 302/355/326 317/362/326 318/364/326
f 295/339/327 310/363/327 311/365/327
f 303/341/328 318/364/328 319/366/328
f 296/340/329 311/365/329 312/367/329
f 304/342/330 319/366/330 320/368/330
f 297/343/331 312/367/331 313/369/331
f 305/344/332 320/368/332 321/370/332
f 298/345/333 313/369/333 314/371/333
f 306/346/334 321/370/334 322/372/334
f 299/347/335 314/371/335 315/356/335
f 307/348/336 322/372/336 323/361/336
f 320/368/337 334/373/337 335/374/337
f 313/369/338 327/375/338 328/376/338
f 321/370/339 335/374/339 336/377/339
f 314/371/340 328/376/340 329/378/340
f 322/372/341 336/377/341 337/379/341
f 315/356/342 329/378/342 330/380/342
f 323/361/343 337/379/343 338/381/343
f 316/357/344 330/380/344 331/382/344
f 309/359/345 82/383/345 324/384/345
f 308/385/346 323/361/346 338/381/346
f 317/362/347 331/382/347 332/386/347
f 310/363/348 324/384/348 325/387/348
f 318/364/349 332/386/349 333/388/349
f 311/365/350 325/387/350 326/389/350
f 319/366/351 333/388/351 334/373/351
f 312/367/352 326/389/352 327/375/352
f 324/384/353 82/390/353 339/391/353
f 308/392/354 338/381/354 353/393/354
f 332/386/355 346/394/355 347/395/355
f 325/387/356 339/391/356 340/396/356
f 333/388/357 347/395/357 348/397/357
f 326/389/358 340/396/358 341/398/358
f 334/373/359 348/397/359 349/399/359
f 327/375/360 341/398/360 342/400/360
f 335/374/361 349/399/361 350/401/361
f 328/376/362 342/400/362 343/402/362
f 335/374/363 351/403/363 336/377/363
f 329/378/364 343/402/364 344/404/364
f 337/379/365 351/403/365 352/405/365
f 330/380/366 344/404/366 345/406/366
f 338/381/367 352/405/367 353/393/367
f 331/382/368 345/406/368 346/394/368
f 343/402/369 357/407/369 358/408/369
f 350/401/370 366/409/370 351/403/370
f 344/404/371 358/408/371 359/410/371
f 352/405/372 366/409/372 367/411/372
f 345/406/373 359/410/373 360/412/373
f 353/393/374 367/411/374 368/413/374
f 346/394/375 360/412/375 361/414/375
f 339/391/376 82/415/376 354/416/376
f 308/417/377 353/393/377 368/413/377
f 347/395/378 361/414/378 362/418/378
f 340/396/379 354/416/379 355/419/379
f 348/397/380 362/418/380 363/420/380
f 341/398/381 355/419/381 356/421/381
f 349/399/382 363/420/382 364/422/382
f 342/400/383 356/421/383 357/407/383
f 350/401/384 364/422/384 365/423/384
f 362/424/385 376/425/385 377/426/385
f 355/427/386 369/428/386 370/429/386
f 363/430/387 377/426/387 378/431/387
f 356/432/388 370/429/388 371/433/388
f 363/430/389 379/434/389 364/435/389
f 357/436/390 371/433/390 372/437/390
f 364/435/391 380/438/391 365/439/391
f 358/440/392 372/437/392 373/441/392
f 366/442/393 380/438/393 381/443/393
f 359/444/394 373/441/394 374/445/394
f 367/446/395 381/443/395 382/447/395
f 360/448/396 374/445/396 375/449/396
f 368/450/397 382/447/397 383/451/397
f 361/452/398 375/449/398 376/425/398
f 354/453/399 82/454/399 369/428/399
f 308/455/400 368/450/400 383/451/400
f 381/443/401 395/456/401 396/457/401
f 374/445/402 388/458/402 389/459/402
f 382/447/403 396/457/403 397/460/403
f 375/449/404 389/459/404 390/461/404
f 383/451/405 397/460/405 398/462/405
f 376/425/406 390/461/406 391/463/406
f 369/428/407 82/464/407 384/465/407
f 308/466/408 383/451/408 398/462/408
f 376/425/409 392/467/409 377/426/409
f 369/428/410 385/468/410 370/429/410
f 377/426/411 393/469/411 378/431/411
f 371/433/412 385/468/412 386/470/412
f 378/431/413 394/471/413 379/434/413
f 372/437/414 386/470/414 387/472/414
f 379/434/415 395/456/415 380/438/415
f 373/441/416 387/472/416 388/458/416
f 392/467/417 408/473/417 393/469/417
f 385/468/418 401/474/418 386/470/418
f 393/469/419 409/475/419 394/471/419
f 387/472/420 401/474/420 402/476/420
f 395/456/421 409/475/421 410/477/421
f 388/458/422 402/476/422 403/478/422
f 396/457/423 410/477/423 411/479/423
f 389/459/424 403/478/424 404/480/424
f 396/457/425 412/481/425 397/460/425
f 390/461/426 404/480/426 405/482/426
f 397/460/427 413/483/427 398/462/427
f 391/463/428 405/482/428 406/484/428
f 384/465/429 82/485/429 399/486/429
f 308/487/430 398/462/430 413/483/430
f 391/463/431 407/488/431 392/467/431
f 384/465/432 400/489/432 385/468/432
f 411/479/433 427/490/433 412/481/433
f 405/482/434 419/491/434 420/492/434
f 412/481/435 428/493/435 413/483/435
f 406/484/436 420/492/436 421/494/436
f 399/486/437 82/495/437 414/496/437
f 308/497/438 413/483/438 428/493/438
f 406/484/439 422/498/439 407/488/439
f 399/486/440 415/499/440 400/489/440
f 408/473/441 422/498/441 423/500/441
f 400/489/442 416/501/442 401/474/442
f 409/475/443 423/500/443 424/502/443
f 401/474/444 417/503/444 402/476/444
f 410/477/445 424/502/445 425/504/445
f 402/476/446 418/505/446 403/478/446
f 411/479/447 425/504/447 426/506/447
f 404/480/448 418/505/448 419/491/448
f 415/499/449 431/507/449 416/501/449
f 424/502/450 438/508/450 439/509/450
f 416/501/451 432/510/451 417/503/451
f 425/504/452 439/509/452 440/511/452
f 417/503/453 433/512/453 418/505/453
f 425/504/454 441/513/454 426/506/454
f 419/491/455 433/512/455 434/514/455
f 426/506/456 442/515/456 427/490/456
f 420/492/457 434/514/457 435/516/457
f 427/490/458 443/517/458 428/493/458
f 421/494/459 435/516/459 436/518/459
f 414/496/460 82/519/460 429/520/460
f 308/521/461 428/493/461 443/517/461
f 421/494/462 437/522/462 422/498/462
f 414/496/463 430/523/463 415/499/463
f 423/500/464 437/522/464 438/508/464
f 435/516/465 449/524/465 450/525/465
f 442/515/466 458/526/466 443/517/466
f 436/518/467 450/525/467 451/527/467
f 429/520/468 82/528/468 444/529/468
f 308/530/469 443/517/469 458/526/469
f 437/522/470 451/527/470 452/531/470
f 429/520/471 445/532/471 430/523/471
f 438/508/472 452/531/472 453/533/472
f 430/523/473 446/534/473 431/507/473
f 439/509/474 453/533/474 454/535/474
f 431/507/475 447/536/475 432/510/475
f 440/511/476 454/535/476 455/537/476
f 432/510/477 448/538/477 433/512/477
f 440/511/478 456/539/478 441/513/478
f 434/514/479 448/538/479 449/524/479
f 441/513/480 457/540/480 442/515/480
f 454/535/481 468/541/481 469/542/481
f 446/534/482 462/543/482 447/536/482
f 455/537/483 469/542/483 470/544/483
f 447/536/484 463/545/484 448/538/484
f 455/537/485 471/546/485 456/539/485
f 449/524/486 463/545/486 464/547/486
f 456/539/487 472/548/487 457/540/487
f 450/525/488 464/547/488 465/549/488
f 457/540/489 473/550/489 458/526/489
f 451/527/490 465/549/490 466/551/490
f 444/529/491 82/552/491 459/553/491
f 308/554/492 458/526/492 473/550/492
f 452/531/493 466/551/493 467/555/493
f 444/529/494 460/556/494 445/532/494
f 453/533/495 467/555/495 468/541/495
f 445/532/496 461/557/496 446/534/496
f 472/548/497 482/4/497 473/550/497
f 466/551/498 3/3/498 4/7/498
f 459/553/499 82/558/499 474/9/499
f 308/559/500 473/550/500 482/4/500
f 467/555/501 4/7/501 5/14/501
f 459/553/502 475/15/502 460/556/502
f 468/541/503 5/14/503 478/18/503
f 460/556/504 1/19/504 461/557/504
f 469/542/505 478/18/505 6/22/505
f 461/557/506 476/23/506 462/543/506
f 470/544/507 6/22/507 479/26/507
f 462/543/508 2/27/508 463/545/508
f 470/544/509 480/29/509 471/546/509
f 464/547/510 2/27/510 477/1/510
f 471/546/511 481/32/511 472/548/511
f 465/549/512 477/1/512 3/3/512
f 477/1/513 12/31/513 13/2/513
f 482/4/514 481/32/514 20/5/514
f 4/7/515 3/3/515 13/2/515
f 4/7/516 14/8/516 15/13/516
f 475/15/517 474/9/517 7/11/517
f 5/14/518 15/13/518 16/17/518
f 1/19/519 475/15/519 8/16/519
f 478/18/520 16/17/520 17/21/520
f 476/23/521 1/19/521 9/20/521
f 6/22/522 17/21/522 18/25/522
f 2/27/523 476/23/523 10/24/523
f 480/29/524 479/26/524 18/25/524
f 477/1/525 2/27/525 11/28/525
f 481/32/526 480/29/526 19/30/526
f 11/28/527 26/49/527 27/33/527
f 20/5/528 19/30/528 34/34/528
f 12/31/529 27/33/529 28/36/529
f 21/6/530 20/5/530 35/35/530
f 13/2/531 28/36/531 29/38/531
f 14/8/532 29/38/532 30/42/532
f 8/16/533 7/11/533 22/40/533
f 15/13/534 30/42/534 31/44/534
f 9/20/535 8/16/535 23/43/535
f 16/17/536 31/44/536 32/46/536
f 10/24/537 9/20/537 24/45/537
f 17/21/538 32/46/538 33/48/538
f 11/28/539 10/24/539 25/47/539
f 19/30/540 18/25/540 33/48/540
f 30/42/541 45/66/541 46/50/541
f 24/45/542 23/43/542 38/51/542
f 31/44/543 46/50/543 47/53/543
f 25/47/544 24/45/544 39/52/544
f 32/46/545 47/53/545 48/55/545
f 26/49/546 25/47/546 40/54/546
f 34/34/547 33/48/547 48/55/547
f 27/33/548 26/49/548 41/56/548
f 35/35/549 34/34/549 49/57/549
f 27/33/550 42/58/550 43/60/550
f 36/37/551 35/35/551 50/59/551
f 28/36/552 43/60/552 44/62/552
f 29/38/553 44/62/553 45/66/553
f 23/43/554 22/40/554 37/64/554
f 50/59/555 49/57/555 64/67/555
f 42/58/556 57/83/556 58/69/556
f 51/61/557 50/59/557 65/68/557
f 44/62/558 43/60/558 58/69/558
f 45/66/559 44/62/559 59/71/559
f 38/51/560 37/64/560 52/73/560
f 45/66/561 60/75/561 61/77/561
f 39/52/562 38/51/562 53/76/562
f 46/50/563 61/77/563 62/79/563
f 40/54/564 39/52/564 54/78/564
f 47/53/565 62/79/565 63/81/565
f 41/56/566 40/54/566 55/80/566
f 48/55/567 63/81/567 64/67/567
f 42/58/568 41/56/568 56/82/568
f 54/78/569 53/76/569 68/84/569
f 61/77/570 76/100/570 77/86/570
f 55/80/571 54/78/571 69/85/571
f 62/79/572 77/86/572 78/88/572
f 56/82/573 55/80/573 70/87/573
f 63/81/574 78/88/574 79/90/574
f 56/82/575 71/89/575 72/91/575
f 65/68/576 64/67/576 79/90/576
f 57/83/577 72/91/577 73/93/577
f 66/70/578 65/68/578 80/92/578
f 59/71/579 58/69/579 73/93/579
f 60/75/580 59/71/580 74/95/580
f 53/76/581 52/73/581 67/97/581
f 60/75/582 75/99/582 76/100/582
f 72/91/583 88/117/583 89/101/583
f 81/94/584 80/92/584 96/102/584
f 74/95/585 73/93/585 89/101/585
f 75/99/586 74/95/586 90/104/586
f 68/84/587 67/97/587 83/106/587
f 76/100/588 75/99/588 91/108/588
f 69/85/589 68/84/589 84/109/589
f 77/86/590 76/100/590 92/110/590
f 69/85/591 85/111/591 86/113/591
f 77/86/592 93/112/592 94/114/592
f 70/87/593 86/113/593 87/115/593
f 78/88/594 94/114/594 95/116/594
f 71/89/595 87/115/595 88/117/595
f 79/90/596 95/116/596 96/102/596
f 93/112/597 92/110/597 107/118/597
f 85/111/598 100/134/598 101/120/598
f 94/114/599 93/112/599 108/119/599
f 86/113/600 101/120/600 102/122/600
f 94/114/601 109/121/601 110/123/601
f 87/115/602 102/122/602 103/124/602
f 95/116/603 110/123/603 111/125/603
f 88/117/604 103/124/604 104/126/604
f 96/102/605 111/125/605 112/127/605
f 89/101/606 104/126/606 105/128/606
f 91/108/607 90/104/607 105/128/607
f 84/109/608 83/106/608 98/130/608
f 92/110/609 91/108/609 106/132/609
f 84/109/610 99/133/610 100/134/610
f 111/125/611 126/150/611 127/135/611
f 104/126/612 119/151/612 120/136/612
f 105/128/613 120/136/613 121/140/613
f 98/130/614 113/138/614 114/141/614
f 106/132/615 121/140/615 122/142/615
f 99/133/616 114/141/616 115/143/616
f 107/118/617 122/142/617 123/144/617
f 100/134/618 115/143/618 116/145/618
f 109/121/619 108/119/619 123/144/619
f 101/120/620 116/145/620 117/147/620
f 109/121/621 124/146/621 125/148/621
f 102/122/622 117/147/622 118/149/622
f 110/123/623 125/148/623 126/150/623
f 103/124/624 118/149/624 119/151/624
f 123/144/625 138/167/625 139/152/625
f 116/145/626 131/168/626 132/153/626
f 125/148/627 124/146/627 139/152/627
f 117/147/628 132/153/628 133/155/628
f 125/148/629 140/154/629 141/156/629
f 118/149/630 133/155/630 134/157/630
f 126/150/631 141/156/631 142/158/631
f 119/151/632 134/157/632 135/159/632
f 120/136/633 135/159/633 136/163/633
f 113/138/634 128/161/634 129/164/634
f 121/140/635 136/163/635 137/165/635
f 114/141/636 129/164/636 130/166/636
f 122/142/637 137/165/637 138/167/637
f 115/143/638 130/166/638 131/168/638
f 135/159/639 150/185/639 151/173/639
f 128/161/640 143/170/640 144/174/640
f 136/163/641 151/173/641 152/175/641
f 129/164/642 144/174/642 145/176/642
f 137/165/643 152/175/643 153/177/643
f 130/166/644 145/176/644 146/178/644
f 138/167/645 153/177/645 154/179/645
f 131/168/154 146/178/154 147/180/154
f 140/154/646 139/152/646 154/179/646
f 132/153/647 147/180/647 148/182/647
f 140/154/648 155/181/648 156/183/648
f 133/155/649 148/182/649 149/184/649
f 141/156/650 156/183/650 157/172/650
f 134/157/651 149/184/651 150/185/651
f 146/178/652 161/201/652 162/186/652
f 154/179/653 169/202/653 170/187/653
f 147/180/654 162/186/654 163/188/654
f 155/181/655 170/187/655 171/189/655
f 148/182/656 163/188/656 164/190/656
f 156/183/657 171/189/657 172/191/657
f 149/184/658 164/190/658 165/192/658
f 150/185/659 165/192/659 166/196/659
f 143/170/660 158/194/660 159/197/660
f 151/173/661 166/196/661 167/198/661
f 144/174/662 159/197/662 160/199/662
f 152/175/663 167/198/663 168/200/663
f 145/176/664 160/199/664 161/201/664
f 153/177/665 168/200/665 169/202/665
f 165/192/666 180/216/666 181/203/666
f 158/194/667 173/218/667 174/204/667
f 166/196/668 181/203/668 182/205/668
f 159/197/180 174/204/180 175/206/180
f 167/198/669 182/205/669 183/207/669
f 160/199/670 175/206/670 176/208/670
f 168/200/671 183/207/671 184/209/671
f 161/201/672 176/208/672 177/210/672
f 169/202/673 184/209/673 185/211/673
f 162/186/674 177/210/674 178/212/674
f 170/187/675 185/211/675 186/213/675
f 163/188/676 178/212/676 179/214/676
f 171/189/677 186/213/677 187/215/677
f 164/190/678 179/214/678 180/216/678
f 184/209/679 199/235/679 200/220/679
f 177/210/680 192/236/680 193/221/680
f 185/211/681 200/220/681 201/222/681
f 178/212/682 193/221/682 194/223/682
f 186/213/683 201/222/683 202/224/683
f 179/214/684 194/223/684 195/225/684
f 180/216/685 195/225/685 196/229/685
f 173/218/686 188/227/686 189/230/686
f 181/203/687 196/229/687 197/231/687
f 174/204/204 189/230/204 190/232/204
f 182/205/688 197/231/688 198/233/688
f 175/206/206 190/232/206 191/234/206
f 183/207/689 198/233/689 199/235/689
f 176/208/690 191/234/690 192/236/690
f 188/227/691 203/251/691 204/237/691
f 196/229/692 211/253/692 212/238/692
f 189/230/211 204/237/211 205/239/211
f 198/233/693 197/231/693 212/238/693
f 190/232/694 205/239/694 206/241/694
f 198/233/695 213/240/695 214/242/695
f 191/234/215 206/241/215 207/243/215
f 199/235/696 214/242/696 215/244/696
f 192/236/697 207/243/697 208/245/697
f 200/220/698 215/244/698 216/246/698
f 193/221/699 208/245/699 209/247/699
f 201/222/700 216/246/700 217/248/700
f 194/223/701 209/247/701 210/249/701
f 195/225/702 210/249/702 211/253/702
f 207/243/225 222/269/225 223/254/225
f 215/244/703 230/270/703 231/255/703
f 208/245/704 223/254/704 224/256/704
f 216/246/705 231/255/705 232/257/705
f 209/247/706 224/256/706 225/258/706
f 210/249/707 225/258/707 226/262/707
f 203/251/233 218/260/233 219/263/233
f 211/253/708 226/262/708 227/264/708
f 204/237/235 219/263/235 220/265/235
f 212/238/709 227/264/709 228/266/709
f 205/239/710 220/265/710 221/267/710
f 213/240/711 228/266/711 229/268/711
f 206/241/239 221/267/239 222/269/239
f 214/242/712 229/268/712 230/270/712
f 226/262/713 241/286/713 242/271/713
f 219/263/242 234/287/242 235/272/242
f 227/264/714 242/271/714 243/273/714
f 220/265/244 235/272/244 236/274/244
f 228/266/715 243/273/715 244/275/715
f 221/267/246 236/274/246 237/276/246
f 229/268/716 244/275/716 245/277/716
f 222/269/248 237/276/248 238/278/248
f 230/270/717 245/277/717 246/279/717
f 223/254/718 238/278/718 239/280/718
f 231/255/719 246/279/719 247/281/719
f 224/256/720 239/280/720 240/282/720
f 225/258/721 240/282/721 241/286/721
f 218/260/256 233/284/256 234/287/256
f 245/277/722 260/304/722 261/288/722
f 239/280/258 238/278/258 253/289/258
f 247/281/723 246/279/723 261/288/723
f 240/282/260 239/280/260 254/290/260
f 241/286/724 240/282/724 255/292/724
f 234/287/264 233/284/264 248/294/264
f 242/271/725 241/286/725 256/296/725
f 235/272/266 234/287/266 249/297/266
f 242/271/726 257/298/726 258/300/726
f 236/274/727 235/272/727 250/299/727
f 244/275/728 243/273/728 258/300/728
f 237/276/729 236/274/729 251/301/729
f 245/277/730 244/275/730 259/302/730
f 238/278/272 237/276/272 252/303/272
f 258/300/731 257/298/731 272/305/731
f 251/301/732 250/299/732 265/307/732
f 259/302/733 258/300/733 273/306/733
f 252/303/734 251/301/734 266/308/734
f 260/304/735 259/302/735 274/309/735
f 253/289/278 252/303/278 267/310/278
f 261/288/736 260/304/736 275/311/736
f 254/290/737 253/289/737 268/312/737
f 262/291/738 261/288/738 276/313/738
f 255/292/739 254/290/739 269/314/739
f 256/296/740 255/292/740 270/316/740
f 249/297/286 248/294/286 263/318/286
f 257/298/741 256/296/741 271/320/741
f 250/299/288 249/297/288 264/321/288
f 277/315/742 276/313/742 291/322/742
f 270/316/743 269/314/743 284/324/743
f 271/320/744 270/316/744 285/325/744
f 264/321/294 263/318/294 278/327/294
f 272/305/745 271/320/745 286/329/745
f 265/307/746 264/321/746 279/330/746
f 273/306/747 272/305/747 287/331/747
f 266/308/748 265/307/748 280/332/748
f 274/309/749 273/306/749 288/333/749
f 267/310/300 266/308/300 281/334/300
f 275/311/750 274/309/750 289/335/750
f 268/312/751 267/310/751 282/336/751
f 276/313/752 275/311/752 290/337/752
f 269/314/753 268/312/753 283/338/753
f 281/334/754 280/332/754 295/339/754
f 289/335/755 288/333/755 303/341/755
f 282/336/756 281/334/756 296/340/756
f 290/337/757 289/335/757 304/342/757
f 283/338/758 282/336/758 297/343/758
f 291/322/759 290/337/759 305/344/759
f 284/324/760 283/338/760 298/345/760
f 292/323/761 291/322/761 306/346/761
f 285/325/762 284/324/762 299/347/762
f 286/329/763 285/325/763 300/349/763
f 279/330/764 278/327/764 293/351/764
f 287/331/765 286/329/765 301/353/765
f 280/332/766 279/330/766 294/354/766
f 288/333/767 287/331/767 302/355/767
f 300/349/768 299/347/768 315/356/768
f 301/353/769 300/349/769 316/357/769
f 294/354/770 293/351/770 309/359/770
f 302/355/771 301/353/771 317/362/771
f 295/339/772 294/354/772 310/363/772
f 303/341/773 302/355/773 318/364/773
f 296/340/774 295/339/774 311/365/774
f 304/342/775 303/341/775 319/366/775
f 297/343/776 296/340/776 312/367/776
f 305/344/777 304/342/777 320/368/777
f 298/345/778 297/343/778 313/369/778
f 306/346/779 305/344/779 321/370/779
f 299/347/780 298/345/780 314/371/780
f 307/348/781 306/346/781 322/372/781
f 320/368/782 319/366/782 334/373/782
f 313/369/783 312/367/783 327/375/783
f 321/370/784 320/368/784 335/374/784
f 314/371/785 313/369/785 328/376/785
f 322/372/786 321/370/786 336/377/786
f 315/356/787 314/371/787 329/378/787
f 323/361/788 322/372/788 337/379/788
f 316/357/789 315/356/789 330/380/789
f 317/362/790 316/357/790 331/382/790
f 310/363/791 309/359/791 324/384/791
f 318/364/792 317/362/792 332/386/792
f 311/365/350 310/363/350 325/387/350
f 319/366/793 318/364/793 333/388/793
f 312/367/794 311/365/794 326/389/794
f 332/386/795 331/382/795 346/394/795
f 325/387/796 324/384/796 339/391/796
f 333/388/797 332/386/797 347/395/797
f 326/389/798 325/387/798 340/396/798
f 334/373/799 333/388/799 348/397/799
f 327/375/360 326/389/360 341/398/360
f 335/374/800 334/373/800 349/399/800
f 328/376/801 327/375/801 342/400/801
f 335/374/802 350/401/802 351/403/802
f 329/378/803 328/376/803 343/402/803
f 337/379/804 336/377/804 351/403/804
f 330/380/805 329/378/805 344/404/805
f 338/381/806 337/379/806 352/405/806
f 331/382/807 330/380/807 345/406/807
f 343/402/369 342/400/369 357/407/369
f 350/401/808 365/423/808 366/409/808
f 344/404/809 343/402/809 358/408/809
f 352/405/810 351/403/810 366/409/810
f 345/406/811 344/404/811 359/410/811
f 353/393/812 352/405/812 367/411/812
f 346/394/813 345/406/813 360/412/813
f 347/395/814 346/394/814 361/414/814
f 340/396/815 339/391/815 354/416/815
f 348/397/816 347/395/816 362/418/816
f 341/398/817 340/396/817 355/419/817
f 349/399/818 348/397/818 363/420/818
f 342/400/819 341/398/819 356/421/819
f 350/401/820 349/399/820 364/422/820
f 362/424/821 361/452/821 376/425/821
f 355/427/386 354/453/386 369/428/386
f 363/430/822 362/424/822 377/426/822
f 356/432/823 355/427/823 370/429/823
f 363/430/824 378/431/824 379/434/824
f 357/436/825 356/432/825 371/433/825
f 364/435/826 379/434/826 380/438/826
f 358/440/827 357/436/827 372/437/827
f 366/442/828 365/439/828 380/438/828
f 359/444/829 358/440/829 373/441/829
f 367/446/830 366/442/830 381/443/830
f 360/448/831 359/444/831 374/445/831
f 368/450/832 367/446/832 382/447/832
f 361/452/833 360/448/833 375/449/833
f 381/443/834 380/438/834 395/456/834
f 374/445/835 373/441/835 388/458/835
f 382/447/836 381/443/836 396/457/836
f 375/449/837 374/445/837 389/459/837
f 383/451/838 382/447/838 397/460/838
f 376/425/839 375/449/839 390/461/839
f 376/425/840 391/463/840 392/467/840
f 369/428/841 384/465/841 385/468/841
f 377/426/842 392/467/842 393/469/842
f 371/433/843 370/429/843 385/468/843
f 378/431/844 393/469/844 394/471/844
f 372/437/845 371/433/845 386/470/845
f 379/434/846 394/471/846 395/456/846
f 373/441/847 372/437/847 387/472/847
f 392/467/848 407/488/848 408/473/848
f 385/468/849 400/489/849 401/474/849
f 393/469/850 408/473/850 409/475/850
f 387/472/851 386/470/851 401/474/851
f 395/456/852 394/471/852 409/475/852
f 388/458/853 387/472/853 402/476/853
f 396/457/854 395/456/854 410/477/854
f 389/459/855 388/458/855 403/478/855
f 396/457/856 411/479/856 412/481/856
f 390/461/857 389/459/857 404/480/857
f 397/460/858 412/481/858 413/483/858
f 391/463/859 390/461/859 405/482/859
f 391/463/860 406/484/860 407/488/860
f 384/465/861 399/486/861 400/489/861
f 411/479/862 426/506/862 427/490/862
f 405/482/863 404/480/863 419/491/863
f 412/481/864 427/490/864 428/493/864
f 406/484/865 405/482/865 420/492/865
f 406/484/866 421/494/866 422/498/866
f 399/486/867 414/496/867 415/499/867
f 408/473/868 407/488/868 422/498/868
f 400/489/869 415/499/869 416/501/869
f 409/475/870 408/473/870 423/500/870
f 401/474/871 416/501/871 417/503/871
f 410/477/872 409/475/872 424/502/872
f 402/476/873 417/503/873 418/505/873
f 411/479/874 410/477/874 425/504/874
f 404/480/875 403/478/875 418/505/875
f 415/499/876 430/523/876 431/507/876
f 424/502/877 423/500/877 438/508/877
f 416/501/878 431/507/878 432/510/878
f 425/504/879 424/502/879 439/509/879
f 417/503/880 432/510/880 433/512/880
f 425/504/881 440/511/881 441/513/881
f 419/491/882 418/505/882 433/512/882
f 426/506/883 441/513/883 442/515/883
f 420/492/884 419/491/884 434/514/884
f 427/490/885 442/515/885 443/517/885
f 421/494/886 420/492/886 435/516/886
f 421/494/887 436/518/887 437/522/887
f 414/496/888 429/520/888 430/523/888
f 423/500/889 422/498/889 437/522/889
f 435/516/890 434/514/890 449/524/890
f 442/515/891 457/540/891 458/526/891
f 436/518/892 435/516/892 450/525/892
f 437/522/893 436/518/893 451/527/893
f 429/520/894 444/529/894 445/532/894
f 438/508/895 437/522/895 452/531/895
f 430/523/896 445/532/896 446/534/896
f 439/509/897 438/508/897 453/533/897
f 431/507/898 446/534/898 447/536/898
f 440/511/899 439/509/899 454/535/899
f 432/510/900 447/536/900 448/538/900
f 440/511/901 455/537/901 456/539/901
f 434/514/902 433/512/902 448/538/902
f 441/513/903 456/539/903 457/540/903
f 454/535/904 453/533/904 468/541/904
f 446/534/905 461/557/905 462/543/905
f 455/537/906 454/535/906 469/542/906
f 447/536/907 462/543/907 463/545/907
f 455/537/908 470/544/908 471/546/908
f 449/524/909 448/538/909 463/545/909
f 456/539/910 471/546/910 472/548/910
f 450/525/911 449/524/911 464/547/911
f 457/540/912 472/548/912 473/550/912
f 451/527/913 450/525/913 465/549/913
f 452/531/914 451/527/914 466/551/914
f 444/529/915 459/553/915 460/556/915
f 453/533/916 452/531/916 467/555/916
f 445/532/917 460/556/917 461/557/917
f 472/548/918 481/32/918 482/4/918
f 466/551/919 465/549/919 3/3/919
f 467/555/920 466/551/920 4/7/920
f 459/553/921 474/9/921 475/15/921
f 468/541/922 467/555/922 5/14/922
f 460/556/923 475/15/923 1/19/923
f 469/542/924 468/541/924 478/18/924
f 461/557/925 1/19/925 476/23/925
f 470/544/926 469/542/926 6/22/926
f 462/543/927 476/23/927 2/27/927
f 470/544/928 479/26/928 480/29/928
f 464/547/929 463/545/929 2/27/929
f 471/546/930 480/29/930 481/32/930
f 465/549/931 464/547/931 477/1/931
o 球.001
v 0.009227 2.697678 -0.588060
v -0.007341 2.539955 -1.005091
v -0.003202 2.116822 -1.069837
v -0.005900 1.933818 -1.270960
v -0.004160 1.709191 -1.122419
v 0.002246 1.275890 -1.002862
v 0.030448 2.656462 -0.168899
v 0.075421 2.670053 -0.323266
v 0.126596 2.639127 -0.535291
v 0.124956 2.547784 -0.702513
v 0.166712 2.476444 -0.904316
v 0.156006 2.263243 -0.929680
v 0.165520 2.090063 -0.975354
v 0.199131 1.901039 -1.048710
v 0.170976 1.705426 -0.980888
v 0.169834 1.508791 -0.931609
v 0.154749 1.341527 -0.851765
v 0.174450 1.175722 -0.727803
v 0.135801 1.066010 -0.506396
v 0.067109 1.087910 -0.321680
v 0.030448 1.075388 -0.165401
v 0.059726 2.656137 -0.159493
v 0.123156 2.630337 -0.309167
v 0.179072 2.571407 -0.466865
v 0.218355 2.488575 -0.614223
v 0.256354 2.380099 -0.735118
v 0.282855 2.225760 -0.799026
v 0.301089 2.054444 -0.835531
v 0.308977 1.881548 -0.850229
v 0.300264 1.709605 -0.829254
v 0.282847 1.542883 -0.782810
v 0.255140 1.395812 -0.704474
v 0.235008 1.260470 -0.598707
v 0.193524 1.151058 -0.455746
v 0.119499 1.112712 -0.303370
v 0.059726 1.075525 -0.156065
v 0.086709 2.655591 -0.144208
v 0.170133 2.616366 -0.278671
v 0.246927 2.552133 -0.408929
v 0.314278 2.463141 -0.527334
v 0.380217 2.345279 -0.619645
v 0.461904 2.201218 -0.679312
v 0.451665 2.039130 -0.713070
v 0.444456 1.873271 -0.723555
v 0.435916 1.708946 -0.708994
v 0.410894 1.551127 -0.669424
v 0.372561 1.406095 -0.603628
v 0.314278 1.287196 -0.510826
v 0.246945 1.190475 -0.397505
v 0.170086 1.119375 -0.272356
v 0.086709 1.075728 -0.140964
v 0.110360 2.654901 -0.123714
v 0.224147 2.618011 -0.236393
v 0.327772 2.552407 -0.342262
v 0.400000 2.448456 -0.434797
v 0.571239 2.331064 -0.507537
v 0.747446 2.194071 -0.558333
v 0.678734 2.034675 -0.588243
v 0.565987 1.868725 -0.597582
v 0.560093 1.704535 -0.585889
v 0.587461 1.505415 -0.553115
v 0.541433 1.359760 -0.499447
v 0.411288 1.283256 -0.425639
v 0.314278 1.192996 -0.334617
v 0.216478 1.120325 -0.231307
v 0.110360 1.075971 -0.120733
v 0.129769 2.654148 -0.098876
v 0.301599 2.638605 -0.186144
v 0.473861 2.600253 -0.266586
v 0.508325 2.462445 -0.335978
v 0.642714 2.321626 -0.391256
v 0.808722 2.185527 -0.431113
v 0.752282 2.028904 -0.455084
v 0.665176 1.866244 -0.462743
v 0.674589 1.691179 -0.453805
v 0.728299 1.469409 -0.428396
v 0.667900 1.328820 -0.387077
v 0.494026 1.276280 -0.330877
v 0.369552 1.194691 -0.261631
v 0.254552 1.121143 -0.182218
v 0.129769 1.076227 -0.096202
v 0.000000 2.667469 -0.008902
v 0.144192 2.653401 -0.070707
v 0.372778 2.661718 -0.130009
v 0.624111 2.660717 -0.184062
v 0.649922 2.510258 -0.230557
v 0.622894 2.314378 -0.267945
v 0.714714 2.174962 -0.295271
v 0.728294 2.022316 -0.311864
v 0.739103 1.864882 -0.317233
v 0.729260 1.704401 -0.311165
v 0.740988 1.512302 -0.293810
v 0.677270 1.369642 -0.265678
v 0.530807 1.289380 -0.227617
v 0.410624 1.195763 -0.180843
v 0.282843 1.121787 -0.127035
v 0.144192 1.076472 -0.068347
v 0.153073 2.652706 -0.040317
v 0.407398 2.670231 -0.070055
v 0.698100 2.686974 -0.096888
v 0.722367 2.531287 -0.119919
v 0.659737 2.315207 -0.138517
v 0.724902 2.171722 -0.152184
v 0.769552 2.020864 -0.160506
v 0.784628 1.864110 -0.163188
v 0.769552 1.707433 -0.160111
v 0.725320 1.556486 -0.151359
v 0.654759 1.416174 -0.137217
v 0.554816 1.296283 -0.118145
v 0.435916 1.196420 -0.094754
v 0.300264 1.122265 -0.067808
v 0.153073 1.076695 -0.038254
v 0.156072 2.652089 -0.008874
v 0.393790 2.657620 -0.008403
v 0.650857 2.652759 -0.007642
v 0.684464 2.501169 -0.006798
v 0.665635 2.309860 -0.006034
v 0.739104 2.170700 -0.005439
v 0.784628 2.020139 -0.005038
v 0.800000 1.863657 -0.004831
v 0.784628 1.707226 -0.004804
v 0.739104 1.556819 -0.004946
v 0.665176 1.418185 -0.005244
v 0.565685 1.296629 -0.005674
v 0.444456 1.196820 -0.006184
v 0.306147 1.122610 -0.006690
v 0.156072 1.076887 -0.007076
v 0.153073 2.651563 0.022433
v 0.345040 2.631607 0.052768
v 0.536070 2.589457 0.080779
v 0.588676 2.450444 0.105303
v 0.652394 2.308834 0.125386
v 0.724902 2.170115 0.140287
v 0.769552 2.019717 0.149469
v 0.784628 1.863382 0.152613
v 0.769552 1.707083 0.149616
v 0.724902 1.556797 0.140598
v 0.652394 1.418274 0.125895
v 0.554816 1.296813 0.106052
v 0.435916 1.197064 0.081811
v 0.300264 1.122854 0.054097
v 0.153073 1.077048 0.024003
v 0.144192 2.651126 0.052431
v 0.289944 2.608877 0.111274
v 0.425759 2.538939 0.165324
v 0.522625 2.430016 0.212549
v 0.614542 2.308377 0.251210
v 0.682843 2.169765 0.279893
v 0.724902 2.019462 0.297551
v 0.739103 1.850232 0.316806
v 0.724902 1.695851 0.309030
v 0.682843 1.556768 0.280101
v 0.614542 1.418311 0.251555
v 0.522625 1.296913 0.213074
v 0.410624 1.197215 0.166083
v 0.282843 1.123025 0.112327
v 0.144192 1.077178 0.053811
v 0.129769 2.650773 0.079999
v 0.254552 2.604257 0.164994
v 0.369552 2.529629 0.242970
v 0.470350 2.429656 0.311095
v 0.553073 2.308093 0.366884
v 0.614542 2.169548 0.408287
v 0.652394 1.996225 0.457362
v 0.665175 1.753886 0.554035
v 0.652394 1.607356 0.535614
v 0.614542 1.543499 0.421971
v 0.553073 1.418325 0.367132
v 0.470350 1.296968 0.311481
v 0.369552 1.197309 0.243551
v 0.254552 1.123144 0.165851
v 0.129769 1.077281 0.081226
v 0.110360 2.650496 0.104112
v 0.216478 2.603932 0.211963
v 0.314278 2.529340 0.310877
v 0.400000 2.429421 0.397316
v 0.470350 2.307910 0.468126
v 0.522625 2.169410 0.520687
v 0.554816 1.987834 0.585105
v 0.565685 1.732250 0.697661
v 0.554816 1.587712 0.674899
v 0.522625 1.537640 0.540301
v 0.470350 1.418329 0.468313
v 0.400000 1.296999 0.397614
v 0.314278 1.197368 0.311340
v 0.216478 1.123225 0.212680
v 0.110360 1.077360 0.105217
v 0.086709 2.650287 0.123872
v 0.170086 2.603703 0.250444
v 0.246926 2.529202 0.366653
v 0.314278 2.429877 0.469318
v 0.369552 2.307793 0.551140
v 0.410624 2.169321 0.612865
v 0.435916 2.018182 0.651834
v 0.444456 1.827170 0.700304
v 0.435916 1.675226 0.685536
v 0.410624 1.549917 0.632744
v 0.369552 1.416515 0.556575
v 0.314278 1.297016 0.468239
v 0.246926 1.197404 0.366913
v 0.170086 1.123280 0.251062
v 0.086709 1.077418 0.124882
v 0.059726 2.650139 0.138541
v 0.117157 2.603550 0.279009
v 0.170086 2.536089 0.423166
v 0.216478 2.444890 0.554545
v 0.254552 2.312911 0.624041
v 0.282843 2.171518 0.684182
v 0.300264 2.020035 0.724714
v 0.306146 1.862946 0.737775
v 0.300264 1.689035 0.775419
v 0.282843 1.523123 0.779307
v 0.254552 1.402441 0.659247
v 0.216478 1.297025 0.520689
v 0.170086 1.197426 0.408179
v 0.117157 1.123315 0.279558
v 0.059726 1.077458 0.139481
v 0.030448 2.650046 0.147574
v 0.059726 2.603458 0.296593
v 0.086709 2.545899 0.470017
v 0.110360 2.465426 0.631472
v 0.129774 2.333407 0.701155
v 0.147396 2.201407 0.766719
v 0.153073 2.046182 0.802597
v 0.155411 1.842790 0.811932
v 0.151601 1.635099 0.888599
v 0.144112 1.514151 0.842763
v 0.129769 1.399191 0.706661
v 0.110360 1.297029 0.552976
v 0.086709 1.197437 0.433579
v 0.059726 1.123335 0.297096
v 0.030448 1.077481 0.148465
v -0.000000 2.650006 0.150634
v -0.000000 2.603419 0.302538
v -0.000000 2.547985 0.483195
v -0.000000 2.470260 0.652908
v -0.000264 2.344471 0.729157
v -0.001949 2.221476 0.813882
v -0.000050 2.061138 0.837528
v -0.001537 1.817792 0.866303
v -0.003088 1.597045 0.917237
v -0.000751 1.516718 0.808994
v -0.000000 1.412667 0.680157
v -0.000000 1.297029 0.563875
v -0.000000 1.197440 0.442152
v -0.000000 1.123340 0.303014
v -0.000000 1.077488 0.151496
v -0.030448 2.650015 0.147608
v -0.059726 2.603428 0.296624
v -0.086709 2.540148 0.457628
v -0.110360 2.453215 0.605066
v -0.129769 2.321329 0.677823
v -0.144926 2.190621 0.751016
v -0.153073 2.036793 0.790716
v -0.156411 1.851901 0.796857
v -0.154040 1.674128 0.805296
v -0.144274 1.553913 0.726673
v -0.129769 1.418321 0.650853
v -0.110360 1.297026 0.552971
v -0.086709 1.197436 0.433572
v -0.059726 1.123334 0.297089
v -0.030448 1.077480 0.148460
v -0.059726 2.650076 0.138611
v -0.117157 2.603488 0.279074
v -0.170086 2.530587 0.411399
v -0.216478 2.433601 0.530196
v -0.254552 2.307755 0.612949
v -0.282843 2.169244 0.681340
v -0.300264 2.019075 0.723525
v -0.306147 1.862871 0.737834
v -0.300264 1.706807 0.723550
v -0.282843 1.556683 0.681395
v -0.254552 1.418320 0.612908
v -0.216478 1.297020 0.520678
v -0.170086 1.197423 0.408165
v -0.117157 1.123314 0.279544
v -0.059726 1.077457 0.139469
v -0.086709 2.650189 0.123980
v -0.170086 2.603603 0.250549
v -0.246927 2.529064 0.366608
v -0.314278 2.429206 0.468052
v -0.369552 2.307746 0.551173
v -0.410624 2.169285 0.612884
v -0.435916 2.009364 0.660317
v -0.444456 1.807540 0.717439
v -0.435916 1.660874 0.695451
v -0.410624 1.554729 0.614844
v -0.369552 1.418318 0.551274
v -0.314278 1.297009 0.468220
v -0.246927 1.197400 0.366891
v -0.170086 1.123278 0.251039
v -0.086709 1.077418 0.124863
v -0.110360 2.650360 0.104264
v -0.216478 2.603784 0.212119
v -0.314278 2.529215 0.310998
v -0.400000 2.429324 0.397400
v -0.470350 2.307837 0.468179
v -0.522625 2.169354 0.520718
v -0.554816 1.988827 0.582467
v -0.565685 1.755612 0.668107
v -0.554816 1.616304 0.640881
v -0.522625 1.544087 0.533011
v -0.470350 1.418315 0.468289
v -0.400000 1.296989 0.397584
v -0.314278 1.197362 0.311306
v -0.216478 1.123223 0.212646
v -0.110360 1.077360 0.105191
v 0.000000 1.061444 -0.007238
v -0.129769 2.650594 0.080201
v -0.254552 2.604047 0.165219
v -0.369552 2.529444 0.243154
v -0.470350 2.429508 0.311226
v -0.553073 2.307979 0.366968
v -0.614542 2.169462 0.408334
v -0.652394 2.009804 0.442939
v -0.665175 1.808351 0.495435
v -0.652394 1.661562 0.477768
v -0.614542 1.554881 0.410183
v -0.553073 1.418307 0.367092
v -0.470350 1.296956 0.311434
v -0.369552 1.197302 0.243502
v -0.254552 1.123141 0.165805
v -0.129769 1.077281 0.081193
v -0.144192 2.650898 0.052688
v -0.282843 2.604418 0.111592
v -0.410624 2.529783 0.165603
v -0.522625 2.429788 0.212756
v -0.614542 2.308200 0.251344
v -0.682842 2.169631 0.279967
v -0.724902 2.019363 0.297577
v -0.739103 1.863115 0.303553
v -0.724902 1.706933 0.297614
v -0.682842 1.556732 0.280048
v -0.614542 1.418288 0.251489
v -0.522625 1.296898 0.213002
v -0.410624 1.197207 0.166012
v -0.282843 1.123022 0.112265
v -0.144192 1.077178 0.053771
v -0.153073 2.651282 0.022754
v -0.301411 2.605737 0.053217
v -0.469041 2.553512 0.081207
v -0.564834 2.437246 0.105638
v -0.652394 2.308549 0.125609
v -0.724902 2.169902 0.140406
v -0.769552 2.019562 0.149505
v -0.784628 1.863273 0.152587
v -0.769552 1.707009 0.149547
v -0.724902 1.556750 0.140501
v -0.652394 1.418245 0.125784
v -0.554816 1.296797 0.105939
v -0.435916 1.197057 0.081708
v -0.300264 1.122852 0.054016
v -0.153073 1.077048 0.023956
v -0.156072 2.651752 -0.008485
v -0.330116 2.622448 -0.007773
v -0.585330 2.629814 -0.006970
v -0.681053 2.511795 -0.006235
v -0.669045 2.311831 -0.005651
v -0.739103 2.170346 -0.005239
v -0.784628 2.019890 -0.004993
v -0.799999 1.863491 -0.004900
v -0.784628 1.707122 -0.004947
v -0.739103 1.556758 -0.005127
v -0.665175 1.418152 -0.005435
v -0.565685 1.296614 -0.005851
v -0.444456 1.196815 -0.006331
v -0.306147 1.122610 -0.006794
v -0.156072 1.076888 -0.007130
v -0.153073 2.652312 -0.039859
v -0.349552 2.641171 -0.069177
v -0.677804 2.701783 -0.095816
v -0.791603 2.598039 -0.118936
v -0.696057 2.340692 -0.137818
v -0.724902 2.171111 -0.151832
v -0.769551 2.020452 -0.160463
v -0.784627 1.863855 -0.163368
v -0.769551 1.707289 -0.160419
v -0.724902 1.556733 -0.151712
v -0.658509 1.413872 -0.137554
v -0.555588 1.295760 -0.118427
v -0.435916 1.196420 -0.094963
v -0.300264 1.122268 -0.067939
v -0.153073 1.076696 -0.038314
v -0.144192 2.652959 -0.070188
v -0.334458 2.644116 -0.128807
v -0.662007 2.710199 -0.182329
v -0.772563 2.609123 -0.228766
v -0.664132 2.346539 -0.266595
v -0.682842 2.172486 -0.294617
v -0.724901 2.021464 -0.311872
v -0.739103 1.864492 -0.317704
v -0.724901 1.707543 -0.311858
v -0.716211 1.534363 -0.294521
v -0.687773 1.368679 -0.266283
v -0.555975 1.273397 -0.228063
v -0.410624 1.195772 -0.181132
v -0.282843 1.121793 -0.127194
v -0.144192 1.076474 -0.068411
v -0.129769 2.653676 -0.098317
v -0.283067 2.629661 -0.184557
v -0.527269 2.647250 -0.263792
v -0.605907 2.532154 -0.332594
v -0.582947 2.326129 -0.388480
v -0.692146 2.195187 -0.429815
v -0.689852 2.033942 -0.455329
v -0.665175 1.865678 -0.464015
v -0.652957 1.707559 -0.455430
v -0.684075 1.509854 -0.429867
v -0.680735 1.331378 -0.388164
v -0.531170 1.253836 -0.331567
v -0.369551 1.194713 -0.262014
v -0.254552 1.121153 -0.182401
v -0.129769 1.076229 -0.096266
v -0.110360 2.654431 -0.123153
v -0.219300 2.613864 -0.234428
v -0.355752 2.569936 -0.337897
v -0.414926 2.453316 -0.428300
v -0.545000 2.339811 -0.501509
v -0.711375 2.234056 -0.555596
v -0.681937 2.067417 -0.589362
v -0.569961 1.871159 -0.601104
v -0.554815 1.708559 -0.589817
v -0.558181 1.531349 -0.556170
v -0.550546 1.360671 -0.501353
v -0.439093 1.265882 -0.426654
v -0.314284 1.193025 -0.335094
v -0.216490 1.120316 -0.231500
v -0.110360 1.075975 -0.120794
v -0.086709 2.655168 -0.143700
v -0.173519 2.619988 -0.275359
v -0.248177 2.548064 -0.402897
v -0.314278 2.453135 -0.515243
v -0.409279 2.343120 -0.606301
v -0.527450 2.226514 -0.673349
v -0.507000 2.061103 -0.717063
v -0.445484 1.875120 -0.733319
v -0.435916 1.709674 -0.718377
v -0.410624 1.551884 -0.675480
v -0.375524 1.404662 -0.606729
v -0.319438 1.283611 -0.513617
v -0.264773 1.168124 -0.402069
v -0.172643 1.113077 -0.272006
v -0.086709 1.075732 -0.141016
v -0.059726 2.655814 -0.159103
v -0.133683 2.654067 -0.301863
v -0.210173 2.596892 -0.471874
v -0.217477 2.471575 -0.594693
v -0.256355 2.357157 -0.707916
v -0.283254 2.211079 -0.787045
v -0.300464 2.050526 -0.846527
v -0.306147 1.883940 -0.873181
v -0.300264 1.712321 -0.848813
v -0.282847 1.544051 -0.792819
v -0.263591 1.390960 -0.716837
v -0.281185 1.220162 -0.631949
v -0.226817 1.091653 -0.465681
v -0.124461 1.090656 -0.301389
v -0.059726 1.075527 -0.156104
v -0.030448 2.656286 -0.168686
v -0.075347 2.691950 -0.316468
v -0.143944 2.668056 -0.549980
v -0.130359 2.532229 -0.689588
v -0.167152 2.432167 -0.850788
v -0.154487 2.242254 -0.909035
v -0.158342 2.076646 -0.979095
v -0.182842 1.907630 -1.068723
v -0.162624 1.715461 -0.989383
v -0.163903 1.517265 -0.929614
v -0.166114 1.333687 -0.888655
v -0.190988 1.142349 -0.763957
v -0.135624 1.017598 -0.512022
v -0.064642 1.068331 -0.319547
v -0.030448 1.075389 -0.165421
v 0.000000 2.656515 -0.172007
v 0.004759 2.699921 -0.323727
v -0.002298 2.596638 -0.758627
v -0.003131 2.269698 -1.009430
v -0.004081 1.480009 -1.047444
v 0.015079 1.109811 -0.829113
v 0.015188 1.002921 -0.528315
v 0.003895 1.066679 -0.326645
v 0.000000 1.075340 -0.168565
vn 0.7250 -0.1254 -0.6772
vn 0.4891 0.7356 -0.4688
vn 0.6043 -0.4298 -0.6709
vn 0.4401 0.8731 -0.2098
vn 0.4841 -0.8147 -0.3192
vn 0.4492 0.0833 -0.8896
vn 0.2950 -0.9298 0.2200
vn 0.5011 0.3178 -0.8049
vn -0.0041 -0.9985 0.0546
vn 0.6492 0.5582 -0.5166
vn 0.0086 0.9977 -0.0670
vn 0.0105 -0.9963 -0.0858
vn 0.5868 -0.3394 -0.7352
vn 0.3811 0.9046 0.1907
vn 0.5658 -0.2035 -0.7990
vn 0.4464 0.8948 -0.0000
vn 0.7990 -0.2374 -0.5525
vn 0.7452 0.6616 0.0833
vn 0.8236 -0.3796 -0.4214
vn 0.7120 0.6133 -0.3420
vn 0.9220 -0.3140 -0.2264
vn 0.7802 0.6228 -0.0587
vn 0.8553 -0.5003 -0.1347
vn 0.7177 0.3680 -0.5912
vn 0.4326 -0.9014 -0.0167
vn 0.7279 0.2161 -0.6507
vn 0.0280 -0.9969 -0.0733
vn 0.8754 0.0805 -0.4766
vn 0.0312 0.9975 -0.0627
vn 0.0308 -0.9962 -0.0819
vn 0.7573 -0.1168 -0.6425
vn 0.6125 0.7805 0.1250
vn 0.3123 -0.8955 -0.3170
vn 0.6284 0.2255 -0.7445
vn 0.1375 -0.9628 -0.2326
vn 0.6834 0.0164 -0.7298
vn 0.0512 0.9972 -0.0547
vn 0.0492 -0.9960 -0.0745
vn 0.6598 -0.1003 -0.7448
vn 0.3054 0.9516 -0.0346
vn 0.6464 -0.2804 -0.7096
vn 0.4127 0.8915 -0.1868
vn 0.6024 -0.4563 -0.6549
vn 0.5017 0.8043 -0.3184
vn 0.6591 -0.6361 -0.4011
vn 0.5911 0.6838 -0.4278
vn 0.7006 -0.6919 -0.1743
vn 0.5121 0.5601 -0.6512
vn 0.2493 0.9188 -0.3061
vn 0.3883 -0.4242 -0.8181
vn 0.4914 0.8072 -0.3271
vn 0.4715 -0.6745 -0.5681
vn 0.3447 0.8035 -0.4854
vn 0.3996 -0.8274 -0.3946
vn 0.3090 0.6537 -0.6908
vn 0.3115 -0.8905 -0.3315
vn 0.4785 0.1500 -0.8652
vn 0.1864 -0.9605 -0.2064
vn 0.7199 0.0126 -0.6940
vn 0.0674 0.9967 -0.0443
vn 0.0651 -0.9958 -0.0642
vn 0.7007 -0.0757 -0.7095
vn 0.1293 0.9706 -0.2029
vn 0.5372 -0.0646 -0.8410
vn 0.8373 -0.2720 -0.4743
vn 0.2278 -0.9587 -0.1702
vn 0.7134 -0.4547 -0.5332
vn 0.0799 0.9963 -0.0323
vn 0.0781 -0.9956 -0.0515
vn 0.7560 0.0072 -0.6546
vn -0.0630 0.9538 -0.2938
vn 0.6721 0.0784 -0.7363
vn -0.0333 0.8726 -0.4874
vn 0.5333 -0.4412 -0.7217
vn 0.3916 0.7485 -0.5352
vn 0.3219 -0.8813 -0.3459
vn 0.6185 0.7167 -0.3220
vn 0.4594 -0.8252 -0.3287
vn 0.5837 0.7790 -0.2288
vn 0.3752 -0.8848 -0.2762
vn 0.9232 -0.3800 0.0565
vn 0.4081 0.4899 -0.7703
vn 0.2941 -0.9556 0.0165
vn 0.7446 0.6486 0.1578
vn 0.4482 -0.8674 -0.2163
vn 0.6225 0.6190 0.4789
vn 0.4235 -0.8820 -0.2068
vn 0.9247 -0.3544 0.1386
vn 0.2596 -0.9575 -0.1260
vn 0.8099 -0.4142 -0.4154
vn 0.0890 0.9959 -0.0191
vn 0.0881 -0.9954 -0.0369
vn 0.9323 0.0317 -0.3603
vn -0.1033 0.9590 -0.2638
vn 0.9635 0.2151 -0.1594
vn -0.0970 0.8788 -0.4673
vn 0.2810 -0.9567 -0.0759
vn 0.9546 0.0966 -0.2816
vn 0.0950 0.9955 -0.0050
vn 0.0950 -0.9953 -0.0207
vn 0.9643 -0.0688 -0.2558
vn -0.0795 0.9923 -0.0950
vn 0.9938 0.0686 0.0880
vn -0.0769 0.9708 -0.2272
vn 0.8955 -0.3444 0.2817
vn 0.7690 0.3055 -0.5616
vn 0.7524 -0.6469 -0.1242
vn 0.9588 -0.0803 -0.2724
vn 0.6130 -0.7706 -0.1742
vn 0.8300 0.5558 -0.0465
vn 0.4562 -0.8807 -0.1271
vn 0.9588 0.1136 -0.2603
vn 0.7605 -0.6454 -0.0715
vn 0.9940 -0.0980 -0.0482
vn 0.6354 -0.7700 -0.0578
vn 0.8815 0.4650 -0.0821
vn 0.4731 -0.8801 -0.0406
vn 0.9533 0.2880 -0.0911
vn 0.2914 -0.9563 -0.0221
vn 0.9906 0.0972 -0.0959
vn 0.0981 0.9951 0.0102
vn 0.0985 -0.9951 -0.0033
vn 0.9906 -0.0974 -0.0963
vn -0.0453 0.9806 0.1906
vn 0.9544 -0.2848 -0.0892
vn -0.0219 0.9373 0.3478
vn 0.8890 -0.4535 -0.0633
vn 0.9106 0.2039 0.3594
vn 0.0980 0.9948 0.0261
vn 0.0984 -0.9950 0.0146
vn 0.9905 -0.0974 0.0966
vn -0.0223 0.9263 0.3761
vn 0.9530 -0.2885 0.0929
vn 0.0135 0.8047 0.5936
vn 0.8790 -0.4689 0.0860
vn 0.6234 0.3585 0.6949
vn 0.7715 -0.6317 0.0761
vn 0.9028 0.4196 0.0942
vn 0.6342 -0.7706 0.0637
vn 0.8789 0.4688 0.0875
vn 0.4721 -0.8802 0.0492
vn 0.9528 0.2886 0.0938
vn 0.2912 -0.9561 0.0330
vn 0.9905 0.0975 0.0969
vn 0.7415 0.6320 0.2254
vn 0.6094 -0.7712 0.1843
vn 0.8451 0.4694 0.2558
vn 0.4534 -0.8805 0.1382
vn 0.9164 0.2890 0.2768
vn 0.2797 -0.9561 0.0875
vn 0.9553 0.1113 0.2738
vn 0.0946 0.9946 0.0425
vn 0.0948 -0.9950 0.0326
vn 0.9598 -0.1015 0.2617
vn 0.0341 0.9203 0.3897
vn 0.9166 -0.2889 0.2763
vn 0.0893 0.7994 0.5941
vn 0.8454 -0.4695 0.2548
vn 0.5487 0.6916 0.4697
vn 0.7417 -0.6324 0.2237
vn 0.9582 -0.1164 0.2612
vn 0.1932 0.9585 0.2097
vn 0.8596 -0.3394 0.3821
vn 0.3209 0.8846 0.3383
vn 0.7793 -0.4699 0.4145
vn 0.5615 0.7710 0.3007
vn 0.6836 -0.6328 0.3635
vn 0.6834 0.6324 0.3647
vn 0.5616 -0.7716 0.2987
vn 0.7791 0.4697 0.4152
vn 0.4177 -0.8809 0.2227
vn 0.8490 0.3071 0.4299
vn 0.2575 -0.9562 0.1391
vn 0.9119 0.1927 0.3624
vn 0.0878 0.9944 0.0586
vn 0.0875 -0.9949 0.0498
vn 0.4923 -0.7720 0.4021
vn 0.6830 0.4700 0.5591
vn 0.3661 -0.8812 0.2992
vn 0.7370 0.3383 0.5852
vn 0.2256 -0.9564 0.1857
vn 0.7671 0.2856 0.5744
vn 0.0774 0.9943 0.0737
vn 0.0768 -0.9949 0.0654
vn 0.8196 -0.1488 0.5532
vn 0.2262 0.9554 0.1900
vn 0.4580 -0.8314 0.3146
vn 0.3661 0.8803 0.3018
vn 0.6469 -0.5494 0.5289
vn 0.4921 0.7713 0.4036
vn 0.5994 -0.6332 0.4898
vn 0.5991 0.6328 0.4906
vn 0.1856 0.9555 0.2294
vn 0.1546 -0.9375 0.3118
vn 0.3010 0.8808 0.3656
vn 0.5351 -0.5958 0.5989
vn 0.4088 0.7751 0.4818
vn 0.4920 -0.6333 0.5973
vn 0.4947 0.6272 0.6016
vn 0.4041 -0.7722 0.4903
vn 0.5606 0.4701 0.6817
vn 0.3005 -0.8814 0.3645
vn 0.5248 0.3657 0.7687
vn 0.1851 -0.9565 0.2254
vn 0.3261 0.3926 0.8600
vn 0.0639 0.9942 0.0870
vn 0.0631 -0.9949 0.0789
vn -0.0248 -0.1537 0.9878
vn 0.4360 0.4711 0.7668
vn 0.2233 -0.8816 0.4159
vn 0.4556 0.2930 0.8406
vn 0.1376 -0.9566 0.2568
vn 0.3124 0.2468 0.9174
vn 0.0476 0.9941 0.0976
vn 0.0470 -0.9949 0.0895
vn 0.5410 -0.1114 0.8336
vn 0.1379 0.9556 0.2606
vn 0.7580 -0.0644 0.6491
vn 0.3075 0.9002 0.3084
vn 0.6007 -0.5278 0.6005
vn 0.4620 0.7966 0.3898
vn 0.3565 -0.6564 0.6649
vn 0.4361 0.6289 0.6437
vn 0.3003 -0.7724 0.5597
vn 0.4087 -0.3454 0.8448
vn 0.2595 0.9279 0.2676
vn 0.2661 -0.7105 0.6515
vn 0.4191 0.8356 0.3551
vn 0.1722 -0.8062 0.5660
vn 0.5110 0.5113 0.6910
vn 0.1850 -0.7725 0.6075
vn 0.5381 0.4188 0.7314
vn 0.1375 -0.8817 0.4514
vn 0.4874 0.2776 0.8279
vn 0.0847 -0.9567 0.2785
vn 0.4298 0.0908 0.8983
vn 0.0292 0.9940 0.1050
vn 0.0289 -0.9949 0.0968
vn 0.5112 0.2894 0.8093
vn 0.0848 0.9556 0.2821
vn 0.0464 -0.8817 0.4695
vn 0.2376 0.2270 0.9445
vn 0.0286 -0.9567 0.2895
vn 0.3097 0.1098 0.9445
vn 0.0096 0.9940 0.1088
vn 0.0098 -0.9949 0.1006
vn 0.1244 0.2223 0.9670
vn 0.0285 0.9557 0.2931
vn -0.1509 -0.7954 0.5870
vn 0.0674 0.9538 0.2927
vn -0.2046 -0.7621 0.6143
vn 0.1198 0.9026 0.4134
vn 0.0695 -0.7074 0.7034
vn 0.2235 0.4805 0.8480
vn 0.0625 -0.7725 0.6320
vn 0.3232 0.4552 0.8297
vn -0.2119 -0.4941 0.8432
vn -0.3056 0.8657 0.3965
vn -0.0761 -0.6335 0.7700
vn -0.3956 0.4876 0.7783
vn -0.0625 -0.7725 0.6320
vn -0.4380 0.4774 0.7618
vn -0.0465 -0.8817 0.4695
vn -0.3196 0.2526 0.9133
vn -0.0286 -0.9567 0.2895
vn -0.3862 0.1106 0.9157
vn -0.0105 0.9940 0.1088
vn -0.0098 -0.9949 0.1006
vn -0.5176 0.1958 0.8329
vn -0.0289 0.9557 0.2931
vn -0.5253 -0.4952 0.6920
vn -0.1704 0.9420 0.2891
vn -0.0847 -0.9567 0.2784
vn -0.3587 0.0985 0.9282
vn -0.0302 0.9940 0.1050
vn -0.0289 -0.9949 0.0968
vn -0.4817 0.0351 0.8756
vn -0.0852 0.9556 0.2820
vn -0.2707 -0.5422 0.7954
vn -0.2767 0.9092 0.3110
vn -0.2567 -0.4704 0.8443
vn -0.4343 0.8047 0.4048
vn -0.2252 -0.6335 0.7402
vn -0.4236 0.5837 0.6927
vn -0.1850 -0.7725 0.6075
vn -0.4553 0.4672 0.7579
vn -0.1376 -0.8817 0.4514
vn -0.4261 0.2901 0.8569
vn -0.3555 0.7872 0.5039
vn -0.3657 -0.6335 0.6819
vn -0.3663 0.6333 0.6818
vn -0.3004 -0.7724 0.5596
vn -0.4168 0.4695 0.7784
vn -0.2234 -0.8816 0.4159
vn -0.4190 0.3185 0.8503
vn -0.1376 -0.9566 0.2568
vn -0.2465 0.2736 0.9297
vn -0.0487 0.9940 0.0975
vn -0.0470 -0.9949 0.0895
vn -0.1497 -0.1551 0.9765
vn -0.1383 0.9555 0.2604
vn -0.3559 -0.6175 0.7015
vn -0.2453 0.8872 0.3907
vn -0.4134 -0.4839 0.7713
vn -0.4722 0.3232 0.8201
vn -0.0652 0.9941 0.0868
vn -0.0632 -0.9949 0.0789
vn -0.3434 -0.2059 0.9163
vn -0.1861 0.9555 0.2291
vn -0.2703 -0.8354 0.4786
vn -0.3006 0.8805 0.3665
vn -0.5301 -0.5517 0.6439
vn -0.4039 0.7716 0.4914
vn -0.4920 -0.6334 0.5973
vn -0.4917 0.6330 0.5979
vn -0.4041 -0.7723 0.4902
vn -0.5607 0.4701 0.6817
vn -0.3005 -0.8814 0.3644
vn -0.5541 0.3562 0.7524
vn -0.1851 -0.9565 0.2254
vn -0.5994 -0.6332 0.4897
vn -0.5991 0.6328 0.4906
vn -0.4923 -0.7720 0.4020
vn -0.6830 0.4700 0.5591
vn -0.3661 -0.8812 0.2991
vn -0.7496 0.3299 0.5738
vn -0.2256 -0.9564 0.1856
vn -0.8093 0.2353 0.5382
vn -0.0789 0.9942 0.0733
vn -0.0768 -0.9949 0.0654
vn -0.8660 -0.1601 0.4737
vn -0.2268 0.9553 0.1894
vn -0.6937 -0.5447 0.4713
vn -0.3664 0.8803 0.3015
vn -0.6789 -0.4807 0.5550
vn -0.4922 0.7713 0.4035
vn -0.0895 0.9943 0.0579
vn -0.0875 -0.9949 0.0498
vn -0.9310 -0.1224 0.3439
vn -0.2588 0.9553 0.1431
vn -0.8492 -0.2894 0.4416
vn -0.4182 0.8800 0.2253
vn -0.7793 -0.4700 0.4145
vn -0.5616 0.7710 0.3003
vn -0.6836 -0.6329 0.3634
vn -0.6835 0.6324 0.3646
vn -0.5616 -0.7717 0.2986
vn -0.7791 0.4697 0.4152
vn -0.4177 -0.8809 0.2227
vn -0.8467 0.2965 0.4418
vn -0.2575 -0.9562 0.1390
vn -0.9049 0.1602 0.3943
vn -0.7416 0.6320 0.2250
vn -0.6094 -0.7712 0.1842
vn -0.8452 0.4694 0.2556
vn -0.4534 -0.8805 0.1382
vn -0.9165 0.2889 0.2767
vn -0.2797 -0.9561 0.0875
vn -0.9528 0.0976 0.2874
vn -0.0966 0.9945 0.0414
vn -0.0948 -0.9950 0.0326
vn -0.9529 -0.0976 0.2873
vn -0.2741 0.9555 0.1088
vn -0.9166 -0.2890 0.2762
vn -0.2118 0.8928 0.3976
vn -0.8453 -0.4696 0.2547
vn -0.6973 0.6416 0.3194
vn -0.7417 -0.6324 0.2236
vn -0.9905 -0.0974 0.0966
vn -0.1555 0.9316 0.3285
vn -0.9529 -0.2886 0.0929
vn 0.0243 0.7716 0.6357
vn -0.8790 -0.4690 0.0859
vn -0.4886 0.4011 0.7749
vn -0.7714 -0.6318 0.0760
vn -0.8125 0.5710 0.1173
vn -0.6341 -0.7706 0.0636
vn -0.8789 0.4689 0.0871
vn -0.4721 -0.8802 0.0492
vn -0.9528 0.2887 0.0936
vn -0.2912 -0.9561 0.0330
vn -0.9905 0.0975 0.0968
vn -0.1001 0.9947 0.0246
vn -0.0985 -0.9950 0.0146
vn -0.6310 -0.7737 -0.0574
vn -0.8931 0.4420 -0.0842
vn -0.4730 -0.8801 -0.0406
vn -0.9532 0.2883 -0.0914
vn -0.2914 -0.9563 -0.0221
vn -0.9906 0.0973 -0.0959
vn -0.1002 0.9949 0.0082
vn -0.0985 -0.9951 -0.0033
vn -0.9906 -0.0973 -0.0962
vn -0.1011 0.9423 0.3193
vn -0.9532 -0.2880 -0.0923
vn 0.1070 0.8241 0.5562
vn -0.9052 -0.4238 -0.0319
vn -0.5012 0.3761 0.7794
vn -0.7475 -0.6614 -0.0620
vn -0.9805 -0.0583 0.1877
vn -0.9971 -0.0552 -0.0520
vn 0.1702 0.9773 0.1262
vn -0.9581 -0.1201 0.2600
vn -0.6650 0.7458 -0.0400
vn -0.7578 -0.6388 0.1330
vn -0.9089 -0.3406 -0.2408
vn -0.6088 -0.7743 -0.1729
vn -0.9492 0.1468 -0.2782
vn -0.4562 -0.8808 -0.1271
vn -0.9191 0.2878 -0.2691
vn -0.2809 -0.9567 -0.0759
vn -0.9547 0.0971 -0.2812
vn -0.0971 0.9952 -0.0072
vn -0.0950 -0.9953 -0.0207
vn -0.9546 -0.0972 -0.2816
vn -0.0616 0.9975 0.0337
vn -0.4234 -0.8820 -0.2067
vn -0.9368 0.2842 -0.2042
vn -0.2596 -0.9575 -0.1260
vn -0.8871 -0.1069 -0.4491
vn -0.0911 0.9956 -0.0213
vn -0.0881 -0.9954 -0.0369
vn -0.8898 -0.0971 -0.4459
vn 0.0253 0.9731 -0.2290
vn -0.9733 -0.0707 -0.2183
vn 0.2371 0.9182 -0.3174
vn -0.9984 -0.0300 -0.0485
vn -0.2126 0.5903 -0.7787
vn -0.5881 -0.8087 0.0119
vn -0.8261 0.0599 -0.5603
vn -0.2889 -0.9479 -0.1343
vn -0.7822 0.6034 0.1551
vn 0.2052 0.8752 -0.4381
vn -0.6196 -0.1896 -0.7617
vn -0.1133 0.6440 -0.7566
vn -0.3732 -0.8038 -0.4632
vn -0.6165 0.7792 -0.1127
vn -0.3495 -0.9047 -0.2434
vn -0.5801 0.7490 0.3201
vn -0.3752 -0.8850 -0.2758
vn -0.9982 -0.0047 -0.0601
vn -0.2277 -0.9587 -0.1702
vn -0.7473 -0.3944 -0.5348
vn -0.0824 0.9960 -0.0341
vn -0.0781 -0.9956 -0.0515
vn -0.8037 -0.0940 -0.5876
vn 0.0120 0.9576 -0.2880
vn -0.7099 0.0207 -0.7040
vn -0.5805 0.1402 -0.8021
vn -0.1862 -0.9606 -0.2062
vn -0.7140 -0.1769 -0.6775
vn -0.0706 0.9965 -0.0455
vn -0.0651 -0.9958 -0.0642
vn -0.7288 -0.1147 -0.6750
vn -0.2269 0.9678 -0.1090
vn -0.6113 -0.1364 -0.7795
vn -0.0276 0.9327 -0.3596
vn -0.4382 -0.2926 -0.8499
vn -0.3880 0.8038 -0.4509
vn -0.3702 -0.6680 -0.6455
vn -0.3986 0.7741 -0.4919
vn -0.7189 -0.6280 -0.2979
vn -0.3167 0.7767 -0.5444
vn -0.3850 -0.8860 -0.2584
vn -0.6559 -0.4421 -0.6118
vn -0.5769 0.5886 -0.5663
vn -0.8920 -0.4496 -0.0473
vn -0.4039 0.7645 -0.5023
vn -0.8995 -0.4369 -0.0115
vn -0.2764 0.6740 -0.6851
vn -0.4502 -0.8910 -0.0582
vn -0.4848 0.3491 -0.8019
vn -0.0524 -0.9954 -0.0803
vn -0.7062 0.1353 -0.6950
vn -0.0554 0.9969 -0.0553
vn -0.0492 -0.9960 -0.0745
vn -0.6882 -0.1046 -0.7179
vn -0.5753 0.8010 0.1653
vn -0.6562 -0.2941 -0.6949
vn -0.7189 0.6891 0.0917
vn 0.0092 -0.9990 0.0437
vn -0.8072 0.3636 -0.4650
vn -0.0366 0.9974 -0.0628
vn -0.0308 -0.9962 -0.0819
vn -0.7077 -0.1230 -0.6957
vn -0.4854 0.8404 0.2412
vn -0.7513 -0.2771 -0.5990
vn -0.6592 0.7427 0.1177
vn -0.8686 -0.3036 -0.3916
vn -0.7880 0.4012 -0.4670
vn -0.8561 -0.1566 -0.4926
vn -0.7885 0.5868 -0.1843
vn -0.6877 -0.6657 -0.2896
vn -0.6703 0.4451 -0.5938
vn -0.2407 -0.9130 0.3294
vn -0.6797 0.2991 -0.6697
vn -0.5726 0.7217 -0.3888
vn -0.3324 -0.4842 -0.8093
vn -0.6521 0.7417 -0.1572
vn -0.1325 -0.8995 -0.4163
vn -0.5666 0.2068 -0.7976
vn 0.0083 -0.9533 0.3019
vn -0.5385 0.3099 -0.7836
vn 0.0030 -0.9990 0.0451
vn -0.6573 0.5618 -0.5023
vn -0.0148 0.9976 -0.0670
vn -0.0105 -0.9963 -0.0858
vn -0.6089 -0.3566 -0.7085
vn -0.0729 0.9642 0.2548
vn -0.6116 -0.2248 -0.7585
vn -0.1926 0.9812 -0.0116
vn -0.5949 -0.1891 -0.7813
vn 0.5531 -0.3990 -0.7313
vn 0.5475 0.7321 -0.4053
vn 0.7130 -0.4798 -0.5113
vn 0.4326 0.8744 -0.2196
vn 0.5162 -0.8070 -0.2870
vn 0.5069 0.0217 -0.8617
vn 0.3998 -0.8673 0.2966
vn 0.4418 0.2514 -0.8612
vn 0.3185 -0.9479 -0.0012
vn 0.4963 0.3894 -0.7759
vn 0.6340 -0.4231 -0.6473
vn -0.0263 0.9613 0.2742
vn 0.6058 -0.2472 -0.7562
vn 0.3892 0.9203 -0.0403
vn 0.7529 -0.1641 -0.6374
vn 0.6480 0.7597 -0.0541
vn 0.7881 -0.3216 -0.5249
vn 0.8290 0.5521 -0.0894
vn 0.8400 -0.2573 -0.4777
vn 0.7093 0.6208 -0.3340
vn 0.8695 -0.4858 -0.0890
vn 0.8861 0.0106 -0.4634
vn 0.6781 -0.6567 0.3300
vn 0.7309 0.2113 -0.6490
vn 0.4409 -0.8963 -0.0474
vn 0.7140 0.3600 -0.6005
vn 0.8259 -0.2871 -0.4853
vn -0.0156 0.9964 0.0832
vn 0.5509 -0.8325 0.0581
vn 0.5634 0.1342 -0.8152
vn 0.2210 -0.9631 -0.1535
vn 0.6339 0.0942 -0.7677
vn 0.6738 -0.1230 -0.7286
vn 0.1332 0.9706 -0.2005
vn 0.6384 -0.2677 -0.7216
vn 0.3991 0.8936 -0.2054
vn 0.6050 -0.4601 -0.6498
vn 0.5012 0.8043 -0.3194
vn 0.5685 -0.5574 -0.6051
vn 0.5845 0.6771 -0.4471
vn 0.6250 -0.6968 -0.3519
vn 0.6862 0.3757 -0.6228
vn 0.2348 0.9123 -0.3355
vn 0.4003 -0.4642 -0.7901
vn 0.4203 0.7486 -0.5128
vn 0.1400 -0.8004 -0.5829
vn 0.5912 0.6757 -0.4404
vn 0.3742 -0.8033 -0.4633
vn 0.4533 0.5482 -0.7029
vn 0.3228 -0.8943 -0.3098
vn 0.3902 0.0046 -0.9207
vn 0.1935 -0.9612 -0.1965
vn 0.4605 -0.2652 -0.8471
vn 0.7144 -0.0985 -0.6928
vn 0.1626 0.9745 -0.1548
vn 0.6711 -0.2787 -0.6870
vn 0.8667 -0.2459 -0.4340
vn 0.2309 -0.9592 -0.1631
vn 0.7934 -0.4034 -0.4557
vn 0.8029 -0.0710 -0.5919
vn 0.1943 0.9733 -0.1224
vn 0.7554 -0.0040 -0.6552
vn 0.0731 0.8782 -0.4726
vn 0.5318 -0.4356 -0.7263
vn 0.2711 0.4861 -0.8308
vn 0.1411 -0.9024 -0.4072
vn 0.3424 0.8024 -0.4889
vn 0.3547 -0.8575 -0.3728
vn 0.5418 0.7965 -0.2684
vn 0.3782 -0.8868 -0.2658
vn 0.9153 -0.4006 0.0414
vn 0.3486 0.3308 -0.8770
vn 0.5136 -0.8245 0.2376
vn 0.5791 0.0751 -0.8118
vn 0.5849 -0.8041 -0.1063
vn 0.8382 0.5197 0.1653
vn 0.4238 -0.8826 -0.2037
vn 0.8218 0.0112 0.5696
vn 0.2604 -0.9577 -0.1223
vn 0.9839 0.0618 0.1676
vn 0.8890 -0.0716 -0.4523
vn 0.0822 0.9965 -0.0156
vn 0.9327 0.0244 -0.3598
vn 0.0175 0.9165 -0.3995
vn 0.2810 -0.9568 -0.0749
vn 0.9623 0.0750 -0.2616
vn 0.9543 -0.0974 -0.2825
vn -0.0283 0.9991 0.0311
vn 0.9273 -0.2858 -0.2416
vn -0.0234 0.9916 -0.1273
vn 0.8791 -0.4192 0.2267
vn 0.7133 0.2101 -0.6687
vn 0.5186 -0.7708 0.3701
vn 0.8368 -0.1986 -0.5102
vn 0.5931 -0.8012 -0.0796
vn 0.8721 0.4200 -0.2510
vn 0.4562 -0.8807 -0.1273
vn 0.9561 0.2864 -0.0616
vn 0.7729 -0.6324 -0.0514
vn 0.9282 -0.2892 0.2340
vn 0.6346 -0.7705 -0.0590
vn 0.9094 0.4153 -0.0237
vn 0.4725 -0.8803 -0.0416
vn 0.9536 0.2872 -0.0903
vn 0.2915 -0.9563 -0.0227
vn 0.9907 0.0969 -0.0956
vn 0.9906 -0.0972 -0.0964
vn -0.0233 0.9995 0.0218
vn 0.9530 -0.2884 -0.0929
vn 0.0179 0.9788 0.2042
vn 0.8795 -0.4688 -0.0817
vn 0.8716 0.0640 0.4859
vn 0.9906 -0.0973 0.0965
vn 0.0993 0.9947 0.0262
vn 0.9529 -0.2887 0.0928
vn 0.1238 0.8738 0.4703
vn 0.8789 -0.4692 0.0857
vn 0.5597 0.1286 0.8187
vn 0.7713 -0.6320 0.0756
vn 0.7744 -0.0737 0.6284
vn 0.6339 -0.7709 0.0629
vn 0.8804 0.4652 0.0923
vn 0.4718 -0.8804 0.0482
vn 0.9529 0.2884 0.0940
vn 0.2910 -0.9562 0.0320
vn 0.9905 0.0974 0.0969
vn 0.7403 0.4088 0.5338
vn 0.6093 -0.7713 0.1840
vn 0.8452 0.4693 0.2560
vn 0.4534 -0.8806 0.1376
vn 0.2797 -0.9562 0.0865
vn 0.9528 0.0977 0.2875
vn 0.9610 -0.0977 0.2586
vn 0.2450 0.9657 0.0866
vn 0.9162 -0.3257 0.2337
vn 0.2160 0.8241 0.5236
vn 0.4772 0.3247 0.8166
vn 0.7417 -0.6324 0.2236
vn 0.9608 -0.1014 0.2582
vn 0.2564 0.9554 0.1464
vn 0.8240 -0.5650 0.0430
vn 0.3591 0.8795 0.3122
vn 0.7833 -0.5282 0.3277
vn 0.5441 0.6905 0.4766
vn 0.6836 -0.6328 0.3637
vn 0.6834 0.6324 0.3648
vn 0.7791 0.4698 0.4152
vn 0.4177 -0.8809 0.2225
vn 0.8449 0.2893 0.4499
vn 0.2577 -0.9563 0.1383
vn 0.8968 0.1236 0.4248
vn 0.4922 -0.7719 0.4023
vn 0.6831 0.4701 0.5590
vn 0.3661 -0.8811 0.2993
vn 0.7308 0.3289 0.5981
vn 0.2258 -0.9564 0.1852
vn 0.7547 0.2770 0.5947
vn 0.8236 -0.1409 0.5493
vn 0.2251 0.9552 0.1922
vn 0.4688 -0.8586 0.2073
vn 0.3659 0.8801 0.3027
vn 0.6575 -0.5790 0.4821
vn 0.4920 0.7713 0.4038
vn 0.5993 -0.6330 0.4900
vn 0.5991 0.6328 0.4905
vn 0.1845 0.9553 0.2309
vn -0.1766 -0.3517 0.9193
vn 0.3002 0.8804 0.3671
vn 0.4996 -0.5404 0.6770
vn 0.4047 0.7717 0.4906
vn 0.5063 -0.6517 0.5648
vn 0.4996 0.6335 0.5908
vn 0.4040 -0.7721 0.4905
vn 0.5607 0.4703 0.6815
vn 0.3004 -0.8814 0.3647
vn 0.6076 0.2921 0.7386
vn 0.1852 -0.9565 0.2253
vn 0.5204 0.2318 0.8219
vn -0.0517 -0.0937 0.9943
vn 0.4988 0.4219 0.7572
vn 0.2232 -0.8815 0.4161
vn 0.4718 0.2781 0.8367
vn 0.4723 0.0906 0.8768
vn 0.3026 0.1919 0.9336
vn 0.1369 0.9555 0.2615
vn 0.4707 -0.4215 0.7751
vn 0.2228 0.8810 0.4175
vn 0.6508 -0.6067 0.4565
vn 0.4185 0.7743 0.4746
vn 0.4859 -0.7548 0.4407
vn 0.6115 0.4995 0.6137
vn 0.3002 -0.7723 0.5599
vn 0.6157 -0.0462 0.7867
vn 0.1166 0.9153 0.3855
vn 0.3186 -0.7404 0.5918
vn 0.3487 0.8231 0.4482
vn 0.2194 -0.8250 0.5207
vn 0.5804 0.4452 0.6818
vn 0.1849 -0.7724 0.6076
vn 0.5241 0.4339 0.7328
vn 0.1374 -0.8816 0.4515
vn 0.5420 0.2080 0.8142
vn 0.4735 0.0458 0.8796
vn 0.4149 0.1791 0.8921
vn 0.0841 0.9556 0.2825
vn 0.0464 -0.8817 0.4696
vn 0.3154 0.1421 0.9383
vn 0.2265 0.0473 0.9729
vn 0.2616 0.3300 0.9070
vn 0.0282 0.9556 0.2932
vn 0.2541 -0.3565 0.8991
vn 0.0303 0.9501 0.3106
vn -0.1639 -0.7450 0.6466
vn 0.0875 0.8966 0.4341
vn -0.1979 -0.8046 0.5599
vn 0.1855 0.5091 0.8405
vn 0.0624 -0.7725 0.6320
vn 0.2202 0.5513 0.8047
vn -0.4894 -0.6798 0.5462
vn -0.2159 0.8558 0.4700
vn -0.1868 -0.6966 0.6927
vn -0.4109 0.4732 0.7792
vn -0.0624 -0.7725 0.6320
vn -0.3930 0.5253 0.7547
vn -0.0464 -0.8817 0.4696
vn -0.4221 0.1274 0.8975
vn -0.2977 0.0371 0.9539
vn -0.4019 0.0381 0.9149
vn -0.0288 0.9556 0.2931
vn -0.6466 -0.6192 0.4455
vn -0.0355 0.9321 0.3604
vn -0.0847 -0.9567 0.2785
vn -0.4187 0.0377 0.9073
vn -0.3712 -0.0985 0.9233
vn -0.0848 0.9556 0.2823
vn -0.5155 -0.2866 0.8075
vn -0.1326 0.8896 0.4371
vn -0.2794 -0.4912 0.8250
vn -0.3664 0.7857 0.4984
vn -0.2251 -0.6334 0.7403
vn -0.5670 0.4603 0.6831
vn -0.1849 -0.7724 0.6076
vn -0.4459 0.4761 0.7580
vn -0.1374 -0.8816 0.4515
vn -0.4672 0.2441 0.8498
vn -0.3308 0.7730 0.5413
vn -0.3656 -0.6334 0.6821
vn -0.4548 0.5813 0.6747
vn -0.3002 -0.7723 0.5599
vn -0.4176 0.4704 0.7774
vn -0.2232 -0.8815 0.4161
vn -0.4519 0.2895 0.8438
vn -0.1376 -0.9566 0.2567
vn -0.4261 0.0984 0.8993
vn -0.1081 -0.0947 0.9896
vn -0.1375 0.9555 0.2611
vn -0.1029 -0.2800 0.9545
vn -0.2233 0.8807 0.4178
vn -0.4018 -0.4709 0.7854
vn -0.5603 0.2474 0.7905
vn -0.3131 -0.1586 0.9364
vn -0.1852 0.9553 0.2304
vn -0.1241 -0.6187 0.7758
vn -0.3004 0.8804 0.3668
vn -0.4854 -0.4851 0.7274
vn -0.4039 0.7716 0.4913
vn -0.4919 -0.6332 0.5975
vn -0.4918 0.6331 0.5978
vn -0.4040 -0.7721 0.4905
vn -0.5607 0.4702 0.6815
vn -0.3004 -0.8814 0.3646
vn -0.6034 0.3130 0.7335
vn -0.1853 -0.9565 0.2252
vn -0.5993 -0.6330 0.4900
vn -0.5992 0.6328 0.4905
vn -0.4923 -0.7719 0.4023
vn -0.6831 0.4701 0.5590
vn -0.3661 -0.8811 0.2992
vn -0.7369 0.3054 0.6030
vn -0.2258 -0.9564 0.1852
vn -0.7882 0.2015 0.5815
vn -0.8758 -0.1321 0.4643
vn -0.2259 0.9552 0.1915
vn -0.7055 -0.6680 0.2367
vn -0.3662 0.8801 0.3022
vn -0.6983 -0.5350 0.4756
vn -0.4922 0.7713 0.4036
vn -0.9377 -0.0979 0.3333
vn -0.2582 0.9550 0.1459
vn -0.8608 -0.4527 0.2324
vn -0.4180 0.8797 0.2266
vn -0.7804 -0.4783 0.4028
vn -0.5616 0.7708 0.3008
vn -0.6836 -0.6328 0.3636
vn -0.5616 -0.7716 0.2987
vn -0.7791 0.4698 0.4151
vn -0.4177 -0.8809 0.2225
vn -0.8449 0.2892 0.4499
vn -0.2577 -0.9563 0.1383
vn -0.8880 0.0979 0.4494
vn -0.7536 0.5649 0.3363
vn -0.6093 -0.7713 0.1839
vn -0.8452 0.4693 0.2557
vn -0.4534 -0.8806 0.1376
vn -0.9165 0.2889 0.2768
vn -0.2797 -0.9562 0.0864
vn -0.9529 -0.0975 0.2872
vn -0.2746 0.9570 0.0937
vn -0.9166 -0.2890 0.2763
vn -0.4459 0.8804 0.1617
vn -0.4416 0.7363 0.5127
vn -0.7416 -0.6325 0.2235
vn -0.9906 -0.0974 0.0965
vn -0.2854 0.9575 0.0418
vn -0.9529 -0.2887 0.0928
vn -0.2238 0.9080 0.3541
vn -0.8789 -0.4692 0.0857
vn -0.3337 0.4491 0.8288
vn -0.7713 -0.6320 0.0756
vn -0.7063 -0.0403 0.7068
vn -0.6339 -0.7709 0.0629
vn -0.8891 0.4406 0.1238
vn -0.4718 -0.8804 0.0482
vn -0.9529 0.2885 0.0938
vn -0.2910 -0.9562 0.0320
vn -0.9905 0.0974 0.0969
vn -0.6349 -0.7709 -0.0511
vn -0.9627 0.1449 0.2284
vn -0.4725 -0.8804 -0.0416
vn -0.9534 0.2878 -0.0909
vn -0.2915 -0.9563 -0.0227
vn -0.9907 0.0971 -0.0957
vn -0.9906 -0.0972 -0.0963
vn -0.1660 0.9861 0.0017
vn -0.9530 -0.2884 -0.0927
vn 0.0286 0.9586 0.2832
vn -0.8792 -0.4688 -0.0851
vn -0.4669 0.3837 0.7967
vn -0.7737 -0.6333 -0.0185
vn -0.7878 -0.3306 0.5197
vn -0.9184 -0.2881 -0.2713
vn 0.1820 0.9787 0.0944
vn -0.9072 -0.4206 0.0107
vn -0.6674 0.7431 -0.0496
vn -0.6116 -0.6927 0.3822
vn -0.9243 -0.3290 -0.1934
vn -0.5070 -0.8442 0.1740
vn -0.9564 0.1816 -0.2288
vn -0.4562 -0.8807 -0.1273
vn -0.9197 0.2868 -0.2682
vn -0.2810 -0.9568 -0.0749
vn -0.9548 0.0968 -0.2809
vn -0.9545 -0.0969 -0.2820
vn -0.0486 0.9988 0.0071
vn -0.4237 -0.8827 -0.2036
vn -0.9976 -0.0244 0.0646
vn -0.2604 -0.9577 -0.1223
vn -0.9688 0.0961 -0.2283
vn -0.8884 -0.0931 -0.4496
vn -0.1315 0.9904 -0.0421
vn -0.8910 0.0825 -0.4465
vn 0.1181 0.9822 -0.1458
vn -0.9612 -0.1978 -0.1924
vn -0.1921 0.5969 -0.7790
vn -0.5140 -0.8281 0.2238
vn -0.5629 -0.1145 -0.8186
vn -0.4829 -0.8743 0.0495
vn -0.8051 0.1777 -0.5660
vn -0.0389 0.9372 -0.3466
vn -0.6626 -0.2557 -0.7040
vn -0.1021 0.5609 -0.8216
vn -0.2441 -0.8331 -0.4964
vn -0.3697 0.2046 -0.9063
vn -0.2037 -0.9271 -0.3147
vn -0.7311 0.6619 -0.1653
vn -0.3781 -0.8869 -0.2655
vn -0.9774 -0.1910 0.0904
vn -0.2310 -0.9592 -0.1627
vn -0.9858 -0.1398 -0.0931
vn -0.8137 -0.1153 -0.5697
vn -0.2167 0.9661 -0.1400
vn -0.8035 -0.0963 -0.5875
vn -0.5354 0.0759 -0.8412
vn -0.2563 -0.9608 -0.1058
vn -0.5725 -0.2806 -0.7704
vn -0.7226 -0.1035 -0.6834
vn -0.1819 0.9677 -0.1747
vn -0.7015 -0.2895 -0.6513
vn -0.3706 0.8849 -0.2821
vn -0.5186 -0.4602 -0.7206
vn -0.2777 0.6726 -0.6859
vn -0.2000 -0.7407 -0.6414
vn -0.4196 0.7658 -0.4874
vn -0.1897 -0.8778 -0.4399
vn -0.4256 0.7349 -0.5280
vn -0.4812 -0.8761 -0.0300
vn -0.6312 -0.4071 -0.6602
vn -0.8060 0.5914 -0.0255
vn -0.6928 -0.2624 -0.6717
vn -0.5393 0.6778 -0.4998
vn -0.8944 -0.4443 -0.0509
vn -0.5158 0.4795 -0.7099
vn -0.6455 -0.6517 0.3982
vn -0.4050 0.1865 -0.8951
vn -0.4153 -0.9096 0.0131
vn -0.5321 -0.1025 -0.8405
vn -0.6991 -0.1240 -0.7042
vn -0.0239 0.9997 0.0001
vn -0.6586 -0.2981 -0.6910
vn -0.6627 0.7481 -0.0340
vn -0.3354 -0.9407 0.0515
vn -0.6890 0.1374 -0.7116
vn -0.7889 -0.3036 -0.5343
vn 0.0557 0.9743 0.2182
vn -0.6974 -0.2028 -0.6874
vn -0.5501 0.8344 -0.0331
vn -0.7607 -0.1326 -0.6354
vn -0.8461 0.3975 -0.3553
vn -0.8803 -0.1734 -0.4416
vn -0.7519 0.5749 -0.3228
vn -0.7602 -0.6329 -0.1464
vn -0.8658 0.0931 -0.4917
vn -0.5010 -0.8091 0.3072
vn -0.6918 0.3149 -0.6498
vn -0.2986 0.6694 -0.6803
vn -0.5772 -0.6112 -0.5416
vn -0.5623 0.7539 -0.3397
vn -0.2468 -0.9132 -0.3244
vn -0.6949 0.0007 -0.7192
vn -0.0635 -0.9590 0.2762
vn -0.5624 0.3332 -0.7568
vn -0.0184 -0.9984 0.0542
vn -0.5344 0.4551 -0.7122
vn -0.6553 -0.4202 -0.6277
vn 0.0228 0.9610 0.2756
vn -0.6295 -0.2418 -0.7384
vn -0.1051 0.9919 -0.0706
vn -0.6099 -0.1656 -0.7750
vt 0.750000 0.375000
vt 0.718750 0.312500
vt 0.750000 0.312500
vt 0.750000 0.812500
vt 0.718750 0.750000
vt 0.750000 0.750000
vt 0.750000 0.250000
vt 0.718750 0.250000
vt 0.718750 0.687500
vt 0.750000 0.687500
vt 0.750000 0.187500
vt 0.718750 0.187500
vt 0.750000 0.625000
vt 0.718750 0.625000
vt 0.750000 0.125000
vt 0.718750 0.125000
vt 0.718750 0.562500
vt 0.750000 0.562500
vt 0.718750 0.062500
vt 0.750000 0.062500
vt 0.718750 0.500000
vt 0.750000 0.500000
vt 0.750000 0.937500
vt 0.734375 1.000000
vt 0.718750 0.937500
vt 0.734375 0.000000
vt 0.750000 0.437500
vt 0.718750 0.437500
vt 0.750000 0.875000
vt 0.718750 0.875000
vt 0.718750 0.375000
vt 0.718750 0.812500
vt 0.687500 0.437500
vt 0.687500 0.375000
vt 0.687500 0.812500
vt 0.687500 0.312500
vt 0.687500 0.750000
vt 0.687500 0.250000
vt 0.687500 0.687500
vt 0.687500 0.187500
vt 0.687500 0.625000
vt 0.687500 0.125000
vt 0.687500 0.562500
vt 0.687500 0.062500
vt 0.687500 0.500000
vt 0.703125 1.000000
vt 0.687500 0.937500
vt 0.703125 0.000000
vt 0.687500 0.875000
vt 0.656250 0.187500
vt 0.656250 0.125000
vt 0.656250 0.562500
vt 0.656250 0.062500
vt 0.656250 0.500000
vt 0.671875 1.000000
vt 0.656250 0.937500
vt 0.671875 0.000000
vt 0.656250 0.437500
vt 0.656250 0.875000
vt 0.656250 0.375000
vt 0.656250 0.812500
vt 0.656250 0.312500
vt 0.656250 0.750000
vt 0.656250 0.250000
vt 0.656250 0.687500
vt 0.656250 0.625000
vt 0.625000 0.812500
vt 0.625000 0.375000
vt 0.625000 0.312500
vt 0.625000 0.750000
vt 0.625000 0.250000
vt 0.625000 0.687500
vt 0.625000 0.187500
vt 0.625000 0.625000
vt 0.625000 0.125000
vt 0.625000 0.562500
vt 0.625000 0.062500
vt 0.625000 0.500000
vt 0.640625 1.000000
vt 0.625000 0.937500
vt 0.640625 0.000000
vt 0.625000 0.437500
vt 0.625000 0.875000
vt 0.593750 0.562500
vt 0.593750 0.125000
vt 0.593750 0.062500
vt 0.593750 0.500000
vt 0.609375 1.000000
vt 0.593750 0.937500
vt 0.609375 0.000000
vt 0.593750 0.437500
vt 0.593750 0.875000
vt 0.593750 0.375000
vt 0.593750 0.812500
vt 0.593750 0.312500
vt 0.593750 0.750000
vt 0.593750 0.250000
vt 0.593750 0.687500
vt 0.593750 0.187500
vt 0.593750 0.625000
vt 0.562500 0.312500
vt 0.562500 0.750000
vt 0.562500 0.250000
vt 0.562500 0.687500
vt 0.562500 0.187500
vt 0.562500 0.625000
vt 0.562500 0.125000
vt 0.562500 0.562500
vt 0.562500 0.062500
vt 0.562500 0.500000
vt 0.578125 1.000000
vt 0.562500 0.937500
vt 0.578125 0.000000
vt 0.562500 0.437500
vt 0.562500 0.875000
vt 0.562500 0.375000
vt 0.562500 0.812500
vt 0.531250 0.125000
vt 0.531250 0.062500
vt 0.531250 0.562500
vt 0.531250 0.500000
vt 0.546875 1.000000
vt 0.531250 0.937500
vt 0.546875 0.000000
vt 0.531250 0.437500
vt 0.531250 0.875000
vt 0.531250 0.375000
vt 0.531250 0.812500
vt 0.531250 0.312500
vt 0.531250 0.750000
vt 0.531250 0.250000
vt 0.531250 0.687500
vt 0.531250 0.187500
vt 0.531250 0.625000
vt 0.500000 0.250000
vt 0.500000 0.750000
vt 0.500000 0.687500
vt 0.500000 0.187500
vt 0.500000 0.625000
vt 0.500000 0.125000
vt 0.500000 0.562500
vt 0.500000 0.062500
vt 0.500000 0.500000
vt 0.515625 1.000000
vt 0.500000 0.937500
vt 0.515625 0.000000
vt 0.500000 0.437500
vt 0.500000 0.875000
vt 0.500000 0.375000
vt 0.500000 0.812500
vt 0.500000 0.312500
vt 0.484375 1.000000
vt 0.468750 0.937500
vt 0.484375 0.000000
vt 0.468750 0.062500
vt 0.468750 0.500000
vt 0.468750 0.437500
vt 0.468750 0.875000
vt 0.468750 0.375000
vt 0.468750 0.812500
vt 0.468750 0.312500
vt 0.468750 0.750000
vt 0.468750 0.250000
vt 0.468750 0.687500
vt 0.468750 0.187500
vt 0.468750 0.625000
vt 0.468750 0.125000
vt 0.468750 0.562500
vt 0.437500 0.750000
vt 0.437500 0.687500
vt 0.437500 0.187500
vt 0.437500 0.625000
vt 0.437500 0.125000
vt 0.437500 0.562500
vt 0.437500 0.062500
vt 0.437500 0.500000
vt 0.453125 1.000000
vt 0.437500 0.937500
vt 0.453125 0.000000
vt 0.437500 0.437500
vt 0.437500 0.875000
vt 0.437500 0.375000
vt 0.437500 0.812500
vt 0.437500 0.312500
vt 0.437500 0.250000
vt 0.406250 0.500000
vt 0.406250 0.437500
vt 0.406250 0.875000
vt 0.406250 0.375000
vt 0.406250 0.812500
vt 0.406250 0.312500
vt 0.406250 0.750000
vt 0.406250 0.250000
vt 0.406250 0.687500
vt 0.406250 0.187500
vt 0.406250 0.625000
vt 0.406250 0.125000
vt 0.406250 0.562500
vt 0.406250 0.062500
vt 0.421875 1.000000
vt 0.406250 0.937500
vt 0.421875 0.000000
vt 0.375000 0.187500
vt 0.375000 0.687500
vt 0.375000 0.625000
vt 0.375000 0.125000
vt 0.375000 0.562500
vt 0.375000 0.062500
vt 0.375000 0.500000
vt 0.390625 1.000000
vt 0.375000 0.937500
vt 0.390625 0.000000
vt 0.375000 0.437500
vt 0.375000 0.875000
vt 0.375000 0.375000
vt 0.375000 0.812500
vt 0.375000 0.312500
vt 0.375000 0.750000
vt 0.375000 0.250000
vt 0.343750 0.937500
vt 0.343750 0.875000
vt 0.343750 0.375000
vt 0.343750 0.812500
vt 0.343750 0.312500
vt 0.343750 0.750000
vt 0.343750 0.250000
vt 0.343750 0.687500
vt 0.343750 0.187500
vt 0.343750 0.625000
vt 0.343750 0.125000
vt 0.343750 0.562500
vt 0.343750 0.062500
vt 0.343750 0.500000
vt 0.359375 1.000000
vt 0.359375 0.000000
vt 0.343750 0.437500
vt 0.312500 0.625000
vt 0.312500 0.125000
vt 0.312500 0.562500
vt 0.312500 0.062500
vt 0.312500 0.500000
vt 0.328125 1.000000
vt 0.312500 0.937500
vt 0.328125 0.000000
vt 0.312500 0.437500
vt 0.312500 0.875000
vt 0.312500 0.375000
vt 0.312500 0.812500
vt 0.312500 0.312500
vt 0.312500 0.750000
vt 0.312500 0.250000
vt 0.312500 0.687500
vt 0.312500 0.187500
vt 0.281250 0.437500
vt 0.281250 0.375000
vt 0.281250 0.875000
vt 0.281250 0.812500
vt 0.281250 0.312500
vt 0.281250 0.750000
vt 0.281250 0.250000
vt 0.281250 0.687500
vt 0.281250 0.187500
vt 0.281250 0.625000
vt 0.281250 0.125000
vt 0.281250 0.562500
vt 0.281250 0.062500
vt 0.281250 0.500000
vt 0.296875 1.000000
vt 0.281250 0.937500
vt 0.296875 0.000000
vt 0.250000 0.125000
vt 0.250000 0.562500
vt 0.250000 0.062500
vt 0.250000 0.500000
vt 0.265625 1.000000
vt 0.250000 0.937500
vt 0.265625 0.000000
vt 0.250000 0.437500
vt 0.250000 0.875000
vt 0.250000 0.375000
vt 0.250000 0.812500
vt 0.250000 0.312500
vt 0.250000 0.750000
vt 0.250000 0.250000
vt 0.250000 0.687500
vt 0.250000 0.187500
vt 0.250000 0.625000
vt 0.218750 0.375000
vt 0.218750 0.312500
vt 0.218750 0.750000
vt 0.218750 0.250000
vt 0.218750 0.687500
vt 0.218750 0.187500
vt 0.218750 0.625000
vt 0.218750 0.125000
vt 0.218750 0.562500
vt 0.218750 0.062500
vt 0.218750 0.500000
vt 0.234375 1.000000
vt 0.218750 0.937500
vt 0.234375 0.000000
vt 0.218750 0.437500
vt 0.218750 0.875000
vt 0.218750 0.812500
vt 0.187500 0.125000
vt 0.187500 0.062500
vt 0.187500 0.562500
vt 0.187500 0.500000
vt 0.203125 1.000000
vt 0.187500 0.937500
vt 0.203125 0.000000
vt 0.187500 0.437500
vt 0.187500 0.875000
vt 0.187500 0.375000
vt 0.187500 0.812500
vt 0.187500 0.312500
vt 0.187500 0.750000
vt 0.187500 0.250000
vt 0.187500 0.687500
vt 0.187500 0.187500
vt 0.187500 0.625000
vt 0.156250 0.750000
vt 0.156250 0.312500
vt 0.156250 0.250000
vt 0.156250 0.687500
vt 0.156250 0.187500
vt 0.156250 0.625000
vt 0.156250 0.125000
vt 0.156250 0.562500
vt 0.156250 0.062500
vt 0.156250 0.500000
vt 0.171875 1.000000
vt 0.156250 0.937500
vt 0.171875 0.000000
vt 0.156250 0.437500
vt 0.156250 0.875000
vt 0.156250 0.375000
vt 0.156250 0.812500
vt 0.125000 0.562500
vt 0.125000 0.500000
vt 0.140625 1.000000
vt 0.125000 0.937500
vt 0.140625 0.000000
vt 0.125000 0.062500
vt 0.125000 0.437500
vt 0.125000 0.875000
vt 0.125000 0.375000
vt 0.125000 0.812500
vt 0.125000 0.312500
vt 0.125000 0.750000
vt 0.125000 0.250000
vt 0.125000 0.687500
vt 0.125000 0.187500
vt 0.125000 0.625000
vt 0.125000 0.125000
vt 0.093750 0.312500
vt 0.093750 0.250000
vt 0.093750 0.687500
vt 0.093750 0.187500
vt 0.093750 0.625000
vt 0.093750 0.125000
vt 0.093750 0.562500
vt 0.093750 0.062500
vt 0.093750 0.500000
vt 0.109375 1.000000
vt 0.093750 0.937500
vt 0.109375 0.000000
vt 0.093750 0.437500
vt 0.093750 0.875000
vt 0.093750 0.375000
vt 0.093750 0.812500
vt 0.093750 0.750000
vt 0.078125 1.000000
vt 0.062500 0.937500
vt 0.078125 0.000000
vt 0.062500 0.062500
vt 0.062500 0.437500
vt 0.062500 0.875000
vt 0.062500 0.375000
vt 0.062500 0.812500
vt 0.062500 0.312500
vt 0.062500 0.750000
vt 0.062500 0.250000
vt 0.062500 0.687500
vt 0.062500 0.187500
vt 0.062500 0.625000
vt 0.062500 0.125000
vt 0.062500 0.562500
vt 0.062500 0.500000
vt 0.031250 0.687500
vt 0.031250 0.250000
vt 0.031250 0.187500
vt 0.031250 0.625000
vt 0.031250 0.125000
vt 0.031250 0.562500
vt 0.031250 0.062500
vt 0.031250 0.500000
vt 0.046875 1.000000
vt 0.031250 0.937500
vt 0.046875 0.000000
vt 0.031250 0.437500
vt 0.031250 0.875000
vt 0.031250 0.375000
vt 0.031250 0.812500
vt 0.031250 0.312500
vt 0.031250 0.750000
vt 0.000000 0.437500
vt 0.000000 0.937500
vt 0.000000 0.875000
vt 0.000000 0.375000
vt 0.000000 0.812500
vt 0.000000 0.312500
vt 0.000000 0.750000
vt 0.000000 0.250000
vt 0.000000 0.687500
vt 0.000000 0.187500
vt 0.000000 0.625000
vt 0.000000 0.125000
vt 0.000000 0.562500
vt 0.000000 0.062500
vt 0.000000 0.500000
vt 0.015625 1.000000
vt 0.015625 0.000000
vt 1.000000 0.187500
vt 0.968750 0.250000
vt 0.968750 0.187500
vt 1.000000 0.687500
vt 0.968750 0.625000
vt 1.000000 0.625000
vt 1.000000 0.125000
vt 0.968750 0.125000
vt 0.968750 0.562500
vt 1.000000 0.562500
vt 0.968750 0.062500
vt 1.000000 0.062500
vt 0.968750 0.500000
vt 1.000000 0.500000
vt 1.000000 0.937500
vt 0.984375 1.000000
vt 0.968750 0.937500
vt 0.984375 0.000000
vt 0.968750 0.437500
vt 1.000000 0.437500
vt 1.000000 0.875000
vt 0.968750 0.875000
vt 1.000000 0.375000
vt 0.968750 0.375000
vt 1.000000 0.812500
vt 0.968750 0.812500
vt 1.000000 0.312500
vt 0.968750 0.312500
vt 1.000000 0.750000
vt 0.968750 0.750000
vt 1.000000 0.250000
vt 0.968750 0.687500
vt 0.937500 0.437500
vt 0.937500 0.375000
vt 0.937500 0.812500
vt 0.937500 0.312500
vt 0.937500 0.750000
vt 0.937500 0.250000
vt 0.937500 0.687500
vt 0.937500 0.187500
vt 0.937500 0.625000
vt 0.937500 0.125000
vt 0.937500 0.562500
vt 0.937500 0.062500
vt 0.937500 0.500000
vt 0.953125 1.000000
vt 0.937500 0.937500
vt 0.953125 0.000000
vt 0.937500 0.875000
vt 0.906250 0.125000
vt 0.906250 0.562500
vt 0.906250 0.062500
vt 0.906250 0.500000
vt 0.921875 1.000000
vt 0.906250 0.937500
vt 0.921875 0.000000
vt 0.906250 0.437500
vt 0.906250 0.875000
vt 0.906250 0.375000
vt 0.906250 0.812500
vt 0.906250 0.312500
vt 0.906250 0.750000
vt 0.906250 0.250000
vt 0.906250 0.687500
vt 0.906250 0.187500
vt 0.906250 0.625000
vt 0.875000 0.812500
vt 0.875000 0.312500
vt 0.875000 0.750000
vt 0.875000 0.250000
vt 0.875000 0.687500
vt 0.875000 0.187500
vt 0.875000 0.625000
vt 0.875000 0.125000
vt 0.875000 0.562500
vt 0.875000 0.062500
vt 0.875000 0.500000
vt 0.890625 1.000000
vt 0.875000 0.937500
vt 0.890625 0.000000
vt 0.875000 0.437500
vt 0.875000 0.875000
vt 0.875000 0.375000
vt 0.843750 0.625000
vt 0.843750 0.562500
vt 0.843750 0.062500
vt 0.843750 0.500000
vt 0.859375 1.000000
vt 0.843750 0.937500
vt 0.859375 0.000000
vt 0.843750 0.437500
vt 0.843750 0.875000
vt 0.843750 0.375000
vt 0.843750 0.812500
vt 0.843750 0.312500
vt 0.843750 0.750000
vt 0.843750 0.250000
vt 0.843750 0.687500
vt 0.843750 0.187500
vt 0.843750 0.125000
vt 0.812500 0.312500
vt 0.812500 0.812500
vt 0.812500 0.750000
vt 0.812500 0.250000
vt 0.812500 0.687500
vt 0.812500 0.187500
vt 0.812500 0.625000
vt 0.812500 0.125000
vt 0.812500 0.562500
vt 0.812500 0.062500
vt 0.812500 0.500000
vt 0.828125 1.000000
vt 0.812500 0.937500
vt 0.828125 0.000000
vt 0.812500 0.437500
vt 0.812500 0.875000
vt 0.812500 0.375000
vt 0.781250 0.125000
vt 0.781250 0.062500
vt 0.781250 0.562500
vt 0.781250 0.500000
vt 0.796875 1.000000
vt 0.781250 0.937500
vt 0.796875 0.000000
vt 0.781250 0.437500
vt 0.781250 0.875000
vt 0.781250 0.375000
vt 0.781250 0.812500
vt 0.781250 0.312500
vt 0.781250 0.750000
vt 0.781250 0.250000
vt 0.781250 0.687500
vt 0.781250 0.187500
vt 0.781250 0.625000
vt 0.765625 1.000000
vt 0.765625 0.000000
s 0
f 960/560/932 499/561/932 488/562/932
f 483/563/933 492/564/933 958/565/933
f 961/566/934 499/561/934 500/567/934
f 958/565/935 493/568/935 484/569/935
f 962/570/936 500/567/936 501/571/936
f 959/572/937 493/568/937 494/573/937
f 963/574/938 501/571/938 502/575/938
f 959/572/939 495/576/939 485/577/939
f 963/574/940 503/578/940 964/579/940
f 485/577/941 496/580/941 486/581/941
f 956/582/942 564/583/942 489/584/942
f 790/585/943 964/579/943 503/578/943
f 487/586/944 496/580/944 497/587/944
f 957/588/945 489/584/945 490/589/945
f 960/560/946 497/587/946 498/590/946
f 957/588/947 491/591/947 483/563/947
f 498/590/948 512/592/948 513/593/948
f 490/589/949 506/594/949 491/591/949
f 499/561/950 513/593/950 514/595/950
f 491/591/951 507/596/951 492/564/951
f 500/567/952 514/595/952 515/597/952
f 492/564/953 508/598/953 493/568/953
f 501/571/954 515/597/954 516/599/954
f 494/573/955 508/598/955 509/600/955
f 502/575/956 516/599/956 517/601/956
f 495/576/957 509/600/957 510/602/957
f 502/575/958 518/603/958 503/578/958
f 496/580/959 510/602/959 511/604/959
f 489/584/960 564/605/960 504/606/960
f 790/607/961 503/578/961 518/603/961
f 497/587/962 511/604/962 512/592/962
f 490/589/963 504/606/963 505/608/963
f 517/601/964 531/609/964 532/610/964
f 509/600/965 525/611/965 510/602/965
f 518/603/966 532/610/966 533/612/966
f 511/604/967 525/611/967 526/613/967
f 504/606/968 564/614/968 519/615/968
f 790/616/969 518/603/969 533/612/969
f 512/592/970 526/613/970 527/617/970
f 504/606/971 520/618/971 505/608/971
f 513/593/972 527/617/972 528/619/972
f 505/608/973 521/620/973 506/594/973
f 514/595/974 528/619/974 529/621/974
f 506/594/975 522/622/975 507/596/975
f 515/597/976 529/621/976 530/623/976
f 507/596/977 523/624/977 508/598/977
f 516/599/978 530/623/978 531/609/978
f 509/600/979 523/624/979 524/625/979
f 520/618/980 536/626/980 521/620/980
f 529/621/981 543/627/981 544/628/981
f 521/620/982 537/629/982 522/622/982
f 529/621/983 545/630/983 530/623/983
f 523/624/984 537/629/984 538/631/984
f 531/609/985 545/630/985 546/632/985
f 524/625/986 538/631/986 539/633/986
f 532/610/987 546/632/987 547/634/987
f 524/625/988 540/635/988 525/611/988
f 533/612/989 547/634/989 548/636/989
f 525/611/990 541/637/990 526/613/990
f 519/615/991 564/638/991 534/639/991
f 790/640/992 533/612/992 548/636/992
f 527/617/993 541/637/993 542/641/993
f 519/615/994 535/642/994 520/618/994
f 528/619/995 542/641/995 543/627/995
f 539/633/996 555/643/996 540/635/996
f 548/636/997 562/644/997 563/645/997
f 540/635/998 556/646/998 541/637/998
f 534/639/999 564/647/999 549/648/999
f 790/649/1000 548/636/1000 563/645/1000
f 542/641/1001 556/646/1001 557/650/1001
f 535/642/1002 549/648/1002 550/651/1002
f 543/627/1003 557/650/1003 558/652/1003
f 536/626/1004 550/651/1004 551/653/1004
f 544/628/1005 558/652/1005 559/654/1005
f 536/626/1006 552/655/1006 537/629/1006
f 544/628/1007 560/656/1007 545/630/1007
f 538/631/1008 552/655/1008 553/657/1008
f 545/630/1009 561/658/1009 546/632/1009
f 539/633/1010 553/657/1010 554/659/1010
f 547/634/1011 561/658/1011 562/644/1011
f 558/652/1012 575/660/1012 559/654/1012
f 551/653/1013 568/661/1013 552/655/1013
f 559/654/1014 576/662/1014 560/656/1014
f 552/655/1015 569/663/1015 553/657/1015
f 560/656/1016 577/664/1016 561/658/1016
f 553/657/1017 570/665/1017 554/659/1017
f 562/644/1018 577/664/1018 578/666/1018
f 554/659/1019 571/667/1019 555/643/1019
f 563/645/1020 578/666/1020 579/668/1020
f 555/643/1021 572/669/1021 556/646/1021
f 549/648/1022 564/670/1022 565/671/1022
f 790/672/1023 563/645/1023 579/668/1023
f 556/646/1024 573/673/1024 557/650/1024
f 550/651/1025 565/671/1025 566/674/1025
f 557/650/1026 574/675/1026 558/652/1026
f 551/653/1027 566/674/1027 567/676/1027
f 579/668/1028 593/677/1028 594/678/1028
f 572/669/1029 586/679/1029 587/680/1029
f 565/671/1030 564/681/1030 580/682/1030
f 790/683/1031 579/668/1031 594/678/1031
f 572/669/1032 588/684/1032 573/673/1032
f 566/674/1033 580/682/1033 581/685/1033
f 573/673/1034 589/686/1034 574/675/1034
f 567/676/1035 581/685/1035 582/687/1035
f 574/675/1036 590/688/1036 575/660/1036
f 567/676/1037 583/689/1037 568/661/1037
f 576/662/1038 590/688/1038 591/690/1038
f 568/661/1039 584/691/1039 569/663/1039
f 577/664/1040 591/690/1040 592/692/1040
f 569/663/1041 585/693/1041 570/665/1041
f 578/666/1042 592/692/1042 593/677/1042
f 570/665/1043 586/679/1043 571/667/1043
f 590/688/1044 606/694/1044 591/690/1044
f 584/691/1045 598/695/1045 599/696/1045
f 591/690/1046 607/697/1046 592/692/1046
f 585/693/1047 599/696/1047 600/698/1047
f 592/692/1048 608/699/1048 593/677/1048
f 586/679/1049 600/698/1049 601/700/1049
f 594/678/1050 608/699/1050 609/701/1050
f 587/680/1051 601/700/1051 602/702/1051
f 580/682/1052 564/703/1052 595/704/1052
f 790/705/1053 594/678/1053 609/701/1053
f 588/684/1054 602/702/1054 603/706/1054
f 580/682/1055 596/707/1055 581/685/1055
f 588/684/1056 604/708/1056 589/686/1056
f 581/685/1057 597/709/1057 582/687/1057
f 589/686/1058 605/710/1058 590/688/1058
f 583/689/1059 597/709/1059 598/695/1059
f 595/704/1060 564/711/1060 610/712/1060
f 790/713/1061 609/701/1061 624/714/1061
f 603/706/1062 617/715/1062 618/716/1062
f 595/704/1063 611/717/1063 596/707/1063
f 603/706/1064 619/718/1064 604/708/1064
f 596/707/1065 612/719/1065 597/709/1065
f 604/708/1066 620/720/1066 605/710/1066
f 598/695/1067 612/719/1067 613/721/1067
f 605/710/1068 621/722/1068 606/694/1068
f 599/696/1069 613/721/1069 614/723/1069
f 606/694/1070 622/724/1070 607/697/1070
f 600/698/1071 614/723/1071 615/725/1071
f 607/697/1072 623/726/1072 608/699/1072
f 601/700/1073 615/725/1073 616/727/1073
f 608/699/1074 624/714/1074 609/701/1074
f 602/702/1075 616/727/1075 617/715/1075
f 614/723/1076 628/728/1076 629/729/1076
f 621/722/1077 637/730/1077 622/724/1077
f 615/725/1078 629/729/1078 630/731/1078
f 622/724/1079 638/732/1079 623/726/1079
f 616/727/1080 630/731/1080 631/733/1080
f 623/726/1081 639/734/1081 624/714/1081
f 617/715/1082 631/733/1082 632/735/1082
f 610/712/1083 564/736/1083 625/737/1083
f 790/738/1084 624/714/1084 639/734/1084
f 618/716/1085 632/735/1085 633/739/1085
f 610/712/1086 626/740/1086 611/717/1086
f 618/716/1087 634/741/1087 619/718/1087
f 611/717/1088 627/742/1088 612/719/1088
f 619/718/1089 635/743/1089 620/720/1089
f 613/721/1090 627/742/1090 628/728/1090
f 620/720/1091 636/744/1091 621/722/1091
f 633/739/1092 647/745/1092 648/746/1092
f 625/737/1093 641/747/1093 626/740/1093
f 633/739/1094 649/748/1094 634/741/1094
f 626/740/1095 642/749/1095 627/742/1095
f 634/741/1096 650/750/1096 635/743/1096
f 628/728/1097 642/749/1097 643/751/1097
f 635/743/1098 651/752/1098 636/744/1098
f 629/729/1099 643/751/1099 644/753/1099
f 636/744/1100 652/754/1100 637/730/1100
f 630/731/1101 644/753/1101 645/755/1101
f 637/730/1102 653/756/1102 638/732/1102
f 631/733/1103 645/755/1103 646/757/1103
f 638/732/1104 654/758/1104 639/734/1104
f 632/735/1105 646/757/1105 647/745/1105
f 625/737/1106 564/759/1106 640/760/1106
f 790/761/1107 639/734/1107 654/758/1107
f 651/752/1108 667/762/1108 652/754/1108
f 645/755/1109 659/763/1109 660/764/1109
f 652/754/1110 668/765/1110 653/756/1110
f 646/757/1111 660/764/1111 661/766/1111
f 653/756/1112 669/767/1112 654/758/1112
f 647/745/1113 661/766/1113 662/768/1113
f 640/760/1114 564/769/1114 655/770/1114
f 790/771/1115 654/758/1115 669/767/1115
f 648/746/1116 662/768/1116 663/772/1116
f 641/747/1117 655/770/1117 656/773/1117
f 648/746/1118 664/774/1118 649/748/1118
f 642/749/1119 656/773/1119 657/775/1119
f 649/748/1120 665/776/1120 650/750/1120
f 643/751/1121 657/775/1121 658/777/1121
f 650/750/1122 666/778/1122 651/752/1122
f 644/753/1123 658/777/1123 659/763/1123
f 656/773/1124 670/779/1124 671/780/1124
f 663/772/1125 679/781/1125 664/774/1125
f 657/775/1126 671/780/1126 672/782/1126
f 664/774/1127 680/783/1127 665/776/1127
f 658/777/1128 672/782/1128 673/784/1128
f 665/776/1129 681/785/1129 666/778/1129
f 659/763/1130 673/784/1130 674/786/1130
f 666/778/1131 682/787/1131 667/762/1131
f 660/764/1132 674/786/1132 675/788/1132
f 667/762/1133 683/789/1133 668/765/1133
f 660/764/1134 676/790/1134 661/766/1134
f 668/765/1135 684/791/1135 669/767/1135
f 661/766/1136 677/792/1136 662/768/1136
f 655/770/1137 564/793/1137 670/779/1137
f 790/794/1138 669/767/1138 684/791/1138
f 662/768/1139 678/795/1139 663/772/1139
f 674/786/1140 690/796/1140 675/788/1140
f 682/787/1141 698/797/1141 683/789/1141
f 675/788/1142 691/798/1142 676/790/1142
f 683/789/1143 699/799/1143 684/791/1143
f 676/790/1144 692/800/1144 677/792/1144
f 670/779/1145 564/801/1145 685/802/1145
f 790/803/1146 684/791/1146 699/799/1146
f 677/792/1147 693/804/1147 678/795/1147
f 671/780/1148 685/802/1148 686/805/1148
f 679/781/1149 693/804/1149 694/806/1149
f 672/782/1150 686/805/1150 687/807/1150
f 679/781/1151 695/808/1151 680/783/1151
f 673/784/1152 687/807/1152 688/809/1152
f 680/783/1153 696/810/1153 681/785/1153
f 673/784/1154 689/811/1154 674/786/1154
f 681/785/1155 697/812/1155 682/787/1155
f 694/806/1156 708/813/1156 709/814/1156
f 687/807/1157 701/815/1157 702/816/1157
f 694/806/1158 710/817/1158 695/808/1158
f 688/809/1159 702/816/1159 703/818/1159
f 695/808/1160 711/819/1160 696/810/1160
f 688/809/1161 704/820/1161 689/811/1161
f 696/810/1162 712/821/1162 697/812/1162
f 689/811/1163 705/822/1163 690/796/1163
f 697/812/1164 713/823/1164 698/797/1164
f 690/796/1165 706/824/1165 691/798/1165
f 698/797/1166 714/825/1166 699/799/1166
f 691/798/1167 707/826/1167 692/800/1167
f 685/802/1168 564/827/1168 700/828/1168
f 790/829/1169 699/799/1169 714/825/1169
f 693/804/1170 707/826/1170 708/813/1170
f 686/805/1171 700/828/1171 701/815/1171
f 712/821/1172 728/830/1172 713/823/1172
f 705/822/1173 721/831/1173 706/824/1173
f 713/823/1174 729/832/1174 714/825/1174
f 707/826/1175 721/831/1175 722/833/1175
f 700/828/1176 564/834/1176 715/835/1176
f 790/836/1177 714/825/1177 729/832/1177
f 708/813/1178 722/833/1178 723/837/1178
f 701/815/1179 715/835/1179 716/838/1179
f 709/814/1180 723/837/1180 724/839/1180
f 702/816/1181 716/838/1181 717/840/1181
f 710/817/1182 724/839/1182 725/841/1182
f 703/818/1183 717/840/1183 718/842/1183
f 711/819/1184 725/841/1184 726/843/1184
f 703/818/1185 719/844/1185 704/820/1185
f 711/819/1186 727/845/1186 712/821/1186
f 704/820/1187 720/846/1187 705/822/1187
f 725/841/1188 739/847/1188 740/848/1188
f 717/840/1189 733/849/1189 718/842/1189
f 726/843/1190 740/848/1190 741/850/1190
f 719/844/1191 733/849/1191 734/851/1191
f 727/845/1192 741/850/1192 742/852/1192
f 720/846/1193 734/851/1193 735/853/1193
f 728/830/1194 742/852/1194 743/854/1194
f 721/831/1195 735/853/1195 736/855/1195
f 729/832/1196 743/854/1196 744/856/1196
f 721/831/1197 737/857/1197 722/833/1197
f 715/835/1198 564/858/1198 730/859/1198
f 790/860/1199 729/832/1199 744/856/1199
f 722/833/1200 738/861/1200 723/837/1200
f 715/835/1201 731/862/1201 716/838/1201
f 724/839/1202 738/861/1202 739/847/1202
f 716/838/1203 732/863/1203 717/840/1203
f 744/856/1204 758/864/1204 759/865/1204
f 737/857/1205 751/866/1205 752/867/1205
f 730/859/1206 564/868/1206 745/869/1206
f 790/870/1207 744/856/1207 759/865/1207
f 737/857/1208 753/871/1208 738/861/1208
f 730/859/1209 746/872/1209 731/862/1209
f 738/861/1210 754/873/1210 739/847/1210
f 731/862/1211 747/874/1211 732/863/1211
f 740/848/1212 754/873/1212 755/875/1212
f 732/863/1213 748/876/1213 733/849/1213
f 741/850/1214 755/875/1214 756/877/1214
f 734/851/1215 748/876/1215 749/878/1215
f 742/852/1216 756/877/1216 757/879/1216
f 735/853/1217 749/878/1217 750/880/1217
f 743/854/1218 757/879/1218 758/864/1218
f 736/855/1219 750/880/1219 751/866/1219
f 747/874/1220 763/881/1220 748/876/1220
f 756/877/1221 770/882/1221 771/883/1221
f 749/878/1222 763/881/1222 764/884/1222
f 757/879/1223 771/883/1223 772/885/1223
f 749/878/1224 765/886/1224 750/880/1224
f 758/864/1225 772/885/1225 773/887/1225
f 751/866/1226 765/886/1226 766/888/1226
f 759/865/1227 773/887/1227 774/889/1227
f 752/867/1228 766/888/1228 767/890/1228
f 745/869/1229 564/891/1229 760/892/1229
f 790/893/1230 759/865/1230 774/889/1230
f 753/871/1231 767/890/1231 768/894/1231
f 745/869/1232 761/895/1232 746/872/1232
f 754/873/1233 768/894/1233 769/896/1233
f 746/872/1234 762/897/1234 747/874/1234
f 755/875/1235 769/896/1235 770/882/1235
f 767/890/1236 781/898/1236 782/899/1236
f 760/892/1237 564/900/1237 775/901/1237
f 790/902/1238 774/889/1238 789/903/1238
f 768/894/1239 782/899/1239 783/904/1239
f 760/892/1240 776/905/1240 761/895/1240
f 769/896/1241 783/904/1241 784/906/1241
f 761/895/1242 777/907/1242 762/897/1242
f 770/882/1243 784/906/1243 785/908/1243
f 762/897/1244 778/909/1244 763/881/1244
f 771/883/1245 785/908/1245 786/910/1245
f 763/881/1246 779/911/1246 764/884/1246
f 772/885/1247 786/910/1247 787/912/1247
f 764/884/1248 780/913/1248 765/886/1248
f 773/887/1249 787/912/1249 788/914/1249
f 766/888/1250 780/913/1250 781/898/1250
f 774/889/1251 788/914/1251 789/903/1251
f 786/910/1252 801/915/1252 802/916/1252
f 778/909/1253 795/917/1253 779/911/1253
f 787/912/1254 802/916/1254 803/918/1254
f 779/911/1255 796/919/1255 780/913/1255
f 788/914/1256 803/918/1256 804/920/1256
f 780/913/1257 797/921/1257 781/898/1257
f 789/903/1258 804/920/1258 805/922/1258
f 781/898/1259 798/923/1259 782/899/1259
f 775/901/1260 564/924/1260 791/925/1260
f 790/926/1261 789/903/1261 805/922/1261
f 782/899/1262 799/927/1262 783/904/1262
f 775/901/1263 792/928/1263 776/905/1263
f 784/906/1264 799/927/1264 800/929/1264
f 776/905/1265 793/930/1265 777/907/1265
f 785/908/1266 800/929/1266 801/915/1266
f 777/907/1267 794/931/1267 778/909/1267
f 791/925/1268 564/932/1268 806/933/1268
f 790/934/1269 805/922/1269 820/935/1269
f 798/923/1270 814/936/1270 799/927/1270
f 791/925/1271 807/937/1271 792/928/1271
f 800/929/1272 814/936/1272 815/938/1272
f 792/928/1273 808/939/1273 793/930/1273
f 801/915/1274 815/938/1274 816/940/1274
f 793/930/1275 809/941/1275 794/931/1275
f 802/916/1276 816/940/1276 817/942/1276
f 794/931/1277 810/943/1277 795/917/1277
f 803/918/1278 817/942/1278 818/944/1278
f 795/917/1279 811/945/1279 796/919/1279
f 804/920/1280 818/944/1280 819/946/1280
f 796/919/1281 812/947/1281 797/921/1281
f 805/922/1282 819/946/1282 820/935/1282
f 797/921/1283 813/948/1283 798/923/1283
f 809/941/1284 825/949/1284 810/943/1284
f 818/944/1285 832/950/1285 833/951/1285
f 810/943/1286 826/952/1286 811/945/1286
f 819/946/1287 833/951/1287 834/953/1287
f 811/945/1288 827/954/1288 812/947/1288
f 820/935/1289 834/953/1289 835/955/1289
f 812/947/1290 828/956/1290 813/948/1290
f 806/933/1291 564/957/1291 821/958/1291
f 790/959/1292 820/935/1292 835/955/1292
f 813/948/1293 829/960/1293 814/936/1293
f 806/933/1294 822/961/1294 807/937/1294
f 815/938/1295 829/960/1295 830/962/1295
f 808/939/1296 822/961/1296 823/963/1296
f 816/940/1297 830/962/1297 831/964/1297
f 809/941/1298 823/963/1298 824/965/1298
f 817/942/1299 831/964/1299 832/950/1299
f 828/956/1300 844/966/1300 829/960/1300
f 822/961/1301 836/967/1301 837/968/1301
f 830/962/1302 844/966/1302 845/969/1302
f 823/963/1303 837/968/1303 838/970/1303
f 831/964/1304 845/969/1304 846/971/1304
f 824/965/1305 838/970/1305 839/972/1305
f 832/950/1306 846/971/1306 847/973/1306
f 824/965/1307 840/974/1307 825/949/1307
f 833/951/1308 847/973/1308 848/975/1308
f 825/949/1309 841/976/1309 826/952/1309
f 834/953/1310 848/975/1310 849/977/1310
f 826/952/1311 842/978/1311 827/954/1311
f 835/955/1312 849/977/1312 850/979/1312
f 827/954/1313 843/980/1313 828/956/1313
f 821/958/1314 564/981/1314 836/967/1314
f 790/982/1315 835/955/1315 850/979/1315
f 848/983/1316 862/984/1316 863/985/1316
f 840/986/1317 856/987/1317 841/988/1317
f 849/989/1318 863/985/1318 864/990/1318
f 841/988/1319 857/991/1319 842/992/1319
f 849/989/1320 865/993/1320 850/994/1320
f 842/992/1321 858/995/1321 843/996/1321
f 836/997/1322 564/998/1322 851/999/1322
f 790/1000/1323 850/994/1323 865/993/1323
f 843/996/1324 859/1001/1324 844/1002/1324
f 837/1003/1325 851/999/1325 852/1004/1325
f 845/1005/1326 859/1001/1326 860/1006/1326
f 838/1007/1327 852/1004/1327 853/1008/1327
f 846/1009/1328 860/1006/1328 861/1010/1328
f 839/1011/1329 853/1008/1329 854/1012/1329
f 847/1013/1330 861/1010/1330 862/984/1330
f 839/1011/1331 855/1014/1331 840/986/1331
f 860/1006/1332 874/1015/1332 875/1016/1332
f 852/1004/1333 868/1017/1333 853/1008/1333
f 861/1010/1334 875/1016/1334 876/1018/1334
f 854/1012/1335 868/1017/1335 869/1019/1335
f 861/1010/1336 877/1020/1336 862/984/1336
f 855/1014/1337 869/1019/1337 870/1021/1337
f 862/984/1338 878/1022/1338 863/985/1338
f 856/987/1339 870/1021/1339 871/1023/1339
f 863/985/1340 879/1024/1340 864/990/1340
f 856/987/1341 872/1025/1341 857/991/1341
f 864/990/1342 880/1026/1342 865/993/1342
f 857/991/1343 873/1027/1343 858/995/1343
f 851/999/1344 564/1028/1344 866/1029/1344
f 790/1030/1345 865/993/1345 880/1026/1345
f 858/995/1346 874/1015/1346 859/1001/1346
f 851/999/1347 867/1031/1347 852/1004/1347
f 878/1022/1348 894/1032/1348 879/1024/1348
f 871/1023/1349 887/1033/1349 872/1025/1349
f 879/1024/1350 895/1034/1350 880/1026/1350
f 873/1027/1351 887/1033/1351 888/1035/1351
f 866/1029/1352 564/1036/1352 881/1037/1352
f 790/1038/1353 880/1026/1353 895/1034/1353
f 873/1027/1354 889/1039/1354 874/1015/1354
f 866/1029/1355 882/1040/1355 867/1031/1355
f 874/1015/1356 890/1041/1356 875/1016/1356
f 867/1031/1357 883/1042/1357 868/1017/1357
f 876/1018/1358 890/1041/1358 891/1043/1358
f 868/1017/1359 884/1044/1359 869/1019/1359
f 876/1018/1360 892/1045/1360 877/1020/1360
f 870/1021/1361 884/1044/1361 885/1046/1361
f 878/1022/1362 892/1045/1362 893/1047/1362
f 871/1023/1363 885/1046/1363 886/1048/1363
f 882/1040/1364 898/1049/1364 883/1042/1364
f 890/1041/1365 906/1050/1365 891/1043/1365
f 884/1044/1366 898/1049/1366 899/1051/1366
f 892/1045/1367 906/1050/1367 907/1052/1367
f 885/1046/1368 899/1051/1368 900/1053/1368
f 893/1047/1369 907/1052/1369 908/1054/1369
f 886/1048/1370 900/1053/1370 901/1055/1370
f 893/1047/1371 909/1056/1371 894/1032/1371
f 886/1048/1372 902/1057/1372 887/1033/1372
f 894/1032/1373 910/1058/1373 895/1034/1373
f 888/1035/1374 902/1057/1374 903/1059/1374
f 881/1037/1375 564/1060/1375 896/1061/1375
f 790/1062/1376 895/1034/1376 910/1058/1376
f 888/1035/1377 904/1063/1377 889/1039/1377
f 881/1037/1378 897/1064/1378 882/1040/1378
f 889/1039/1379 905/1065/1379 890/1041/1379
f 902/1057/1380 916/1066/1380 917/1067/1380
f 909/1056/1381 925/1068/1381 910/1058/1381
f 903/1059/1382 917/1067/1382 918/1069/1382
f 896/1061/1383 564/1070/1383 911/1071/1383
f 790/1072/1384 910/1058/1384 925/1068/1384
f 903/1059/1385 919/1073/1385 904/1063/1385
f 897/1064/1386 911/1071/1386 912/1074/1386
f 904/1063/1387 920/1075/1387 905/1065/1387
f 897/1064/1388 913/1076/1388 898/1049/1388
f 905/1065/1389 921/1077/1389 906/1050/1389
f 899/1051/1390 913/1076/1390 914/1078/1390
f 907/1052/1391 921/1077/1391 922/1079/1391
f 899/1051/1392 915/1080/1392 900/1053/1392
f 908/1054/1393 922/1079/1393 923/1081/1393
f 900/1053/1394 916/1066/1394 901/1055/1394
f 908/1054/1395 924/1082/1395 909/1056/1395
f 920/1075/1396 936/1083/1396 921/1077/1396
f 914/1078/1397 928/1084/1397 929/1085/1397
f 921/1077/1398 937/1086/1398 922/1079/1398
f 914/1078/1399 930/1087/1399 915/1080/1399
f 922/1079/1400 938/1088/1400 923/1081/1400
f 915/1080/1401 931/1089/1401 916/1066/1401
f 923/1081/1402 939/1090/1402 924/1082/1402
f 917/1067/1403 931/1089/1403 932/1091/1403
f 925/1068/1404 939/1090/1404 940/1092/1404
f 918/1069/1405 932/1091/1405 933/1093/1405
f 911/1071/1406 564/1094/1406 926/1095/1406
f 790/1096/1407 925/1068/1407 940/1092/1407
f 918/1069/1408 934/1097/1408 919/1073/1408
f 911/1071/1409 927/1098/1409 912/1074/1409
f 919/1073/1410 935/1099/1410 920/1075/1410
f 913/1076/1411 927/1098/1411 928/1084/1411
f 940/1092/1412 954/1100/1412 955/1101/1412
f 933/1093/1413 947/1102/1413 948/1103/1413
f 926/1095/1414 564/1104/1414 941/1105/1414
f 790/1106/1415 940/1092/1415 955/1101/1415
f 933/1093/1416 949/1107/1416 934/1097/1416
f 926/1095/1417 942/1108/1417 927/1098/1417
f 934/1097/1418 950/1109/1418 935/1099/1418
f 928/1084/1419 942/1108/1419 943/1110/1419
f 935/1099/1420 951/1111/1420 936/1083/1420
f 929/1085/1421 943/1110/1421 944/1112/1421
f 936/1083/1422 952/1113/1422 937/1086/1422
f 930/1087/1423 944/1112/1423 945/1114/1423
f 937/1086/1424 953/1115/1424 938/1088/1424
f 930/1087/1425 946/1116/1425 931/1089/1425
f 939/1090/1426 953/1115/1426 954/1100/1426
f 932/1091/1427 946/1116/1427 947/1102/1427
f 944/1112/1428 483/563/1428 958/565/1428
f 951/1111/1429 961/566/1429 952/1113/1429
f 945/1114/1430 958/565/1430 484/569/1430
f 952/1113/1431 962/570/1431 953/1115/1431
f 945/1114/1432 959/572/1432 946/1116/1432
f 954/1100/1433 962/570/1433 963/574/1433
f 947/1102/1434 959/572/1434 485/577/1434
f 954/1100/1435 964/579/1435 955/1101/1435
f 948/1103/1436 485/577/1436 486/581/1436
f 941/1105/1437 564/1117/1437 956/582/1437
f 790/1118/1438 955/1101/1438 964/579/1438
f 948/1103/1439 487/586/1439 949/1107/1439
f 941/1105/1440 957/588/1440 942/1108/1440
f 949/1107/1441 960/560/1441 950/1109/1441
f 943/1110/1442 957/588/1442 483/563/1442
f 951/1111/1443 960/560/1443 488/562/1443
f 960/560/1444 498/590/1444 499/561/1444
f 483/563/1445 491/591/1445 492/564/1445
f 961/566/1446 488/562/1446 499/561/1446
f 958/565/1447 492/564/1447 493/568/1447
f 962/570/1448 961/566/1448 500/567/1448
f 959/572/1449 484/569/1449 493/568/1449
f 963/574/1450 962/570/1450 501/571/1450
f 959/572/1451 494/573/1451 495/576/1451
f 963/574/1452 502/575/1452 503/578/1452
f 485/577/1453 495/576/1453 496/580/1453
f 487/586/1454 486/581/1454 496/580/1454
f 957/588/1455 956/582/1455 489/584/1455
f 960/560/1456 487/586/1456 497/587/1456
f 957/588/1457 490/589/1457 491/591/1457
f 498/590/1458 497/587/1458 512/592/1458
f 490/589/1459 505/608/1459 506/594/1459
f 499/561/1460 498/590/1460 513/593/1460
f 491/591/1461 506/594/1461 507/596/1461
f 500/567/1462 499/561/1462 514/595/1462
f 492/564/1463 507/596/1463 508/598/1463
f 501/571/1464 500/567/1464 515/597/1464
f 494/573/1465 493/568/1465 508/598/1465
f 502/575/1466 501/571/1466 516/599/1466
f 495/576/1467 494/573/1467 509/600/1467
f 502/575/1468 517/601/1468 518/603/1468
f 496/580/1469 495/576/1469 510/602/1469
f 497/587/1470 496/580/1470 511/604/1470
f 490/589/1471 489/584/1471 504/606/1471
f 517/601/1472 516/599/1472 531/609/1472
f 509/600/1473 524/625/1473 525/611/1473
f 518/603/1474 517/601/1474 532/610/1474
f 511/604/1475 510/602/1475 525/611/1475
f 512/592/1476 511/604/1476 526/613/1476
f 504/606/1477 519/615/1477 520/618/1477
f 513/593/1478 512/592/1478 527/617/1478
f 505/608/1479 520/618/1479 521/620/1479
f 514/595/1480 513/593/1480 528/619/1480
f 506/594/1481 521/620/1481 522/622/1481
f 515/597/1482 514/595/1482 529/621/1482
f 507/596/1483 522/622/1483 523/624/1483
f 516/599/1484 515/597/1484 530/623/1484
f 509/600/1485 508/598/1485 523/624/1485
f 520/618/1486 535/642/1486 536/626/1486
f 529/621/1487 528/619/1487 543/627/1487
f 521/620/1488 536/626/1488 537/629/1488
f 529/621/1489 544/628/1489 545/630/1489
f 523/624/1490 522/622/1490 537/629/1490
f 531/609/1491 530/623/1491 545/630/1491
f 524/625/1492 523/624/1492 538/631/1492
f 532/610/1493 531/609/1493 546/632/1493
f 524/625/1494 539/633/1494 540/635/1494
f 533/612/1495 532/610/1495 547/634/1495
f 525/611/1496 540/635/1496 541/637/1496
f 527/617/1497 526/613/1497 541/637/1497
f 519/615/1498 534/639/1498 535/642/1498
f 528/619/1499 527/617/1499 542/641/1499
f 539/633/1500 554/659/1500 555/643/1500
f 548/636/1501 547/634/1501 562/644/1501
f 540/635/1502 555/643/1502 556/646/1502
f 542/641/1503 541/637/1503 556/646/1503
f 535/642/1504 534/639/1504 549/648/1504
f 543/627/1505 542/641/1505 557/650/1505
f 536/626/1506 535/642/1506 550/651/1506
f 544/628/1507 543/627/1507 558/652/1507
f 536/626/1508 551/653/1508 552/655/1508
f 544/628/1509 559/654/1509 560/656/1509
f 538/631/1510 537/629/1510 552/655/1510
f 545/630/1511 560/656/1511 561/658/1511
f 539/633/1512 538/631/1512 553/657/1512
f 547/634/1513 546/632/1513 561/658/1513
f 558/652/1514 574/675/1514 575/660/1514
f 551/653/1515 567/676/1515 568/661/1515
f 559/654/1516 575/660/1516 576/662/1516
f 552/655/1517 568/661/1517 569/663/1517
f 560/656/1518 576/662/1518 577/664/1518
f 553/657/1519 569/663/1519 570/665/1519
f 562/644/1520 561/658/1520 577/664/1520
f 554/659/1521 570/665/1521 571/667/1521
f 563/645/1522 562/644/1522 578/666/1522
f 555/643/1523 571/667/1523 572/669/1523
f 556/646/1524 572/669/1524 573/673/1524
f 550/651/1525 549/648/1525 565/671/1525
f 557/650/1526 573/673/1526 574/675/1526
f 551/653/1527 550/651/1527 566/674/1527
f 579/668/1528 578/666/1528 593/677/1528
f 572/669/1529 571/667/1529 586/679/1529
f 572/669/1530 587/680/1530 588/684/1530
f 566/674/1531 565/671/1531 580/682/1531
f 573/673/1532 588/684/1532 589/686/1532
f 567/676/1533 566/674/1533 581/685/1533
f 574/675/1534 589/686/1534 590/688/1534
f 567/676/1535 582/687/1535 583/689/1535
f 576/662/1536 575/660/1536 590/688/1536
f 568/661/1537 583/689/1537 584/691/1537
f 577/664/1538 576/662/1538 591/690/1538
f 569/663/1539 584/691/1539 585/693/1539
f 578/666/1540 577/664/1540 592/692/1540
f 570/665/1541 585/693/1541 586/679/1541
f 590/688/1542 605/710/1542 606/694/1542
f 584/691/1543 583/689/1543 598/695/1543
f 591/690/1544 606/694/1544 607/697/1544
f 585/693/1545 584/691/1545 599/696/1545
f 592/692/1546 607/697/1546 608/699/1546
f 586/679/1547 585/693/1547 600/698/1547
f 594/678/1548 593/677/1548 608/699/1548
f 587/680/1549 586/679/1549 601/700/1549
f 588/684/1550 587/680/1550 602/702/1550
f 580/682/1551 595/704/1551 596/707/1551
f 588/684/1552 603/706/1552 604/708/1552
f 581/685/1553 596/707/1553 597/709/1553
f 589/686/1554 604/708/1554 605/710/1554
f 583/689/1555 582/687/1555 597/709/1555
f 603/706/1556 602/702/1556 617/715/1556
f 595/704/1557 610/712/1557 611/717/1557
f 603/706/1558 618/716/1558 619/718/1558
f 596/707/1559 611/717/1559 612/719/1559
f 604/708/1560 619/718/1560 620/720/1560
f 598/695/1561 597/709/1561 612/719/1561
f 605/710/1562 620/720/1562 621/722/1562
f 599/696/1563 598/695/1563 613/721/1563
f 606/694/1564 621/722/1564 622/724/1564
f 600/698/1565 599/696/1565 614/723/1565
f 607/697/1566 622/724/1566 623/726/1566
f 601/700/1567 600/698/1567 615/725/1567
f 608/699/1568 623/726/1568 624/714/1568
f 602/702/1569 601/700/1569 616/727/1569
f 614/723/1570 613/721/1570 628/728/1570
f 621/722/1571 636/744/1571 637/730/1571
f 615/725/1572 614/723/1572 629/729/1572
f 622/724/1573 637/730/1573 638/732/1573
f 616/727/1080 615/725/1080 630/731/1080
f 623/726/1574 638/732/1574 639/734/1574
f 617/715/1575 616/727/1575 631/733/1575
f 618/716/1576 617/715/1576 632/735/1576
f 610/712/1577 625/737/1577 626/740/1577
f 618/716/1578 633/739/1578 634/741/1578
f 611/717/1579 626/740/1579 627/742/1579
f 619/718/1089 634/741/1089 635/743/1089
f 613/721/1580 612/719/1580 627/742/1580
f 620/720/1581 635/743/1581 636/744/1581
f 633/739/1582 632/735/1582 647/745/1582
f 625/737/1583 640/760/1583 641/747/1583
f 633/739/1584 648/746/1584 649/748/1584
f 626/740/1585 641/747/1585 642/749/1585
f 634/741/1586 649/748/1586 650/750/1586
f 628/728/1587 627/742/1587 642/749/1587
f 635/743/1588 650/750/1588 651/752/1588
f 629/729/1589 628/728/1589 643/751/1589
f 636/744/1100 651/752/1100 652/754/1100
f 630/731/1590 629/729/1590 644/753/1590
f 637/730/1591 652/754/1591 653/756/1591
f 631/733/1592 630/731/1592 645/755/1592
f 638/732/1593 653/756/1593 654/758/1593
f 632/735/1594 631/733/1594 646/757/1594
f 651/752/1595 666/778/1595 667/762/1595
f 645/755/1596 644/753/1596 659/763/1596
f 652/754/1597 667/762/1597 668/765/1597
f 646/757/1598 645/755/1598 660/764/1598
f 653/756/1599 668/765/1599 669/767/1599
f 647/745/1600 646/757/1600 661/766/1600
f 648/746/1601 647/745/1601 662/768/1601
f 641/747/1602 640/760/1602 655/770/1602
f 648/746/1603 663/772/1603 664/774/1603
f 642/749/1604 641/747/1604 656/773/1604
f 649/748/1605 664/774/1605 665/776/1605
f 643/751/1606 642/749/1606 657/775/1606
f 650/750/1607 665/776/1607 666/778/1607
f 644/753/1608 643/751/1608 658/777/1608
f 656/773/1609 655/770/1609 670/779/1609
f 663/772/1610 678/795/1610 679/781/1610
f 657/775/1611 656/773/1611 671/780/1611
f 664/774/1612 679/781/1612 680/783/1612
f 658/777/1613 657/775/1613 672/782/1613
f 665/776/1614 680/783/1614 681/785/1614
f 659/763/1615 658/777/1615 673/784/1615
f 666/778/1616 681/785/1616 682/787/1616
f 660/764/1617 659/763/1617 674/786/1617
f 667/762/1618 682/787/1618 683/789/1618
f 660/764/1619 675/788/1619 676/790/1619
f 668/765/1620 683/789/1620 684/791/1620
f 661/766/1621 676/790/1621 677/792/1621
f 662/768/1622 677/792/1622 678/795/1622
f 674/786/1623 689/811/1623 690/796/1623
f 682/787/1624 697/812/1624 698/797/1624
f 675/788/1625 690/796/1625 691/798/1625
f 683/789/1143 698/797/1143 699/799/1143
f 676/790/1626 691/798/1626 692/800/1626
f 677/792/1627 692/800/1627 693/804/1627
f 671/780/1628 670/779/1628 685/802/1628
f 679/781/1629 678/795/1629 693/804/1629
f 672/782/1630 671/780/1630 686/805/1630
f 679/781/1631 694/806/1631 695/808/1631
f 673/784/1632 672/782/1632 687/807/1632
f 680/783/1633 695/808/1633 696/810/1633
f 673/784/1634 688/809/1634 689/811/1634
f 681/785/1635 696/810/1635 697/812/1635
f 694/806/1636 693/804/1636 708/813/1636
f 687/807/1637 686/805/1637 701/815/1637
f 694/806/1638 709/814/1638 710/817/1638
f 688/809/1639 687/807/1639 702/816/1639
f 695/808/1640 710/817/1640 711/819/1640
f 688/809/1641 703/818/1641 704/820/1641
f 696/810/1642 711/819/1642 712/821/1642
f 689/811/1643 704/820/1643 705/822/1643
f 697/812/1644 712/821/1644 713/823/1644
f 690/796/1645 705/822/1645 706/824/1645
f 698/797/1166 713/823/1166 714/825/1166
f 691/798/1646 706/824/1646 707/826/1646
f 693/804/1647 692/800/1647 707/826/1647
f 686/805/1648 685/802/1648 700/828/1648
f 712/821/1649 727/845/1649 728/830/1649
f 705/822/1650 720/846/1650 721/831/1650
f 713/823/1174 728/830/1174 729/832/1174
f 707/826/1651 706/824/1651 721/831/1651
f 708/813/1652 707/826/1652 722/833/1652
f 701/815/1653 700/828/1653 715/835/1653
f 709/814/1654 708/813/1654 723/837/1654
f 702/816/1655 701/815/1655 716/838/1655
f 710/817/1656 709/814/1656 724/839/1656
f 703/818/1657 702/816/1657 717/840/1657
f 711/819/1658 710/817/1658 725/841/1658
f 703/818/1659 718/842/1659 719/844/1659
f 711/819/1660 726/843/1660 727/845/1660
f 704/820/1661 719/844/1661 720/846/1661
f 725/841/1662 724/839/1662 739/847/1662
f 717/840/1663 732/863/1663 733/849/1663
f 726/843/1664 725/841/1664 740/848/1664
f 719/844/1665 718/842/1665 733/849/1665
f 727/845/1666 726/843/1666 741/850/1666
f 720/846/1667 719/844/1667 734/851/1667
f 728/830/1668 727/845/1668 742/852/1668
f 721/831/1669 720/846/1669 735/853/1669
f 729/832/1196 728/830/1196 743/854/1196
f 721/831/1670 736/855/1670 737/857/1670
f 722/833/1671 737/857/1671 738/861/1671
f 715/835/1672 730/859/1672 731/862/1672
f 724/839/1673 723/837/1673 738/861/1673
f 716/838/1674 731/862/1674 732/863/1674
f 744/856/1675 743/854/1675 758/864/1675
f 737/857/1676 736/855/1676 751/866/1676
f 737/857/1677 752/867/1677 753/871/1677
f 730/859/1678 745/869/1678 746/872/1678
f 738/861/1679 753/871/1679 754/873/1679
f 731/862/1680 746/872/1680 747/874/1680
f 740/848/1681 739/847/1681 754/873/1681
f 732/863/1682 747/874/1682 748/876/1682
f 741/850/1683 740/848/1683 755/875/1683
f 734/851/1684 733/849/1684 748/876/1684
f 742/852/1685 741/850/1685 756/877/1685
f 735/853/1686 734/851/1686 749/878/1686
f 743/854/1687 742/852/1687 757/879/1687
f 736/855/1688 735/853/1688 750/880/1688
f 747/874/1689 762/897/1689 763/881/1689
f 756/877/1690 755/875/1690 770/882/1690
f 749/878/1691 748/876/1691 763/881/1691
f 757/879/1692 756/877/1692 771/883/1692
f 749/878/1693 764/884/1693 765/886/1693
f 758/864/1694 757/879/1694 772/885/1694
f 751/866/1695 750/880/1695 765/886/1695
f 759/865/1696 758/864/1696 773/887/1696
f 752/867/1697 751/866/1697 766/888/1697
f 753/871/1698 752/867/1698 767/890/1698
f 745/869/1699 760/892/1699 761/895/1699
f 754/873/1700 753/871/1700 768/894/1700
f 746/872/1701 761/895/1701 762/897/1701
f 755/875/1702 754/873/1702 769/896/1702
f 767/890/1703 766/888/1703 781/898/1703
f 768/894/1704 767/890/1704 782/899/1704
f 760/892/1705 775/901/1705 776/905/1705
f 769/896/1706 768/894/1706 783/904/1706
f 761/895/1707 776/905/1707 777/907/1707
f 770/882/1708 769/896/1708 784/906/1708
f 762/897/1709 777/907/1709 778/909/1709
f 771/883/1710 770/882/1710 785/908/1710
f 763/881/1711 778/909/1711 779/911/1711
f 772/885/1712 771/883/1712 786/910/1712
f 764/884/1713 779/911/1713 780/913/1713
f 773/887/1714 772/885/1714 787/912/1714
f 766/888/1715 765/886/1715 780/913/1715
f 774/889/1716 773/887/1716 788/914/1716
f 786/910/1717 785/908/1717 801/915/1717
f 778/909/1718 794/931/1718 795/917/1718
f 787/912/1719 786/910/1719 802/916/1719
f 779/911/1720 795/917/1720 796/919/1720
f 788/914/1721 787/912/1721 803/918/1721
f 780/913/1722 796/919/1722 797/921/1722
f 789/903/1723 788/914/1723 804/920/1723
f 781/898/1724 797/921/1724 798/923/1724
f 782/899/1725 798/923/1725 799/927/1725
f 775/901/1726 791/925/1726 792/928/1726
f 784/906/1727 783/904/1727 799/927/1727
f 776/905/1728 792/928/1728 793/930/1728
f 785/908/1729 784/906/1729 800/929/1729
f 777/907/1730 793/930/1730 794/931/1730
f 798/923/1731 813/948/1731 814/936/1731
f 791/925/1732 806/933/1732 807/937/1732
f 800/929/1733 799/927/1733 814/936/1733
f 792/928/1734 807/937/1734 808/939/1734
f 801/915/1735 800/929/1735 815/938/1735
f 793/930/1736 808/939/1736 809/941/1736
f 802/916/1737 801/915/1737 816/940/1737
f 794/931/1277 809/941/1277 810/943/1277
f 803/918/1738 802/916/1738 817/942/1738
f 795/917/1739 810/943/1739 811/945/1739
f 804/920/1740 803/918/1740 818/944/1740
f 796/919/1741 811/945/1741 812/947/1741
f 805/922/1742 804/920/1742 819/946/1742
f 797/921/1743 812/947/1743 813/948/1743
f 809/941/1744 824/965/1744 825/949/1744
f 818/944/1745 817/942/1745 832/950/1745
f 810/943/1746 825/949/1746 826/952/1746
f 819/946/1747 818/944/1747 833/951/1747
f 811/945/1748 826/952/1748 827/954/1748
f 820/935/1749 819/946/1749 834/953/1749
f 812/947/1290 827/954/1290 828/956/1290
f 813/948/1750 828/956/1750 829/960/1750
f 806/933/1751 821/958/1751 822/961/1751
f 815/938/1752 814/936/1752 829/960/1752
f 808/939/1753 807/937/1753 822/961/1753
f 816/940/1297 815/938/1297 830/962/1297
f 809/941/1754 808/939/1754 823/963/1754
f 817/942/1755 816/940/1755 831/964/1755
f 828/956/1756 843/980/1756 844/966/1756
f 822/961/1757 821/958/1757 836/967/1757
f 830/962/1758 829/960/1758 844/966/1758
f 823/963/1759 822/961/1759 837/968/1759
f 831/964/1760 830/962/1760 845/969/1760
f 824/965/1761 823/963/1761 838/970/1761
f 832/950/1762 831/964/1762 846/971/1762
f 824/965/1763 839/972/1763 840/974/1763
f 833/951/1764 832/950/1764 847/973/1764
f 825/949/1765 840/974/1765 841/976/1765
f 834/953/1766 833/951/1766 848/975/1766
f 826/952/1767 841/976/1767 842/978/1767
f 835/955/1768 834/953/1768 849/977/1768
f 827/954/1769 842/978/1769 843/980/1769
f 848/983/1770 847/1013/1770 862/984/1770
f 840/986/1771 855/1014/1771 856/987/1771
f 849/989/1772 848/983/1772 863/985/1772
f 841/988/1773 856/987/1773 857/991/1773
f 849/989/1774 864/990/1774 865/993/1774
f 842/992/1775 857/991/1775 858/995/1775
f 843/996/1776 858/995/1776 859/1001/1776
f 837/1003/1777 836/997/1777 851/999/1777
f 845/1005/1778 844/1002/1778 859/1001/1778
f 838/1007/1779 837/1003/1779 852/1004/1779
f 846/1009/1780 845/1005/1780 860/1006/1780
f 839/1011/1781 838/1007/1781 853/1008/1781
f 847/1013/1782 846/1009/1782 861/1010/1782
f 839/1011/1783 854/1012/1783 855/1014/1783
f 860/1006/1784 859/1001/1784 874/1015/1784
f 852/1004/1785 867/1031/1785 868/1017/1785
f 861/1010/1786 860/1006/1786 875/1016/1786
f 854/1012/1787 853/1008/1787 868/1017/1787
f 861/1010/1788 876/1018/1788 877/1020/1788
f 855/1014/1789 854/1012/1789 869/1019/1789
f 862/984/1790 877/1020/1790 878/1022/1790
f 856/987/1791 855/1014/1791 870/1021/1791
f 863/985/1792 878/1022/1792 879/1024/1792
f 856/987/1793 871/1023/1793 872/1025/1793
f 864/990/1794 879/1024/1794 880/1026/1794
f 857/991/1795 872/1025/1795 873/1027/1795
f 858/995/1796 873/1027/1796 874/1015/1796
f 851/999/1797 866/1029/1797 867/1031/1797
f 878/1022/1798 893/1047/1798 894/1032/1798
f 871/1023/1799 886/1048/1799 887/1033/1799
f 879/1024/1800 894/1032/1800 895/1034/1800
f 873/1027/1801 872/1025/1801 887/1033/1801
f 873/1027/1802 888/1035/1802 889/1039/1802
f 866/1029/1803 881/1037/1803 882/1040/1803
f 874/1015/1804 889/1039/1804 890/1041/1804
f 867/1031/1805 882/1040/1805 883/1042/1805
f 876/1018/1806 875/1016/1806 890/1041/1806
f 868/1017/1807 883/1042/1807 884/1044/1807
f 876/1018/1808 891/1043/1808 892/1045/1808
f 870/1021/1809 869/1019/1809 884/1044/1809
f 878/1022/1810 877/1020/1810 892/1045/1810
f 871/1023/1811 870/1021/1811 885/1046/1811
f 882/1040/1812 897/1064/1812 898/1049/1812
f 890/1041/1813 905/1065/1813 906/1050/1813
f 884/1044/1814 883/1042/1814 898/1049/1814
f 892/1045/1815 891/1043/1815 906/1050/1815
f 885/1046/1816 884/1044/1816 899/1051/1816
f 893/1047/1817 892/1045/1817 907/1052/1817
f 886/1048/1818 885/1046/1818 900/1053/1818
f 893/1047/1819 908/1054/1819 909/1056/1819
f 886/1048/1820 901/1055/1820 902/1057/1820
f 894/1032/1821 909/1056/1821 910/1058/1821
f 888/1035/1822 887/1033/1822 902/1057/1822
f 888/1035/1823 903/1059/1823 904/1063/1823
f 881/1037/1824 896/1061/1824 897/1064/1824
f 889/1039/1825 904/1063/1825 905/1065/1825
f 902/1057/1826 901/1055/1826 916/1066/1826
f 909/1056/1827 924/1082/1827 925/1068/1827
f 903/1059/1828 902/1057/1828 917/1067/1828
f 903/1059/1829 918/1069/1829 919/1073/1829
f 897/1064/1830 896/1061/1830 911/1071/1830
f 904/1063/1831 919/1073/1831 920/1075/1831
f 897/1064/1832 912/1074/1832 913/1076/1832
f 905/1065/1833 920/1075/1833 921/1077/1833
f 899/1051/1834 898/1049/1834 913/1076/1834
f 907/1052/1835 906/1050/1835 921/1077/1835
f 899/1051/1836 914/1078/1836 915/1080/1836
f 908/1054/1837 907/1052/1837 922/1079/1837
f 900/1053/1838 915/1080/1838 916/1066/1838
f 908/1054/1839 923/1081/1839 924/1082/1839
f 920/1075/1840 935/1099/1840 936/1083/1840
f 914/1078/1841 913/1076/1841 928/1084/1841
f 921/1077/1842 936/1083/1842 937/1086/1842
f 914/1078/1843 929/1085/1843 930/1087/1843
f 922/1079/1844 937/1086/1844 938/1088/1844
f 915/1080/1845 930/1087/1845 931/1089/1845
f 923/1081/1846 938/1088/1846 939/1090/1846
f 917/1067/1847 916/1066/1847 931/1089/1847
f 925/1068/1848 924/1082/1848 939/1090/1848
f 918/1069/1849 917/1067/1849 932/1091/1849
f 918/1069/1850 933/1093/1850 934/1097/1850
f 911/1071/1851 926/1095/1851 927/1098/1851
f 919/1073/1852 934/1097/1852 935/1099/1852
f 913/1076/1853 912/1074/1853 927/1098/1853
f 940/1092/1854 939/1090/1854 954/1100/1854
f 933/1093/1855 932/1091/1855 947/1102/1855
f 933/1093/1856 948/1103/1856 949/1107/1856
f 926/1095/1857 941/1105/1857 942/1108/1857
f 934/1097/1858 949/1107/1858 950/1109/1858
f 928/1084/1859 927/1098/1859 942/1108/1859
f 935/1099/1860 950/1109/1860 951/1111/1860
f 929/1085/1861 928/1084/1861 943/1110/1861
f 936/1083/1862 951/1111/1862 952/1113/1862
f 930/1087/1863 929/1085/1863 944/1112/1863
f 937/1086/1864 952/1113/1864 953/1115/1864
f 930/1087/1865 945/1114/1865 946/1116/1865
f 939/1090/1866 938/1088/1866 953/1115/1866
f 932/1091/1867 931/1089/1867 946/1116/1867
f 944/1112/1868 943/1110/1868 483/563/1868
f 951/1111/1869 488/562/1869 961/566/1869
f 945/1114/1870 944/1112/1870 958/565/1870
f 952/1113/1871 961/566/1871 962/570/1871
f 945/1114/1872 484/569/1872 959/572/1872
f 954/1100/1873 953/1115/1873 962/570/1873
f 947/1102/1874 946/1116/1874 959/572/1874
f 954/1100/1875 963/574/1875 964/579/1875
f 948/1103/1876 947/1102/1876 485/577/1876
f 948/1103/1877 486/581/1877 487/586/1877
f 941/1105/1878 956/582/1878 957/588/1878
f 949/1107/1879 487/586/1879 960/560/1879
f 943/1110/1880 942/1108/1880 957/588/1880
f 951/1111/1881 950/1109/1881 960/560/1881
o 球.002
v 0.000285 3.768827 -0.442795
v 0.003561 3.559444 -0.714493
v 0.012881 3.290374 -0.922046
v 0.016084 3.180362 -0.856455
v 0.026945 3.041682 -0.814889
v 0.017844 2.744330 -0.630208
v 0.020931 3.743994 -0.167589
v 0.045562 3.723806 -0.289985
v 0.088871 3.731649 -0.425520
v 0.122841 3.658586 -0.567912
v 0.113591 3.525555 -0.639795
v 0.134326 3.420779 -0.732590
v 0.140533 3.281667 -0.785083
v 0.125562 3.156318 -0.733964
v 0.134127 3.031910 -0.689195
v 0.124420 2.905318 -0.622426
v 0.123947 2.776683 -0.563141
v 0.101975 2.674962 -0.460254
v 0.068442 2.627637 -0.342792
v 0.044999 2.582156 -0.234419
v 0.022952 2.547668 -0.121870
v 0.044105 3.743682 -0.160628
v 0.090004 3.718594 -0.276101
v 0.137332 3.680087 -0.389636
v 0.168866 3.601512 -0.487327
v 0.195402 3.503237 -0.566593
v 0.216968 3.391669 -0.628489
v 0.229822 3.272350 -0.657922
v 0.233231 3.149461 -0.646624
v 0.227645 3.027645 -0.607565
v 0.213737 2.911704 -0.553540
v 0.194900 2.803382 -0.490671
v 0.166756 2.708573 -0.412870
v 0.128437 2.637131 -0.320551
v 0.088125 2.582144 -0.221172
v 0.044937 2.547667 -0.115161
v 0.065471 3.743186 -0.149587
v 0.131566 3.715951 -0.254455
v 0.191224 3.665912 -0.353595
v 0.242288 3.591406 -0.438431
v 0.283264 3.495712 -0.504320
v 0.313177 3.385832 -0.548601
v 0.331145 3.267796 -0.567887
v 0.336532 3.146297 -0.562159
v 0.329219 3.025827 -0.535913
v 0.309543 2.910814 -0.493604
v 0.278235 2.805408 -0.437471
v 0.236431 2.713380 -0.368706
v 0.185674 2.638037 -0.288731
v 0.127868 2.582115 -0.199656
v 0.065197 2.547659 -0.104250
v 0.084241 3.742587 -0.134888
v 0.168688 3.714221 -0.226874
v 0.245524 3.662898 -0.315130
v 0.320333 3.594016 -0.389280
v 0.392243 3.512463 -0.441728
v 0.410285 3.391633 -0.476351
v 0.421235 3.266520 -0.486409
v 0.427863 3.145129 -0.477070
v 0.418628 3.024948 -0.454228
v 0.393711 2.910253 -0.419169
v 0.353959 2.805086 -0.372292
v 0.300814 2.713207 -0.314284
v 0.236251 2.637950 -0.246452
v 0.162702 2.582075 -0.170728
v 0.082955 2.547644 -0.089561
v 0.099698 3.741945 -0.117039
v 0.199846 3.713233 -0.194659
v 0.292508 3.663070 -0.275198
v 0.420969 3.622268 -0.344260
v 0.529069 3.561280 -0.393874
v 0.529837 3.426421 -0.418905
v 0.497776 3.269663 -0.413377
v 0.503647 3.145886 -0.390023
v 0.492439 3.024968 -0.363664
v 0.462985 2.910067 -0.332737
v 0.416185 2.804898 -0.294682
v 0.353679 2.713069 -0.248651
v 0.277765 2.637862 -0.195148
v 0.191289 2.582027 -0.135525
v 0.097526 2.547624 -0.071663
v -0.004858 3.749404 -0.047321
v 0.111222 3.741280 -0.096609
v 0.223727 3.712863 -0.158406
v 0.331224 3.666368 -0.234790
v 0.516803 3.659843 -0.312864
v 0.654166 3.617511 -0.373019
v 0.631495 3.466053 -0.391014
v 0.562578 3.280316 -0.350949
v 0.561099 3.148189 -0.299491
v 0.547814 3.025593 -0.264467
v 0.514683 2.910127 -0.236284
v 0.462507 2.804803 -0.207220
v 0.392989 2.712959 -0.174255
v 0.308618 2.637777 -0.136796
v 0.212530 2.581974 -0.095410
v 0.108353 2.547600 -0.051246
v 0.118326 3.740582 -0.074231
v 0.239014 3.712643 -0.118071
v 0.358179 3.670542 -0.190927
v 0.589449 3.693657 -0.291415
v 0.754450 3.669497 -0.368455
v 0.707277 3.503944 -0.383258
v 0.602897 3.289094 -0.287208
v 0.598118 3.150752 -0.198916
v 0.582522 3.026258 -0.156192
v 0.546732 2.910212 -0.131862
v 0.491104 2.804726 -0.112674
v 0.417217 2.712855 -0.093775
v 0.327621 2.637691 -0.073602
v 0.225608 2.581916 -0.051923
v 0.115017 2.547573 -0.029097
v 0.120687 3.739829 -0.050626
v 0.244549 3.711970 -0.073460
v 0.369367 3.672526 -0.135256
v 0.605151 3.700100 -0.254315
v 0.800784 3.696838 -0.347683
v 0.748645 3.530827 -0.351498
v 0.613019 3.287675 -0.182783
v 0.612385 3.151508 -0.080040
v 0.594805 3.026319 -0.039504
v 0.557732 2.910102 -0.022249
v 0.500813 2.804589 -0.014199
v 0.425409 2.712734 -0.010130
v 0.334035 2.637599 -0.007942
v 0.230019 2.581856 -0.006726
v 0.117264 2.547543 -0.006067
v 0.118176 3.739008 -0.026634
v 0.239711 3.710447 -0.025247
v 0.361687 3.669770 -0.060843
v 0.515834 3.644916 -0.156639
v 0.725489 3.655828 -0.250804
v 0.644397 3.460019 -0.182426
v 0.603460 3.282162 -0.021933
v 0.601358 3.149532 0.052745
v 0.583613 3.025504 0.081259
v 0.547089 2.909696 0.088606
v 0.491207 2.804351 0.084612
v 0.417232 2.712581 0.073568
v 0.327608 2.637497 0.057703
v 0.225591 2.581792 0.038455
v 0.115006 2.547511 0.016960
v 0.110874 3.738132 -0.003213
v 0.224735 3.708140 0.024303
v 0.335968 3.662930 0.025882
v 0.439530 3.603975 0.000358
v 0.514471 3.519080 -0.005410
v 0.548669 3.400831 0.064169
v 0.564143 3.273015 0.142344
v 0.568168 3.147664 0.187556
v 0.549224 3.024136 0.199259
v 0.515617 2.908960 0.196151
v 0.462642 2.804028 0.179896
v 0.392995 2.712399 0.154124
v 0.308585 2.637388 0.120831
v 0.212494 2.581727 0.081894
v 0.108330 2.547480 0.039101
v 0.099068 3.737244 0.018602
v 0.200629 3.705483 0.071772
v 0.296762 3.655404 0.109602
v 0.382291 3.587070 0.139859
v 0.438673 3.490810 0.176261
v 0.496294 3.382403 0.261069
v 0.502216 3.258290 0.304025
v 0.513995 3.158583 0.334821
v 0.506789 3.044035 0.330359
v 0.465456 2.907852 0.295948
v 0.416248 2.803668 0.267828
v 0.353638 2.712202 0.228414
v 0.277699 2.637274 0.179024
v 0.191232 2.581661 0.121928
v 0.097493 2.547448 0.059507
v 0.083226 3.736761 0.038518
v 0.168762 3.715787 0.138877
v 0.247899 3.656975 0.194780
v 0.318409 3.577757 0.242878
v 0.382665 3.478984 0.324780
v 0.393907 3.333626 0.360749
v 0.403527 3.250998 0.389811
v 0.425653 3.167165 0.426154
v 0.424074 3.068800 0.421477
v 0.401958 2.910718 0.390594
v 0.353860 2.803323 0.344901
v 0.300690 2.712009 0.293551
v 0.236137 2.637140 0.230083
v 0.162621 2.581599 0.157023
v 0.082911 2.547419 0.077396
v 0.063955 3.739745 0.061666
v 0.130568 3.749190 0.240954
v 0.191541 3.708429 0.354145
v 0.244101 3.592579 0.356215
v 0.304830 3.466175 0.409354
v 0.314808 3.332174 0.425323
v 0.325615 3.252418 0.453051
v 0.342395 3.171193 0.484301
v 0.345110 3.067917 0.491500
v 0.318250 2.909159 0.465691
v 0.277805 2.801545 0.411441
v 0.236016 2.710582 0.349691
v 0.185433 2.636632 0.272711
v 0.127728 2.581349 0.186174
v 0.065144 2.547392 0.092082
v 0.041984 3.744214 0.083065
v 0.087447 3.787631 0.340552
v 0.129176 3.779493 0.528783
v 0.165020 3.646624 0.511154
v 0.206245 3.475741 0.460501
v 0.233236 3.341371 0.488048
v 0.247774 3.253998 0.516066
v 0.258743 3.161019 0.550296
v 0.255140 3.040856 0.569358
v 0.213456 2.907198 0.506461
v 0.191241 2.804933 0.450870
v 0.162417 2.709692 0.391332
v 0.127283 2.634563 0.308050
v 0.087902 2.580972 0.208178
v 0.044876 2.547369 0.103001
v 0.018125 3.747151 0.096078
v 0.040751 3.813046 0.403167
v 0.060225 3.891969 0.715014
v 0.081182 3.693146 0.627263
v 0.096903 3.490955 0.502425
v 0.126915 3.368019 0.544224
v 0.143616 3.255765 0.585722
v 0.135666 3.139529 0.609653
v 0.113568 3.016221 0.573751
v 0.105110 2.904861 0.539093
v 0.094464 2.803830 0.483209
v 0.081945 2.708477 0.418297
v 0.064022 2.631356 0.334011
v 0.044654 2.580405 0.222364
v 0.022884 2.547350 0.109737
v -0.006748 3.746761 0.096855
v -0.008223 3.814114 0.406513
v -0.011908 3.928681 0.742726
v -0.006439 3.703764 0.651000
v -0.004238 3.493614 0.516441
v -0.013559 3.372554 0.554779
v -0.015043 3.256263 0.606698
v -0.004966 3.134266 0.603184
v -0.001846 3.010490 0.586393
v -0.005144 2.903209 0.550523
v -0.006525 2.805251 0.500192
v -0.002127 2.707602 0.434013
v -0.001856 2.627918 0.347434
v -0.000332 2.579783 0.227994
v 0.000015 2.547334 0.112035
v -0.031708 3.743104 0.085464
v -0.057959 3.785146 0.342764
v -0.082927 3.854708 0.617931
v -0.096108 3.660626 0.554996
v -0.132450 3.478228 0.502444
v -0.166010 3.342403 0.543252
v -0.161818 3.248454 0.570366
v -0.148121 3.150263 0.587553
v -0.123779 3.022493 0.591498
v -0.108140 2.895463 0.555298
v -0.098375 2.798001 0.502482
v -0.084312 2.701490 0.440087
v -0.067477 2.625692 0.345716
v -0.045258 2.579455 0.224207
v -0.022853 2.547325 0.109800
v -0.055794 3.738151 0.066018
v -0.107110 3.742791 0.238898
v -0.153970 3.703981 0.357442
v -0.190681 3.596771 0.390172
v -0.247427 3.440374 0.445759
v -0.242788 3.334976 0.484977
v -0.244600 3.252270 0.513261
v -0.249613 3.168488 0.537476
v -0.241006 3.047681 0.551486
v -0.211139 2.902035 0.511300
v -0.190867 2.791367 0.482113
v -0.163459 2.700313 0.418234
v -0.130044 2.626077 0.325722
v -0.088351 2.579675 0.210671
v -0.044840 2.547326 0.103115
v -0.078029 3.735160 0.045629
v -0.153781 3.708006 0.135923
v -0.228814 3.647428 0.181179
v -0.285378 3.571905 0.250478
v -0.332350 3.451496 0.375467
v -0.316051 3.347365 0.429776
v -0.317508 3.264982 0.458205
v -0.324150 3.182681 0.483665
v -0.333711 3.047191 0.504400
v -0.310246 2.903373 0.463570
v -0.277934 2.794764 0.429186
v -0.237155 2.701552 0.372497
v -0.187056 2.629873 0.286245
v -0.127982 2.580310 0.188186
v -0.065103 2.547329 0.092249
v -0.097465 3.735517 0.028058
v -0.195477 3.702099 0.079503
v -0.302271 3.651246 0.092675
v -0.388167 3.579435 0.117956
v -0.412980 3.481120 0.240890
v -0.404220 3.364671 0.361238
v -0.392389 3.278885 0.401432
v -0.400648 3.185657 0.430760
v -0.429315 3.030347 0.434930
v -0.394280 2.906090 0.384754
v -0.354296 2.800472 0.351240
v -0.301295 2.707937 0.302391
v -0.236700 2.634544 0.235075
v -0.162678 2.581078 0.158105
v -0.082862 2.547338 0.077611
v 0.000046 2.535927 -0.005770
v -0.113238 3.736104 0.008007
v -0.229133 3.703738 0.034235
v -0.362894 3.656179 0.002709
v -0.521031 3.611526 -0.032506
v -0.496462 3.487162 0.107905
v -0.494915 3.372861 0.229500
v -0.504516 3.269387 0.312120
v -0.508857 3.143634 0.324132
v -0.494351 3.019771 0.313981
v -0.463490 2.906675 0.298841
v -0.416365 2.802592 0.270322
v -0.353765 2.711362 0.230299
v -0.277723 2.636786 0.180199
v -0.191204 2.581451 0.122484
v -0.097435 2.547354 0.059763
v -0.124659 3.736751 -0.013832
v -0.252266 3.705065 -0.010559
v -0.407502 3.664337 -0.064409
v -0.682481 3.682282 -0.118231
v -0.583759 3.507871 -0.009242
v -0.558778 3.376873 0.114682
v -0.564614 3.258990 0.177609
v -0.565009 3.138918 0.204259
v -0.549054 3.020078 0.209709
v -0.515080 2.906869 0.201813
v -0.462597 2.802786 0.183252
v -0.392964 2.711675 0.156087
v -0.308549 2.636964 0.121982
v -0.212444 2.581491 0.082535
v -0.108261 2.547375 0.039389
v -0.131263 3.737442 -0.036546
v -0.264021 3.706020 -0.053065
v -0.451446 3.683101 -0.113899
v -0.773678 3.726973 -0.180366
v -0.754209 3.589547 -0.123037
v -0.599340 3.380507 -0.010178
v -0.602819 3.259657 0.057640
v -0.601441 3.139243 0.087618
v -0.583066 3.020437 0.097313
v -0.546836 2.907091 0.096630
v -0.491075 2.802938 0.088848
v -0.417145 2.711783 0.075897
v -0.327534 2.637041 0.059004
v -0.225517 2.581541 0.039156
v -0.114925 2.547400 0.017268
v -0.132839 3.738174 -0.059338
v -0.264760 3.706761 -0.093168
v -0.471791 3.696720 -0.158347
v -0.808770 3.748474 -0.240763
v -0.859394 3.645715 -0.227772
v -0.682950 3.423038 -0.127771
v -0.614480 3.260508 -0.062549
v -0.612033 3.139622 -0.032432
v -0.594417 3.020790 -0.019042
v -0.557470 2.907340 -0.012673
v -0.500634 2.803120 -0.009395
v -0.425275 2.711916 -0.007592
v -0.333923 2.637135 -0.006566
v -0.229919 2.581602 -0.006000
v -0.117170 2.547430 -0.005752
v -0.129414 3.738958 -0.081515
v -0.255233 3.707513 -0.130933
v -0.452753 3.696159 -0.197594
v -0.763473 3.737025 -0.271123
v -0.844464 3.651339 -0.278912
v -0.722410 3.456470 -0.217697
v -0.602821 3.262371 -0.173716
v -0.599211 3.139985 -0.149586
v -0.582539 3.021144 -0.134950
v -0.546538 2.907631 -0.122072
v -0.490898 2.803344 -0.107841
v -0.417038 2.712080 -0.091254
v -0.327470 2.637248 -0.072247
v -0.225481 2.581672 -0.051211
v -0.114909 2.547463 -0.028788
v -0.121225 3.739801 -0.102454
v -0.236432 3.708541 -0.166383
v -0.395826 3.682317 -0.233950
v -0.653260 3.699297 -0.288348
v -0.757958 3.629822 -0.305500
v -0.680196 3.457061 -0.290102
v -0.570021 3.266274 -0.275637
v -0.562575 3.140365 -0.261469
v -0.547987 3.021598 -0.246791
v -0.514489 2.908014 -0.227836
v -0.462249 2.803631 -0.202961
v -0.392753 2.712281 -0.171995
v -0.308422 2.637380 -0.135561
v -0.212374 2.581749 -0.094750
v -0.108231 2.547498 -0.050956
v -0.108682 3.740700 -0.121566
v -0.209621 3.710114 -0.199546
v -0.319849 3.665383 -0.273039
v -0.501943 3.645697 -0.322510
v -0.599141 3.574433 -0.351235
v -0.561450 3.424642 -0.366870
v -0.500715 3.261741 -0.373849
v -0.504391 3.141194 -0.367213
v -0.492329 3.022331 -0.351892
v -0.462624 2.908563 -0.326693
v -0.415808 2.804009 -0.291457
v -0.353361 2.712526 -0.246847
v -0.277516 2.637529 -0.194112
v -0.191102 2.581832 -0.134949
v -0.097392 2.547533 -0.071404
v -0.092336 3.741623 -0.138271
v -0.176153 3.712374 -0.230032
v -0.252587 3.659998 -0.314484
v -0.347087 3.599719 -0.377357
v -0.411906 3.513081 -0.421389
v -0.412028 3.385917 -0.455400
v -0.421559 3.263120 -0.469855
v -0.427346 3.142909 -0.466795
v -0.417860 3.023551 -0.448420
v -0.392990 2.909359 -0.415851
v -0.353382 2.804497 -0.370296
v -0.300384 2.712813 -0.313031
v -0.235941 2.637690 -0.245662
v -0.162485 2.581916 -0.170260
v -0.082808 2.547568 -0.089343
v -0.072846 3.742507 -0.151989
v -0.137329 3.715188 -0.256704
v -0.195503 3.665769 -0.354371
v -0.244787 3.591657 -0.436507
v -0.283720 3.495657 -0.500109
v -0.311852 3.385451 -0.544828
v -0.328880 3.267377 -0.566202
v -0.334254 3.145907 -0.561603
v -0.327415 3.025436 -0.535330
v -0.309263 2.910143 -0.493598
v -0.287339 2.798343 -0.443503
v -0.244917 2.702300 -0.372918
v -0.186347 2.635754 -0.288533
v -0.127622 2.581995 -0.199306
v -0.065040 2.547600 -0.104080
v -0.050954 3.743262 -0.162169
v -0.094531 3.718282 -0.277760
v -0.140790 3.683239 -0.391729
v -0.171413 3.606538 -0.492027
v -0.193034 3.506344 -0.570649
v -0.212005 3.393880 -0.636181
v -0.223765 3.273970 -0.668463
v -0.230371 3.151654 -0.656859
v -0.238368 3.029221 -0.626480
v -0.234068 2.904154 -0.584578
v -0.236113 2.766593 -0.537611
v -0.191781 2.662814 -0.435861
v -0.132054 2.623865 -0.323031
v -0.087855 2.582064 -0.220942
v -0.044771 2.547627 -0.115045
v -0.027462 3.743797 -0.168344
v -0.049605 3.723657 -0.290905
v -0.091276 3.737224 -0.428098
v -0.125647 3.669183 -0.578548
v -0.110619 3.531283 -0.649179
v -0.123630 3.424270 -0.746049
v -0.127183 3.286072 -0.808013
v -0.127862 3.179385 -0.794621
v -0.152882 3.039753 -0.777094
v -0.144876 2.882545 -0.706688
v -0.133536 2.739159 -0.622305
v -0.103122 2.627819 -0.484515
v -0.068073 2.611539 -0.346306
v -0.044714 2.582115 -0.234306
v -0.022781 2.547648 -0.121812
v -0.003212 3.744046 -0.170191
v -0.002003 3.727502 -0.294902
v 0.002965 3.716148 -0.635421
v 0.008918 3.462385 -0.817497
v 0.019810 2.880457 -0.724482
v 0.012133 2.634449 -0.493173
v 0.002453 2.613757 -0.353059
v 0.000146 2.582147 -0.238858
v 0.000086 2.547662 -0.124116
vn 0.5744 -0.3444 -0.7426
vn 0.5197 0.8259 -0.2186
vn 0.5024 -0.6661 -0.5513
vn 0.5976 0.3486 -0.7221
vn 0.2231 -0.9664 -0.1273
vn 0.5726 0.6113 -0.5462
vn 0.0265 -0.9636 -0.2662
vn 0.6860 0.3894 -0.6146
vn 0.0285 -0.9573 -0.2877
vn 0.6636 -0.3491 -0.6616
vn 0.0068 0.9990 -0.0435
vn 0.0100 -0.9951 -0.0987
vn 0.7413 -0.1815 -0.6462
vn 0.0915 0.9853 -0.1441
vn 0.6910 -0.3780 -0.6162
vn 0.3305 0.9077 0.2587
vn 0.5773 -0.4007 -0.7114
vn 0.6180 0.7484 0.2408
vn 0.7176 -0.4387 -0.5409
vn 0.8305 0.5506 -0.0844
vn 0.6539 -0.5864 -0.4781
vn 0.6794 0.3117 -0.6643
vn 0.3123 -0.8096 -0.4969
vn 0.7309 0.5278 -0.4326
vn 0.1115 -0.9247 -0.3640
vn 0.8024 0.2417 -0.5457
vn 0.0844 -0.9572 -0.2769
vn 0.6270 -0.0541 -0.7772
vn 0.0253 0.9989 -0.0395
vn 0.0289 -0.9951 -0.0949
vn 0.6275 -0.2637 -0.7326
vn 0.1607 0.9758 -0.1481
vn 0.2219 -0.8842 -0.4111
vn 0.6537 0.2179 -0.7247
vn 0.1372 -0.9570 -0.2555
vn 0.6328 -0.0084 -0.7743
vn 0.0403 0.9986 -0.0330
vn 0.0468 -0.9951 -0.0876
vn 0.5613 -0.2086 -0.8009
vn 0.1431 0.9774 -0.1555
vn 0.4895 -0.3736 -0.7879
vn 0.3528 0.9210 -0.1653
vn 0.4687 -0.5196 -0.7144
vn 0.4252 0.7674 -0.4799
vn 0.4353 -0.6574 -0.6151
vn 0.4866 0.6243 -0.6111
vn 0.3120 -0.7824 -0.5390
vn 0.5780 0.4785 -0.6611
vn 0.2648 0.9158 -0.3020
vn 0.5620 -0.5046 -0.6554
vn 0.2791 0.8275 -0.4871
vn 0.4895 -0.6501 -0.5812
vn 0.2823 0.6825 -0.6742
vn 0.4015 -0.7788 -0.4819
vn 0.5199 0.4373 -0.7338
vn 0.2990 -0.8832 -0.3613
vn 0.6563 0.2179 -0.7223
vn 0.1848 -0.9568 -0.2243
vn 0.6814 -0.0191 -0.7317
vn 0.0516 0.9983 -0.0252
vn 0.0628 -0.9951 -0.0770
vn 0.6614 -0.1888 -0.7259
vn 0.1598 0.9751 -0.1540
vn 0.6194 -0.3495 -0.7030
vn 0.6830 0.1177 -0.7209
vn 0.2253 -0.9567 -0.1845
vn 0.7517 -0.0877 -0.6537
vn 0.0603 0.9980 -0.0163
vn 0.0765 -0.9950 -0.0634
vn 0.7587 -0.2051 -0.6183
vn 0.1730 0.9753 -0.1375
vn 0.7318 -0.3457 -0.5873
vn 0.2456 0.9240 -0.2930
vn 0.6762 -0.4975 -0.5434
vn -0.0077 0.8546 -0.5192
vn 0.5943 -0.6452 -0.4801
vn 0.0274 0.6596 -0.7511
vn 0.4893 -0.7764 -0.3972
vn 0.3387 0.3056 -0.8899
vn 0.3647 -0.8824 -0.2974
vn 0.7685 -0.4932 -0.4076
vn -0.1753 0.8550 -0.4881
vn 0.6777 -0.6418 -0.3590
vn -0.1484 0.6168 -0.7730
vn 0.5586 -0.7746 -0.2965
vn 0.1944 0.1801 -0.9643
vn 0.4165 -0.8817 -0.2217
vn 0.6981 -0.1673 -0.6961
vn 0.2573 -0.9565 -0.1376
vn 0.8276 -0.2117 -0.5198
vn 0.0675 0.9977 -0.0056
vn 0.0873 -0.9950 -0.0475
vn 0.8509 -0.2275 -0.4736
vn 0.1902 0.9750 -0.1153
vn 0.8272 -0.3455 -0.4431
vn 0.2370 0.9233 -0.3024
vn 0.2794 -0.9564 -0.0853
vn 0.9125 -0.2420 -0.3297
vn 0.0731 0.9973 0.0079
vn 0.0948 -0.9951 -0.0298
vn 0.9297 -0.2183 -0.2967
vn 0.2064 0.9757 -0.0729
vn 0.9006 -0.3357 -0.2761
vn 0.2392 0.9417 -0.2366
vn 0.8359 -0.4869 -0.2532
vn -0.2732 0.8601 -0.4308
vn 0.7368 -0.6384 -0.2226
vn -0.2700 0.5878 -0.7626
vn 0.6072 -0.7731 -0.1836
vn 0.0461 0.1111 -0.9927
vn 0.4526 -0.8811 -0.1373
vn 0.8002 -0.3944 -0.4518
vn 0.7690 -0.6347 -0.0762
vn -0.2405 0.8118 -0.5322
vn 0.6330 -0.7716 -0.0629
vn 0.6521 -0.1189 -0.7488
vn 0.4714 -0.8807 -0.0472
vn 0.8790 -0.4680 -0.0916
vn 0.2908 -0.9563 -0.0296
vn 0.9886 -0.0937 -0.1180
vn 0.0767 0.9968 0.0241
vn 0.0986 -0.9951 -0.0109
vn 0.9799 -0.1710 -0.1031
vn 0.2211 0.9752 -0.0127
vn 0.9442 -0.3153 -0.0951
vn 0.2820 0.9551 -0.0907
vn 0.8740 -0.4781 -0.0868
vn -0.1457 0.9833 -0.1091
vn 0.0771 0.9961 0.0422
vn 0.0986 -0.9951 0.0083
vn 0.9885 -0.1206 0.0908
vn 0.2285 0.9721 0.0536
vn 0.9514 -0.2943 0.0903
vn 0.3315 0.9409 0.0691
vn 0.8789 -0.4694 0.0843
vn 0.2317 0.7409 0.6304
vn 0.7720 -0.6313 0.0743
vn 0.2747 0.7901 0.5480
vn 0.6346 -0.7704 0.0609
vn 0.8692 -0.2024 0.4512
vn 0.4722 -0.8803 0.0450
vn 0.9825 -0.1790 0.0522
vn 0.2911 -0.9563 0.0272
vn 0.9961 0.0310 0.0832
vn 0.2406 0.7450 0.6221
vn 0.6117 -0.7696 0.1830
vn 0.7791 0.4696 0.4152
vn 0.4548 -0.8802 0.1358
vn 0.9359 0.2591 0.2384
vn 0.2803 -0.9563 0.0831
vn 0.9639 0.1171 0.2389
vn 0.0740 0.9954 0.0603
vn 0.0949 -0.9951 0.0272
vn 0.9535 -0.1200 0.2765
vn 0.2261 0.9675 0.1134
vn 0.9228 -0.2765 0.2682
vn 0.3577 0.9166 0.1784
vn 0.8475 -0.4670 0.2525
vn 0.3846 0.8303 0.4034
vn 0.7449 -0.6289 0.2227
vn 0.9400 -0.1137 0.3215
vn 0.2144 0.9631 0.1628
vn 0.8631 -0.2635 0.4309
vn 0.3615 0.8982 0.2500
vn 0.7778 -0.4776 0.4084
vn 0.5269 0.7906 0.3120
vn 0.6885 -0.6278 0.3631
vn 0.7225 0.5707 0.3902
vn 0.5650 -0.7693 0.2984
vn 0.7553 0.6028 0.2573
vn 0.4198 -0.8802 0.2215
vn 0.9149 0.1703 0.3659
vn 0.2586 -0.9564 0.1359
vn 0.9227 0.2091 0.3239
vn 0.0675 0.9947 0.0771
vn 0.0875 -0.9951 0.0450
vn 0.4966 -0.7692 0.4022
vn 0.6189 0.2334 0.7500
vn 0.3683 -0.8804 0.2987
vn 0.6064 0.3257 0.7253
vn 0.2270 -0.9565 0.1834
vn 0.6665 0.4376 0.6036
vn 0.0672 0.9947 0.0776
vn 0.0768 -0.9952 0.0610
vn 0.7286 -0.0724 0.6811
vn 0.2634 0.9644 -0.0230
vn 0.7677 -0.3659 0.5261
vn 0.3873 0.8987 0.2056
vn 0.6858 -0.4732 0.5530
vn 0.4932 0.7841 0.3767
vn 0.6049 -0.6277 0.4899
vn 0.6631 0.6838 0.3045
vn 0.3402 0.9239 -0.1751
vn 0.6526 -0.2279 0.7227
vn 0.6073 0.7934 -0.0414
vn 0.5650 -0.5308 0.6317
vn 0.6116 0.7298 0.3055
vn 0.5167 -0.6305 0.5792
vn 0.5790 0.5363 0.6141
vn 0.4155 -0.7695 0.4851
vn 0.6248 0.1381 0.7685
vn 0.3073 -0.8807 0.3603
vn 0.5976 0.3343 0.7288
vn 0.1865 -0.9566 0.2239
vn 0.5383 0.3972 0.7433
vn 0.1470 0.9891 -0.0052
vn 0.0632 -0.9952 0.0746
vn 0.6631 -0.0462 0.7471
vn 0.6135 0.1383 0.7775
vn 0.2337 -0.8826 0.4080
vn 0.5973 0.3333 0.7295
vn 0.1378 -0.9574 0.2538
vn 0.5554 0.3442 0.7570
vn 0.1765 0.9840 -0.0242
vn 0.0471 -0.9952 0.0853
vn 0.6331 0.1027 0.7673
vn 0.3281 0.9203 -0.2131
vn 0.3252 -0.4838 0.8125
vn 0.6108 0.7853 -0.1014
vn 0.3413 -0.5051 0.7927
vn 0.8658 0.3982 0.3030
vn 0.4100 -0.5695 0.7125
vn 0.4330 0.5181 0.7376
vn 0.3452 -0.7798 0.5223
vn 0.2807 -0.3046 0.9102
vn 0.6130 0.7560 -0.2296
vn 0.2818 -0.4870 0.8267
vn 0.8292 0.1524 0.5377
vn 0.2696 -0.5658 0.7792
vn 0.3274 -0.1951 0.9245
vn 0.2758 -0.7687 0.5771
vn 0.5018 0.2693 0.8220
vn 0.1498 -0.8946 0.4210
vn 0.5272 0.3378 0.7797
vn 0.0841 -0.9587 0.2719
vn 0.4065 0.1575 0.9000
vn 0.1202 0.9927 -0.0037
vn 0.0292 -0.9953 0.0927
vn 0.0804 -0.2919 0.9531
vn 0.2218 0.9499 -0.2202
vn 0.0633 -0.9120 0.4052
vn 0.1234 0.3602 0.9247
vn 0.0285 -0.9606 0.2764
vn -0.0447 -0.0325 0.9985
vn -0.0151 0.9997 0.0181
vn 0.0104 -0.9953 0.0964
vn 0.1144 -0.1307 0.9848
vn 0.0068 0.9771 -0.2125
vn 0.1025 -0.3183 0.9424
vn 0.3386 0.8918 -0.3002
vn 0.1378 -0.4905 0.8605
vn 0.1991 -0.3780 0.9041
vn 0.1567 -0.5698 0.8067
vn 0.1042 -0.5166 0.8499
vn 0.1703 -0.7448 0.6452
vn 0.0814 0.3386 0.9374
vn 0.0591 -0.4710 0.8801
vn -0.6751 -0.1857 0.7140
vn 0.1023 -0.5549 0.8256
vn -0.0735 -0.2626 0.9621
vn 0.0072 -0.7358 0.6772
vn -0.1334 0.3153 0.9396
vn -0.0247 -0.9273 0.3734
vn -0.2451 0.2587 0.9344
vn -0.0260 -0.9627 0.2693
vn -0.1127 -0.0379 0.9929
vn -0.1521 0.9882 0.0161
vn -0.0091 -0.9953 0.0964
vn 0.0283 -0.1337 0.9906
vn -0.2828 0.9370 -0.2051
vn 0.0678 -0.3182 0.9456
vn -0.3799 0.8743 -0.3021
vn -0.0784 -0.9630 0.2579
vn -0.4261 0.0980 0.8993
vn -0.2053 0.9787 0.0049
vn -0.0282 -0.9953 0.0926
vn -0.3293 -0.0336 0.9436
vn -0.3841 0.9042 -0.1869
vn -0.3911 -0.2964 0.8713
vn -0.6478 0.7226 -0.2414
vn -0.1552 -0.4827 0.8619
vn -0.8544 0.3955 0.3370
vn -0.2143 -0.5521 0.8057
vn -0.5096 0.4463 0.7356
vn -0.1879 -0.7981 0.5725
vn -0.6001 0.2556 0.7580
vn -0.1106 -0.9350 0.3370
vn -0.5487 0.2091 0.8094
vn -0.7872 0.4102 0.4606
vn -0.4295 -0.5989 0.6759
vn -0.5343 0.4485 0.7165
vn -0.3703 -0.8087 0.4570
vn -0.5499 0.2699 0.7904
vn -0.2071 -0.9177 0.3391
vn -0.5465 0.2817 0.7887
vn -0.1312 -0.9608 0.2443
vn -0.5309 0.2645 0.8051
vn -0.1577 0.9871 0.0272
vn -0.0459 -0.9953 0.0853
vn -0.4520 0.0709 0.8892
vn -0.3794 0.9150 -0.1372
vn -0.4146 -0.3201 0.8519
vn -0.6202 0.7844 0.0117
vn -0.5033 -0.3054 0.8083
vn -0.5370 0.2886 0.7927
vn -0.0697 0.9928 0.0973
vn -0.0620 -0.9953 0.0746
vn -0.5978 0.1316 0.7908
vn -0.2729 0.9567 0.1015
vn -0.6226 -0.4375 0.6488
vn -0.3689 0.8637 0.3434
vn -0.6698 -0.3978 0.6270
vn -0.5007 0.7507 0.4310
vn -0.6095 -0.6139 0.5017
vn -0.5338 0.7003 0.4740
vn -0.4799 -0.7838 0.3941
vn -0.5413 0.3207 0.7773
vn -0.3044 -0.8942 0.3283
vn -0.5459 0.2819 0.7890
vn -0.1824 -0.9581 0.2207
vn -0.6539 -0.6105 0.4469
vn -0.6121 0.6732 0.4148
vn -0.5223 -0.7736 0.3588
vn -0.7078 0.4812 0.5172
vn -0.3718 -0.8823 0.2885
vn -0.6146 0.2636 0.7435
vn -0.2254 -0.9569 0.1832
vn -0.7167 0.0908 0.6915
vn -0.0764 0.9931 0.0891
vn -0.0757 -0.9953 0.0610
vn -0.8668 -0.1407 0.4784
vn -0.2215 0.9546 0.1992
vn -0.7475 -0.2843 0.6003
vn -0.3821 0.8722 0.3053
vn -0.7172 -0.4424 0.5385
vn -0.3352 0.8164 0.4702
vn -0.0844 0.9937 0.0736
vn -0.0865 -0.9952 0.0449
vn -0.8769 -0.1404 0.4596
vn -0.2347 0.9605 0.1496
vn -0.8451 -0.2907 0.4487
vn -0.3465 0.8755 0.3367
vn -0.7813 -0.4672 0.4138
vn -0.1014 0.6650 0.7399
vn -0.6877 -0.6301 0.3606
vn -0.6409 0.5155 0.5687
vn -0.5626 -0.7721 0.2955
vn -0.7684 0.4614 0.4435
vn -0.4178 -0.8812 0.2213
vn -0.8604 0.3643 0.3563
vn -0.2571 -0.9568 0.1357
vn -0.9043 0.0714 0.4208
vn -0.4316 0.2896 0.8543
vn -0.6092 -0.7717 0.1827
vn -0.9440 0.1132 0.3100
vn -0.4530 -0.8812 0.1355
vn -0.9322 0.2052 0.2980
vn -0.2789 -0.9567 0.0829
vn -0.9522 0.0692 0.2976
vn -0.0893 0.9944 0.0562
vn -0.0939 -0.9952 0.0271
vn -0.9509 -0.1145 0.2874
vn -0.2398 0.9668 0.0880
vn -0.9152 -0.2939 0.2757
vn -0.2735 0.7935 0.5437
vn -0.8446 -0.4712 0.2540
vn -0.0140 0.8019 0.5973
vn -0.7414 -0.6330 0.2227
vn -0.9849 -0.1445 0.0956
vn -0.2370 0.9713 0.0223
vn -0.9484 -0.3037 0.0916
vn -0.1562 0.9221 0.3540
vn -0.8758 -0.4752 0.0843
vn 0.0738 0.9523 0.2961
vn -0.7694 -0.6345 0.0739
vn -0.6253 0.2234 0.7478
vn -0.6326 -0.7721 0.0605
vn -0.8165 -0.3622 0.4496
vn -0.4707 -0.8812 0.0447
vn -0.9918 0.0829 0.0968
vn -0.2900 -0.9567 0.0270
vn -0.9961 0.0105 0.0879
vn -0.0909 0.9951 0.0383
vn -0.0977 -0.9952 0.0082
vn -0.6317 -0.7726 -0.0634
vn -0.8056 -0.5757 0.1395
vn -0.4703 -0.8812 -0.0475
vn -0.9015 -0.4206 -0.1016
vn -0.2899 -0.9566 -0.0298
vn -0.9929 -0.0472 -0.1088
vn -0.0894 0.9958 0.0214
vn -0.0977 -0.9952 -0.0110
vn -0.9824 -0.1570 -0.1011
vn -0.2281 0.9729 -0.0382
vn -0.9449 -0.3131 -0.0953
vn -0.0381 0.9987 -0.0328
vn -0.8734 -0.4791 -0.0875
vn 0.1762 0.9786 -0.1061
vn -0.7679 -0.6360 -0.0768
vn -0.8868 0.4098 -0.2138
vn -0.9067 -0.3189 -0.2759
vn 0.0444 0.9548 -0.2941
vn -0.8385 -0.4820 -0.2540
vn 0.2221 0.8592 -0.4610
vn -0.7374 -0.6374 -0.2234
vn -0.2151 0.2882 -0.9331
vn -0.6069 -0.7732 -0.1842
vn -0.7913 -0.3976 -0.4646
vn -0.4519 -0.8814 -0.1376
vn -0.8211 -0.4956 -0.2832
vn -0.2786 -0.9566 -0.0854
vn -0.9465 -0.0891 -0.3102
vn -0.0854 0.9963 0.0067
vn -0.0939 -0.9951 -0.0299
vn -0.9417 -0.1680 -0.2916
vn -0.2160 0.9726 -0.0863
vn -0.4163 -0.8817 -0.2221
vn -0.7921 -0.2719 -0.5464
vn -0.2567 -0.9566 -0.1377
vn -0.8709 -0.1055 -0.4800
vn -0.0797 0.9968 -0.0054
vn -0.0865 -0.9951 -0.0476
vn -0.8713 -0.1642 -0.4625
vn -0.1999 0.9730 -0.1155
vn -0.8380 -0.3208 -0.4414
vn 0.0097 0.9243 -0.3816
vn -0.7738 -0.4845 -0.4081
vn 0.1689 0.8228 -0.5427
vn -0.6798 -0.6391 -0.3598
vn -0.1200 0.4046 -0.9066
vn -0.5591 -0.7740 -0.2971
vn -0.5522 -0.0521 -0.8321
vn -0.1419 0.9257 -0.3506
vn -0.6825 -0.4887 -0.5434
vn 0.0567 0.8382 -0.5424
vn -0.5972 -0.6421 -0.4808
vn -0.1404 0.5288 -0.8370
vn -0.4902 -0.7755 -0.3978
vn -0.4509 0.2310 -0.8621
vn -0.3648 -0.8822 -0.2977
vn -0.7656 0.1335 -0.6293
vn -0.2249 -0.9567 -0.1847
vn -0.7908 -0.0096 -0.6120
vn -0.0724 0.9973 -0.0157
vn -0.0758 -0.9951 -0.0635
vn -0.7810 -0.1572 -0.6045
vn -0.1896 0.9724 -0.1360
vn -0.7443 -0.3237 -0.5842
vn -0.7074 0.2234 -0.6706
vn -0.1845 -0.9569 -0.2245
vn -0.7137 0.0165 -0.7003
vn -0.0628 0.9977 -0.0250
vn -0.0621 -0.9951 -0.0770
vn -0.6817 -0.1639 -0.7130
vn -0.1743 0.9731 -0.1510
vn -0.6391 -0.3364 -0.6916
vn -0.2974 0.9083 -0.2942
vn -0.6657 -0.4943 -0.5590
vn -0.2153 0.8461 -0.4876
vn -0.6156 -0.6416 -0.4575
vn -0.3484 0.6186 -0.7043
vn -0.4275 -0.7786 -0.4593
vn -0.6009 0.4275 -0.6754
vn -0.2993 -0.8830 -0.3616
vn -0.8708 -0.3329 -0.3617
vn -0.4828 0.7605 -0.4342
vn -0.7717 -0.5610 -0.2995
vn -0.5382 0.5891 -0.6027
vn -0.4157 -0.8319 -0.3675
vn -0.6167 0.4714 -0.6305
vn -0.1674 -0.9357 -0.3106
vn -0.6829 0.2516 -0.6858
vn -0.1370 -0.9570 -0.2556
vn -0.6759 0.0020 -0.7370
vn -0.0499 0.9982 -0.0333
vn -0.0461 -0.9951 -0.0876
vn -0.6983 -0.1901 -0.6901
vn -0.1502 0.9753 -0.1620
vn -0.7384 -0.3293 -0.5886
vn -0.3797 0.9163 -0.1276
vn -0.0843 -0.9572 -0.2770
vn -0.8009 -0.0135 -0.5987
vn -0.0333 0.9986 -0.0401
vn -0.0283 -0.9951 -0.0950
vn -0.8657 -0.0665 -0.4960
vn -0.1607 0.9755 -0.1502
vn -0.8066 -0.2125 -0.5516
vn -0.6174 0.7421 0.2609
vn -0.6555 -0.2353 -0.7176
vn -0.8396 0.5406 -0.0527
vn -0.5365 -0.6965 -0.4766
vn -0.7062 0.2603 -0.6585
vn -0.2530 -0.9480 -0.1933
vn -0.7369 0.5007 -0.4542
vn -0.0729 -0.9682 -0.2392
vn -0.8044 0.2602 -0.5341
vn -0.4261 0.8711 -0.2442
vn -0.0024 -0.7781 -0.6282
vn -0.5281 0.3810 -0.7589
vn 0.0195 -0.9924 -0.1219
vn -0.5037 0.6155 -0.6062
vn -0.0246 -0.9681 -0.2492
vn -0.5828 0.4122 -0.7003
vn -0.0284 -0.9573 -0.2878
vn -0.3916 -0.1122 -0.9133
vn -0.0136 0.9990 -0.0437
vn -0.0093 -0.9951 -0.0987
vn -0.2040 -0.0858 -0.9752
vn -0.0918 0.9851 -0.1453
vn -0.1031 -0.4109 -0.9058
vn -0.2788 0.9260 0.2544
vn -0.0276 -0.5086 -0.8606
vn 0.6823 -0.4229 -0.5964
vn 0.4194 0.8444 -0.3332
vn 0.5312 -0.6716 -0.5164
vn 0.5840 0.3675 -0.7238
vn 0.4655 -0.8590 -0.2132
vn 0.5659 0.6066 -0.5584
vn 0.2432 -0.9121 -0.3302
vn 0.6013 0.3055 -0.7384
vn 0.0287 -0.9573 -0.2877
vn 0.6690 -0.3662 -0.6468
vn 0.7233 -0.1457 -0.6750
vn 0.0163 0.9912 -0.1313
vn 0.6901 -0.3770 -0.6178
vn 0.0691 0.9944 0.0796
vn 0.5884 -0.4120 -0.6957
vn 0.1879 0.9513 -0.2443
vn 0.5895 -0.3399 -0.7328
vn 0.7822 0.5840 -0.2172
vn 0.6739 -0.5923 -0.4416
vn 0.8857 0.4119 -0.2141
vn 0.5500 -0.8172 -0.1722
vn 0.6588 0.4583 -0.5966
vn 0.2791 -0.8837 -0.3757
vn 0.7928 0.2251 -0.5664
vn 0.0847 -0.9572 -0.2767
vn 0.7643 -0.3197 -0.5601
vn 0.6037 -0.2328 -0.7625
vn 0.0587 0.9868 -0.1510
vn 0.2343 -0.8878 -0.3962
vn 0.6275 0.2495 -0.7375
vn 0.1375 -0.9571 -0.2552
vn 0.6621 -0.0504 -0.7477
vn 0.6049 -0.2682 -0.7498
vn 0.1160 0.9767 -0.1805
vn 0.5205 -0.4111 -0.7483
vn 0.2281 0.9175 -0.3259
vn 0.4544 -0.5049 -0.7339
vn 0.4747 0.7830 -0.4019
vn 0.4215 -0.6467 -0.6357
vn 0.4898 0.6269 -0.6059
vn 0.3565 -0.8047 -0.4748
vn 0.5448 0.4368 -0.7159
vn 0.2667 0.9154 -0.3015
vn 0.5671 -0.5120 -0.6451
vn 0.3784 0.7964 -0.4717
vn 0.4923 -0.6534 -0.5751
vn 0.3988 0.6298 -0.6666
vn 0.4028 -0.7799 -0.4790
vn 0.4379 0.3075 -0.8448
vn 0.2996 -0.8835 -0.3602
vn 0.5884 0.1158 -0.8002
vn 0.1850 -0.9569 -0.2241
vn 0.6707 -0.0052 -0.7417
vn 0.6669 -0.1970 -0.7186
vn 0.1537 0.9756 -0.1565
vn 0.6270 -0.3612 -0.6902
vn 0.4590 -0.1249 -0.8796
vn 0.2254 -0.9567 -0.1844
vn 0.6906 -0.0179 -0.7230
vn 0.7427 -0.1797 -0.6451
vn 0.1880 0.9738 -0.1277
vn 0.7290 -0.3400 -0.5941
vn 0.3046 0.9144 -0.2666
vn 0.6763 -0.4977 -0.5431
vn 0.3537 0.8359 -0.4197
vn 0.5947 -0.6461 -0.4784
vn 0.1623 0.6310 -0.7586
vn 0.4896 -0.7769 -0.3960
vn 0.2679 0.1773 -0.9470
vn 0.3649 -0.8825 -0.2968
vn 0.7681 -0.4907 -0.4114
vn 0.1725 0.9545 -0.2432
vn 0.6776 -0.6415 -0.3596
vn 0.0039 0.6352 -0.7723
vn 0.5586 -0.7747 -0.2963
vn 0.1200 0.0994 -0.9878
vn 0.4166 -0.8817 -0.2215
vn 0.3657 -0.3239 -0.8726
vn 0.2573 -0.9565 -0.1375
vn 0.6988 -0.1005 -0.7082
vn 0.8310 -0.1909 -0.5225
vn 0.2015 0.9760 -0.0819
vn 0.8238 -0.3344 -0.4578
vn 0.2825 0.9429 -0.1764
vn 0.8397 -0.2052 -0.5029
vn 0.9220 -0.1954 -0.3344
vn 0.2126 0.9764 -0.0370
vn 0.9001 -0.3282 -0.2865
vn 0.2767 0.9558 -0.0997
vn 0.8362 -0.4849 -0.2562
vn -0.0038 0.9957 -0.0924
vn 0.7369 -0.6380 -0.2234
vn -0.1053 0.6840 -0.7218
vn 0.6072 -0.7730 -0.1838
vn -0.0010 0.0893 -0.9960
vn 0.3386 -0.5162 -0.7867
vn 0.7692 -0.6344 -0.0767
vn 0.0535 0.9798 -0.1928
vn 0.6330 -0.7715 -0.0631
vn 0.4670 -0.1266 -0.8751
vn 0.4714 -0.8806 -0.0473
vn 0.6866 -0.6322 -0.3592
vn 0.2909 -0.9563 -0.0297
vn 0.9906 -0.0963 -0.0973
vn 0.9798 -0.1627 -0.1166
vn 0.2210 0.9752 0.0090
vn 0.9448 -0.3122 -0.0993
vn 0.2915 0.9563 -0.0217
vn 0.8744 -0.4772 -0.0882
vn -0.1216 0.9925 -0.0109
vn 0.9903 -0.1130 0.0806
vn 0.2278 0.9720 0.0571
vn 0.9528 -0.2911 0.0863
vn 0.3322 0.9411 0.0631
vn 0.8797 -0.4682 0.0828
vn 0.1929 0.9796 0.0562
vn 0.7724 -0.6308 0.0736
vn 0.2491 0.7278 0.6390
vn 0.6348 -0.7703 0.0606
vn 0.8124 -0.2671 0.5183
vn 0.4723 -0.8803 0.0449
vn 0.8687 -0.1591 0.4690
vn 0.2912 -0.9563 0.0272
vn 0.9973 0.0411 0.0607
vn 0.6754 0.5639 0.4753
vn 0.6122 -0.7693 0.1825
vn 0.7832 -0.1107 0.6118
vn 0.4550 -0.8801 0.1356
vn 0.9113 0.1397 0.3873
vn 0.9642 0.1184 0.2374
vn 0.9678 -0.0840 0.2371
vn 0.2289 0.9675 0.1075
vn 0.9240 -0.2745 0.2661
vn 0.3701 0.9160 0.1545
vn 0.8523 -0.4615 0.2463
vn 0.5230 0.8234 0.2200
vn 0.7460 -0.6280 0.2215
vn 0.9343 -0.0724 0.3491
vn 0.2187 0.9630 0.1576
vn 0.8742 -0.3503 0.3361
vn 0.3728 0.8965 0.2395
vn 0.7944 -0.4621 0.3942
vn 0.5217 0.7927 0.3155
vn 0.6904 -0.6265 0.3617
vn 0.7103 0.6022 0.3644
vn 0.5658 -0.7689 0.2977
vn 0.7893 0.4645 0.4016
vn 0.4201 -0.8801 0.2213
vn 0.9217 0.2774 0.2711
vn 0.2586 -0.9564 0.1358
vn 0.9166 0.1614 0.3658
vn 0.4972 -0.7689 0.4019
vn 0.7112 0.6269 0.3181
vn 0.3692 -0.8802 0.2982
vn 0.5939 0.2883 0.7511
vn 0.2270 -0.9565 0.1833
vn 0.6135 0.2983 0.7312
vn 0.7160 -0.0446 0.6967
vn 0.2036 0.9614 0.1853
vn 0.6884 -0.2307 0.6876
vn 0.5335 0.8365 0.1249
vn 0.7014 -0.5211 0.4863
vn 0.5972 0.7314 0.3291
vn 0.6073 -0.6263 0.4888
vn 0.6731 0.5717 0.4691
vn 0.1965 0.9798 0.0373
vn 0.6468 -0.2324 0.7264
vn 0.6101 0.7917 -0.0308
vn 0.5739 -0.5246 0.6288
vn 0.8939 0.4088 0.1841
vn 0.5205 -0.6283 0.5782
vn 0.6421 0.6917 0.3305
vn 0.4230 -0.7761 0.4676
vn 0.7005 0.2220 0.6783
vn 0.3090 -0.8815 0.3571
vn 0.5939 0.3276 0.7348
vn 0.1899 -0.9571 0.2191
vn 0.5680 0.4489 0.6898
vn 0.5734 0.0720 0.8161
vn 0.4641 0.2664 0.8448
vn 0.2596 -0.8899 0.3751
vn 0.5979 0.3343 0.7285
vn 0.1453 -0.9581 0.2467
vn 0.5832 0.3938 0.7105
vn 0.6125 0.0710 0.7873
vn 0.1105 0.9895 -0.0932
vn 0.6755 -0.2283 0.7012
vn 0.6085 0.7924 -0.0424
vn 0.3183 -0.5194 0.7931
vn 0.9434 0.2218 0.2467
vn 0.3026 -0.6266 0.7182
vn 0.8995 0.0902 0.4276
vn 0.3233 -0.7664 0.5550
vn 0.1059 -0.4502 0.8866
vn 0.4205 0.9057 -0.0541
vn 0.2590 -0.5041 0.8239
vn 0.9202 -0.0728 0.3846
vn 0.2667 -0.5676 0.7789
vn 0.6931 -0.3389 0.6362
vn 0.2229 -0.7423 0.6318
vn 0.3768 0.3793 0.8451
vn 0.2008 -0.9039 0.3777
vn 0.5048 0.3644 0.7826
vn 0.0987 -0.9598 0.2626
vn 0.5253 0.3479 0.7766
vn 0.4121 0.1307 0.9017
vn 0.0280 0.9849 -0.1710
vn 0.1238 -0.9198 0.3723
vn 0.0815 0.4054 0.9105
vn 0.0470 -0.9619 0.2693
vn 0.1292 0.1915 0.9730
vn -0.0340 -0.2738 0.9612
vn -0.0218 0.9778 -0.2082
vn 0.1186 -0.3033 0.9455
vn 0.0044 0.9694 -0.2456
vn 0.0985 -0.4559 0.8846
vn 0.1636 -0.3691 0.9149
vn 0.1307 -0.5522 0.8234
vn 0.1610 -0.5310 0.8319
vn 0.1331 -0.7290 0.6714
vn 0.1388 0.2893 0.9471
vn 0.0754 -0.4565 0.8865
vn -0.7655 -0.2589 0.5891
vn 0.0633 -0.5353 0.8423
vn -0.5371 -0.4588 0.7078
vn 0.1038 -0.7663 0.6340
vn -0.1398 0.3087 0.9408
vn 0.0223 -0.9330 0.3591
vn -0.1483 0.4047 0.9023
vn -0.0155 -0.9634 0.2675
vn -0.2448 0.1339 0.9603
vn -0.1074 0.0102 0.9942
vn -0.0676 0.9835 -0.1676
vn 0.0135 -0.2725 0.9621
vn -0.2179 0.9413 -0.2577
vn -0.0847 -0.9635 0.2540
vn -0.5395 0.2634 0.7997
vn -0.4306 0.0736 0.8995
vn -0.1465 0.9867 -0.0700
vn -0.3666 -0.3166 0.8749
vn -0.6461 0.7633 -0.0055
vn -0.3908 -0.3010 0.8699
vn -0.9608 -0.0243 0.2761
vn -0.1318 -0.5956 0.7924
vn -0.8724 0.0333 0.4877
vn -0.1545 -0.7836 0.6018
vn -0.5052 0.3604 0.7841
vn -0.1129 -0.9353 0.3353
vn -0.5985 0.2709 0.7539
vn -0.7466 0.6567 0.1063
vn -0.4320 -0.6015 0.6720
vn -0.6874 0.6346 0.3530
vn -0.3325 -0.7906 0.5143
vn -0.5842 0.3015 0.7535
vn -0.2558 -0.9252 0.2804
vn -0.5465 0.2818 0.7886
vn -0.1461 -0.9621 0.2303
vn -0.5447 0.2877 0.7878
vn -0.5567 0.1639 0.8144
vn -0.2247 0.9690 0.1029
vn -0.4291 -0.3108 0.8481
vn -0.6218 0.7830 0.0173
vn -0.4050 -0.3833 0.8301
vn -0.5417 0.2955 0.7869
vn -0.5568 0.1639 0.8143
vn -0.1405 0.9745 0.1752
vn -0.5223 -0.3107 0.7941
vn -0.4952 0.8225 0.2799
vn -0.6216 -0.4408 0.6476
vn -0.4834 0.7603 0.4340
vn -0.5974 -0.5910 0.5420
vn -0.5380 0.7079 0.4576
vn -0.4868 -0.7896 0.3735
vn -0.6960 0.4901 0.5249
vn -0.3435 -0.9051 0.2506
vn -0.5511 0.2905 0.7823
vn -0.1959 -0.9597 0.2015
vn -0.6237 -0.6306 0.4619
vn -0.5475 0.5765 0.6065
vn -0.5247 -0.7782 0.3450
vn -0.7242 0.4979 0.4772
vn -0.3827 -0.8895 0.2498
vn -0.7088 0.4792 0.5177
vn -0.2296 -0.9577 0.1738
vn -0.6117 0.2862 0.7375
vn -0.7230 0.1516 0.6740
vn -0.2200 0.9546 0.2010
vn -0.7887 -0.4080 0.4598
vn -0.3769 0.8722 0.3118
vn -0.6911 -0.4646 0.5536
vn -0.5195 0.7594 0.3917
vn -0.8994 -0.1012 0.4253
vn -0.2341 0.9604 0.1509
vn -0.8490 -0.2858 0.4445
vn -0.3723 0.9019 0.2190
vn -0.7809 -0.4676 0.4143
vn -0.3231 0.8896 0.3229
vn -0.6852 -0.6318 0.3624
vn -0.2995 0.3779 0.8761
vn -0.5638 -0.7716 0.2946
vn -0.6882 0.4250 0.5880
vn -0.4181 -0.8817 0.2187
vn -0.8311 0.2934 0.4725
vn -0.2571 -0.9568 0.1358
vn -0.9118 0.0918 0.4003
vn -0.4360 0.2932 0.8508
vn -0.5345 0.0592 0.8431
vn -0.9302 0.1996 0.3080
vn -0.2789 -0.9567 0.0830
vn -0.9508 0.0646 0.3031
vn -0.9474 -0.1224 0.2956
vn -0.2374 0.9664 0.0984
vn -0.9150 -0.2942 0.2760
vn -0.2849 0.9533 0.1002
vn -0.8447 -0.4712 0.2540
vn -0.0101 0.9320 0.3623
vn -0.7415 -0.6330 0.2226
vn -0.9868 -0.1365 0.0866
vn -0.2357 0.9707 0.0475
vn -0.1280 0.9916 0.0207
vn -0.8759 -0.4750 0.0841
vn 0.0775 0.9626 0.2595
vn -0.7695 -0.6344 0.0737
vn -0.7109 0.4214 0.5631
vn -0.6327 -0.7720 0.0604
vn -0.7486 -0.3366 0.5713
vn -0.4707 -0.8811 0.0446
vn -0.8298 -0.1320 0.5423
vn -0.2900 -0.9566 0.0270
vn -0.9953 0.0039 0.0966
vn -0.6319 -0.7725 -0.0637
vn -0.7686 -0.5716 -0.2872
vn -0.4703 -0.8812 -0.0477
vn -0.8541 -0.4819 0.1956
vn -0.2899 -0.9566 -0.0299
vn -0.9932 -0.0500 -0.1050
vn -0.9826 -0.1511 -0.1080
vn -0.2313 0.9729 -0.0013
vn -0.9454 -0.3109 -0.0978
vn -0.0591 0.9982 0.0050
vn -0.8737 -0.4782 -0.0886
vn 0.1200 0.9918 0.0440
vn -0.7681 -0.6357 -0.0774
vn -0.4111 0.4601 -0.7869
vn -0.9067 -0.3143 -0.2814
vn -0.1427 0.9886 -0.0470
vn -0.8387 -0.4807 -0.2559
vn 0.1071 0.9733 -0.2029
vn -0.7375 -0.6371 -0.2241
vn -0.0451 0.3029 -0.9519
vn -0.6069 -0.7731 -0.1845
vn -0.3646 -0.4792 -0.7984
vn -0.4519 -0.8814 -0.1378
vn -0.7238 -0.5425 -0.4264
vn -0.2786 -0.9566 -0.0856
vn -0.9470 -0.0907 -0.3082
vn -0.9389 -0.1534 -0.3080
vn -0.2242 0.9733 -0.0485
vn -0.4163 -0.8817 -0.2220
vn -0.5729 -0.3856 -0.7233
vn -0.2567 -0.9566 -0.1378
vn -0.8172 -0.0068 -0.5763
vn -0.8658 -0.1494 -0.4776
vn -0.2186 0.9709 -0.0978
vn -0.8372 -0.3173 -0.4455
vn -0.2693 0.9474 -0.1728
vn -0.7737 -0.4841 -0.4086
vn 0.0058 0.9216 -0.3880
vn -0.6798 -0.6393 -0.3595
vn -0.0504 0.4317 -0.9006
vn -0.5591 -0.7741 -0.2968
vn -0.3440 -0.2358 -0.9089
vn -0.3146 0.9076 -0.2781
vn -0.6839 -0.4923 -0.5385
vn -0.2254 0.8500 -0.4762
vn -0.5979 -0.6438 -0.4774
vn -0.1392 0.5294 -0.8368
vn -0.4907 -0.7761 -0.3961
vn -0.3479 0.0103 -0.9375
vn -0.3650 -0.8823 -0.2971
vn -0.5339 -0.1635 -0.8296
vn -0.2250 -0.9567 -0.1846
vn -0.7715 0.0210 -0.6358
vn -0.7800 -0.1553 -0.6062
vn -0.1922 0.9721 -0.1343
vn -0.7460 -0.3278 -0.5797
vn -0.6592 0.1382 -0.7392
vn -0.1847 -0.9569 -0.2243
vn -0.7208 0.0057 -0.6931
vn -0.6975 -0.1903 -0.6909
vn -0.1557 0.9750 -0.1585
vn -0.6459 -0.3477 -0.6797
vn -0.2725 0.9141 -0.3002
vn -0.6155 -0.4196 -0.6671
vn -0.4053 0.7863 -0.4663
vn -0.6034 -0.6278 -0.4916
vn -0.3590 0.6123 -0.7044
vn -0.4866 -0.8178 -0.3072
vn -0.4873 0.2261 -0.8435
vn -0.3176 -0.8900 -0.3272
vn -0.7618 -0.1992 -0.6165
vn -0.5097 0.7682 -0.3873
vn -0.7877 -0.5687 -0.2369
vn -0.5552 0.6040 -0.5718
vn -0.5777 -0.8159 0.0242
vn -0.5856 0.4287 -0.6880
vn -0.3744 -0.8823 -0.2852
vn -0.6680 0.2248 -0.7094
vn -0.1373 -0.9570 -0.2554
vn -0.6960 -0.0305 -0.7174
vn -0.6651 -0.1386 -0.7337
vn -0.1125 0.9791 -0.1692
vn -0.6870 -0.2520 -0.6816
vn -0.2278 0.9167 -0.3282
vn -0.0846 -0.9572 -0.2768
vn -0.8177 -0.0666 -0.5717
vn -0.8070 0.0710 -0.5862
vn -0.0621 0.9866 -0.1509
vn -0.8314 -0.2619 -0.4902
vn -0.1796 0.9584 -0.2218
vn -0.7824 -0.3606 -0.5077
vn -0.7863 0.5827 -0.2055
vn -0.5554 -0.7025 -0.4451
vn -0.9060 0.3645 -0.2153
vn -0.3739 -0.9273 -0.0144
vn -0.6836 0.4501 -0.5745
vn -0.2733 -0.9259 -0.2608
vn -0.7884 0.2308 -0.5703
vn -0.3545 0.8797 -0.3169
vn -0.0060 -0.7800 -0.6257
vn -0.4837 0.3567 -0.7993
vn 0.0461 -0.9887 -0.1428
vn -0.5006 0.6136 -0.6106
vn 0.0048 -0.9638 -0.2667
vn -0.5208 0.3604 -0.7739
vn -0.0285 -0.9573 -0.2877
vn -0.5600 -0.4362 -0.7043
vn -0.3757 -0.2929 -0.8792
vn -0.0202 0.9911 -0.1317
vn -0.1761 -0.4755 -0.8619
vn -0.0700 0.9904 0.1192
vn -0.0957 -0.5658 -0.8190
vt 0.750000 0.312500
vt 0.718750 0.375000
vt 0.718750 0.312500
vt 0.750000 0.812500
vt 0.718750 0.750000
vt 0.750000 0.750000
vt 0.750000 0.250000
vt 0.718750 0.250000
vt 0.750000 0.687500
vt 0.718750 0.687500
vt 0.718750 0.187500
vt 0.750000 0.187500
vt 0.718750 0.625000
vt 0.750000 0.625000
vt 0.718750 0.125000
vt 0.750000 0.125000
vt 0.718750 0.562500
vt 0.750000 0.562500
vt 0.750000 0.062500
vt 0.718750 0.062500
vt 0.750000 0.500000
vt 0.718750 0.500000
vt 0.750000 0.937500
vt 0.734375 1.000000
vt 0.718750 0.937500
vt 0.734375 0.000000
vt 0.750000 0.437500
vt 0.718750 0.437500
vt 0.750000 0.875000
vt 0.718750 0.875000
vt 0.750000 0.375000
vt 0.718750 0.812500
vt 0.687500 0.437500
vt 0.687500 0.375000
vt 0.687500 0.812500
vt 0.687500 0.312500
vt 0.687500 0.750000
vt 0.687500 0.250000
vt 0.687500 0.687500
vt 0.687500 0.187500
vt 0.687500 0.625000
vt 0.687500 0.125000
vt 0.687500 0.562500
vt 0.687500 0.062500
vt 0.687500 0.500000
vt 0.703125 1.000000
vt 0.687500 0.937500
vt 0.703125 0.000000
vt 0.687500 0.875000
vt 0.656250 0.187500
vt 0.656250 0.125000
vt 0.656250 0.625000
vt 0.656250 0.562500
vt 0.656250 0.062500
vt 0.656250 0.500000
vt 0.671875 1.000000
vt 0.656250 0.937500
vt 0.671875 0.000000
vt 0.656250 0.437500
vt 0.656250 0.875000
vt 0.656250 0.375000
vt 0.656250 0.812500
vt 0.656250 0.312500
vt 0.656250 0.750000
vt 0.656250 0.250000
vt 0.656250 0.687500
vt 0.625000 0.875000
vt 0.625000 0.812500
vt 0.625000 0.375000
vt 0.625000 0.312500
vt 0.625000 0.750000
vt 0.625000 0.250000
vt 0.625000 0.687500
vt 0.625000 0.187500
vt 0.625000 0.625000
vt 0.625000 0.125000
vt 0.625000 0.562500
vt 0.625000 0.062500
vt 0.625000 0.500000
vt 0.640625 1.000000
vt 0.625000 0.937500
vt 0.640625 0.000000
vt 0.625000 0.437500
vt 0.593750 0.562500
vt 0.593750 0.125000
vt 0.593750 0.062500
vt 0.593750 0.500000
vt 0.609375 1.000000
vt 0.593750 0.937500
vt 0.609375 0.000000
vt 0.593750 0.437500
vt 0.593750 0.875000
vt 0.593750 0.375000
vt 0.593750 0.812500
vt 0.593750 0.312500
vt 0.593750 0.750000
vt 0.593750 0.250000
vt 0.593750 0.687500
vt 0.593750 0.187500
vt 0.593750 0.625000
vt 0.562500 0.375000
vt 0.562500 0.312500
vt 0.562500 0.812500
vt 0.562500 0.750000
vt 0.562500 0.250000
vt 0.562500 0.687500
vt 0.562500 0.187500
vt 0.562500 0.625000
vt 0.562500 0.125000
vt 0.562500 0.562500
vt 0.562500 0.062500
vt 0.562500 0.500000
vt 0.578125 1.000000
vt 0.562500 0.937500
vt 0.578125 0.000000
vt 0.562500 0.437500
vt 0.562500 0.875000
vt 0.531250 0.125000
vt 0.531250 0.062500
vt 0.531250 0.562500
vt 0.531250 0.500000
vt 0.546875 1.000000
vt 0.531250 0.937500
vt 0.546875 0.000000
vt 0.531250 0.437500
vt 0.531250 0.875000
vt 0.531250 0.375000
vt 0.531250 0.812500
vt 0.531250 0.312500
vt 0.531250 0.750000
vt 0.531250 0.250000
vt 0.531250 0.687500
vt 0.531250 0.187500
vt 0.531250 0.625000
vt 0.500000 0.312500
vt 0.500000 0.250000
vt 0.500000 0.750000
vt 0.500000 0.687500
vt 0.500000 0.187500
vt 0.500000 0.625000
vt 0.500000 0.125000
vt 0.500000 0.562500
vt 0.500000 0.062500
vt 0.500000 0.500000
vt 0.515625 1.000000
vt 0.500000 0.937500
vt 0.515625 0.000000
vt 0.500000 0.437500
vt 0.500000 0.875000
vt 0.500000 0.375000
vt 0.500000 0.812500
vt 0.484375 1.000000
vt 0.468750 0.937500
vt 0.484375 0.000000
vt 0.468750 0.062500
vt 0.468750 0.500000
vt 0.468750 0.437500
vt 0.468750 0.875000
vt 0.468750 0.375000
vt 0.468750 0.812500
vt 0.468750 0.312500
vt 0.468750 0.750000
vt 0.468750 0.250000
vt 0.468750 0.687500
vt 0.468750 0.187500
vt 0.468750 0.625000
vt 0.468750 0.125000
vt 0.468750 0.562500
vt 0.437500 0.687500
vt 0.437500 0.250000
vt 0.437500 0.187500
vt 0.437500 0.625000
vt 0.437500 0.125000
vt 0.437500 0.562500
vt 0.437500 0.062500
vt 0.437500 0.500000
vt 0.453125 1.000000
vt 0.437500 0.937500
vt 0.453125 0.000000
vt 0.437500 0.437500
vt 0.437500 0.875000
vt 0.437500 0.375000
vt 0.437500 0.812500
vt 0.437500 0.312500
vt 0.437500 0.750000
vt 0.406250 0.437500
vt 0.406250 0.875000
vt 0.406250 0.375000
vt 0.406250 0.812500
vt 0.406250 0.312500
vt 0.406250 0.750000
vt 0.406250 0.250000
vt 0.406250 0.687500
vt 0.406250 0.187500
vt 0.406250 0.625000
vt 0.406250 0.125000
vt 0.406250 0.562500
vt 0.406250 0.062500
vt 0.406250 0.500000
vt 0.421875 1.000000
vt 0.406250 0.937500
vt 0.421875 0.000000
vt 0.375000 0.250000
vt 0.375000 0.187500
vt 0.375000 0.687500
vt 0.375000 0.625000
vt 0.375000 0.125000
vt 0.375000 0.562500
vt 0.375000 0.062500
vt 0.375000 0.500000
vt 0.390625 1.000000
vt 0.375000 0.937500
vt 0.390625 0.000000
vt 0.375000 0.437500
vt 0.375000 0.875000
vt 0.375000 0.375000
vt 0.375000 0.812500
vt 0.375000 0.312500
vt 0.375000 0.750000
vt 0.343750 0.937500
vt 0.343750 0.875000
vt 0.343750 0.437500
vt 0.343750 0.375000
vt 0.343750 0.812500
vt 0.343750 0.312500
vt 0.343750 0.750000
vt 0.343750 0.250000
vt 0.343750 0.687500
vt 0.343750 0.187500
vt 0.343750 0.625000
vt 0.343750 0.125000
vt 0.343750 0.562500
vt 0.343750 0.062500
vt 0.343750 0.500000
vt 0.359375 1.000000
vt 0.359375 0.000000
vt 0.312500 0.625000
vt 0.312500 0.125000
vt 0.312500 0.562500
vt 0.312500 0.062500
vt 0.312500 0.500000
vt 0.328125 1.000000
vt 0.312500 0.937500
vt 0.328125 0.000000
vt 0.312500 0.437500
vt 0.312500 0.875000
vt 0.312500 0.375000
vt 0.312500 0.812500
vt 0.312500 0.312500
vt 0.312500 0.750000
vt 0.312500 0.250000
vt 0.312500 0.687500
vt 0.312500 0.187500
vt 0.281250 0.437500
vt 0.281250 0.375000
vt 0.281250 0.875000
vt 0.281250 0.812500
vt 0.281250 0.312500
vt 0.281250 0.750000
vt 0.281250 0.250000
vt 0.281250 0.687500
vt 0.281250 0.187500
vt 0.281250 0.625000
vt 0.281250 0.125000
vt 0.281250 0.562500
vt 0.281250 0.062500
vt 0.281250 0.500000
vt 0.296875 1.000000
vt 0.281250 0.937500
vt 0.296875 0.000000
vt 0.250000 0.125000
vt 0.250000 0.562500
vt 0.250000 0.062500
vt 0.250000 0.500000
vt 0.265625 1.000000
vt 0.250000 0.937500
vt 0.265625 0.000000
vt 0.250000 0.437500
vt 0.250000 0.875000
vt 0.250000 0.375000
vt 0.250000 0.812500
vt 0.250000 0.312500
vt 0.250000 0.750000
vt 0.250000 0.250000
vt 0.250000 0.687500
vt 0.250000 0.187500
vt 0.250000 0.625000
vt 0.218750 0.375000
vt 0.218750 0.312500
vt 0.218750 0.812500
vt 0.218750 0.750000
vt 0.218750 0.250000
vt 0.218750 0.687500
vt 0.218750 0.187500
vt 0.218750 0.625000
vt 0.218750 0.125000
vt 0.218750 0.562500
vt 0.218750 0.062500
vt 0.218750 0.500000
vt 0.234375 1.000000
vt 0.218750 0.937500
vt 0.234375 0.000000
vt 0.218750 0.437500
vt 0.218750 0.875000
vt 0.187500 0.125000
vt 0.187500 0.062500
vt 0.187500 0.500000
vt 0.203125 1.000000
vt 0.187500 0.937500
vt 0.203125 0.000000
vt 0.187500 0.437500
vt 0.187500 0.875000
vt 0.187500 0.375000
vt 0.187500 0.812500
vt 0.187500 0.312500
vt 0.187500 0.750000
vt 0.187500 0.250000
vt 0.187500 0.687500
vt 0.187500 0.187500
vt 0.187500 0.625000
vt 0.187500 0.562500
vt 0.156250 0.750000
vt 0.156250 0.312500
vt 0.156250 0.250000
vt 0.156250 0.687500
vt 0.156250 0.187500
vt 0.156250 0.625000
vt 0.156250 0.125000
vt 0.156250 0.562500
vt 0.156250 0.062500
vt 0.156250 0.500000
vt 0.171875 1.000000
vt 0.156250 0.937500
vt 0.171875 0.000000
vt 0.156250 0.437500
vt 0.156250 0.875000
vt 0.156250 0.375000
vt 0.156250 0.812500
vt 0.125000 0.500000
vt 0.140625 1.000000
vt 0.125000 0.937500
vt 0.140625 0.000000
vt 0.125000 0.062500
vt 0.125000 0.437500
vt 0.125000 0.875000
vt 0.125000 0.375000
vt 0.125000 0.812500
vt 0.125000 0.312500
vt 0.125000 0.750000
vt 0.125000 0.250000
vt 0.125000 0.687500
vt 0.125000 0.187500
vt 0.125000 0.625000
vt 0.125000 0.125000
vt 0.125000 0.562500
vt 0.093750 0.250000
vt 0.093750 0.687500
vt 0.093750 0.187500
vt 0.093750 0.625000
vt 0.093750 0.125000
vt 0.093750 0.562500
vt 0.093750 0.062500
vt 0.093750 0.500000
vt 0.109375 1.000000
vt 0.093750 0.937500
vt 0.109375 0.000000
vt 0.093750 0.437500
vt 0.093750 0.875000
vt 0.093750 0.375000
vt 0.093750 0.812500
vt 0.093750 0.312500
vt 0.093750 0.750000
vt 0.078125 1.000000
vt 0.062500 0.937500
vt 0.078125 0.000000
vt 0.062500 0.062500
vt 0.062500 0.437500
vt 0.062500 0.875000
vt 0.062500 0.375000
vt 0.062500 0.812500
vt 0.062500 0.312500
vt 0.062500 0.750000
vt 0.062500 0.250000
vt 0.062500 0.687500
vt 0.062500 0.187500
vt 0.062500 0.625000
vt 0.062500 0.125000
vt 0.062500 0.562500
vt 0.062500 0.500000
vt 0.031250 0.687500
vt 0.031250 0.187500
vt 0.031250 0.625000
vt 0.031250 0.125000
vt 0.031250 0.562500
vt 0.031250 0.062500
vt 0.031250 0.500000
vt 0.046875 1.000000
vt 0.031250 0.937500
vt 0.046875 0.000000
vt 0.031250 0.437500
vt 0.031250 0.875000
vt 0.031250 0.375000
vt 0.031250 0.812500
vt 0.031250 0.312500
vt 0.031250 0.750000
vt 0.031250 0.250000
vt 0.000000 0.437500
vt 0.000000 0.937500
vt 0.000000 0.875000
vt 0.000000 0.375000
vt 0.000000 0.812500
vt 0.000000 0.312500
vt 0.000000 0.750000
vt 0.000000 0.250000
vt 0.000000 0.687500
vt 0.000000 0.187500
vt 0.000000 0.625000
vt 0.000000 0.125000
vt 0.000000 0.562500
vt 0.000000 0.062500
vt 0.000000 0.500000
vt 0.015625 1.000000
vt 0.015625 0.000000
vt 1.000000 0.250000
vt 0.968750 0.187500
vt 1.000000 0.187500
vt 1.000000 0.687500
vt 0.968750 0.625000
vt 1.000000 0.625000
vt 0.968750 0.125000
vt 1.000000 0.125000
vt 0.968750 0.562500
vt 1.000000 0.562500
vt 0.968750 0.062500
vt 1.000000 0.062500
vt 0.968750 0.500000
vt 1.000000 0.500000
vt 1.000000 0.937500
vt 0.984375 1.000000
vt 0.968750 0.937500
vt 0.984375 0.000000
vt 0.968750 0.437500
vt 1.000000 0.437500
vt 1.000000 0.875000
vt 0.968750 0.875000
vt 0.968750 0.375000
vt 1.000000 0.375000
vt 0.968750 0.812500
vt 1.000000 0.812500
vt 0.968750 0.312500
vt 1.000000 0.312500
vt 0.968750 0.750000
vt 1.000000 0.750000
vt 0.968750 0.250000
vt 0.968750 0.687500
vt 0.937500 0.375000
vt 0.937500 0.812500
vt 0.937500 0.312500
vt 0.937500 0.750000
vt 0.937500 0.250000
vt 0.937500 0.687500
vt 0.937500 0.187500
vt 0.937500 0.625000
vt 0.937500 0.125000
vt 0.937500 0.562500
vt 0.937500 0.062500
vt 0.937500 0.500000
vt 0.953125 1.000000
vt 0.937500 0.937500
vt 0.953125 0.000000
vt 0.937500 0.437500
vt 0.937500 0.875000
vt 0.906250 0.125000
vt 0.906250 0.625000
vt 0.906250 0.562500
vt 0.906250 0.062500
vt 0.906250 0.500000
vt 0.921875 1.000000
vt 0.906250 0.937500
vt 0.921875 0.000000
vt 0.906250 0.437500
vt 0.906250 0.875000
vt 0.906250 0.375000
vt 0.906250 0.812500
vt 0.906250 0.312500
vt 0.906250 0.750000
vt 0.906250 0.250000
vt 0.906250 0.687500
vt 0.906250 0.187500
vt 0.875000 0.812500
vt 0.875000 0.312500
vt 0.875000 0.750000
vt 0.875000 0.250000
vt 0.875000 0.687500
vt 0.875000 0.187500
vt 0.875000 0.625000
vt 0.875000 0.125000
vt 0.875000 0.562500
vt 0.875000 0.062500
vt 0.875000 0.500000
vt 0.890625 1.000000
vt 0.875000 0.937500
vt 0.890625 0.000000
vt 0.875000 0.437500
vt 0.875000 0.875000
vt 0.875000 0.375000
vt 0.843750 0.625000
vt 0.843750 0.562500
vt 0.843750 0.062500
vt 0.843750 0.500000
vt 0.859375 1.000000
vt 0.843750 0.937500
vt 0.859375 0.000000
vt 0.843750 0.437500
vt 0.843750 0.875000
vt 0.843750 0.375000
vt 0.843750 0.812500
vt 0.843750 0.312500
vt 0.843750 0.750000
vt 0.843750 0.250000
vt 0.843750 0.687500
vt 0.843750 0.187500
vt 0.843750 0.125000
vt 0.812500 0.312500
vt 0.812500 0.812500
vt 0.812500 0.750000
vt 0.812500 0.250000
vt 0.812500 0.687500
vt 0.812500 0.187500
vt 0.812500 0.625000
vt 0.812500 0.125000
vt 0.812500 0.562500
vt 0.812500 0.062500
vt 0.812500 0.500000
vt 0.828125 1.000000
vt 0.812500 0.937500
vt 0.828125 0.000000
vt 0.812500 0.437500
vt 0.812500 0.875000
vt 0.812500 0.375000
vt 0.781250 0.062500
vt 0.781250 0.500000
vt 0.796875 1.000000
vt 0.781250 0.937500
vt 0.796875 0.000000
vt 0.781250 0.437500
vt 0.781250 0.875000
vt 0.781250 0.375000
vt 0.781250 0.812500
vt 0.781250 0.312500
vt 0.781250 0.750000
vt 0.781250 0.250000
vt 0.781250 0.687500
vt 0.781250 0.187500
vt 0.781250 0.625000
vt 0.781250 0.125000
vt 0.781250 0.562500
vt 0.765625 1.000000
vt 0.765625 0.000000
s 0
f 970/1119/1882 980/1120/1882 981/1121/1882
f 965/1122/1883 974/1123/1883 1440/1124/1883
f 1443/1125/1884 981/1121/1884 982/1126/1884
f 966/1127/1885 974/1123/1885 975/1128/1885
f 1443/1125/1886 983/1129/1886 1444/1130/1886
f 966/1127/1887 976/1131/1887 1441/1132/1887
f 1444/1130/1888 984/1133/1888 1445/1134/1888
f 1441/1132/1889 977/1135/1889 967/1136/1889
f 1446/1137/1890 984/1133/1890 985/1138/1890
f 968/1139/1891 977/1135/1891 978/1140/1891
f 1438/1141/1892 1046/1142/1892 971/1143/1892
f 1272/1144/1893 1446/1137/1893 985/1138/1893
f 969/1145/1894 978/1140/1894 979/1146/1894
f 1439/1147/1895 971/1143/1895 972/1148/1895
f 1442/1149/1896 979/1146/1896 980/1120/1896
f 1439/1147/1897 973/1150/1897 965/1122/1897
f 980/1120/1898 994/1151/1898 995/1152/1898
f 972/1148/1899 988/1153/1899 973/1150/1899
f 981/1121/1900 995/1152/1900 996/1154/1900
f 973/1150/1901 989/1155/1901 974/1123/1901
f 982/1126/1902 996/1154/1902 997/1156/1902
f 974/1123/1903 990/1157/1903 975/1128/1903
f 983/1129/1904 997/1156/1904 998/1158/1904
f 975/1128/1905 991/1159/1905 976/1131/1905
f 983/1129/1906 999/1160/1906 984/1133/1906
f 976/1131/1907 992/1161/1907 977/1135/1907
f 985/1138/1908 999/1160/1908 1000/1162/1908
f 978/1140/1909 992/1161/1909 993/1163/1909
f 971/1143/1910 1046/1164/1910 986/1165/1910
f 1272/1166/1911 985/1138/1911 1000/1162/1911
f 979/1146/1912 993/1163/1912 994/1151/1912
f 972/1148/1913 986/1165/1913 987/1167/1913
f 999/1160/1914 1013/1168/1914 1014/1169/1914
f 992/1161/1915 1006/1170/1915 1007/1171/1915
f 1000/1162/1916 1014/1169/1916 1015/1172/1916
f 993/1163/1917 1007/1171/1917 1008/1173/1917
f 986/1165/1918 1046/1174/1918 1001/1175/1918
f 1272/1176/1919 1000/1162/1919 1015/1172/1919
f 994/1151/1920 1008/1173/1920 1009/1177/1920
f 986/1165/1921 1002/1178/1921 987/1167/1921
f 995/1152/1922 1009/1177/1922 1010/1179/1922
f 987/1167/1923 1003/1180/1923 988/1153/1923
f 996/1154/1924 1010/1179/1924 1011/1181/1924
f 988/1153/1925 1004/1182/1925 989/1155/1925
f 997/1156/1926 1011/1181/1926 1012/1183/1926
f 989/1155/1927 1005/1184/1927 990/1157/1927
f 998/1158/1928 1012/1183/1928 1013/1168/1928
f 990/1157/1929 1006/1170/1929 991/1159/1929
f 1003/1180/1930 1017/1185/1930 1018/1186/1930
f 1011/1181/1931 1025/1187/1931 1026/1188/1931
f 1004/1182/1932 1018/1186/1932 1019/1189/1932
f 1012/1183/1933 1026/1188/1933 1027/1190/1933
f 1005/1184/1934 1019/1189/1934 1020/1191/1934
f 1013/1168/1935 1027/1190/1935 1028/1192/1935
f 1005/1184/1936 1021/1193/1936 1006/1170/1936
f 1014/1169/1937 1028/1192/1937 1029/1194/1937
f 1006/1170/1938 1022/1195/1938 1007/1171/1938
f 1015/1172/1939 1029/1194/1939 1030/1196/1939
f 1008/1173/1940 1022/1195/1940 1023/1197/1940
f 1001/1175/1941 1046/1198/1941 1016/1199/1941
f 1272/1200/1942 1015/1172/1942 1030/1196/1942
f 1009/1177/1943 1023/1197/1943 1024/1201/1943
f 1002/1178/1944 1016/1199/1944 1017/1185/1944
f 1010/1179/1945 1024/1201/1945 1025/1187/1945
f 1021/1193/1946 1037/1202/1946 1022/1195/1946
f 1030/1196/1947 1044/1203/1947 1045/1204/1947
f 1023/1197/1948 1037/1202/1948 1038/1205/1948
f 1016/1199/1949 1046/1206/1949 1031/1207/1949
f 1272/1208/1950 1030/1196/1950 1045/1204/1950
f 1024/1201/1951 1038/1205/1951 1039/1209/1951
f 1017/1185/1952 1031/1207/1952 1032/1210/1952
f 1025/1187/1953 1039/1209/1953 1040/1211/1953
f 1018/1186/1954 1032/1210/1954 1033/1212/1954
f 1026/1188/1955 1040/1211/1955 1041/1213/1955
f 1019/1189/1956 1033/1212/1956 1034/1214/1956
f 1027/1190/1957 1041/1213/1957 1042/1215/1957
f 1020/1191/1958 1034/1214/1958 1035/1216/1958
f 1028/1192/1959 1042/1215/1959 1043/1217/1959
f 1020/1191/1960 1036/1218/1960 1021/1193/1960
f 1029/1194/1961 1043/1217/1961 1044/1203/1961
f 1041/1213/1962 1056/1219/1962 1057/1220/1962
f 1034/1214/1963 1049/1221/1963 1050/1222/1963
f 1042/1215/1964 1057/1220/1964 1058/1223/1964
f 1035/1216/1965 1050/1222/1965 1051/1224/1965
f 1043/1217/1966 1058/1223/1966 1059/1225/1966
f 1035/1216/1967 1052/1226/1967 1036/1218/1967
f 1044/1203/1968 1059/1225/1968 1060/1227/1968
f 1036/1218/1969 1053/1228/1969 1037/1202/1969
f 1045/1204/1970 1060/1227/1970 1061/1229/1970
f 1038/1205/1971 1053/1228/1971 1054/1230/1971
f 1031/1207/1972 1046/1231/1972 1047/1232/1972
f 1272/1233/1973 1045/1204/1973 1061/1229/1973
f 1039/1209/1974 1054/1230/1974 1055/1234/1974
f 1031/1207/1975 1048/1235/1975 1032/1210/1975
f 1040/1211/1976 1055/1234/1976 1056/1219/1976
f 1032/1210/1977 1049/1221/1977 1033/1212/1977
f 1061/1229/1978 1075/1236/1978 1076/1237/1978
f 1054/1230/1979 1068/1238/1979 1069/1239/1979
f 1047/1232/1980 1046/1240/1980 1062/1241/1980
f 1272/1242/1981 1061/1229/1981 1076/1237/1981
f 1055/1234/1982 1069/1239/1982 1070/1243/1982
f 1047/1232/1983 1063/1244/1983 1048/1235/1983
f 1056/1219/1984 1070/1243/1984 1071/1245/1984
f 1048/1235/1985 1064/1246/1985 1049/1221/1985
f 1057/1220/1986 1071/1245/1986 1072/1247/1986
f 1050/1222/1987 1064/1246/1987 1065/1248/1987
f 1058/1223/1988 1072/1247/1988 1073/1249/1988
f 1051/1224/1989 1065/1248/1989 1066/1250/1989
f 1059/1225/1990 1073/1249/1990 1074/1251/1990
f 1051/1224/1991 1067/1252/1991 1052/1226/1991
f 1060/1227/1992 1074/1251/1992 1075/1236/1992
f 1052/1226/1993 1068/1238/1993 1053/1228/1993
f 1073/1249/1994 1087/1253/1994 1088/1254/1994
f 1066/1250/1995 1080/1255/1995 1081/1256/1995
f 1074/1251/1996 1088/1254/1996 1089/1257/1996
f 1066/1250/1997 1082/1258/1997 1067/1252/1997
f 1075/1236/1998 1089/1257/1998 1090/1259/1998
f 1067/1252/1999 1083/1260/1999 1068/1238/1999
f 1076/1237/2000 1090/1259/2000 1091/1261/2000
f 1069/1239/2001 1083/1260/2001 1084/1262/2001
f 1062/1241/2002 1046/1263/2002 1077/1264/2002
f 1272/1265/2003 1076/1237/2003 1091/1261/2003
f 1070/1243/2004 1084/1262/2004 1085/1266/2004
f 1062/1241/2005 1078/1267/2005 1063/1244/2005
f 1071/1245/2006 1085/1266/2006 1086/1268/2006
f 1063/1244/2007 1079/1269/2007 1064/1246/2007
f 1072/1247/2008 1086/1268/2008 1087/1253/2008
f 1064/1246/2009 1080/1255/2009 1065/1248/2009
f 1077/1264/2010 1046/1270/2010 1092/1271/2010
f 1272/1272/2011 1091/1261/2011 1106/1273/2011
f 1085/1266/2012 1099/1274/2012 1100/1275/2012
f 1077/1264/2013 1093/1276/2013 1078/1267/2013
f 1086/1268/2014 1100/1275/2014 1101/1277/2014
f 1078/1267/2015 1094/1278/2015 1079/1269/2015
f 1087/1253/2016 1101/1277/2016 1102/1279/2016
f 1079/1269/2017 1095/1280/2017 1080/1255/2017
f 1088/1254/2018 1102/1279/2018 1103/1281/2018
f 1080/1255/2019 1096/1282/2019 1081/1256/2019
f 1089/1257/2020 1103/1281/2020 1104/1283/2020
f 1082/1258/2021 1096/1282/2021 1097/1284/2021
f 1090/1259/2022 1104/1283/2022 1105/1285/2022
f 1083/1260/2023 1097/1284/2023 1098/1286/2023
f 1091/1261/2024 1105/1285/2024 1106/1273/2024
f 1084/1262/2025 1098/1286/2025 1099/1274/2025
f 1095/1280/2026 1111/1287/2026 1096/1282/2026
f 1104/1283/2027 1118/1288/2027 1119/1289/2027
f 1097/1284/2028 1111/1287/2028 1112/1290/2028
f 1105/1285/2029 1119/1289/2029 1120/1291/2029
f 1098/1286/2030 1112/1290/2030 1113/1292/2030
f 1106/1273/2031 1120/1291/2031 1121/1293/2031
f 1099/1274/2032 1113/1292/2032 1114/1294/2032
f 1092/1271/2033 1046/1295/2033 1107/1296/2033
f 1272/1297/2034 1106/1273/2034 1121/1293/2034
f 1100/1275/2035 1114/1294/2035 1115/1298/2035
f 1092/1271/2036 1108/1299/2036 1093/1276/2036
f 1101/1277/2037 1115/1298/2037 1116/1300/2037
f 1093/1276/2038 1109/1301/2038 1094/1278/2038
f 1102/1279/2039 1116/1300/2039 1117/1302/2039
f 1094/1278/2040 1110/1303/2040 1095/1280/2040
f 1103/1281/2041 1117/1302/2041 1118/1288/2041
f 1114/1294/2042 1130/1304/2042 1115/1298/2042
f 1107/1296/2043 1123/1305/2043 1108/1299/2043
f 1115/1298/2044 1131/1306/2044 1116/1300/2044
f 1108/1299/2045 1124/1307/2045 1109/1301/2045
f 1117/1302/2046 1131/1306/2046 1132/1308/2046
f 1109/1301/2047 1125/1309/2047 1110/1303/2047
f 1118/1288/2048 1132/1308/2048 1133/1310/2048
f 1111/1287/2049 1125/1309/2049 1126/1311/2049
f 1119/1289/2050 1133/1310/2050 1134/1312/2050
f 1112/1290/2051 1126/1311/2051 1127/1313/2051
f 1120/1291/2052 1134/1312/2052 1135/1314/2052
f 1113/1292/2053 1127/1313/2053 1128/1315/2053
f 1120/1291/2054 1136/1316/2054 1121/1293/2054
f 1114/1294/2055 1128/1315/2055 1129/1317/2055
f 1107/1296/2056 1046/1318/2056 1122/1319/2056
f 1272/1320/2057 1121/1293/2057 1136/1316/2057
f 1134/1312/2058 1148/1321/2058 1149/1322/2058
f 1127/1313/2059 1141/1323/2059 1142/1324/2059
f 1135/1314/2060 1149/1322/2060 1150/1325/2060
f 1128/1315/2061 1142/1324/2061 1143/1326/2061
f 1135/1314/2062 1151/1327/2062 1136/1316/2062
f 1129/1317/2063 1143/1326/2063 1144/1328/2063
f 1122/1319/2064 1046/1329/2064 1137/1330/2064
f 1272/1331/2065 1136/1316/2065 1151/1327/2065
f 1129/1317/2066 1145/1332/2066 1130/1304/2066
f 1123/1305/2067 1137/1330/2067 1138/1333/2067
f 1130/1304/2068 1146/1334/2068 1131/1306/2068
f 1123/1305/2069 1139/1335/2069 1124/1307/2069
f 1131/1306/2070 1147/1336/2070 1132/1308/2070
f 1124/1307/2071 1140/1337/2071 1125/1309/2071
f 1133/1310/2072 1147/1336/2072 1148/1321/2072
f 1126/1311/2073 1140/1337/2073 1141/1323/2073
f 1138/1333/2074 1152/1338/2074 1153/1339/2074
f 1146/1334/2075 1160/1340/2075 1161/1341/2075
f 1139/1335/2076 1153/1339/2076 1154/1342/2076
f 1147/1336/2077 1161/1341/2077 1162/1343/2077
f 1139/1335/2078 1155/1344/2078 1140/1337/2078
f 1148/1321/2079 1162/1343/2079 1163/1345/2079
f 1141/1323/2080 1155/1344/2080 1156/1346/2080
f 1148/1321/2081 1164/1347/2081 1149/1322/2081
f 1142/1324/2082 1156/1346/2082 1157/1348/2082
f 1149/1322/2083 1165/1349/2083 1150/1325/2083
f 1143/1326/2084 1157/1348/2084 1158/1350/2084
f 1150/1325/2085 1166/1351/2085 1151/1327/2085
f 1144/1328/2086 1158/1350/2086 1159/1352/2086
f 1137/1330/2087 1046/1353/2087 1152/1338/2087
f 1272/1354/2088 1151/1327/2088 1166/1351/2088
f 1144/1328/2089 1160/1340/2089 1145/1332/2089
f 1156/1346/2090 1172/1355/2090 1157/1348/2090
f 1164/1347/2091 1180/1356/2091 1165/1349/2091
f 1158/1350/2092 1172/1355/2092 1173/1357/2092
f 1165/1349/2093 1181/1358/2093 1166/1351/2093
f 1159/1352/2094 1173/1357/2094 1174/1359/2094
f 1152/1338/2095 1046/1360/2095 1167/1361/2095
f 1272/1362/2096 1166/1351/2096 1181/1358/2096
f 1160/1340/2097 1174/1359/2097 1175/1363/2097
f 1153/1339/2098 1167/1361/2098 1168/1364/2098
f 1161/1341/2099 1175/1363/2099 1176/1365/2099
f 1154/1342/2100 1168/1364/2100 1169/1366/2100
f 1162/1343/2101 1176/1365/2101 1177/1367/2101
f 1154/1342/2102 1170/1368/2102 1155/1344/2102
f 1163/1345/2103 1177/1367/2103 1178/1369/2103
f 1155/1344/2104 1171/1370/2104 1156/1346/2104
f 1163/1345/2105 1179/1371/2105 1164/1347/2105
f 1176/1365/2106 1190/1372/2106 1191/1373/2106
f 1169/1366/2107 1183/1374/2107 1184/1375/2107
f 1177/1367/2108 1191/1373/2108 1192/1376/2108
f 1169/1366/2109 1185/1377/2109 1170/1368/2109
f 1178/1369/2110 1192/1376/2110 1193/1378/2110
f 1170/1368/2111 1186/1379/2111 1171/1370/2111
f 1178/1369/2112 1194/1380/2112 1179/1371/2112
f 1171/1370/2113 1187/1381/2113 1172/1355/2113
f 1179/1371/2114 1195/1382/2114 1180/1356/2114
f 1172/1355/2115 1188/1383/2115 1173/1357/2115
f 1180/1356/2116 1196/1384/2116 1181/1358/2116
f 1174/1359/2117 1188/1383/2117 1189/1385/2117
f 1167/1361/2118 1046/1386/2118 1182/1387/2118
f 1272/1388/2119 1181/1358/2119 1196/1384/2119
f 1175/1363/2120 1189/1385/2120 1190/1372/2120
f 1168/1364/2121 1182/1387/2121 1183/1374/2121
f 1194/1380/2122 1210/1389/2122 1195/1382/2122
f 1187/1381/2123 1203/1390/2123 1188/1383/2123
f 1195/1382/2124 1211/1391/2124 1196/1384/2124
f 1189/1385/2125 1203/1390/2125 1204/1392/2125
f 1182/1387/2126 1046/1393/2126 1197/1394/2126
f 1272/1395/2127 1196/1384/2127 1211/1391/2127
f 1190/1372/2128 1204/1392/2128 1205/1396/2128
f 1183/1374/2129 1197/1394/2129 1198/1397/2129
f 1191/1373/2130 1205/1396/2130 1206/1398/2130
f 1184/1375/2131 1198/1397/2131 1199/1399/2131
f 1191/1373/2132 1207/1400/2132 1192/1376/2132
f 1184/1375/2133 1200/1401/2133 1185/1377/2133
f 1192/1376/2134 1208/1402/2134 1193/1378/2134
f 1185/1377/2135 1201/1403/2135 1186/1379/2135
f 1193/1378/2136 1209/1404/2136 1194/1380/2136
f 1186/1379/2137 1202/1405/2137 1187/1381/2137
f 1207/1400/2138 1221/1406/2138 1222/1407/2138
f 1200/1401/2139 1214/1408/2139 1215/1409/2139
f 1207/1400/2140 1223/1410/2140 1208/1402/2140
f 1201/1403/2141 1215/1409/2141 1216/1411/2141
f 1208/1402/2142 1224/1412/2142 1209/1404/2142
f 1202/1405/2143 1216/1411/2143 1217/1413/2143
f 1209/1404/2144 1225/1414/2144 1210/1389/2144
f 1203/1390/2145 1217/1413/2145 1218/1415/2145
f 1210/1389/2146 1226/1416/2146 1211/1391/2146
f 1203/1390/2147 1219/1417/2147 1204/1392/2147
f 1197/1394/2148 1046/1418/2148 1212/1419/2148
f 1272/1420/2149 1211/1391/2149 1226/1416/2149
f 1204/1392/2150 1220/1421/2150 1205/1396/2150
f 1197/1394/2151 1213/1422/2151 1198/1397/2151
f 1205/1396/2152 1221/1406/2152 1206/1398/2152
f 1198/1397/2153 1214/1408/2153 1199/1399/2153
f 1226/1416/2154 1240/1423/2154 1241/1424/2154
f 1218/1415/2155 1234/1425/2155 1219/1417/2155
f 1212/1419/2156 1046/1426/2156 1227/1427/2156
f 1272/1428/2157 1226/1416/2157 1241/1424/2157
f 1219/1417/2158 1235/1429/2158 1220/1421/2158
f 1212/1419/2159 1228/1430/2159 1213/1422/2159
f 1220/1421/2160 1236/1431/2160 1221/1406/2160
f 1213/1422/2161 1229/1432/2161 1214/1408/2161
f 1221/1406/2162 1237/1433/2162 1222/1407/2162
f 1215/1409/2163 1229/1432/2163 1230/1434/2163
f 1222/1407/2164 1238/1435/2164 1223/1410/2164
f 1216/1411/2165 1230/1434/2165 1231/1436/2165
f 1224/1412/2166 1238/1435/2166 1239/1437/2166
f 1217/1413/2167 1231/1436/2167 1232/1438/2167
f 1225/1414/2168 1239/1437/2168 1240/1423/2168
f 1217/1413/2169 1233/1439/2169 1218/1415/2169
f 1229/1432/2170 1245/1440/2170 1230/1434/2170
f 1238/1435/2171 1252/1441/2171 1253/1442/2171
f 1230/1434/2172 1246/1443/2172 1231/1436/2172
f 1239/1437/2173 1253/1442/2173 1254/1444/2173
f 1231/1436/2174 1247/1445/2174 1232/1438/2174
f 1240/1423/2175 1254/1444/2175 1255/1446/2175
f 1232/1438/2176 1248/1447/2176 1233/1439/2176
f 1241/1424/2177 1255/1446/2177 1256/1448/2177
f 1233/1439/2178 1249/1449/2178 1234/1425/2178
f 1227/1427/2179 1046/1450/2179 1242/1451/2179
f 1272/1452/2180 1241/1424/2180 1256/1448/2180
f 1234/1425/2181 1250/1453/2181 1235/1429/2181
f 1227/1427/2182 1243/1454/2182 1228/1430/2182
f 1235/1429/2183 1251/1455/2183 1236/1431/2183
f 1228/1430/2184 1244/1456/2184 1229/1432/2184
f 1236/1431/2185 1252/1441/2185 1237/1433/2185
f 1248/1447/2186 1264/1457/2186 1249/1449/2186
f 1242/1451/2187 1046/1458/2187 1257/1459/2187
f 1272/1460/2188 1256/1448/2188 1271/1461/2188
f 1250/1453/2189 1264/1457/2189 1265/1462/2189
f 1243/1454/2190 1257/1459/2190 1258/1463/2190
f 1251/1455/2191 1265/1462/2191 1266/1464/2191
f 1244/1456/2192 1258/1463/2192 1259/1465/2192
f 1251/1455/2193 1267/1466/2193 1252/1441/2193
f 1245/1440/2194 1259/1465/2194 1260/1467/2194
f 1253/1442/2195 1267/1466/2195 1268/1468/2195
f 1245/1440/2196 1261/1469/2196 1246/1443/2196
f 1254/1444/2197 1268/1468/2197 1269/1470/2197
f 1246/1443/2198 1262/1471/2198 1247/1445/2198
f 1255/1446/2199 1269/1470/2199 1270/1472/2199
f 1247/1445/2200 1263/1473/2200 1248/1447/2200
f 1256/1448/2201 1270/1472/2201 1271/1461/2201
f 1267/1466/2202 1284/1474/2202 1268/1468/2202
f 1260/1467/2203 1277/1475/2203 1261/1469/2203
f 1269/1470/2204 1284/1474/2204 1285/1476/2204
f 1261/1469/2205 1278/1477/2205 1262/1471/2205
f 1270/1472/2206 1285/1476/2206 1286/1478/2206
f 1262/1471/2207 1279/1479/2207 1263/1473/2207
f 1271/1461/2208 1286/1478/2208 1287/1480/2208
f 1264/1457/2209 1279/1479/2209 1280/1481/2209
f 1257/1459/2210 1046/1482/2210 1273/1483/2210
f 1272/1484/2211 1271/1461/2211 1287/1480/2211
f 1265/1462/2212 1280/1481/2212 1281/1485/2212
f 1258/1463/2213 1273/1483/2213 1274/1486/2213
f 1266/1464/2214 1281/1485/2214 1282/1487/2214
f 1259/1465/2215 1274/1486/2215 1275/1488/2215
f 1266/1464/2216 1283/1489/2216 1267/1466/2216
f 1260/1467/2217 1275/1488/2217 1276/1490/2217
f 1273/1483/2218 1046/1491/2218 1288/1492/2218
f 1272/1493/2219 1287/1480/2219 1302/1494/2219
f 1280/1481/2220 1296/1495/2220 1281/1485/2220
f 1274/1486/2221 1288/1492/2221 1289/1496/2221
f 1281/1485/2222 1297/1497/2222 1282/1487/2222
f 1275/1488/2223 1289/1496/2223 1290/1498/2223
f 1282/1487/2224 1298/1499/2224 1283/1489/2224
f 1276/1490/2225 1290/1498/2225 1291/1500/2225
f 1283/1489/2226 1299/1501/2226 1284/1474/2226
f 1276/1490/2227 1292/1502/2227 1277/1475/2227
f 1284/1474/2228 1300/1503/2228 1285/1476/2228
f 1277/1475/2229 1293/1504/2229 1278/1477/2229
f 1286/1478/2230 1300/1503/2230 1301/1505/2230
f 1278/1477/2231 1294/1506/2231 1279/1479/2231
f 1287/1480/2232 1301/1505/2232 1302/1494/2232
f 1279/1479/2233 1295/1507/2233 1280/1481/2233
f 1291/1500/2234 1307/1508/2234 1292/1502/2234
f 1299/1501/2235 1315/1509/2235 1300/1503/2235
f 1292/1502/2236 1308/1510/2236 1293/1504/2236
f 1300/1503/2237 1316/1511/2237 1301/1505/2237
f 1293/1504/2238 1309/1512/2238 1294/1506/2238
f 1302/1494/2239 1316/1511/2239 1317/1513/2239
f 1294/1506/2240 1310/1514/2240 1295/1507/2240
f 1288/1492/2241 1046/1515/2241 1303/1516/2241
f 1272/1517/2242 1302/1494/2242 1317/1513/2242
f 1295/1507/2243 1311/1518/2243 1296/1495/2243
f 1289/1496/2244 1303/1516/2244 1304/1519/2244
f 1296/1495/2245 1312/1520/2245 1297/1497/2245
f 1290/1498/2246 1304/1519/2246 1305/1521/2246
f 1297/1497/2247 1313/1522/2247 1298/1499/2247
f 1291/1500/2248 1305/1521/2248 1306/1523/2248
f 1298/1499/2249 1314/1524/2249 1299/1501/2249
f 1310/1514/2250 1326/1525/2250 1311/1518/2250
f 1304/1519/2251 1318/1526/2251 1319/1527/2251
f 1311/1518/2252 1327/1528/2252 1312/1520/2252
f 1305/1521/2253 1319/1527/2253 1320/1529/2253
f 1312/1520/2254 1328/1530/2254 1313/1522/2254
f 1306/1523/2255 1320/1529/2255 1321/1531/2255
f 1313/1522/2256 1329/1532/2256 1314/1524/2256
f 1306/1523/2257 1322/1533/2257 1307/1508/2257
f 1314/1524/2258 1330/1534/2258 1315/1509/2258
f 1307/1508/2259 1323/1535/2259 1308/1510/2259
f 1315/1509/2260 1331/1536/2260 1316/1511/2260
f 1308/1510/2261 1324/1537/2261 1309/1512/2261
f 1316/1511/2262 1332/1538/2262 1317/1513/2262
f 1309/1512/2263 1325/1539/2263 1310/1514/2263
f 1303/1516/2264 1046/1540/2264 1318/1526/2264
f 1272/1541/2265 1317/1513/2265 1332/1538/2265
f 1329/1542/2266 1345/1543/2266 1330/1544/2266
f 1322/1545/2267 1338/1546/2267 1323/1547/2267
f 1330/1544/2268 1346/1548/2268 1331/1549/2268
f 1323/1547/2269 1339/1550/2269 1324/1551/2269
f 1331/1549/2270 1347/1552/2270 1332/1553/2270
f 1324/1551/2271 1340/1554/2271 1325/1555/2271
f 1318/1556/2272 1046/1557/2272 1333/1558/2272
f 1272/1559/2273 1332/1553/2273 1347/1552/2273
f 1325/1555/2274 1341/1560/2274 1326/1561/2274
f 1319/1562/2275 1333/1558/2275 1334/1563/2275
f 1326/1561/2276 1342/1564/2276 1327/1565/2276
f 1319/1562/2277 1335/1566/2277 1320/1567/2277
f 1327/1565/2278 1343/1568/2278 1328/1569/2278
f 1320/1567/2279 1336/1570/2279 1321/1571/2279
f 1328/1569/2280 1344/1572/2280 1329/1542/2280
f 1321/1571/2281 1337/1573/2281 1322/1545/2281
f 1341/1560/2282 1357/1574/2282 1342/1564/2282
f 1334/1563/2283 1350/1575/2283 1335/1566/2283
f 1342/1564/2284 1358/1576/2284 1343/1568/2284
f 1335/1566/2285 1351/1577/2285 1336/1570/2285
f 1343/1568/2286 1359/1578/2286 1344/1572/2286
f 1336/1570/2287 1352/1579/2287 1337/1573/2287
f 1344/1572/2288 1360/1580/2288 1345/1543/2288
f 1338/1546/2289 1352/1579/2289 1353/1581/2289
f 1345/1543/2290 1361/1582/2290 1346/1548/2290
f 1339/1550/2291 1353/1581/2291 1354/1583/2291
f 1346/1548/2292 1362/1584/2292 1347/1552/2292
f 1339/1550/2293 1355/1585/2293 1340/1554/2293
f 1333/1558/2294 1046/1586/2294 1348/1587/2294
f 1272/1588/2295 1347/1552/2295 1362/1584/2295
f 1340/1554/2296 1356/1589/2296 1341/1560/2296
f 1334/1563/2297 1348/1587/2297 1349/1590/2297
f 1360/1580/2298 1376/1591/2298 1361/1582/2298
f 1354/1583/2299 1368/1592/2299 1369/1593/2299
f 1361/1582/2300 1377/1594/2300 1362/1584/2300
f 1354/1583/2301 1370/1595/2301 1355/1585/2301
f 1348/1587/2302 1046/1596/2302 1363/1597/2302
f 1272/1598/2303 1362/1584/2303 1377/1594/2303
f 1355/1585/2304 1371/1599/2304 1356/1589/2304
f 1348/1587/2305 1364/1600/2305 1349/1590/2305
f 1356/1589/2306 1372/1601/2306 1357/1574/2306
f 1349/1590/2307 1365/1602/2307 1350/1575/2307
f 1357/1574/2308 1373/1603/2308 1358/1576/2308
f 1350/1575/2309 1366/1604/2309 1351/1577/2309
f 1358/1576/2310 1374/1605/2310 1359/1578/2310
f 1351/1577/2311 1367/1606/2311 1352/1579/2311
f 1359/1578/2312 1375/1607/2312 1360/1580/2312
f 1353/1581/2313 1367/1606/2313 1368/1592/2313
f 1364/1600/2314 1380/1608/2314 1365/1602/2314
f 1372/1601/2315 1388/1609/2315 1373/1603/2315
f 1365/1602/2316 1381/1610/2316 1366/1604/2316
f 1373/1603/2317 1389/1611/2317 1374/1605/2317
f 1366/1604/2318 1382/1612/2318 1367/1606/2318
f 1374/1605/2319 1390/1613/2319 1375/1607/2319
f 1368/1592/2320 1382/1612/2320 1383/1614/2320
f 1375/1607/2321 1391/1615/2321 1376/1591/2321
f 1369/1593/2322 1383/1614/2322 1384/1616/2322
f 1376/1591/2323 1392/1617/2323 1377/1594/2323
f 1369/1593/2324 1385/1618/2324 1370/1595/2324
f 1363/1597/2325 1046/1619/2325 1378/1620/2325
f 1272/1621/2326 1377/1594/2326 1392/1617/2326
f 1370/1595/2327 1386/1622/2327 1371/1599/2327
f 1363/1597/2328 1379/1623/2328 1364/1600/2328
f 1371/1599/2329 1387/1624/2329 1372/1601/2329
f 1384/1616/2330 1398/1625/2330 1399/1626/2330
f 1391/1615/2331 1407/1627/2331 1392/1617/2331
f 1384/1616/2332 1400/1628/2332 1385/1618/2332
f 1378/1620/2333 1046/1629/2333 1393/1630/2333
f 1272/1631/2334 1392/1617/2334 1407/1627/2334
f 1385/1618/2335 1401/1632/2335 1386/1622/2335
f 1378/1620/2336 1394/1633/2336 1379/1623/2336
f 1386/1622/2337 1402/1634/2337 1387/1624/2337
f 1379/1623/2338 1395/1635/2338 1380/1608/2338
f 1387/1624/2339 1403/1636/2339 1388/1609/2339
f 1380/1608/2340 1396/1637/2340 1381/1610/2340
f 1388/1609/2341 1404/1638/2341 1389/1611/2341
f 1381/1610/2342 1397/1639/2342 1382/1612/2342
f 1389/1611/2343 1405/1640/2343 1390/1613/2343
f 1383/1614/2344 1397/1639/2344 1398/1625/2344
f 1390/1613/2345 1406/1641/2345 1391/1615/2345
f 1402/1634/2346 1418/1642/2346 1403/1636/2346
f 1396/1637/2347 1410/1643/2347 1411/1644/2347
f 1403/1636/2348 1419/1645/2348 1404/1638/2348
f 1397/1639/2349 1411/1644/2349 1412/1646/2349
f 1404/1638/2350 1420/1647/2350 1405/1640/2350
f 1398/1625/2351 1412/1646/2351 1413/1648/2351
f 1406/1641/2352 1420/1647/2352 1421/1649/2352
f 1399/1626/2353 1413/1648/2353 1414/1650/2353
f 1406/1641/2354 1422/1651/2354 1407/1627/2354
f 1399/1626/2355 1415/1652/2355 1400/1628/2355
f 1393/1630/2356 1046/1653/2356 1408/1654/2356
f 1272/1655/2357 1407/1627/2357 1422/1651/2357
f 1400/1628/2358 1416/1656/2358 1401/1632/2358
f 1393/1630/2359 1409/1657/2359 1394/1633/2359
f 1401/1632/2360 1417/1658/2360 1402/1634/2360
f 1395/1635/2361 1409/1657/2361 1410/1643/2361
f 1421/1649/2362 1437/1659/2362 1422/1651/2362
f 1414/1650/2363 1430/1660/2363 1415/1652/2363
f 1408/1654/2364 1046/1661/2364 1423/1662/2364
f 1272/1663/2365 1422/1651/2365 1437/1659/2365
f 1415/1652/2366 1431/1664/2366 1416/1656/2366
f 1408/1654/2367 1424/1665/2367 1409/1657/2367
f 1416/1656/2368 1432/1666/2368 1417/1658/2368
f 1410/1643/2369 1424/1665/2369 1425/1667/2369
f 1417/1658/2370 1433/1668/2370 1418/1642/2370
f 1411/1644/2371 1425/1667/2371 1426/1669/2371
f 1418/1642/2372 1434/1670/2372 1419/1645/2372
f 1412/1646/2373 1426/1669/2373 1427/1671/2373
f 1419/1645/2374 1435/1672/2374 1420/1647/2374
f 1413/1648/2375 1427/1671/2375 1428/1673/2375
f 1421/1649/2376 1435/1672/2376 1436/1674/2376
f 1414/1650/2377 1428/1673/2377 1429/1675/2377
f 1426/1669/2378 965/1122/2378 1440/1124/2378
f 1433/1668/2379 1443/1125/2379 1434/1670/2379
f 1427/1671/2380 1440/1124/2380 966/1127/2380
f 1434/1670/2381 1444/1130/2381 1435/1672/2381
f 1428/1673/2382 966/1127/2382 1441/1132/2382
f 1435/1672/2383 1445/1134/2383 1436/1674/2383
f 1429/1675/2384 1441/1132/2384 967/1136/2384
f 1436/1674/2385 1446/1137/2385 1437/1659/2385
f 1429/1675/2386 968/1139/2386 1430/1660/2386
f 1423/1662/2387 1046/1676/2387 1438/1141/2387
f 1272/1677/2388 1437/1659/2388 1446/1137/2388
f 1430/1660/2389 969/1145/2389 1431/1664/2389
f 1423/1662/2390 1439/1147/2390 1424/1665/2390
f 1431/1664/2391 1442/1149/2391 1432/1666/2391
f 1425/1667/2392 1439/1147/2392 965/1122/2392
f 1432/1666/2393 970/1119/2393 1433/1668/2393
f 970/1119/2394 1442/1149/2394 980/1120/2394
f 965/1122/2395 973/1150/2395 974/1123/2395
f 1443/1125/2396 970/1119/2396 981/1121/2396
f 966/1127/2397 1440/1124/2397 974/1123/2397
f 1443/1125/2398 982/1126/2398 983/1129/2398
f 966/1127/2399 975/1128/2399 976/1131/2399
f 1444/1130/2400 983/1129/2400 984/1133/2400
f 1441/1132/2401 976/1131/2401 977/1135/2401
f 1446/1137/2402 1445/1134/2402 984/1133/2402
f 968/1139/2403 967/1136/2403 977/1135/2403
f 969/1145/2404 968/1139/2404 978/1140/2404
f 1439/1147/2405 1438/1141/2405 971/1143/2405
f 1442/1149/2406 969/1145/2406 979/1146/2406
f 1439/1147/2407 972/1148/2407 973/1150/2407
f 980/1120/2408 979/1146/2408 994/1151/2408
f 972/1148/2409 987/1167/2409 988/1153/2409
f 981/1121/2410 980/1120/2410 995/1152/2410
f 973/1150/2411 988/1153/2411 989/1155/2411
f 982/1126/2412 981/1121/2412 996/1154/2412
f 974/1123/2413 989/1155/2413 990/1157/2413
f 983/1129/2414 982/1126/2414 997/1156/2414
f 975/1128/2415 990/1157/2415 991/1159/2415
f 983/1129/2416 998/1158/2416 999/1160/2416
f 976/1131/2417 991/1159/2417 992/1161/2417
f 985/1138/2418 984/1133/2418 999/1160/2418
f 978/1140/2419 977/1135/2419 992/1161/2419
f 979/1146/2420 978/1140/2420 993/1163/2420
f 972/1148/2421 971/1143/2421 986/1165/2421
f 999/1160/2422 998/1158/2422 1013/1168/2422
f 992/1161/2423 991/1159/2423 1006/1170/2423
f 1000/1162/2424 999/1160/2424 1014/1169/2424
f 993/1163/2425 992/1161/2425 1007/1171/2425
f 994/1151/2426 993/1163/2426 1008/1173/2426
f 986/1165/2427 1001/1175/2427 1002/1178/2427
f 995/1152/2428 994/1151/2428 1009/1177/2428
f 987/1167/2429 1002/1178/2429 1003/1180/2429
f 996/1154/2430 995/1152/2430 1010/1179/2430
f 988/1153/2431 1003/1180/2431 1004/1182/2431
f 997/1156/2432 996/1154/2432 1011/1181/2432
f 989/1155/2433 1004/1182/2433 1005/1184/2433
f 998/1158/2434 997/1156/2434 1012/1183/2434
f 990/1157/2435 1005/1184/2435 1006/1170/2435
f 1003/1180/2436 1002/1178/2436 1017/1185/2436
f 1011/1181/2437 1010/1179/2437 1025/1187/2437
f 1004/1182/2438 1003/1180/2438 1018/1186/2438
f 1012/1183/2439 1011/1181/2439 1026/1188/2439
f 1005/1184/2440 1004/1182/2440 1019/1189/2440
f 1013/1168/2441 1012/1183/2441 1027/1190/2441
f 1005/1184/2442 1020/1191/2442 1021/1193/2442
f 1014/1169/2443 1013/1168/2443 1028/1192/2443
f 1006/1170/2444 1021/1193/2444 1022/1195/2444
f 1015/1172/2445 1014/1169/2445 1029/1194/2445
f 1008/1173/2446 1007/1171/2446 1022/1195/2446
f 1009/1177/2447 1008/1173/2447 1023/1197/2447
f 1002/1178/2448 1001/1175/2448 1016/1199/2448
f 1010/1179/2449 1009/1177/2449 1024/1201/2449
f 1021/1193/2450 1036/1218/2450 1037/1202/2450
f 1030/1196/2451 1029/1194/2451 1044/1203/2451
f 1023/1197/2452 1022/1195/2452 1037/1202/2452
f 1024/1201/2453 1023/1197/2453 1038/1205/2453
f 1017/1185/2454 1016/1199/2454 1031/1207/2454
f 1025/1187/2455 1024/1201/2455 1039/1209/2455
f 1018/1186/2456 1017/1185/2456 1032/1210/2456
f 1026/1188/2457 1025/1187/2457 1040/1211/2457
f 1019/1189/2458 1018/1186/2458 1033/1212/2458
f 1027/1190/2459 1026/1188/2459 1041/1213/2459
f 1020/1191/2460 1019/1189/2460 1034/1214/2460
f 1028/1192/2461 1027/1190/2461 1042/1215/2461
f 1020/1191/2462 1035/1216/2462 1036/1218/2462
f 1029/1194/2463 1028/1192/2463 1043/1217/2463
f 1041/1213/2464 1040/1211/2464 1056/1219/2464
f 1034/1214/2465 1033/1212/2465 1049/1221/2465
f 1042/1215/2466 1041/1213/2466 1057/1220/2466
f 1035/1216/2467 1034/1214/2467 1050/1222/2467
f 1043/1217/2468 1042/1215/2468 1058/1223/2468
f 1035/1216/2469 1051/1224/2469 1052/1226/2469
f 1044/1203/2470 1043/1217/2470 1059/1225/2470
f 1036/1218/2471 1052/1226/2471 1053/1228/2471
f 1045/1204/2472 1044/1203/2472 1060/1227/2472
f 1038/1205/2473 1037/1202/2473 1053/1228/2473
f 1039/1209/2474 1038/1205/2474 1054/1230/2474
f 1031/1207/2475 1047/1232/2475 1048/1235/2475
f 1040/1211/2476 1039/1209/2476 1055/1234/2476
f 1032/1210/2477 1048/1235/2477 1049/1221/2477
f 1061/1229/1978 1060/1227/1978 1075/1236/1978
f 1054/1230/2478 1053/1228/2478 1068/1238/2478
f 1055/1234/2479 1054/1230/2479 1069/1239/2479
f 1047/1232/2480 1062/1241/2480 1063/1244/2480
f 1056/1219/2481 1055/1234/2481 1070/1243/2481
f 1048/1235/2482 1063/1244/2482 1064/1246/2482
f 1057/1220/2483 1056/1219/2483 1071/1245/2483
f 1050/1222/2484 1049/1221/2484 1064/1246/2484
f 1058/1223/2485 1057/1220/2485 1072/1247/2485
f 1051/1224/2486 1050/1222/2486 1065/1248/2486
f 1059/1225/2487 1058/1223/2487 1073/1249/2487
f 1051/1224/2488 1066/1250/2488 1067/1252/2488
f 1060/1227/1992 1059/1225/1992 1074/1251/1992
f 1052/1226/2489 1067/1252/2489 1068/1238/2489
f 1073/1249/2490 1072/1247/2490 1087/1253/2490
f 1066/1250/2491 1065/1248/2491 1080/1255/2491
f 1074/1251/2492 1073/1249/2492 1088/1254/2492
f 1066/1250/2493 1081/1256/2493 1082/1258/2493
f 1075/1236/2494 1074/1251/2494 1089/1257/2494
f 1067/1252/2495 1082/1258/2495 1083/1260/2495
f 1076/1237/2496 1075/1236/2496 1090/1259/2496
f 1069/1239/2497 1068/1238/2497 1083/1260/2497
f 1070/1243/2498 1069/1239/2498 1084/1262/2498
f 1062/1241/2499 1077/1264/2499 1078/1267/2499
f 1071/1245/2500 1070/1243/2500 1085/1266/2500
f 1063/1244/2501 1078/1267/2501 1079/1269/2501
f 1072/1247/2502 1071/1245/2502 1086/1268/2502
f 1064/1246/2503 1079/1269/2503 1080/1255/2503
f 1085/1266/2504 1084/1262/2504 1099/1274/2504
f 1077/1264/2505 1092/1271/2505 1093/1276/2505
f 1086/1268/2506 1085/1266/2506 1100/1275/2506
f 1078/1267/2507 1093/1276/2507 1094/1278/2507
f 1087/1253/2508 1086/1268/2508 1101/1277/2508
f 1079/1269/2509 1094/1278/2509 1095/1280/2509
f 1088/1254/2510 1087/1253/2510 1102/1279/2510
f 1080/1255/2511 1095/1280/2511 1096/1282/2511
f 1089/1257/2512 1088/1254/2512 1103/1281/2512
f 1082/1258/2513 1081/1256/2513 1096/1282/2513
f 1090/1259/2514 1089/1257/2514 1104/1283/2514
f 1083/1260/2515 1082/1258/2515 1097/1284/2515
f 1091/1261/2516 1090/1259/2516 1105/1285/2516
f 1084/1262/2517 1083/1260/2517 1098/1286/2517
f 1095/1280/2518 1110/1303/2518 1111/1287/2518
f 1104/1283/2519 1103/1281/2519 1118/1288/2519
f 1097/1284/2520 1096/1282/2520 1111/1287/2520
f 1105/1285/2521 1104/1283/2521 1119/1289/2521
f 1098/1286/2522 1097/1284/2522 1112/1290/2522
f 1106/1273/2031 1105/1285/2031 1120/1291/2031
f 1099/1274/2523 1098/1286/2523 1113/1292/2523
f 1100/1275/2524 1099/1274/2524 1114/1294/2524
f 1092/1271/2525 1107/1296/2525 1108/1299/2525
f 1101/1277/2526 1100/1275/2526 1115/1298/2526
f 1093/1276/2527 1108/1299/2527 1109/1301/2527
f 1102/1279/2528 1101/1277/2528 1116/1300/2528
f 1094/1278/2529 1109/1301/2529 1110/1303/2529
f 1103/1281/2530 1102/1279/2530 1117/1302/2530
f 1114/1294/2531 1129/1317/2531 1130/1304/2531
f 1107/1296/2532 1122/1319/2532 1123/1305/2532
f 1115/1298/2533 1130/1304/2533 1131/1306/2533
f 1108/1299/2534 1123/1305/2534 1124/1307/2534
f 1117/1302/2535 1116/1300/2535 1131/1306/2535
f 1109/1301/2536 1124/1307/2536 1125/1309/2536
f 1118/1288/2537 1117/1302/2537 1132/1308/2537
f 1111/1287/2538 1110/1303/2538 1125/1309/2538
f 1119/1289/2539 1118/1288/2539 1133/1310/2539
f 1112/1290/2540 1111/1287/2540 1126/1311/2540
f 1120/1291/2541 1119/1289/2541 1134/1312/2541
f 1113/1292/2542 1112/1290/2542 1127/1313/2542
f 1120/1291/2543 1135/1314/2543 1136/1316/2543
f 1114/1294/2544 1113/1292/2544 1128/1315/2544
f 1134/1312/2545 1133/1310/2545 1148/1321/2545
f 1127/1313/2546 1126/1311/2546 1141/1323/2546
f 1135/1314/2547 1134/1312/2547 1149/1322/2547
f 1128/1315/2548 1127/1313/2548 1142/1324/2548
f 1135/1314/2549 1150/1325/2549 1151/1327/2549
f 1129/1317/2550 1128/1315/2550 1143/1326/2550
f 1129/1317/2551 1144/1328/2551 1145/1332/2551
f 1123/1305/2552 1122/1319/2552 1137/1330/2552
f 1130/1304/2553 1145/1332/2553 1146/1334/2553
f 1123/1305/2554 1138/1333/2554 1139/1335/2554
f 1131/1306/2555 1146/1334/2555 1147/1336/2555
f 1124/1307/2556 1139/1335/2556 1140/1337/2556
f 1133/1310/2557 1132/1308/2557 1147/1336/2557
f 1126/1311/2558 1125/1309/2558 1140/1337/2558
f 1138/1333/2559 1137/1330/2559 1152/1338/2559
f 1146/1334/2560 1145/1332/2560 1160/1340/2560
f 1139/1335/2561 1138/1333/2561 1153/1339/2561
f 1147/1336/2562 1146/1334/2562 1161/1341/2562
f 1139/1335/2563 1154/1342/2563 1155/1344/2563
f 1148/1321/2564 1147/1336/2564 1162/1343/2564
f 1141/1323/2565 1140/1337/2565 1155/1344/2565
f 1148/1321/2566 1163/1345/2566 1164/1347/2566
f 1142/1324/2567 1141/1323/2567 1156/1346/2567
f 1149/1322/2568 1164/1347/2568 1165/1349/2568
f 1143/1326/2569 1142/1324/2569 1157/1348/2569
f 1150/1325/2570 1165/1349/2570 1166/1351/2570
f 1144/1328/2571 1143/1326/2571 1158/1350/2571
f 1144/1328/2572 1159/1352/2572 1160/1340/2572
f 1156/1346/2573 1171/1370/2573 1172/1355/2573
f 1164/1347/2574 1179/1371/2574 1180/1356/2574
f 1158/1350/2575 1157/1348/2575 1172/1355/2575
f 1165/1349/2576 1180/1356/2576 1181/1358/2576
f 1159/1352/2577 1158/1350/2577 1173/1357/2577
f 1160/1340/2578 1159/1352/2578 1174/1359/2578
f 1153/1339/2579 1152/1338/2579 1167/1361/2579
f 1161/1341/2580 1160/1340/2580 1175/1363/2580
f 1154/1342/2581 1153/1339/2581 1168/1364/2581
f 1162/1343/2582 1161/1341/2582 1176/1365/2582
f 1154/1342/2583 1169/1366/2583 1170/1368/2583
f 1163/1345/2584 1162/1343/2584 1177/1367/2584
f 1155/1344/2585 1170/1368/2585 1171/1370/2585
f 1163/1345/2586 1178/1369/2586 1179/1371/2586
f 1176/1365/2587 1175/1363/2587 1190/1372/2587
f 1169/1366/2588 1168/1364/2588 1183/1374/2588
f 1177/1367/2589 1176/1365/2589 1191/1373/2589
f 1169/1366/2590 1184/1375/2590 1185/1377/2590
f 1178/1369/2591 1177/1367/2591 1192/1376/2591
f 1170/1368/2592 1185/1377/2592 1186/1379/2592
f 1178/1369/2593 1193/1378/2593 1194/1380/2593
f 1171/1370/2594 1186/1379/2594 1187/1381/2594
f 1179/1371/2595 1194/1380/2595 1195/1382/2595
f 1172/1355/2596 1187/1381/2596 1188/1383/2596
f 1180/1356/2597 1195/1382/2597 1196/1384/2597
f 1174/1359/2598 1173/1357/2598 1188/1383/2598
f 1175/1363/2599 1174/1359/2599 1189/1385/2599
f 1168/1364/2600 1167/1361/2600 1182/1387/2600
f 1194/1380/2601 1209/1404/2601 1210/1389/2601
f 1187/1381/2602 1202/1405/2602 1203/1390/2602
f 1195/1382/2603 1210/1389/2603 1211/1391/2603
f 1189/1385/2604 1188/1383/2604 1203/1390/2604
f 1190/1372/2605 1189/1385/2605 1204/1392/2605
f 1183/1374/2606 1182/1387/2606 1197/1394/2606
f 1191/1373/2607 1190/1372/2607 1205/1396/2607
f 1184/1375/2608 1183/1374/2608 1198/1397/2608
f 1191/1373/2609 1206/1398/2609 1207/1400/2609
f 1184/1375/2610 1199/1399/2610 1200/1401/2610
f 1192/1376/2611 1207/1400/2611 1208/1402/2611
f 1185/1377/2612 1200/1401/2612 1201/1403/2612
f 1193/1378/2613 1208/1402/2613 1209/1404/2613
f 1186/1379/2614 1201/1403/2614 1202/1405/2614
f 1207/1400/2615 1206/1398/2615 1221/1406/2615
f 1200/1401/2616 1199/1399/2616 1214/1408/2616
f 1207/1400/2617 1222/1407/2617 1223/1410/2617
f 1201/1403/2618 1200/1401/2618 1215/1409/2618
f 1208/1402/2619 1223/1410/2619 1224/1412/2619
f 1202/1405/2620 1201/1403/2620 1216/1411/2620
f 1209/1404/2621 1224/1412/2621 1225/1414/2621
f 1203/1390/2622 1202/1405/2622 1217/1413/2622
f 1210/1389/2623 1225/1414/2623 1226/1416/2623
f 1203/1390/2624 1218/1415/2624 1219/1417/2624
f 1204/1392/2625 1219/1417/2625 1220/1421/2625
f 1197/1394/2626 1212/1419/2626 1213/1422/2626
f 1205/1396/2627 1220/1421/2627 1221/1406/2627
f 1198/1397/2628 1213/1422/2628 1214/1408/2628
f 1226/1416/2629 1225/1414/2629 1240/1423/2629
f 1218/1415/2630 1233/1439/2630 1234/1425/2630
f 1219/1417/2631 1234/1425/2631 1235/1429/2631
f 1212/1419/2632 1227/1427/2632 1228/1430/2632
f 1220/1421/2633 1235/1429/2633 1236/1431/2633
f 1213/1422/2634 1228/1430/2634 1229/1432/2634
f 1221/1406/2635 1236/1431/2635 1237/1433/2635
f 1215/1409/2636 1214/1408/2636 1229/1432/2636
f 1222/1407/2637 1237/1433/2637 1238/1435/2637
f 1216/1411/2638 1215/1409/2638 1230/1434/2638
f 1224/1412/2639 1223/1410/2639 1238/1435/2639
f 1217/1413/2640 1216/1411/2640 1231/1436/2640
f 1225/1414/2641 1224/1412/2641 1239/1437/2641
f 1217/1413/2642 1232/1438/2642 1233/1439/2642
f 1229/1432/2643 1244/1456/2643 1245/1440/2643
f 1238/1435/2644 1237/1433/2644 1252/1441/2644
f 1230/1434/2645 1245/1440/2645 1246/1443/2645
f 1239/1437/2646 1238/1435/2646 1253/1442/2646
f 1231/1436/2647 1246/1443/2647 1247/1445/2647
f 1240/1423/2648 1239/1437/2648 1254/1444/2648
f 1232/1438/2649 1247/1445/2649 1248/1447/2649
f 1241/1424/2650 1240/1423/2650 1255/1446/2650
f 1233/1439/2651 1248/1447/2651 1249/1449/2651
f 1234/1425/2652 1249/1449/2652 1250/1453/2652
f 1227/1427/2653 1242/1451/2653 1243/1454/2653
f 1235/1429/2654 1250/1453/2654 1251/1455/2654
f 1228/1430/2655 1243/1454/2655 1244/1456/2655
f 1236/1431/2656 1251/1455/2656 1252/1441/2656
f 1248/1447/2657 1263/1473/2657 1264/1457/2657
f 1250/1453/2658 1249/1449/2658 1264/1457/2658
f 1243/1454/2659 1242/1451/2659 1257/1459/2659
f 1251/1455/2660 1250/1453/2660 1265/1462/2660
f 1244/1456/2661 1243/1454/2661 1258/1463/2661
f 1251/1455/2662 1266/1464/2662 1267/1466/2662
f 1245/1440/2663 1244/1456/2663 1259/1465/2663
f 1253/1442/2664 1252/1441/2664 1267/1466/2664
f 1245/1440/2665 1260/1467/2665 1261/1469/2665
f 1254/1444/2666 1253/1442/2666 1268/1468/2666
f 1246/1443/2667 1261/1469/2667 1262/1471/2667
f 1255/1446/2668 1254/1444/2668 1269/1470/2668
f 1247/1445/2669 1262/1471/2669 1263/1473/2669
f 1256/1448/2670 1255/1446/2670 1270/1472/2670
f 1267/1466/2671 1283/1489/2671 1284/1474/2671
f 1260/1467/2672 1276/1490/2672 1277/1475/2672
f 1269/1470/2673 1268/1468/2673 1284/1474/2673
f 1261/1469/2674 1277/1475/2674 1278/1477/2674
f 1270/1472/2675 1269/1470/2675 1285/1476/2675
f 1262/1471/2676 1278/1477/2676 1279/1479/2676
f 1271/1461/2677 1270/1472/2677 1286/1478/2677
f 1264/1457/2678 1263/1473/2678 1279/1479/2678
f 1265/1462/2679 1264/1457/2679 1280/1481/2679
f 1258/1463/2680 1257/1459/2680 1273/1483/2680
f 1266/1464/2681 1265/1462/2681 1281/1485/2681
f 1259/1465/2682 1258/1463/2682 1274/1486/2682
f 1266/1464/2683 1282/1487/2683 1283/1489/2683
f 1260/1467/2684 1259/1465/2684 1275/1488/2684
f 1280/1481/2685 1295/1507/2685 1296/1495/2685
f 1274/1486/2686 1273/1483/2686 1288/1492/2686
f 1281/1485/2687 1296/1495/2687 1297/1497/2687
f 1275/1488/2688 1274/1486/2688 1289/1496/2688
f 1282/1487/2689 1297/1497/2689 1298/1499/2689
f 1276/1490/2690 1275/1488/2690 1290/1498/2690
f 1283/1489/2691 1298/1499/2691 1299/1501/2691
f 1276/1490/2692 1291/1500/2692 1292/1502/2692
f 1284/1474/2693 1299/1501/2693 1300/1503/2693
f 1277/1475/2694 1292/1502/2694 1293/1504/2694
f 1286/1478/2695 1285/1476/2695 1300/1503/2695
f 1278/1477/2696 1293/1504/2696 1294/1506/2696
f 1287/1480/2697 1286/1478/2697 1301/1505/2697
f 1279/1479/2698 1294/1506/2698 1295/1507/2698
f 1291/1500/2699 1306/1523/2699 1307/1508/2699
f 1299/1501/2235 1314/1524/2235 1315/1509/2235
f 1292/1502/2700 1307/1508/2700 1308/1510/2700
f 1300/1503/2237 1315/1509/2237 1316/1511/2237
f 1293/1504/2701 1308/1510/2701 1309/1512/2701
f 1302/1494/2702 1301/1505/2702 1316/1511/2702
f 1294/1506/2703 1309/1512/2703 1310/1514/2703
f 1295/1507/2704 1310/1514/2704 1311/1518/2704
f 1289/1496/2705 1288/1492/2705 1303/1516/2705
f 1296/1495/2706 1311/1518/2706 1312/1520/2706
f 1290/1498/2707 1289/1496/2707 1304/1519/2707
f 1297/1497/2708 1312/1520/2708 1313/1522/2708
f 1291/1500/2709 1290/1498/2709 1305/1521/2709
f 1298/1499/2710 1313/1522/2710 1314/1524/2710
f 1310/1514/2711 1325/1539/2711 1326/1525/2711
f 1304/1519/2712 1303/1516/2712 1318/1526/2712
f 1311/1518/2252 1326/1525/2252 1327/1528/2252
f 1305/1521/2713 1304/1519/2713 1319/1527/2713
f 1312/1520/2714 1327/1528/2714 1328/1530/2714
f 1306/1523/2715 1305/1521/2715 1320/1529/2715
f 1313/1522/2716 1328/1530/2716 1329/1532/2716
f 1306/1523/2717 1321/1531/2717 1322/1533/2717
f 1314/1524/2718 1329/1532/2718 1330/1534/2718
f 1307/1508/2719 1322/1533/2719 1323/1535/2719
f 1315/1509/2720 1330/1534/2720 1331/1536/2720
f 1308/1510/2721 1323/1535/2721 1324/1537/2721
f 1316/1511/2722 1331/1536/2722 1332/1538/2722
f 1309/1512/2723 1324/1537/2723 1325/1539/2723
f 1329/1542/2724 1344/1572/2724 1345/1543/2724
f 1322/1545/2725 1337/1573/2725 1338/1546/2725
f 1330/1544/2726 1345/1543/2726 1346/1548/2726
f 1323/1547/2727 1338/1546/2727 1339/1550/2727
f 1331/1549/2728 1346/1548/2728 1347/1552/2728
f 1324/1551/2729 1339/1550/2729 1340/1554/2729
f 1325/1555/2730 1340/1554/2730 1341/1560/2730
f 1319/1562/2731 1318/1556/2731 1333/1558/2731
f 1326/1561/2732 1341/1560/2732 1342/1564/2732
f 1319/1562/2733 1334/1563/2733 1335/1566/2733
f 1327/1565/2734 1342/1564/2734 1343/1568/2734
f 1320/1567/2735 1335/1566/2735 1336/1570/2735
f 1328/1569/2736 1343/1568/2736 1344/1572/2736
f 1321/1571/2737 1336/1570/2737 1337/1573/2737
f 1341/1560/2738 1356/1589/2738 1357/1574/2738
f 1334/1563/2739 1349/1590/2739 1350/1575/2739
f 1342/1564/2740 1357/1574/2740 1358/1576/2740
f 1335/1566/2741 1350/1575/2741 1351/1577/2741
f 1343/1568/2742 1358/1576/2742 1359/1578/2742
f 1336/1570/2743 1351/1577/2743 1352/1579/2743
f 1344/1572/2744 1359/1578/2744 1360/1580/2744
f 1338/1546/2745 1337/1573/2745 1352/1579/2745
f 1345/1543/2746 1360/1580/2746 1361/1582/2746
f 1339/1550/2747 1338/1546/2747 1353/1581/2747
f 1346/1548/2748 1361/1582/2748 1362/1584/2748
f 1339/1550/2749 1354/1583/2749 1355/1585/2749
f 1340/1554/2750 1355/1585/2750 1356/1589/2750
f 1334/1563/2751 1333/1558/2751 1348/1587/2751
f 1360/1580/2752 1375/1607/2752 1376/1591/2752
f 1354/1583/2753 1353/1581/2753 1368/1592/2753
f 1361/1582/2754 1376/1591/2754 1377/1594/2754
f 1354/1583/2755 1369/1593/2755 1370/1595/2755
f 1355/1585/2756 1370/1595/2756 1371/1599/2756
f 1348/1587/2757 1363/1597/2757 1364/1600/2757
f 1356/1589/2758 1371/1599/2758 1372/1601/2758
f 1349/1590/2759 1364/1600/2759 1365/1602/2759
f 1357/1574/2760 1372/1601/2760 1373/1603/2760
f 1350/1575/2761 1365/1602/2761 1366/1604/2761
f 1358/1576/2762 1373/1603/2762 1374/1605/2762
f 1351/1577/2763 1366/1604/2763 1367/1606/2763
f 1359/1578/2764 1374/1605/2764 1375/1607/2764
f 1353/1581/2765 1352/1579/2765 1367/1606/2765
f 1364/1600/2766 1379/1623/2766 1380/1608/2766
f 1372/1601/2767 1387/1624/2767 1388/1609/2767
f 1365/1602/2768 1380/1608/2768 1381/1610/2768
f 1373/1603/2769 1388/1609/2769 1389/1611/2769
f 1366/1604/2770 1381/1610/2770 1382/1612/2770
f 1374/1605/2771 1389/1611/2771 1390/1613/2771
f 1368/1592/2772 1367/1606/2772 1382/1612/2772
f 1375/1607/2773 1390/1613/2773 1391/1615/2773
f 1369/1593/2774 1368/1592/2774 1383/1614/2774
f 1376/1591/2775 1391/1615/2775 1392/1617/2775
f 1369/1593/2776 1384/1616/2776 1385/1618/2776
f 1370/1595/2777 1385/1618/2777 1386/1622/2777
f 1363/1597/2778 1378/1620/2778 1379/1623/2778
f 1371/1599/2779 1386/1622/2779 1387/1624/2779
f 1384/1616/2780 1383/1614/2780 1398/1625/2780
f 1391/1615/2781 1406/1641/2781 1407/1627/2781
f 1384/1616/2782 1399/1626/2782 1400/1628/2782
f 1385/1618/2783 1400/1628/2783 1401/1632/2783
f 1378/1620/2784 1393/1630/2784 1394/1633/2784
f 1386/1622/2785 1401/1632/2785 1402/1634/2785
f 1379/1623/2786 1394/1633/2786 1395/1635/2786
f 1387/1624/2787 1402/1634/2787 1403/1636/2787
f 1380/1608/2788 1395/1635/2788 1396/1637/2788
f 1388/1609/2789 1403/1636/2789 1404/1638/2789
f 1381/1610/2790 1396/1637/2790 1397/1639/2790
f 1389/1611/2791 1404/1638/2791 1405/1640/2791
f 1383/1614/2792 1382/1612/2792 1397/1639/2792
f 1390/1613/2793 1405/1640/2793 1406/1641/2793
f 1402/1634/2794 1417/1658/2794 1418/1642/2794
f 1396/1637/2795 1395/1635/2795 1410/1643/2795
f 1403/1636/2796 1418/1642/2796 1419/1645/2796
f 1397/1639/2797 1396/1637/2797 1411/1644/2797
f 1404/1638/2798 1419/1645/2798 1420/1647/2798
f 1398/1625/2799 1397/1639/2799 1412/1646/2799
f 1406/1641/2800 1405/1640/2800 1420/1647/2800
f 1399/1626/2801 1398/1625/2801 1413/1648/2801
f 1406/1641/2802 1421/1649/2802 1422/1651/2802
f 1399/1626/2803 1414/1650/2803 1415/1652/2803
f 1400/1628/2804 1415/1652/2804 1416/1656/2804
f 1393/1630/2805 1408/1654/2805 1409/1657/2805
f 1401/1632/2806 1416/1656/2806 1417/1658/2806
f 1395/1635/2807 1394/1633/2807 1409/1657/2807
f 1421/1649/2808 1436/1674/2808 1437/1659/2808
f 1414/1650/2809 1429/1675/2809 1430/1660/2809
f 1415/1652/2810 1430/1660/2810 1431/1664/2810
f 1408/1654/2811 1423/1662/2811 1424/1665/2811
f 1416/1656/2812 1431/1664/2812 1432/1666/2812
f 1410/1643/2813 1409/1657/2813 1424/1665/2813
f 1417/1658/2814 1432/1666/2814 1433/1668/2814
f 1411/1644/2815 1410/1643/2815 1425/1667/2815
f 1418/1642/2816 1433/1668/2816 1434/1670/2816
f 1412/1646/2817 1411/1644/2817 1426/1669/2817
f 1419/1645/2818 1434/1670/2818 1435/1672/2818
f 1413/1648/2819 1412/1646/2819 1427/1671/2819
f 1421/1649/2820 1420/1647/2820 1435/1672/2820
f 1414/1650/2821 1413/1648/2821 1428/1673/2821
f 1426/1669/2822 1425/1667/2822 965/1122/2822
f 1433/1668/2823 970/1119/2823 1443/1125/2823
f 1427/1671/2824 1426/1669/2824 1440/1124/2824
f 1434/1670/2825 1443/1125/2825 1444/1130/2825
f 1428/1673/2826 1427/1671/2826 966/1127/2826
f 1435/1672/2827 1444/1130/2827 1445/1134/2827
f 1429/1675/2828 1428/1673/2828 1441/1132/2828
f 1436/1674/2829 1445/1134/2829 1446/1137/2829
f 1429/1675/2830 967/1136/2830 968/1139/2830
f 1430/1660/2831 968/1139/2831 969/1145/2831
f 1423/1662/2832 1438/1141/2832 1439/1147/2832
f 1431/1664/2833 969/1145/2833 1442/1149/2833
f 1425/1667/2834 1424/1665/2834 1439/1147/2834
f 1432/1666/2835 1442/1149/2835 970/1119/2835
o 立方体
v -0.485931 1.536816 0.125488
v -0.594108 1.812282 -0.126752
v -1.425462 1.893409 0.109782
v -0.792739 1.825903 0.065302
v -2.179412 1.225066 0.307586
v -2.450137 1.755888 -0.066988
v -2.404929 1.504872 0.203563
v -2.617670 1.829861 -0.062705
v -1.839118 1.687392 0.318436
v -2.088522 1.747265 0.050546
v -1.228594 1.471975 0.035569
v -1.136172 1.774393 -0.077523
v -2.459716 1.814192 -0.052665
v -1.410525 -0.514322 1.763478
v -2.374352 1.434119 0.341698
v -1.629171 1.760007 -0.123860
v -1.693518 1.763163 0.126580
v -0.930671 1.816924 -0.010428
v -1.575730 1.709032 0.003661
v -0.904173 1.520337 0.094917
vn 0.0989 0.3023 0.9481
vn -0.7662 -0.6248 -0.1504
vn -0.5702 -0.6475 -0.5055
vn 0.0817 -0.3271 -0.9415
vn -0.7130 -0.6078 -0.3496
vn -0.1588 0.9719 0.1739
vn 0.0877 0.9498 0.3004
vn -0.0985 -0.4367 0.8942
vn -0.1605 -0.6394 -0.7519
vn -0.0962 0.9486 0.3016
vn 0.0160 -0.6376 -0.7702
vn 0.0862 0.2510 -0.9641
vn 0.2454 -0.4393 0.8642
vn -0.3515 0.7891 0.5037
vn -0.0688 0.0129 -0.9976
vn 0.0180 0.0913 0.9957
vn -0.0749 0.9299 -0.3600
vn 0.2223 -0.4004 -0.8890
vn 0.5364 0.6748 0.5069
vn 0.0278 0.7228 0.6905
vn -0.3328 -0.7184 -0.6109
vn -0.2403 -0.7052 -0.6671
vn -0.7342 -0.6563 -0.1736
vn -0.0166 0.9960 -0.0878
vn -0.0289 0.9996 -0.0030
vn 0.5004 0.6055 0.6189
vn 0.0976 -0.3746 -0.9220
vn 0.0348 0.9265 -0.3746
vn -0.0527 -0.5935 -0.8031
vn -0.0684 0.2274 -0.9714
vn 0.1794 0.6363 0.7503
vn -0.0663 0.7112 0.6998
vn -0.0933 0.8752 -0.4748
vn -0.0572 -0.3096 0.9491
vn 0.0671 -0.2759 0.9588
vn 0.3503 -0.2855 -0.8920
vt 0.375000 0.000000
vt 0.625000 0.250000
vt 0.375000 0.250000
vt 0.375000 0.437500
vt 0.625000 0.500000
vt 0.375000 0.500000
vt 0.625000 0.750000
vt 0.375000 0.750000
vt 0.625000 0.937500
vt 0.375000 1.000000
vt 0.375000 0.937500
vt 0.312500 0.500000
vt 0.312500 0.750000
vt 0.875000 0.500000
vt 0.812500 0.750000
vt 0.812500 0.500000
vt 0.750000 0.500000
vt 0.687500 0.750000
vt 0.687500 0.500000
vt 0.187500 0.500000
vt 0.250000 0.750000
vt 0.187500 0.750000
vt 0.625000 0.812500
vt 0.375000 0.875000
vt 0.375000 0.812500
vt 0.375000 0.312500
vt 0.625000 0.375000
vt 0.375000 0.375000
vt 0.250000 0.500000
vt 0.125000 0.750000
vt 0.125000 0.500000
vt 0.750000 0.750000
vt 0.625000 0.875000
vt 0.625000 0.000000
vt 0.625000 0.437500
vt 0.625000 1.000000
vt 0.875000 0.750000
vt 0.625000 0.312500
s 0
f 1447/1678/2836 1450/1679/2836 1449/1680/2836
f 1461/1681/2837 1454/1682/2837 1453/1683/2837
f 1453/1683/2838 1452/1684/2838 1451/1685/2838
f 1464/1686/2839 1447/1687/2839 1466/1688/2839
f 1461/1689/2840 1451/1685/2840 1460/1690/2840
f 1450/1691/2841 1464/1692/2841 1465/1693/2841
f 1456/1694/2842 1462/1695/2842 1459/1696/2842
f 1463/1697/2843 1457/1698/2843 1466/1699/2843
f 1462/1700/2844 1457/1701/2844 1460/1702/2844
f 1463/1703/2845 1456/1704/2845 1455/1705/2845
f 1451/1685/2846 1462/1700/2846 1460/1702/2846
f 1459/1696/2847 1452/1684/2847 1454/1682/2847
f 1461/1689/2848 1457/1698/2848 1455/1706/2848
f 1456/1704/2849 1461/1681/2849 1455/1705/2849
f 1450/1679/2850 1463/1703/2850 1449/1680/2850
f 1463/1697/2851 1447/1707/2851 1449/1708/2851
f 1456/1694/2852 1464/1692/2852 1458/1709/2852
f 1458/1710/2853 1466/1688/2853 1457/1701/2853
f 1447/1678/2854 1448/1711/2854 1450/1679/2854
f 1461/1681/2855 1459/1712/2855 1454/1682/2855
f 1453/1683/2856 1454/1682/2856 1452/1684/2856
f 1464/1686/2857 1448/1713/2857 1447/1687/2857
f 1461/1689/2858 1453/1683/2858 1451/1685/2858
f 1450/1691/2859 1448/1714/2859 1464/1692/2859
f 1456/1694/2860 1458/1709/2860 1462/1695/2860
f 1463/1697/2861 1455/1706/2861 1457/1698/2861
f 1462/1700/2862 1458/1710/2862 1457/1701/2862
f 1463/1703/2863 1465/1715/2863 1456/1704/2863
f 1451/1685/2864 1452/1684/2864 1462/1700/2864
f 1459/1696/2865 1462/1695/2865 1452/1684/2865
f 1461/1689/2866 1460/1690/2866 1457/1698/2866
f 1456/1704/2867 1459/1712/2867 1461/1681/2867
f 1450/1679/2868 1465/1715/2868 1463/1703/2868
f 1463/1697/2869 1466/1699/2869 1447/1707/2869
f 1456/1694/2870 1465/1693/2870 1464/1692/2870
f 1458/1710/2871 1464/1686/2871 1466/1688/2871
o 立方体.001
v 0.362655 1.526166 0.193084
v 0.399748 1.914570 0.115681
v 0.307731 1.513705 -0.193994
v 0.442309 1.890364 -0.158426
v 2.062563 1.156548 0.150521
v 2.002496 1.798495 -0.054659
v 1.963814 1.398213 -0.004430
v 2.012439 1.832488 -0.121185
v 1.255852 1.521414 -0.081944
v 1.329205 1.793239 -0.055156
v 1.263562 1.563371 0.199506
v 0.919847 1.837800 0.082257
v 1.886247 1.816806 -0.100098
v 1.981669 -1.165108 0.708939
v 1.813265 1.236060 -0.020282
v 1.553722 1.671938 0.116833
v 1.035394 1.496346 -0.116821
v 0.688543 1.853537 0.065327
v 0.823129 1.727998 -0.096270
v 0.803559 1.539630 0.176901
vn -0.9833 0.1209 0.1356
vn 0.2773 -0.1649 -0.9465
vn 0.7057 -0.1550 -0.6914
vn 0.0240 0.3426 0.9392
vn 0.5031 -0.2186 -0.8361
vn 0.4153 0.8528 -0.3166
vn 0.0109 0.8238 0.5668
vn 0.0784 -0.9755 0.2056
vn 0.1871 0.2277 0.9556
vn 0.1301 0.2053 -0.9700
vn 0.1646 0.2252 0.9603
vn -0.0356 0.8921 0.4505
vn -0.4635 -0.8745 0.1431
vn 0.0374 -0.1407 -0.9893
vn 0.1080 0.1856 -0.9767
vn -0.0277 -0.9990 0.0361
vn 0.0748 0.9923 -0.0991
vn -0.0631 0.3242 0.9439
vn -0.9221 0.3459 -0.1737
vn -0.1303 -0.2438 -0.9610
vn 0.9909 -0.0825 0.1060
vn 0.2045 0.1725 0.9636
vn 0.4546 -0.3417 -0.8226
vn 0.1971 0.9788 -0.0558
vn 0.2184 0.9087 0.3558
vn 0.0438 -0.9883 0.1461
vn 0.0749 0.4697 0.8797
vn 0.0706 0.0789 -0.9944
vn 0.2596 0.3160 0.9126
vn -0.0562 0.8679 0.4935
vn -0.4969 -0.2839 -0.8200
vn -0.0849 0.1204 -0.9891
vn 0.1738 0.0308 -0.9843
vn 0.0364 -0.9841 0.1738
vn -0.0474 0.7693 -0.6371
vn -0.0476 0.3190 0.9466
vt 0.625000 0.000000
vt 0.375000 0.250000
vt 0.375000 0.000000
vt 0.625000 0.437500
vt 0.375000 0.500000
vt 0.375000 0.437500
vt 0.625000 0.750000
vt 0.375000 0.750000
vt 0.625000 0.937500
vt 0.375000 1.000000
vt 0.375000 0.937500
vt 0.312500 0.500000
vt 0.312500 0.750000
vt 0.875000 0.500000
vt 0.812500 0.750000
vt 0.812500 0.500000
vt 0.750000 0.500000
vt 0.687500 0.750000
vt 0.687500 0.500000
vt 0.250000 0.500000
vt 0.187500 0.750000
vt 0.187500 0.500000
vt 0.625000 0.812500
vt 0.375000 0.875000
vt 0.375000 0.812500
vt 0.625000 0.312500
vt 0.375000 0.375000
vt 0.375000 0.312500
vt 0.625000 0.500000
vt 0.250000 0.750000
vt 0.125000 0.750000
vt 0.125000 0.500000
vt 0.750000 0.750000
vt 0.625000 0.875000
vt 0.625000 0.250000
vt 0.625000 1.000000
vt 0.875000 0.750000
vt 0.625000 0.375000
s 0
f 1468/1716/2872 1469/1717/2872 1467/1718/2872
f 1479/1719/2873 1473/1720/2873 1481/1721/2873
f 1473/1720/2874 1472/1722/2874 1471/1723/2874
f 1484/1724/2875 1467/1725/2875 1486/1726/2875
f 1481/1727/2876 1471/1723/2876 1480/1728/2876
f 1470/1729/2877 1484/1730/2877 1485/1731/2877
f 1476/1732/2878 1482/1733/2878 1479/1734/2878
f 1475/1735/2879 1486/1736/2879 1483/1737/2879
f 1482/1738/2880 1477/1739/2880 1480/1740/2880
f 1485/1741/2881 1475/1742/2881 1483/1743/2881
f 1471/1723/2882 1482/1738/2882 1480/1740/2882
f 1479/1734/2883 1472/1722/2883 1474/1744/2883
f 1481/1727/2884 1477/1745/2884 1475/1735/2884
f 1475/1742/2885 1479/1719/2885 1481/1721/2885
f 1469/1717/2886 1485/1741/2886 1483/1743/2886
f 1483/1737/2887 1467/1746/2887 1469/1747/2887
f 1476/1732/2888 1484/1730/2888 1478/1748/2888
f 1478/1749/2889 1486/1726/2889 1477/1739/2889
f 1468/1716/2890 1470/1750/2890 1469/1717/2890
f 1479/1719/2891 1474/1744/2891 1473/1720/2891
f 1473/1720/2892 1474/1744/2892 1472/1722/2892
f 1484/1724/2893 1468/1751/2893 1467/1725/2893
f 1481/1727/2894 1473/1720/2894 1471/1723/2894
f 1470/1729/2895 1468/1752/2895 1484/1730/2895
f 1476/1732/2896 1478/1748/2896 1482/1733/2896
f 1475/1735/2897 1477/1745/2897 1486/1736/2897
f 1482/1738/2898 1478/1749/2898 1477/1739/2898
f 1485/1741/2899 1476/1753/2899 1475/1742/2899
f 1471/1723/2900 1472/1722/2900 1482/1738/2900
f 1479/1734/2901 1482/1733/2901 1472/1722/2901
f 1481/1727/2902 1480/1728/2902 1477/1745/2902
f 1475/1742/2903 1476/1753/2903 1479/1719/2903
f 1469/1717/2904 1470/1750/2904 1485/1741/2904
f 1483/1737/2905 1486/1736/2905 1467/1746/2905
f 1476/1732/2906 1485/1731/2906 1484/1730/2906
f 1478/1749/2907 1484/1724/2907 1486/1726/2907
