# Blender 4.4.1
# www.blender.org
mtllib stageSelect_Player.mtl
o Cube
v 0.928503 5.190285 0.192502
v 0.928503 5.190285 0.192502
v 0.928503 5.190285 0.192502
v 0.928503 5.190285 0.192502
v 0.928503 5.190285 0.192502
v 0.928503 5.190285 0.192502
v 1.055374 4.532966 0.196422
v 1.055374 4.532966 0.196422
v 1.055374 4.532966 0.196422
v 1.055374 4.532966 0.196422
v 1.055374 4.532966 0.196422
v 1.055374 4.532966 0.196422
v 1.580606 5.287098 0.427850
v 1.580606 5.287098 0.427850
v 1.580606 5.287098 0.427850
v 1.580606 5.287098 0.427850
v 1.580606 5.287098 0.427850
v 1.580606 5.287098 0.427850
v 1.685128 4.569246 0.433059
v 1.685128 4.569246 0.433059
v 1.685128 4.569246 0.433059
v 1.685128 4.569246 0.433059
v 1.685128 4.569246 0.433059
v 0.695767 5.155314 0.851753
v 0.695767 5.155314 0.851753
v 0.695767 5.155314 0.851753
v 0.695767 5.155314 0.851753
v 0.695767 5.155314 0.851753
v 0.695767 5.155314 0.851753
v 0.804973 4.492280 0.848636
v 0.804973 4.492280 0.848636
v 0.804973 4.492280 0.848636
v 0.804973 4.492280 0.848636
v 0.804973 4.492280 0.848636
v 0.804973 4.492280 0.848636
v 1.347870 5.252128 1.087101
v 1.347870 5.252128 1.087101
v 1.347870 5.252128 1.087101
v 1.347870 5.252128 1.087101
v 1.347870 5.252128 1.087101
v 1.347870 5.252128 1.087101
v 1.442286 4.536878 1.087162
v 1.442286 4.536878 1.087162
v 1.442286 4.536878 1.087162
v 1.442286 4.536878 1.087162
v 1.442286 4.536878 1.087162
v 0.919195 4.449977 0.942154
v 0.919195 4.449977 0.942154
v 0.919195 4.449977 0.942154
v 0.919195 4.449977 0.942154
v 0.919195 4.449977 0.942154
v 1.110481 4.434174 0.998907
v 1.110481 4.434174 0.998907
v 1.110481 4.434174 0.998907
v 1.110481 4.434174 0.998907
v 1.110481 4.434174 0.998907
v 1.303432 4.469312 1.062571
v 1.303432 4.469312 1.062571
v 1.303432 4.469312 1.062571
v 1.303432 4.469312 1.062571
v 1.303432 4.469312 1.062571
v 1.303432 4.469312 1.062571
v 1.303432 4.469312 1.062571
v 0.968051 4.490379 0.309091
v 0.968051 4.490379 0.309091
v 0.968051 4.490379 0.309091
v 0.968051 4.490379 0.309091
v 0.968051 4.490379 0.309091
v 0.968051 4.490379 0.309091
v 0.872697 4.466315 0.490261
v 0.872697 4.466315 0.490261
v 0.872697 4.466315 0.490261
v 0.872697 4.466315 0.490261
v 0.815871 4.465757 0.694478
v 0.815871 4.465757 0.694478
v 0.815871 4.465757 0.694478
v 0.815871 4.465757 0.694478
v 0.815871 4.465757 0.694478
v 0.815871 4.465757 0.694478
v 0.918849 5.044977 0.127177
v 0.918849 5.044977 0.127177
v 0.918849 5.044977 0.127177
v 0.918849 5.044977 0.127177
v 0.918849 5.044977 0.127177
v 0.918849 5.044977 0.127177
v 0.948482 4.845489 0.099379
v 0.948482 4.845489 0.099379
v 0.948482 4.845489 0.099379
v 0.948482 4.845489 0.099379
v 1.002557 4.655096 0.133364
v 1.002557 4.655096 0.133364
v 1.002557 4.655096 0.133364
v 1.002557 4.655096 0.133364
v 1.002557 4.655096 0.133364
v 1.002557 4.655096 0.133364
v 1.531152 4.698617 1.180646
v 1.531152 4.698617 1.180646
v 1.531152 4.698617 1.180646
v 1.531152 4.698617 1.180646
v 1.531152 4.698617 1.180646
v 1.467858 4.749290 1.186907
v 1.467858 4.749290 1.186907
v 1.467858 4.749290 1.186907
v 1.467858 4.749290 1.186907
v 1.467858 4.749290 1.186907
v 1.399388 5.115841 1.152267
v 1.399388 5.115841 1.152267
v 1.399388 5.115841 1.152267
v 1.399388 5.115841 1.152267
v 1.399388 5.115841 1.152267
v 1.399388 5.115841 1.152267
v 1.666072 5.155912 0.396854
v 1.666072 5.155912 0.396854
v 1.666072 5.155912 0.396854
v 1.666072 5.155912 0.396854
v 1.666072 5.155912 0.396854
v 1.666072 5.155912 0.396854
v 1.757352 4.788293 0.386535
v 1.757352 4.788293 0.386535
v 1.757352 4.788293 0.386535
v 1.757352 4.788293 0.386535
v 1.757352 4.788293 0.386535
v 1.804411 4.735809 0.428809
v 1.804411 4.735809 0.428809
v 1.804411 4.735809 0.428809
v 1.804411 4.735809 0.428809
v 1.804411 4.735809 0.428809
v 0.652165 5.004906 0.882590
v 0.652165 5.004906 0.882590
v 0.652165 5.004906 0.882590
v 0.652165 5.004906 0.882590
v 0.652165 5.004906 0.882590
v 0.652165 5.004906 0.882590
v 0.656538 4.799970 0.899870
v 0.656538 4.799970 0.899870
v 0.656538 4.799970 0.899870
v 0.656538 4.799970 0.899870
v 0.723278 4.611729 0.883611
v 0.723278 4.611729 0.883611
v 0.723278 4.611729 0.883611
v 0.723278 4.611729 0.883611
v 0.723278 4.611729 0.883611
v 0.723278 4.611729 0.883611
v 1.573332 5.337545 0.579102
v 1.573332 5.337545 0.579102
v 1.573332 5.337545 0.579102
v 1.573332 5.337545 0.579102
v 1.573332 5.337545 0.579102
v 1.573332 5.337545 0.579102
v 1.524409 5.356085 0.783304
v 1.524409 5.356085 0.783304
v 1.524409 5.356085 0.783304
v 1.524409 5.356085 0.783304
v 1.435250 5.316797 0.970235
v 1.435250 5.316797 0.970235
v 1.435250 5.316797 0.970235
v 1.435250 5.316797 0.970235
v 1.435250 5.316797 0.970235
v 1.435250 5.316797 0.970235
v 1.070575 5.263020 0.192307
v 1.070575 5.263020 0.192307
v 1.070575 5.263020 0.192307
v 1.070575 5.263020 0.192307
v 1.070575 5.263020 0.192307
v 1.070575 5.263020 0.192307
v 1.268776 5.318388 0.237986
v 1.268776 5.318388 0.237986
v 1.268776 5.318388 0.237986
v 1.268776 5.318388 0.237986
v 1.457467 5.320459 0.331939
v 1.457467 5.320459 0.331939
v 1.457467 5.320459 0.331939
v 1.457467 5.320459 0.331939
v 1.457467 5.320459 0.331939
v 1.457467 5.320459 0.331939
v 1.541469 4.434456 0.967673
v 1.541469 4.434456 0.967673
v 1.541469 4.434456 0.967673
v 1.541469 4.434456 0.967673
v 1.541469 4.434456 0.967673
v 1.541469 4.434456 0.967673
v 1.637486 4.416499 0.781644
v 1.637486 4.416499 0.781644
v 1.637486 4.416499 0.781644
v 1.637486 4.416499 0.781644
v 1.637486 4.416499 0.781644
v 1.637486 4.416499 0.781644
v 1.687817 4.453667 0.580637
v 1.687817 4.453667 0.580637
v 1.687817 4.453667 0.580637
v 1.687817 4.453667 0.580637
v 1.687817 4.453667 0.580637
v 1.687817 4.453667 0.580637
v 1.190784 5.280388 1.087352
v 1.190784 5.280388 1.087352
v 1.190784 5.280388 1.087352
v 1.190784 5.280388 1.087352
v 1.190784 5.280388 1.087352
v 1.190784 5.280388 1.087352
v 0.985040 5.275753 1.041702
v 0.985040 5.275753 1.041702
v 0.985040 5.275753 1.041702
v 0.985040 5.275753 1.041702
v 0.803891 5.222948 0.947720
v 0.803891 5.222948 0.947720
v 0.803891 5.222948 0.947720
v 0.803891 5.222948 0.947720
v 0.803891 5.222948 0.947720
v 0.803891 5.222948 0.947720
v 0.688027 5.205862 0.700558
v 0.688027 5.205862 0.700558
v 0.688027 5.205862 0.700558
v 0.688027 5.205862 0.700558
v 0.688027 5.205862 0.700558
v 0.688027 5.205862 0.700558
v 0.729407 5.238056 0.496383
v 0.729407 5.238056 0.496383
v 0.729407 5.238056 0.496383
v 0.729407 5.238056 0.496383
v 0.826109 5.226610 0.309424
v 0.826109 5.226610 0.309424
v 0.826109 5.226610 0.309424
v 0.826109 5.226610 0.309424
v 0.826109 5.226610 0.309424
v 0.826109 5.226610 0.309424
v 1.570469 4.503805 0.358943
v 1.570469 4.503805 0.358943
v 1.570469 4.503805 0.358943
v 1.570469 4.503805 0.358943
v 1.570469 4.503805 0.358943
v 1.570469 4.503805 0.358943
v 1.570469 4.503805 0.358943
v 1.392879 4.473410 0.278849
v 1.392879 4.473410 0.278849
v 1.392879 4.473410 0.278849
v 1.392879 4.473410 0.278849
v 1.392879 4.473410 0.278849
v 1.209870 4.498290 0.196204
v 1.209870 4.498290 0.196204
v 1.209870 4.498290 0.196204
v 1.209870 4.498290 0.196204
v 1.209870 4.498290 0.196204
v 0.982030 5.360204 0.357057
v 0.982030 5.360204 0.357057
v 0.982030 5.360204 0.357057
v 0.982030 5.360204 0.357057
v 0.982030 5.360204 0.357057
v 0.982030 5.360204 0.357057
v 0.891935 5.384089 0.561507
v 0.891935 5.384089 0.561507
v 0.891935 5.384089 0.561507
v 0.891935 5.384089 0.561507
v 0.891935 5.384089 0.561507
v 0.891935 5.384089 0.561507
v 0.834867 5.338092 0.773910
v 0.834867 5.338092 0.773910
v 0.834867 5.338092 0.773910
v 0.834867 5.338092 0.773910
v 0.834867 5.338092 0.773910
v 0.834867 5.338092 0.773910
v 1.186710 5.427992 0.420288
v 1.186710 5.427992 0.420288
v 1.186710 5.427992 0.420288
v 1.186710 5.427992 0.420288
v 1.186710 5.427992 0.420288
v 1.186710 5.427992 0.420288
v 1.103239 5.456277 0.639933
v 1.103239 5.456277 0.639933
v 1.103239 5.456277 0.639933
v 1.103239 5.456277 0.639933
v 1.103239 5.456277 0.639933
v 1.103239 5.456277 0.639933
v 1.103239 5.456277 0.639933
v 1.103239 5.456277 0.639933
v 1.031643 5.404692 0.859534
v 1.031643 5.404692 0.859534
v 1.031643 5.404692 0.859534
v 1.031643 5.404692 0.859534
v 1.031643 5.404692 0.859534
v 1.031643 5.404692 0.859534
v 1.394364 5.421421 0.505871
v 1.394364 5.421421 0.505871
v 1.394364 5.421421 0.505871
v 1.394364 5.421421 0.505871
v 1.394364 5.421421 0.505871
v 1.394364 5.421421 0.505871
v 1.326418 5.448594 0.718315
v 1.326418 5.448594 0.718315
v 1.326418 5.448594 0.718315
v 1.326418 5.448594 0.718315
v 1.326418 5.448594 0.718315
v 1.326418 5.448594 0.718315
v 1.247201 5.399309 0.922724
v 1.247201 5.399309 0.922724
v 1.247201 5.399309 0.922724
v 1.247201 5.399309 0.922724
v 1.247201 5.399309 0.922724
v 1.247201 5.399309 0.922724
v 1.845191 4.724277 0.634116
v 1.845191 4.724277 0.634116
v 1.845191 4.724277 0.634116
v 1.845191 4.724277 0.634116
v 1.845191 4.724277 0.634116
v 1.845191 4.724277 0.634116
v 1.845191 4.724277 0.634116
v 1.802252 4.795646 0.607820
v 1.802252 4.795646 0.607820
v 1.802252 4.795646 0.607820
v 1.802252 4.795646 0.607820
v 1.802252 4.795646 0.607820
v 1.802252 4.795646 0.607820
v 1.802252 4.795646 0.607820
v 1.706068 5.175547 0.602869
v 1.706068 5.175547 0.602869
v 1.706068 5.175547 0.602869
v 1.706068 5.175547 0.602869
v 1.706068 5.175547 0.602869
v 1.894567 4.718238 0.886262
v 1.894567 4.718238 0.886262
v 1.894567 4.718238 0.886262
v 1.894567 4.718238 0.886262
v 1.808628 4.797465 0.857391
v 1.808628 4.797465 0.857391
v 1.808628 4.797465 0.857391
v 1.808628 4.797465 0.857391
v 1.808628 4.797465 0.857391
v 1.808628 4.797465 0.857391
v 1.665195 5.181365 0.823738
v 1.665195 5.181365 0.823738
v 1.665195 5.181365 0.823738
v 1.665195 5.181365 0.823738
v 1.665195 5.181365 0.823738
v 1.665195 5.181365 0.823738
v 1.665195 5.181365 0.823738
v 1.665195 5.181365 0.823738
v 1.694309 4.703220 1.049055
v 1.694309 4.703220 1.049055
v 1.694309 4.703220 1.049055
v 1.694309 4.703220 1.049055
v 1.694309 4.703220 1.049055
v 1.694309 4.703220 1.049055
v 1.694309 4.703220 1.049055
v 1.644696 4.774334 1.045540
v 1.644696 4.774334 1.045540
v 1.644696 4.774334 1.045540
v 1.644696 4.774334 1.045540
v 1.644696 4.774334 1.045540
v 1.644696 4.774334 1.045540
v 1.644696 4.774334 1.045540
v 1.558906 5.153435 1.019723
v 1.558906 5.153435 1.019723
v 1.558906 5.153435 1.019723
v 1.558906 5.153435 1.019723
v 1.558906 5.153435 1.019723
v 1.266768 4.651406 1.171717
v 1.266768 4.651406 1.171717
v 1.266768 4.651406 1.171717
v 1.266768 4.651406 1.171717
v 1.266768 4.651406 1.171717
v 1.266768 4.651406 1.171717
v 1.266768 4.651406 1.171717
v 1.234624 4.879910 1.208503
v 1.234624 4.879910 1.208503
v 1.234624 4.879910 1.208503
v 1.234624 4.879910 1.208503
v 1.234624 4.879910 1.208503
v 1.193615 5.099030 1.194724
v 1.193615 5.099030 1.194724
v 1.193615 5.099030 1.194724
v 1.193615 5.099030 1.194724
v 1.193615 5.099030 1.194724
v 1.193615 5.099030 1.194724
v 1.056484 4.616817 1.119793
v 1.056484 4.616817 1.119793
v 1.056484 4.616817 1.119793
v 1.056484 4.616817 1.119793
v 1.056484 4.616817 1.119793
v 1.056484 4.616817 1.119793
v 1.008803 4.846816 1.157704
v 1.008803 4.846816 1.157704
v 1.008803 4.846816 1.157704
v 1.008803 4.846816 1.157704
v 1.008803 4.846816 1.157704
v 1.008803 4.846816 1.157704
v 1.008803 4.846816 1.157704
v 1.008803 4.846816 1.157704
v 0.973403 5.078333 1.155157
v 0.973403 5.078333 1.155157
v 0.973403 5.078333 1.155157
v 0.973403 5.078333 1.155157
v 0.973403 5.078333 1.155157
v 0.973403 5.078333 1.155157
v 0.851606 4.608309 1.046486
v 0.851606 4.608309 1.046486
v 0.851606 4.608309 1.046486
v 0.851606 4.608309 1.046486
v 0.851606 4.608309 1.046486
v 0.851606 4.608309 1.046486
v 0.793843 4.816904 1.077900
v 0.793843 4.816904 1.077900
v 0.793843 4.816904 1.077900
v 0.793843 4.816904 1.077900
v 0.793843 4.816904 1.077900
v 0.793843 4.816904 1.077900
v 0.781281 5.037814 1.045910
v 0.781281 5.037814 1.045910
v 0.781281 5.037814 1.045910
v 0.781281 5.037814 1.045910
v 0.781281 5.037814 1.045910
v 0.781281 5.037814 1.045910
v 0.967590 4.383754 0.754812
v 0.967590 4.383754 0.754812
v 0.967590 4.383754 0.754812
v 0.967590 4.383754 0.754812
v 0.967590 4.383754 0.754812
v 0.967590 4.383754 0.754812
v 0.967590 4.383754 0.754812
v 1.033874 4.391497 0.534929
v 1.033874 4.391497 0.534929
v 1.033874 4.391497 0.534929
v 1.033874 4.391497 0.534929
v 1.033874 4.391497 0.534929
v 1.033874 4.391497 0.534929
v 1.137412 4.410157 0.347566
v 1.137412 4.410157 0.347566
v 1.137412 4.410157 0.347566
v 1.137412 4.410157 0.347566
v 1.137412 4.410157 0.347566
v 1.137412 4.410157 0.347566
v 1.137412 4.410157 0.347566
v 1.137976 4.332900 0.831713
v 1.137976 4.332900 0.831713
v 1.137976 4.332900 0.831713
v 1.137976 4.332900 0.831713
v 1.137976 4.332900 0.831713
v 1.158946 4.327136 0.579003
v 1.158946 4.327136 0.579003
v 1.158946 4.327136 0.579003
v 1.158946 4.327136 0.579003
v 1.158946 4.327136 0.579003
v 1.158946 4.327136 0.579003
v 1.158946 4.327136 0.579003
v 1.158946 4.327136 0.579003
v 1.323797 4.357152 0.406437
v 1.323797 4.357152 0.406437
v 1.323797 4.357152 0.406437
v 1.323797 4.357152 0.406437
v 1.323797 4.357152 0.406437
v 1.350033 4.297951 0.904255
v 1.350033 4.297951 0.904255
v 1.350033 4.297951 0.904255
v 1.350033 4.297951 0.904255
v 1.350033 4.297951 0.904255
v 1.419637 4.255681 0.693891
v 1.419637 4.255681 0.693891
v 1.419637 4.255681 0.693891
v 1.419637 4.255681 0.693891
v 1.419637 4.255681 0.693891
v 1.419637 4.255681 0.693891
v 1.517235 4.318458 0.496930
v 1.517235 4.318458 0.496930
v 1.517235 4.318458 0.496930
v 1.517235 4.318458 0.496930
v 1.517235 4.318458 0.496930
v 1.206866 4.661944 0.092139
v 1.206866 4.661944 0.092139
v 1.206866 4.661944 0.092139
v 1.206866 4.661944 0.092139
v 1.206866 4.661944 0.092139
v 1.206866 4.661944 0.092139
v 1.167219 4.873222 0.051096
v 1.167219 4.873222 0.051096
v 1.167219 4.873222 0.051096
v 1.167219 4.873222 0.051096
v 1.167219 4.873222 0.051096
v 1.167219 4.873222 0.051096
v 1.120605 5.088800 0.084736
v 1.120605 5.088800 0.084736
v 1.120605 5.088800 0.084736
v 1.120605 5.088800 0.084736
v 1.120605 5.088800 0.084736
v 1.120605 5.088800 0.084736
v 1.410316 4.667039 0.168787
v 1.410316 4.667039 0.168787
v 1.410316 4.667039 0.168787
v 1.410316 4.667039 0.168787
v 1.410316 4.667039 0.168787
v 1.410316 4.667039 0.168787
v 1.381651 4.900471 0.127161
v 1.381651 4.900471 0.127161
v 1.381651 4.900471 0.127161
v 1.381651 4.900471 0.127161
v 1.381651 4.900471 0.127161
v 1.381651 4.900471 0.127161
v 1.381651 4.900471 0.127161
v 1.381651 4.900471 0.127161
v 1.337322 5.133015 0.124315
v 1.337322 5.133015 0.124315
v 1.337322 5.133015 0.124315
v 1.337322 5.133015 0.124315
v 1.337322 5.133015 0.124315
v 1.337322 5.133015 0.124315
v 1.599572 4.697553 0.265165
v 1.599572 4.697553 0.265165
v 1.599572 4.697553 0.265165
v 1.599572 4.697553 0.265165
v 1.599572 4.697553 0.265165
v 1.599572 4.697553 0.265165
v 1.599572 4.697553 0.265165
v 1.584789 4.929165 0.231147
v 1.584789 4.929165 0.231147
v 1.584789 4.929165 0.231147
v 1.584789 4.929165 0.231147
v 1.584789 4.929165 0.231147
v 1.532939 5.150016 0.233550
v 1.532939 5.150016 0.233550
v 1.532939 5.150016 0.233550
v 1.532939 5.150016 0.233550
v 1.532939 5.150016 0.233550
v 1.532939 5.150016 0.233550
v 0.689003 4.602484 0.678242
v 0.689003 4.602484 0.678242
v 0.689003 4.602484 0.678242
v 0.689003 4.602484 0.678242
v 0.689003 4.602484 0.678242
v 0.689003 4.602484 0.678242
v 0.612490 4.797479 0.678047
v 0.612490 4.797479 0.678047
v 0.612490 4.797479 0.678047
v 0.612490 4.797479 0.678047
v 0.612490 4.797479 0.678047
v 0.612490 4.797479 0.678047
v 0.608153 5.012283 0.676590
v 0.608153 5.012283 0.676590
v 0.608153 5.012283 0.676590
v 0.608153 5.012283 0.676590
v 0.608153 5.012283 0.676590
v 0.608153 5.012283 0.676590
v 0.735755 4.603675 0.458739
v 0.735755 4.603675 0.458739
v 0.735755 4.603675 0.458739
v 0.735755 4.603675 0.458739
v 0.735755 4.603675 0.458739
v 0.735755 4.603675 0.458739
v 0.656090 4.806518 0.445974
v 0.656090 4.806518 0.445974
v 0.656090 4.806518 0.445974
v 0.656090 4.806518 0.445974
v 0.656090 4.806518 0.445974
v 0.656090 4.806518 0.445974
v 0.656090 4.806518 0.445974
v 0.656090 4.806518 0.445974
v 0.645529 5.029982 0.455735
v 0.645529 5.029982 0.455735
v 0.645529 5.029982 0.455735
v 0.645529 5.029982 0.455735
v 0.645529 5.029982 0.455735
v 0.645529 5.029982 0.455735
v 0.843892 4.626812 0.264521
v 0.843892 4.626812 0.264521
v 0.843892 4.626812 0.264521
v 0.843892 4.626812 0.264521
v 0.843892 4.626812 0.264521
v 0.843892 4.626812 0.264521
v 0.772417 4.822787 0.240653
v 0.772417 4.822787 0.240653
v 0.772417 4.822787 0.240653
v 0.772417 4.822787 0.240653
v 0.772417 4.822787 0.240653
v 0.772417 4.822787 0.240653
v 0.755315 5.034395 0.259737
v 0.755315 5.034395 0.259737
v 0.755315 5.034395 0.259737
v 0.755315 5.034395 0.259737
v 0.755315 5.034395 0.259737
v 0.755315 5.034395 0.259737
v -0.096596 2.700213 0.481951
v -0.096596 2.700213 0.481951
v -0.096596 2.700213 0.481951
v -0.096596 2.700213 0.481951
v -0.096596 2.700213 0.481951
v -0.096596 2.700213 0.481951
v 0.722363 4.186151 1.095579
v 0.722363 4.186151 1.095579
v 0.722363 4.186151 1.095579
v 0.722363 4.186151 1.095579
v 0.722363 4.186151 1.095579
v -0.430893 2.636088 0.245263
v -0.430893 2.636088 0.245263
v -0.430893 2.636088 0.245263
v -0.430893 2.636088 0.245263
v -0.430893 2.636088 0.245263
v -0.430893 2.636088 0.245263
v 0.565203 4.268262 1.023416
v 0.565203 4.268262 1.023416
v 0.565203 4.268262 1.023416
v 0.565203 4.268262 1.023416
v 0.360700 2.728625 -0.421823
v 0.360700 2.728625 -0.421823
v 0.360700 2.728625 -0.421823
v 0.360700 2.728625 -0.421823
v 0.360700 2.728625 -0.421823
v 0.360700 2.728625 -0.421823
v 0.360700 2.728625 -0.421823
v 1.439415 4.198245 -0.051374
v 1.439415 4.198245 -0.051374
v 1.439415 4.198245 -0.051374
v 1.439415 4.198245 -0.051374
v 1.439415 4.198245 -0.051374
v -0.025287 2.687405 -0.520856
v -0.025287 2.687405 -0.520856
v -0.025287 2.687405 -0.520856
v -0.025287 2.687405 -0.520856
v -0.025287 2.687405 -0.520856
v -0.025287 2.687405 -0.520856
v 1.252869 4.376007 -0.128951
v 1.252869 4.376007 -0.128951
v 1.252869 4.376007 -0.128951
v 1.252869 4.376007 -0.128951
v -0.143789 2.803009 -0.253779
v -0.143789 2.803009 -0.253779
v -0.143789 2.803009 -0.253779
v -0.143789 2.803009 -0.253779
v -0.143789 2.803009 -0.253779
v -0.143789 2.803009 -0.253779
v -0.143789 2.803009 -0.253779
v -0.225699 2.813776 -0.160213
v -0.225699 2.813776 -0.160213
v -0.225699 2.813776 -0.160213
v -0.225699 2.813776 -0.160213
v -0.225699 2.813776 -0.160213
v -0.225699 2.813776 -0.160213
v -0.266571 2.776502 -0.044106
v -0.266571 2.776502 -0.044106
v -0.266571 2.776502 -0.044106
v -0.266571 2.776502 -0.044106
v -0.266571 2.776502 -0.044106
v -0.266571 2.776502 -0.044106
v -0.266571 2.776502 -0.044106
v 0.724136 4.435217 0.728789
v 0.724136 4.435217 0.728789
v 0.724136 4.435217 0.728789
v 0.724136 4.435217 0.728789
v 0.724136 4.435217 0.728789
v 0.892560 4.452530 0.434930
v 0.892560 4.452530 0.434930
v 0.892560 4.452530 0.434930
v 0.892560 4.452530 0.434930
v 0.892560 4.452530 0.434930
v 1.076281 4.468022 0.151332
v 1.076281 4.468022 0.151332
v 1.076281 4.468022 0.151332
v 1.076281 4.468022 0.151332
v 1.076281 4.468022 0.151332
v 0.100513 2.562270 0.268715
v 0.100513 2.562270 0.268715
v 0.100513 2.562270 0.268715
v 0.100513 2.562270 0.268715
v 0.100513 2.562270 0.268715
v 0.100513 2.562270 0.268715
v 0.100513 2.562270 0.268715
v 0.205823 2.514752 0.080220
v 0.205823 2.514752 0.080220
v 0.205823 2.514752 0.080220
v 0.205823 2.514752 0.080220
v 0.205823 2.514752 0.080220
v 0.205823 2.514752 0.080220
v 0.307617 2.570562 -0.129308
v 0.307617 2.570562 -0.129308
v 0.307617 2.570562 -0.129308
v 0.307617 2.570562 -0.129308
v 0.307617 2.570562 -0.129308
v 0.307617 2.570562 -0.129308
v 0.307617 2.570562 -0.129308
v 1.462411 3.758919 0.338171
v 1.462411 3.758919 0.338171
v 1.462411 3.758919 0.338171
v 1.462411 3.758919 0.338171
v 1.462411 3.758919 0.338171
v 1.299595 3.736383 0.632711
v 1.299595 3.736383 0.632711
v 1.299595 3.736383 0.632711
v 1.299595 3.736383 0.632711
v 1.111581 3.841655 0.907403
v 1.111581 3.841655 0.907403
v 1.111581 3.841655 0.907403
v 1.111581 3.841655 0.907403
v 0.265121 3.006718 0.615222
v 0.265121 3.006718 0.615222
v 0.265121 3.006718 0.615222
v 0.265121 3.006718 0.615222
v 0.265121 3.006718 0.615222
v 0.420498 3.344627 0.730101
v 0.420498 3.344627 0.730101
v 0.420498 3.344627 0.730101
v 0.420498 3.344627 0.730101
v 0.420498 3.344627 0.730101
v 0.420498 3.344627 0.730101
v 0.420498 3.344627 0.730101
v 0.688872 4.263218 1.061222
v 0.688872 4.263218 1.061222
v 0.688872 4.263218 1.061222
v 0.688872 4.263218 1.061222
v 0.688872 4.263218 1.061222
v 0.555638 4.192849 1.017081
v 0.555638 4.192849 1.017081
v 0.555638 4.192849 1.017081
v 0.555638 4.192849 1.017081
v 0.555638 4.192849 1.017081
v 0.235902 3.654375 0.624543
v 0.235902 3.654375 0.624543
v 0.235902 3.654375 0.624543
v 0.235902 3.654375 0.624543
v 0.235902 3.654375 0.624543
v 0.235902 3.654375 0.624543
v 0.235902 3.654375 0.624543
v 0.235902 3.654375 0.624543
v -0.267296 3.303793 0.358848
v -0.267296 3.303793 0.358848
v -0.267296 3.303793 0.358848
v -0.267296 3.303793 0.358848
v 1.207469 4.329705 -0.152243
v 1.207469 4.329705 -0.152243
v 1.207469 4.329705 -0.152243
v 1.207469 4.329705 -0.152243
v 1.207469 4.329705 -0.152243
v 0.537669 3.593634 -0.245262
v 0.537669 3.593634 -0.245262
v 0.537669 3.593634 -0.245262
v 0.537669 3.593634 -0.245262
v 0.537669 3.593634 -0.245262
v 0.537669 3.593634 -0.245262
v 0.537669 3.593634 -0.245262
v 0.537669 3.593634 -0.245262
v 0.187624 3.332644 -0.418629
v 0.187624 3.332644 -0.418629
v 0.187624 3.332644 -0.418629
v 0.187624 3.332644 -0.418629
v 1.406793 4.145870 -0.071839
v 1.406793 4.145870 -0.071839
v 1.406793 4.145870 -0.071839
v 1.406793 4.145870 -0.071839
v 1.406793 4.145870 -0.071839
v 0.864245 3.365542 -0.056294
v 0.864245 3.365542 -0.056294
v 0.864245 3.365542 -0.056294
v 0.864245 3.365542 -0.056294
v 0.864245 3.365542 -0.056294
v 0.864245 3.365542 -0.056294
v 0.864245 3.365542 -0.056294
v 0.689018 3.028425 -0.118951
v 0.689018 3.028425 -0.118951
v 0.689018 3.028425 -0.118951
v 0.689018 3.028425 -0.118951
v 0.689018 3.028425 -0.118951
v 1.354400 3.633840 0.278141
v 1.354400 3.633840 0.278141
v 1.354400 3.633840 0.278141
v 1.354400 3.633840 0.278141
v 0.745397 3.366295 0.140162
v 0.745397 3.366295 0.140162
v 0.745397 3.366295 0.140162
v 0.745397 3.366295 0.140162
v 0.745397 3.366295 0.140162
v 0.650737 2.997191 0.067870
v 0.650737 2.997191 0.067870
v 0.650737 2.997191 0.067870
v 0.650737 2.997191 0.067870
v 0.650737 2.997191 0.067870
v 1.193851 3.609588 0.572723
v 1.193851 3.609588 0.572723
v 0.627097 3.366869 0.336629
v 0.627097 3.366869 0.336629
v 0.540908 2.985318 0.280320
v 0.540908 2.985318 0.280320
v 0.540908 2.985318 0.280320
v 0.540908 2.985318 0.280320
v 0.540908 2.985318 0.280320
v 0.540908 2.985318 0.280320
v 0.540908 2.985318 0.280320
v 1.031023 3.712131 0.863794
v 1.031023 3.712131 0.863794
v 1.031023 3.712131 0.863794
v 1.031023 3.712131 0.863794
v 0.521959 3.353724 0.532555
v 0.521959 3.353724 0.532555
v 0.521959 3.353724 0.532555
v 0.521959 3.353724 0.532555
v 0.521959 3.353724 0.532555
v 0.412947 2.987358 0.483066
v 0.412947 2.987358 0.483066
v 0.412947 2.987358 0.483066
v 0.412947 2.987358 0.483066
v 0.412947 2.987358 0.483066
v 0.475503 4.052947 0.579487
v 0.475503 4.052947 0.579487
v 0.475503 4.052947 0.579487
v 0.475503 4.052947 0.579487
v 0.186262 3.616807 0.354388
v 0.186262 3.616807 0.354388
v 0.186262 3.616807 0.354388
v 0.186262 3.616807 0.354388
v -0.135104 3.351725 0.176250
v -0.135104 3.351725 0.176250
v -0.135104 3.351725 0.176250
v -0.135104 3.351725 0.176250
v -0.135104 3.351725 0.176250
v -0.135104 3.351725 0.176250
v 0.620642 4.069511 0.266054
v 0.620642 4.069511 0.266054
v 0.271160 3.615767 0.145678
v 0.271160 3.615767 0.145678
v -0.024060 3.375881 -0.029704
v -0.024060 3.375881 -0.029704
v -0.024060 3.375881 -0.029704
v -0.024060 3.375881 -0.029704
v -0.024060 3.375881 -0.029704
v -0.024060 3.375881 -0.029704
v -0.024060 3.375881 -0.029704
v 0.777932 4.104508 -0.016920
v 0.777932 4.104508 -0.016920
v 0.777932 4.104508 -0.016920
v 0.777932 4.104508 -0.016920
v 0.399254 3.608348 -0.050008
v 0.399254 3.608348 -0.050008
v 0.399254 3.608348 -0.050008
v 0.399254 3.608348 -0.050008
v 0.099653 3.365930 -0.225438
v 0.099653 3.365930 -0.225438
v 0.099653 3.365930 -0.225438
v 0.099653 3.365930 -0.225438
v 0.099653 3.365930 -0.225438
v 0.099653 3.365930 -0.225438
v 0.081498 4.622725 2.431751
v 0.081498 4.622725 2.431751
v 0.081498 4.622725 2.431751
v 0.081498 4.622725 2.431751
v 0.021231 4.629521 2.405078
v 0.021231 4.629521 2.405078
v 0.021231 4.629521 2.405078
v 0.021231 4.629521 2.405078
v -0.032873 4.358944 2.458381
v -0.032873 4.358944 2.458381
v -0.032873 4.358944 2.458381
v -0.032873 4.358944 2.458381
v 0.027394 4.352148 2.485053
v 0.027394 4.352148 2.485053
v 0.027394 4.352148 2.485053
v 0.027394 4.352148 2.485053
v 1.671269 4.505058 -1.622107
v 1.671269 4.505058 -1.622107
v 1.671269 4.505058 -1.622107
v 1.671269 4.505058 -1.622107
v 1.718066 4.547671 -1.602509
v 1.718066 4.547671 -1.602509
v 1.718066 4.547671 -1.602509
v 1.718066 4.547671 -1.602509
v 1.897345 4.334255 -1.566557
v 1.897345 4.334255 -1.566557
v 1.897345 4.334255 -1.566557
v 1.897345 4.334255 -1.566557
v 1.850549 4.291643 -1.586155
v 1.850549 4.291643 -1.586155
v 1.850549 4.291643 -1.586155
v 1.850549 4.291643 -1.586155
v 0.888183 0.628881 -1.294657
v 0.888183 0.628881 -1.294657
v 0.888183 0.628881 -1.294657
v 0.888183 0.628881 -1.294657
v 0.888183 0.628881 -1.294657
v 0.923866 0.731003 -1.503651
v 0.923866 0.731003 -1.503651
v 0.923866 0.731003 -1.503651
v 0.923866 0.731003 -1.503651
v 0.923866 0.731003 -1.503651
v 1.490418 0.709894 -1.477910
v 1.490418 0.709894 -1.477910
v 1.490418 0.709894 -1.477910
v 1.490418 0.709894 -1.477910
v 1.490418 0.709894 -1.477910
v 1.490418 0.709894 -1.477910
v 1.490418 0.709894 -1.477910
v 1.435676 0.559173 -1.164939
v 1.435676 0.559173 -1.164939
v 1.435676 0.559173 -1.164939
v 1.435676 0.559173 -1.164939
v 1.435676 0.559173 -1.164939
v 1.435676 0.559173 -1.164939
v 0.155028 0.762941 1.942087
v 0.155028 0.762941 1.942087
v 0.155028 0.762941 1.942087
v 0.155028 0.762941 1.942087
v 0.155028 0.762941 1.942087
v 0.264918 0.645554 1.783450
v 0.264918 0.645554 1.783450
v 0.264918 0.645554 1.783450
v 0.264918 0.645554 1.783450
v 0.264918 0.645554 1.783450
v 0.791120 0.752665 1.983796
v 0.791120 0.752665 1.983796
v 0.791120 0.752665 1.983796
v 0.791120 0.752665 1.983796
v 0.791120 0.752665 1.983796
v 0.791120 0.752665 1.983796
v 0.624477 0.918646 2.238584
v 0.624477 0.918646 2.238584
v 0.624477 0.918646 2.238584
v 0.624477 0.918646 2.238584
v 0.624477 0.918646 2.238584
v 0.624477 0.918646 2.238584
v 0.003130 4.813376 2.909820
v 0.003130 4.813376 2.909820
v 0.003130 4.813376 2.909820
v -0.242004 4.841021 2.801328
v -0.242004 4.841021 2.801328
v -0.242004 4.841021 2.801328
v -0.326062 4.420640 2.884143
v -0.326062 4.420640 2.884143
v -0.326062 4.420640 2.884143
v -0.080928 4.392996 2.992634
v -0.080928 4.392996 2.992634
v -0.080928 4.392996 2.992634
v 1.704744 4.548410 -2.139833
v 1.704744 4.548410 -2.139833
v 1.704744 4.548410 -2.139833
v 1.895084 4.721734 -2.060118
v 1.895084 4.721734 -2.060118
v 1.895084 4.721734 -2.060118
v 2.173621 4.390161 -2.004263
v 2.173621 4.390161 -2.004263
v 2.173621 4.390161 -2.004263
v 1.983281 4.216837 -2.083977
v 1.983281 4.216837 -2.083977
v 1.983281 4.216837 -2.083977
v 0.920099 0.174810 -1.507336
v 0.920099 0.174810 -1.507336
v 0.920099 0.174810 -1.507336
v 0.963466 0.223868 -1.680755
v 0.963466 0.223868 -1.680755
v 0.963466 0.223868 -1.680755
v 1.527788 0.291659 -1.589082
v 1.527788 0.291659 -1.589082
v 1.527788 0.291659 -1.589082
v 1.527788 0.291659 -1.589082
v 1.443254 0.205631 -1.264630
v 1.443254 0.205631 -1.264630
v 1.443254 0.205631 -1.264630
v 1.443254 0.205631 -1.264630
v 0.163183 0.308084 2.119038
v 0.163183 0.308084 2.119038
v 0.163183 0.308084 2.119038
v 0.230345 0.286877 1.962012
v 0.230345 0.286877 1.962012
v 0.230345 0.286877 1.962012
v 0.786004 0.320489 2.088022
v 0.786004 0.320489 2.088022
v 0.786004 0.320489 2.088022
v 0.786004 0.320489 2.088022
v 0.679586 0.341667 2.349168
v 0.679586 0.341667 2.349168
v 0.679586 0.341667 2.349168
v 0.679586 0.341667 2.349168
v 1.791348 0.520828 -1.107491
v 1.791348 0.520828 -1.107491
v 1.791348 0.520828 -1.107491
v 1.791348 0.520828 -1.107491
v 1.791348 0.520828 -1.107491
v 1.834486 0.258043 -1.149267
v 1.834486 0.258043 -1.149267
v 1.834486 0.258043 -1.149267
v 1.834486 0.258043 -1.149267
v 1.920372 0.339341 -1.474334
v 1.920372 0.339341 -1.474334
v 1.920372 0.339341 -1.474334
v 1.920372 0.339341 -1.474334
v 1.872275 0.604301 -1.420671
v 1.872275 0.604301 -1.420671
v 1.872275 0.604301 -1.420671
v 1.872275 0.604301 -1.420671
v 1.872275 0.604301 -1.420671
v 1.026126 0.658247 2.526786
v 1.026126 0.658247 2.526786
v 1.026126 0.658247 2.526786
v 1.026126 0.658247 2.526786
v 1.026126 0.658247 2.526786
v 1.036770 0.362454 2.553651
v 1.036770 0.362454 2.553651
v 1.036770 0.362454 2.553651
v 1.036770 0.362454 2.553651
v 1.163723 0.341758 2.232544
v 1.163723 0.341758 2.232544
v 1.163723 0.341758 2.232544
v 1.163723 0.341758 2.232544
v 1.151566 0.628362 2.220537
v 1.151566 0.628362 2.220537
v 1.151566 0.628362 2.220537
v 1.151566 0.628362 2.220537
v 1.151566 0.628362 2.220537
v -0.434866 2.652308 0.405153
v -0.434866 2.652308 0.405153
v -0.434866 2.652308 0.405153
v -0.434866 2.652308 0.405153
v -0.434866 2.652308 0.405153
v -0.273801 2.698272 0.525507
v -0.273801 2.698272 0.525507
v -0.273801 2.698272 0.525507
v -0.273801 2.698272 0.525507
v -0.273801 2.698272 0.525507
v 0.767168 4.237726 1.131892
v 0.767168 4.237726 1.131892
v 0.767168 4.237726 1.131892
v 0.767168 4.237726 1.131892
v 0.767168 4.237726 1.131892
v 0.629127 4.345601 1.062439
v 0.629127 4.345601 1.062439
v 0.629127 4.345601 1.062439
v 0.629127 4.345601 1.062439
v 0.629127 4.345601 1.062439
v 0.274581 2.740158 -0.577659
v 0.274581 2.740158 -0.577659
v 0.274581 2.740158 -0.577659
v 0.274581 2.740158 -0.577659
v 0.083045 2.705878 -0.619596
v 0.083045 2.705878 -0.619596
v 0.083045 2.705878 -0.619596
v 0.083045 2.705878 -0.619596
v 0.083045 2.705878 -0.619596
v 1.341273 4.420363 -0.094864
v 1.341273 4.420363 -0.094864
v 1.341273 4.420363 -0.094864
v 1.341273 4.420363 -0.094864
v 1.341273 4.420363 -0.094864
v 1.469941 4.293371 -0.033930
v 1.469941 4.293371 -0.033930
v 1.469941 4.293371 -0.033930
v 1.469941 4.293371 -0.033930
v 1.469941 4.293371 -0.033930
v 1.160548 4.389964 0.352323
v 1.160548 4.389964 0.352323
v 1.160548 4.389964 0.352323
v 1.160548 4.389964 0.352323
v 1.160548 4.389964 0.352323
v 1.160548 4.389964 0.352323
v 1.160548 4.389964 0.352323
v 1.327887 4.172840 0.374332
v 1.327887 4.172840 0.374332
v 1.327887 4.172840 0.374332
v 1.327887 4.172840 0.374332
v 1.327887 4.172840 0.374332
v 1.327887 4.172840 0.374332
v 1.011906 4.400707 0.502505
v 1.011906 4.400707 0.502505
v 1.011906 4.400707 0.502505
v 1.011906 4.400707 0.502505
v 1.011906 4.400707 0.502505
v 1.011906 4.400707 0.502505
v 1.258242 4.112867 0.624506
v 1.258242 4.112867 0.624506
v 1.258242 4.112867 0.624506
v 1.258242 4.112867 0.624506
v 1.258242 4.112867 0.624506
v 1.258242 4.112867 0.624506
v 1.258242 4.112867 0.624506
v 0.934826 4.366267 0.723723
v 0.934826 4.366267 0.723723
v 0.934826 4.366267 0.723723
v 0.934826 4.366267 0.723723
v 0.934826 4.366267 0.723723
v 0.934826 4.366267 0.723723
v 0.934826 4.366267 0.723723
v 1.095775 4.156438 0.801792
v 1.095775 4.156438 0.801792
v 1.095775 4.156438 0.801792
v 1.095775 4.156438 0.801792
v 1.095775 4.156438 0.801792
v 1.095775 4.156438 0.801792
v 1.095775 4.156438 0.801792
v -0.122604 2.733117 -0.068520
v -0.122604 2.733117 -0.068520
v -0.122604 2.733117 -0.068520
v -0.122604 2.733117 -0.068520
v -0.122604 2.733117 -0.068520
v -0.122604 2.733117 -0.068520
v -0.122604 2.733117 -0.068520
v 0.095825 2.598890 0.038492
v 0.095825 2.598890 0.038492
v 0.095825 2.598890 0.038492
v 0.095825 2.598890 0.038492
v 0.095825 2.598890 0.038492
v -0.134700 2.873655 -0.107436
v -0.134700 2.873655 -0.107436
v -0.134700 2.873655 -0.107436
v -0.134700 2.873655 -0.107436
v 0.168897 2.663284 0.058087
v 0.168897 2.663284 0.058087
v 0.168897 2.663284 0.058087
v 0.168897 2.663284 0.058087
v 0.168897 2.663284 0.058087
v 0.168897 2.663284 0.058087
v -0.094200 2.748339 -0.127048
v -0.094200 2.748339 -0.127048
v -0.094200 2.748339 -0.127048
v -0.094200 2.748339 -0.127048
v -0.094200 2.748339 -0.127048
v -0.094200 2.748339 -0.127048
v -0.094200 2.748339 -0.127048
v 0.106428 2.601768 -0.006512
v 0.106428 2.601768 -0.006512
v 0.106428 2.601768 -0.006512
v 0.106428 2.601768 -0.006512
v 0.106428 2.601768 -0.006512
v 0.268601 3.291991 -0.428727
v 0.268601 3.291991 -0.428727
v 0.268601 3.291991 -0.428727
v 0.268601 3.291991 -0.428727
v 0.268601 3.291991 -0.428727
v 0.268601 3.291991 -0.428727
v 0.597268 3.105540 -0.263546
v 0.597268 3.105540 -0.263546
v 0.597268 3.105540 -0.263546
v 0.597268 3.105540 -0.263546
v 0.597268 3.105540 -0.263546
v 0.597268 3.105540 -0.263546
v 0.597268 3.105540 -0.263546
v 0.631668 3.542124 -0.230881
v 0.631668 3.542124 -0.230881
v 0.631668 3.542124 -0.230881
v 0.631668 3.542124 -0.230881
v 0.631668 3.542124 -0.230881
v 0.631668 3.542124 -0.230881
v 0.809083 3.421195 -0.146461
v 0.809083 3.421195 -0.146461
v 0.809083 3.421195 -0.146461
v 0.809083 3.421195 -0.146461
v 1.165067 4.227854 -0.189629
v 1.165067 4.227854 -0.189629
v 1.165067 4.227854 -0.189629
v 1.165067 4.227854 -0.189629
v 1.165067 4.227854 -0.189629
v 1.329045 4.085326 -0.118958
v 1.329045 4.085326 -0.118958
v 1.329045 4.085326 -0.118958
v 1.329045 4.085326 -0.118958
v 1.329045 4.085326 -0.118958
v 1.329045 4.085326 -0.118958
v 0.084934 3.077251 0.624395
v 0.084934 3.077251 0.624395
v 0.084934 3.077251 0.624395
v 0.084934 3.077251 0.624395
v 0.084934 3.077251 0.624395
v 0.084934 3.077251 0.624395
v 0.084934 3.077251 0.624395
v -0.238014 3.261098 0.438367
v -0.238014 3.261098 0.438367
v -0.238014 3.261098 0.438367
v -0.238014 3.261098 0.438367
v -0.238014 3.261098 0.438367
v -0.238014 3.261098 0.438367
v 0.377493 3.470034 0.769837
v 0.377493 3.470034 0.769837
v 0.377493 3.470034 0.769837
v 0.377493 3.470034 0.769837
v 0.253352 3.601685 0.706221
v 0.253352 3.601685 0.706221
v 0.253352 3.601685 0.706221
v 0.253352 3.601685 0.706221
v 0.253352 3.601685 0.706221
v 0.253352 3.601685 0.706221
v 0.751073 4.242761 1.091299
v 0.751073 4.242761 1.091299
v 0.751073 4.242761 1.091299
v 0.751073 4.242761 1.091299
v 0.751073 4.242761 1.091299
v 0.751073 4.242761 1.091299
v 0.628054 4.097044 1.056367
v 0.628054 4.097044 1.056367
v 0.628054 4.097044 1.056367
v 0.628054 4.097044 1.056367
v 0.628054 4.097044 1.056367
v -0.119269 4.399562 2.411524
v -0.119269 4.399562 2.411524
v -0.077239 4.609752 2.370117
v -0.077239 4.609752 2.370117
v 0.167893 4.582108 2.478607
v 0.167893 4.582108 2.478607
v 0.125864 4.371918 2.520015
v 0.125864 4.371918 2.520015
v 1.949111 4.423425 -1.540511
v 1.949111 4.423425 -1.540511
v 1.809843 4.589212 -1.568439
v 1.809843 4.589212 -1.568439
v 1.619502 4.415888 -1.648154
v 1.619502 4.415888 -1.648154
v 1.758771 4.250102 -1.620226
v 1.758771 4.250102 -1.620226
v 1.361799 0.747151 -1.552774
v 1.361799 0.747151 -1.552774
v 1.361799 0.747151 -1.552774
v 1.361799 0.747151 -1.552774
v 1.361799 0.747151 -1.552774
v 1.361799 0.747151 -1.552774
v 1.084665 0.778249 -1.605136
v 1.084665 0.778249 -1.605136
v 1.084665 0.778249 -1.605136
v 1.084665 0.778249 -1.605136
v 1.084665 0.778249 -1.605136
v 1.014414 0.573544 -1.188360
v 1.014414 0.573544 -1.188360
v 1.014414 0.573544 -1.188360
v 1.014414 0.573544 -1.188360
v 1.014414 0.573544 -1.188360
v 1.014414 0.573544 -1.188360
v 1.290502 0.542570 -1.135818
v 1.290502 0.542570 -1.135818
v 1.290502 0.542570 -1.135818
v 1.290502 0.542570 -1.135818
v 1.290502 0.542570 -1.135818
v 1.290502 0.542570 -1.135818
v 0.700521 0.683665 1.872151
v 0.700521 0.683665 1.872151
v 0.700521 0.683665 1.872151
v 0.700521 0.683665 1.872151
v 0.700521 0.683665 1.872151
v 0.700521 0.683665 1.872151
v 0.444940 0.620230 1.762724
v 0.444940 0.620230 1.762724
v 0.444940 0.620230 1.762724
v 0.444940 0.620230 1.762724
v 0.444940 0.620230 1.762724
v 0.444940 0.620230 1.762724
v 0.217673 0.861985 2.092325
v 0.217673 0.861985 2.092325
v 0.217673 0.861985 2.092325
v 0.217673 0.861985 2.092325
v 0.217673 0.861985 2.092325
v 0.475471 0.915468 2.207041
v 0.475471 0.915468 2.207041
v 0.475471 0.915468 2.207041
v 0.475471 0.915468 2.207041
v 0.475471 0.915468 2.207041
v 0.475471 0.915468 2.207041
v 0.475471 0.915468 2.207041
v -0.305048 4.525735 2.863439
v -0.305048 4.525735 2.863439
v -0.305048 4.525735 2.863439
v -0.305048 4.525735 2.863439
v -0.263018 4.735925 2.822032
v -0.263018 4.735925 2.822032
v -0.263018 4.735925 2.822032
v -0.263018 4.735925 2.822032
v -0.017885 4.708281 2.930524
v -0.017885 4.708281 2.930524
v -0.017885 4.708281 2.930524
v -0.017885 4.708281 2.930524
v -0.059915 4.498091 2.971930
v -0.059915 4.498091 2.971930
v -0.059915 4.498091 2.971930
v -0.059915 4.498091 2.971930
v 2.103987 4.473054 -2.018227
v 2.103987 4.473054 -2.018227
v 2.103987 4.473054 -2.018227
v 2.103987 4.473054 -2.018227
v 1.964719 4.638841 -2.046154
v 1.964719 4.638841 -2.046154
v 1.964719 4.638841 -2.046154
v 1.964719 4.638841 -2.046154
v 1.774378 4.465517 -2.125870
v 1.774378 4.465517 -2.125870
v 1.774378 4.465517 -2.125870
v 1.774378 4.465517 -2.125870
v 1.913647 4.299730 -2.097942
v 1.913647 4.299730 -2.097942
v 1.913647 4.299730 -2.097942
v 1.913647 4.299730 -2.097942
v 1.400787 0.288270 -1.670000
v 1.400787 0.288270 -1.670000
v 1.400787 0.288270 -1.670000
v 1.400787 0.288270 -1.670000
v 1.127215 0.263439 -1.746891
v 1.127215 0.263439 -1.746891
v 1.127215 0.263439 -1.746891
v 1.127215 0.263439 -1.746891
v 1.127215 0.263439 -1.746891
v 1.026266 0.153739 -1.350272
v 1.026266 0.153739 -1.350272
v 1.026266 0.153739 -1.350272
v 1.026266 0.153739 -1.350272
v 1.298653 0.181033 -1.272720
v 1.298653 0.181033 -1.272720
v 1.298653 0.181033 -1.272720
v 1.298653 0.181033 -1.272720
v 1.298653 0.181033 -1.272720
v 0.673083 0.306338 1.994508
v 0.673083 0.306338 1.994508
v 0.673083 0.306338 1.994508
v 0.673083 0.306338 1.994508
v 0.673083 0.306338 1.994508
v 0.408319 0.284782 1.900422
v 0.408319 0.284782 1.900422
v 0.408319 0.284782 1.900422
v 0.408319 0.284782 1.900422
v 0.241254 0.334523 2.296541
v 0.241254 0.334523 2.296541
v 0.241254 0.334523 2.296541
v 0.241254 0.334523 2.296541
v 0.241254 0.334523 2.296541
v 0.505195 0.350595 2.399472
v 0.505195 0.350595 2.399472
v 0.505195 0.350595 2.399472
v 0.505195 0.350595 2.399472
v 1.203720 4.515434 0.490782
v 1.203720 4.515434 0.490782
v 1.203720 4.515434 0.490782
v 1.422659 4.351496 0.526367
v 1.422659 4.351496 0.526367
v 1.422659 4.351496 0.526367
v 1.090372 4.530756 0.576849
v 1.090372 4.530756 0.576849
v 1.378730 4.311543 0.705065
v 1.378730 4.311543 0.705065
v 1.076610 4.547121 0.720519
v 1.076610 4.547121 0.720519
v 1.076610 4.547121 0.720519
v 1.240240 4.354512 0.796531
v 1.240240 4.354512 0.796531
v 1.240240 4.354512 0.796531
v 1.023995 1.814913 -0.780482
v 1.023995 1.814913 -0.780482
v 1.023995 1.814913 -0.780482
v 1.023995 1.814913 -0.780482
v 1.023995 1.814913 -0.780482
v 1.057981 1.782015 -0.610911
v 1.057981 1.782015 -0.610911
v 1.057981 1.782015 -0.610911
v 1.057981 1.782015 -0.610911
v 1.057981 1.782015 -0.610911
v 1.264967 2.033255 -0.769846
v 1.264967 2.033255 -0.769846
v 1.264967 2.033255 -0.769846
v 1.264967 2.033255 -0.769846
v 1.297555 2.005075 -0.611208
v 1.297555 2.005075 -0.611208
v 1.297555 2.005075 -0.611208
v 1.297555 2.005075 -0.611208
v 1.297555 2.005075 -0.611208
v 1.139536 1.820791 -0.505063
v 1.139536 1.820791 -0.505063
v 1.139536 1.820791 -0.505063
v 1.139536 1.820791 -0.505063
v 1.139536 1.820791 -0.505063
v 1.139536 1.820791 -0.505063
v 1.261638 1.928389 -0.496043
v 1.261638 1.928389 -0.496043
v 1.261638 1.928389 -0.496043
v 1.261638 1.928389 -0.496043
v 1.261638 1.928389 -0.496043
v 1.261638 1.928389 -0.496043
v 1.186255 1.999984 -0.890159
v 1.186255 1.999984 -0.890159
v 1.186255 1.999984 -0.890159
v 1.186255 1.999984 -0.890159
v 1.186255 1.999984 -0.890159
v 1.186255 1.999984 -0.890159
v 1.065794 1.891152 -0.883243
v 1.065794 1.891152 -0.883243
v 1.065794 1.891152 -0.883243
v 1.065794 1.891152 -0.883243
v 1.065794 1.891152 -0.883243
v 1.065794 1.891152 -0.883243
v 0.468855 1.789317 1.014431
v 0.468855 1.789317 1.014431
v 0.468855 1.789317 1.014431
v 0.468855 1.789317 1.014431
v 0.468855 1.789317 1.014431
v 0.344757 1.816068 1.123231
v 0.344757 1.816068 1.123231
v 0.344757 1.816068 1.123231
v 0.344757 1.816068 1.123231
v 0.344757 1.816068 1.123231
v 0.646860 2.043948 1.148735
v 0.646860 2.043948 1.148735
v 0.646860 2.043948 1.148735
v 0.646860 2.043948 1.148735
v 0.510321 2.070571 1.271403
v 0.510321 2.070571 1.271403
v 0.510321 2.070571 1.271403
v 0.510321 2.070571 1.271403
v 0.510321 2.070571 1.271403
v 0.306376 1.900243 1.232756
v 0.306376 1.900243 1.232756
v 0.306376 1.900243 1.232756
v 0.306376 1.900243 1.232756
v 0.306376 1.900243 1.232756
v 0.306376 1.900243 1.232756
v 0.392376 2.024934 1.305285
v 0.392376 2.024934 1.305285
v 0.392376 2.024934 1.305285
v 0.392376 2.024934 1.305285
v 0.392376 2.024934 1.305285
v 0.691165 1.962834 1.037699
v 0.691165 1.962834 1.037699
v 0.691165 1.962834 1.037699
v 0.691165 1.962834 1.037699
v 0.691165 1.962834 1.037699
v 0.691165 1.962834 1.037699
v 0.691165 1.962834 1.037699
v 0.594831 1.838440 0.976508
v 0.594831 1.838440 0.976508
v 0.594831 1.838440 0.976508
v 0.594831 1.838440 0.976508
v 0.594831 1.838440 0.976508
v 0.594831 1.838440 0.976508
v 1.479133 4.471213 -0.864185
v 1.479133 4.471213 -0.864185
v 1.432168 4.428796 -0.883781
v 1.432168 4.428796 -0.883781
v 1.659106 4.257818 -0.832281
v 1.659106 4.257818 -0.832281
v 1.612247 4.215278 -0.851869
v 1.612247 4.215278 -0.851869
v 1.380329 4.339889 -0.910729
v 1.380329 4.339889 -0.910729
v 1.520337 4.173870 -0.885850
v 1.520337 4.173870 -0.885850
v 1.710970 4.346857 -0.806132
v 1.710970 4.346857 -0.806132
v 1.571290 4.512489 -0.830961
v 1.571290 4.512489 -0.830961
v 0.304655 4.437113 1.719312
v 0.304655 4.437113 1.719312
v 0.364403 4.429774 1.747015
v 0.364403 4.429774 1.747015
v 0.254134 4.163941 1.758886
v 0.254134 4.163941 1.758886
v 0.314212 4.156975 1.785958
v 0.314212 4.156975 1.785958
v 0.450848 4.387853 1.792364
v 0.450848 4.387853 1.792364
v 0.412288 4.176399 1.821778
v 0.412288 4.176399 1.821778
v 0.168020 4.204941 1.711561
v 0.168020 4.204941 1.711561
v 0.207636 4.417574 1.680128
v 0.207636 4.417574 1.680128
v 2.070746 0.285567 -1.079961
v 2.070746 0.285567 -1.079961
v 2.070746 0.285567 -1.079961
v 2.043449 0.451342 -1.052746
v 2.043449 0.451342 -1.052746
v 2.043449 0.451342 -1.052746
v 2.043449 0.451342 -1.052746
v 2.156632 0.366865 -1.405028
v 2.156632 0.366865 -1.405028
v 2.156632 0.366865 -1.405028
v 2.126578 0.530030 -1.367375
v 2.126578 0.530030 -1.367375
v 2.126578 0.530030 -1.367375
v 2.126578 0.530030 -1.367375
v 1.267112 0.376230 2.643830
v 1.267112 0.376230 2.643830
v 1.267112 0.376230 2.643830
v 1.263688 0.545461 2.626724
v 1.263688 0.545461 2.626724
v 1.263688 0.545461 2.626724
v 1.263688 0.545461 2.626724
v 1.394064 0.355534 2.322724
v 1.394064 0.355534 2.322724
v 1.394064 0.355534 2.322724
v 1.386564 0.525430 2.315928
v 1.386564 0.525430 2.315928
v 1.386564 0.525430 2.315928
v 1.386564 0.525430 2.315928
v 1.417542 1.725696 -0.642845
v 1.417542 1.725696 -0.642845
v 1.417542 1.725696 -0.642845
v 1.417542 1.725696 -0.642845
v 1.441088 1.805233 -0.812253
v 1.441088 1.805233 -0.812253
v 1.441088 1.805233 -0.812253
v 1.441088 1.805233 -0.812253
v 1.075978 1.828490 -0.869218
v 1.075978 1.828490 -0.869218
v 1.075978 1.828490 -0.869218
v 1.075978 1.828490 -0.869218
v 1.181346 1.870173 -0.955621
v 1.181346 1.870173 -0.955621
v 1.181346 1.870173 -0.955621
v 1.181346 1.870173 -0.955621
v 1.181346 1.870173 -0.955621
v 1.181346 1.870173 -0.955621
v 1.364165 1.862110 -0.933303
v 1.364165 1.862110 -0.933303
v 1.364165 1.862110 -0.933303
v 1.364165 1.862110 -0.933303
v 1.364165 1.862110 -0.933303
v 1.364165 1.862110 -0.933303
v 1.313349 1.683601 -0.555579
v 1.313349 1.683601 -0.555579
v 1.313349 1.683601 -0.555579
v 1.313349 1.683601 -0.555579
v 1.313349 1.683601 -0.555579
v 1.313349 1.683601 -0.555579
v 1.131481 1.696355 -0.591721
v 1.131481 1.696355 -0.591721
v 1.131481 1.696355 -0.591721
v 1.131481 1.696355 -0.591721
v 1.131481 1.696355 -0.591721
v 1.131481 1.696355 -0.591721
v 1.052695 1.749115 -0.703748
v 1.052695 1.749115 -0.703748
v 1.052695 1.749115 -0.703748
v 1.052695 1.749115 -0.703748
v 0.331057 4.451958 1.824382
v 0.331057 4.451958 1.824382
v 0.417394 4.411121 1.871196
v 0.417394 4.411121 1.871196
v 0.376078 4.201288 1.910780
v 0.376078 4.201288 1.910780
v 0.131072 4.228971 1.801936
v 0.131072 4.228971 1.801936
v 0.172510 4.439044 1.762228
v 0.172510 4.439044 1.762228
v 0.270839 4.458811 1.797620
v 0.270839 4.458811 1.797620
v 0.217449 4.188654 1.849163
v 0.217449 4.188654 1.849163
v 0.277702 4.181893 1.875914
v 0.277702 4.181893 1.875914
v 0.926892 1.839245 -0.546743
v 0.926892 1.839245 -0.546743
v 0.926892 1.839245 -0.546743
v 0.926892 1.839245 -0.546743
v 0.899468 1.947022 -0.852009
v 0.899468 1.947022 -0.852009
v 1.012458 2.099090 -0.867658
v 1.012458 2.099090 -0.867658
v 1.012458 2.099090 -0.867658
v 1.012458 2.099090 -0.867658
v 1.131917 2.053903 -0.444245
v 1.131917 2.053903 -0.444245
v 1.131917 2.053903 -0.444245
v 1.131917 2.053903 -0.444245
v 1.131917 2.053903 -0.444245
v 1.131917 2.053903 -0.444245
v 1.014181 1.903630 -0.445419
v 1.014181 1.903630 -0.445419
v 1.014181 1.903630 -0.445419
v 1.014181 1.903630 -0.445419
v 1.014181 1.903630 -0.445419
v 1.014181 1.903630 -0.445419
v 1.154176 2.142887 -0.573416
v 1.154176 2.142887 -0.573416
v 1.154176 2.142887 -0.573416
v 1.154176 2.142887 -0.573416
v 1.105246 2.161395 -0.746844
v 1.105246 2.161395 -0.746844
v 1.105246 2.161395 -0.746844
v 1.105246 2.161395 -0.746844
v 0.872414 1.859852 -0.739837
v 0.872414 1.859852 -0.739837
v 0.872414 1.859852 -0.739837
v 0.872414 1.859852 -0.739837
v 0.342927 4.422704 1.634901
v 0.342927 4.422704 1.634901
v 0.295401 4.146489 1.662084
v 0.295401 4.146489 1.662084
v 0.355089 4.139034 1.689851
v 0.355089 4.139034 1.689851
v 0.402543 4.415238 1.662876
v 0.402543 4.415238 1.662876
v 0.488757 4.372691 1.708282
v 0.488757 4.372691 1.708282
v 0.451872 4.158269 1.729449
v 0.451872 4.158269 1.729449
v 0.209107 4.188588 1.616458
v 0.209107 4.188588 1.616458
v 0.246185 4.403111 1.594806
v 0.246185 4.403111 1.594806
v 1.450988 4.459522 -0.771127
v 1.450988 4.459522 -0.771127
v 1.631420 4.246330 -0.742829
v 1.631420 4.246330 -0.742829
v 1.584442 4.203935 -0.762473
v 1.584442 4.203935 -0.762473
v 1.403988 4.417147 -0.790740
v 1.403988 4.417147 -0.790740
v 1.352032 4.328407 -0.817839
v 1.352032 4.328407 -0.817839
v 1.492234 4.162735 -0.795787
v 1.492234 4.162735 -0.795787
v 1.683318 4.335171 -0.715906
v 1.683318 4.335171 -0.715906
v 1.543174 4.500791 -0.738032
v 1.543174 4.500791 -0.738032
v 0.523358 1.924196 0.854833
v 0.523358 1.924196 0.854833
v 0.523358 1.924196 0.854833
v 0.523358 1.924196 0.854833
v 0.523358 1.924196 0.854833
v 0.523358 1.924196 0.854833
v 0.609277 2.081283 0.921066
v 0.609277 2.081283 0.921066
v 0.609277 2.081283 0.921066
v 0.609277 2.081283 0.921066
v 0.609277 2.081283 0.921066
v 0.609277 2.081283 0.921066
v 0.264111 2.104428 1.196595
v 0.264111 2.104428 1.196595
v 0.264111 2.104428 1.196595
v 0.264111 2.104428 1.196595
v 0.191907 1.946422 1.119415
v 0.191907 1.946422 1.119415
v 0.246923 1.861309 1.008090
v 0.246923 1.861309 1.008090
v 0.246923 1.861309 1.008090
v 0.246923 1.861309 1.008090
v 0.388597 2.177504 1.164633
v 0.388597 2.177504 1.164633
v 0.388597 2.177504 1.164633
v 0.388597 2.177504 1.164633
v 0.546457 2.166919 1.038620
v 0.546457 2.166919 1.038620
v 0.546457 2.166919 1.038620
v 0.546457 2.166919 1.038620
v 0.398278 1.851160 0.887270
v 0.398278 1.851160 0.887270
v 0.398278 1.851160 0.887270
v 0.398278 1.851160 0.887270
v 1.462393 4.438369 -0.978196
v 1.462393 4.438369 -0.978196
v 1.410579 4.349261 -1.004290
v 1.410579 4.349261 -1.004290
v 1.549997 4.183393 -0.976802
v 1.549997 4.183393 -0.976802
v 1.740381 4.356671 -0.897111
v 1.740381 4.356671 -0.897111
v 1.600979 4.522511 -0.924540
v 1.600979 4.522511 -0.924540
v 1.509195 4.480970 -0.958583
v 1.509195 4.480970 -0.958583
v 1.688619 4.267493 -0.923145
v 1.688619 4.267493 -0.923145
v 1.641816 4.224885 -0.942726
v 1.641816 4.224885 -0.942726
v 0.658451 1.919166 1.406779
v 0.658451 1.919166 1.406779
v 0.658451 1.919166 1.406779
v 0.658451 1.919166 1.406779
v 0.766631 1.812706 1.260119
v 0.766631 1.812706 1.260119
v 0.766631 1.812706 1.260119
v 0.766631 1.812706 1.260119
v 0.433561 1.718859 1.114416
v 0.433561 1.718859 1.114416
v 0.433561 1.718859 1.114416
v 0.433561 1.718859 1.114416
v 0.573218 1.686337 1.074204
v 0.573218 1.686337 1.074204
v 0.573218 1.686337 1.074204
v 0.573218 1.686337 1.074204
v 0.573218 1.686337 1.074204
v 0.573218 1.686337 1.074204
v 0.743047 1.731516 1.142758
v 0.743047 1.731516 1.142758
v 0.743047 1.731516 1.142758
v 0.743047 1.731516 1.142758
v 0.526831 1.942261 1.436642
v 0.526831 1.942261 1.436642
v 0.526831 1.942261 1.436642
v 0.526831 1.942261 1.436642
v 0.366851 1.889886 1.357655
v 0.366851 1.889886 1.357655
v 0.366851 1.889886 1.357655
v 0.366851 1.889886 1.357655
v 0.366851 1.889886 1.357655
v 0.366851 1.889886 1.357655
v 0.345036 1.807110 1.237392
v 0.345036 1.807110 1.237392
v 0.345036 1.807110 1.237392
v 0.345036 1.807110 1.237392
vn -0.2464 0.9449 -0.2153
vn -0.3563 0.9284 0.1053
vn 0.0727 0.9923 -0.1002
vn -0.0431 0.9749 0.2183
vn -0.3617 0.7049 -0.6102
vn -0.5528 0.7639 -0.3329
vn -0.6645 0.7471 -0.0169
vn -0.7142 0.6520 0.2545
vn -0.4527 0.7784 0.4350
vn -0.1400 0.8248 0.5478
vn 0.1980 0.7874 0.5838
vn 0.3069 0.8913 0.3337
vn 0.4184 0.9081 0.0177
vn 0.4667 0.8279 -0.3112
vn 0.2066 0.8768 -0.4342
vn -0.1059 0.8304 -0.5470
vn 0.6943 0.7098 -0.1190
vn 0.9372 0.3478 -0.0265
vn 0.4299 0.6819 0.5917
vn 0.6956 0.3164 0.6450
vn 0.8396 -0.4202 -0.3444
vn 0.8705 0.4698 -0.1465
vn 0.9495 0.2414 -0.2007
vn 0.7961 0.5680 -0.2087
vn 0.7586 0.6397 0.1235
vn 0.6470 0.6229 0.4397
vn 0.4706 0.5191 0.7135
vn 0.5975 0.1853 0.7802
vn 0.5606 0.4262 0.7100
vn 0.4306 -0.4769 0.7662
vn 0.7248 -0.5413 0.4263
vn 0.8483 -0.5164 0.1169
vn -0.2037 -0.2002 0.9583
vn -0.2222 0.0197 0.9748
vn -0.3207 -0.2184 0.9217
vn -0.3596 0.1137 0.9261
vn 0.0900 -0.4986 0.8621
vn -0.0095 -0.1343 0.9909
vn 0.1592 0.1223 0.9796
vn 0.1414 0.4700 0.8713
vn -0.1985 0.4970 0.8447
vn -0.5112 0.4506 0.7319
vn -0.7709 0.3346 0.5420
vn -0.7930 0.0344 0.6083
vn -0.7531 -0.2970 0.5871
vn -0.6290 -0.5968 0.4982
vn -0.2746 -0.5858 0.7625
vn -0.1592 -0.5772 0.8010
vn -0.2852 -0.9585 -0.0018
vn -0.3569 -0.8893 -0.2858
vn -0.1655 -0.9862 0.0088
vn -0.1022 -0.9320 -0.3477
vn -0.4701 -0.8633 0.1837
vn -0.4201 -0.8936 -0.1581
vn -0.3339 -0.8953 -0.2947
vn -0.2683 -0.8138 -0.5156
vn 0.0022 -0.7397 -0.6729
vn 0.2259 -0.6226 -0.7492
vn 0.6770 -0.5546 -0.4838
vn 0.5939 -0.8045 -0.0001
vn 0.4766 -0.8180 0.3221
vn 0.1927 -0.6602 0.7259
vn -0.0144 -0.8563 0.5163
vn -0.1641 -0.9426 0.2908
vn 0.3526 -0.1221 -0.9278
vn 0.3029 0.2105 -0.9295
vn 0.4643 -0.0999 -0.8800
vn 0.4401 0.1130 -0.8908
vn -0.1211 -0.5342 -0.8366
vn -0.1858 -0.2209 -0.9574
vn -0.2267 0.1013 -0.9687
vn -0.2721 0.4095 -0.8708
vn 0.0452 0.5342 -0.8442
vn 0.3579 0.5806 -0.7313
vn 0.6401 0.5450 -0.5415
vn 0.7413 0.2020 -0.6401
vn 0.6298 -0.0591 -0.7745
vn 0.6484 -0.4084 -0.6425
vn 0.4280 -0.4754 -0.7686
vn 0.3020 -0.4915 -0.8168
vn -0.9086 -0.3691 -0.1955
vn -0.9824 -0.0211 -0.1854
vn -0.8018 -0.3456 -0.4876
vn -0.8689 -0.0256 -0.4943
vn -0.7353 -0.6747 0.0641
vn -0.9175 -0.3599 0.1693
vn -0.9808 -0.0045 0.1948
vn -0.9269 0.3116 0.2092
vn -0.9119 0.3915 -0.1230
vn -0.8003 0.4083 -0.4391
vn -0.6013 0.3605 -0.7130
vn -0.6270 0.0154 -0.7789
vn -0.5748 -0.3022 -0.7605
vn -0.4772 -0.6333 -0.6092
vn -0.5986 -0.6901 -0.4067
vn -0.6733 -0.7147 -0.1893
vn -0.2424 0.9455 -0.2173
vn -0.3582 0.9281 0.1012
vn 0.0708 0.9920 -0.1043
vn -0.0391 0.9755 0.2164
vn -0.4186 0.6964 -0.5829
vn -0.5530 0.7639 -0.3328
vn -0.6645 0.7471 -0.0167
vn -0.6873 0.6559 0.3121
vn -0.4526 0.7783 0.4351
vn -0.1401 0.8247 0.5479
vn 0.1411 0.7789 0.6110
vn 0.3068 0.8913 0.3338
vn 0.4184 0.9081 0.0178
vn 0.4937 0.8318 -0.2537
vn 0.2066 0.8769 -0.4340
vn -0.1061 0.8305 -0.5469
vn 0.8607 0.5084 -0.0257
vn 0.9547 0.2439 0.1703
vn 0.6347 0.4730 0.6111
vn 0.8430 0.2241 0.4891
vn 0.7958 -0.5748 -0.1904
vn 0.8003 0.5715 -0.1814
vn 0.9491 0.2376 -0.2069
vn 0.7746 0.6103 -0.1663
vn 0.7585 0.6398 0.1236
vn 0.6470 0.6231 0.4395
vn 0.4789 0.5658 0.6712
vn 0.6009 0.1889 0.7767
vn 0.4866 0.5212 0.7011
vn 0.5018 -0.6227 0.6004
vn 0.5143 -0.6372 0.5739
vn 0.7783 -0.6053 -0.1669
vn -0.1903 -0.1821 0.9647
vn -0.1754 -0.0160 0.9844
vn -0.3114 -0.2253 0.9232
vn -0.4830 -0.0642 0.8733
vn 0.0653 -0.5260 0.8480
vn 0.0026 -0.1586 0.9873
vn 0.1935 0.0976 0.9762
vn 0.0928 0.5083 0.8561
vn -0.1986 0.4971 0.8446
vn -0.5111 0.4507 0.7319
vn -0.7356 0.3853 0.5572
vn -0.7880 0.0441 0.6141
vn -0.7374 -0.3131 0.5985
vn -0.6432 -0.5847 0.4945
vn -0.2460 -0.6044 0.7578
vn -0.1207 -0.5281 0.8406
vn -0.4084 -0.8996 -0.1548
vn -0.1645 -0.9332 -0.3195
vn -0.3005 -0.9494 0.0914
vn -0.0793 -0.9666 -0.2438
vn -0.5064 -0.8551 0.1113
vn -0.3928 -0.9128 -0.1118
vn -0.3565 -0.8896 -0.2856
vn -0.1824 -0.8092 -0.5585
vn 0.0918 -0.8790 -0.4679
vn 0.3640 -0.7781 -0.5119
vn 0.6475 -0.5942 -0.4771
vn 0.6061 -0.7940 0.0473
vn 0.4741 -0.8188 0.3237
vn 0.2047 -0.6336 0.7461
vn -0.3340 -0.6870 0.6453
vn -0.4273 -0.8027 0.4160
vn 0.3451 -0.1162 -0.9313
vn 0.1754 0.0214 -0.9843
vn 0.4645 -0.0996 -0.8799
vn 0.4806 0.0809 -0.8732
vn -0.1544 -0.5052 -0.8491
vn -0.1831 -0.2229 -0.9575
vn -0.2260 0.1023 -0.9687
vn -0.2368 0.4603 -0.8556
vn 0.0453 0.5343 -0.8441
vn 0.3577 0.5807 -0.7313
vn 0.5916 0.5833 -0.5566
vn 0.7584 0.1849 -0.6250
vn 0.6340 -0.0726 -0.7699
vn 0.6069 -0.4513 -0.6542
vn 0.4627 -0.4416 -0.7687
vn 0.3153 -0.5051 -0.8034
vn -0.9146 -0.3591 -0.1858
vn -0.9847 -0.0391 -0.1698
vn -0.8024 -0.3514 -0.4824
vn -0.8721 -0.0199 -0.4889
vn -0.7927 -0.5886 0.1588
vn -0.9208 -0.3426 0.1867
vn -0.9779 -0.0183 0.2083
vn -0.9186 0.3584 0.1668
vn -0.9119 0.3916 -0.1231
vn -0.8003 0.4084 -0.4390
vn -0.6229 0.4028 -0.6706
vn -0.6303 0.0190 -0.7761
vn -0.5734 -0.2990 -0.7627
vn -0.4680 -0.5567 -0.6863
vn -0.6009 -0.6827 -0.4159
vn -0.7148 -0.6817 -0.1559
vn -0.5187 0.6710 -0.5299
vn 0.0164 -0.3282 0.9445
vn 0.2464 0.9135 -0.3239
vn 0.6073 0.2800 0.7435
vn 0.9164 -0.3344 0.2201
vn 0.9096 0.2679 0.3175
vn 0.7455 0.0963 0.6595
vn -0.3681 0.2500 0.8955
vn -0.5750 -0.8098 -0.1171
vn -0.6869 -0.0629 0.7241
vn 0.7603 -0.4178 -0.4974
vn 0.6483 -0.7017 0.2956
vn 0.5139 -0.6775 0.5262
vn -0.8338 0.5516 -0.0236
vn -0.7373 0.6005 -0.3097
vn -0.7041 0.6376 -0.3125
vn -0.6711 0.3875 -0.6321
vn -0.4657 0.8187 -0.3360
vn -0.6474 0.6172 -0.4472
vn -0.9066 0.3716 -0.1998
vn -0.5534 0.8077 -0.2036
vn -0.7175 0.6309 -0.2950
vn -0.8805 0.3312 -0.3393
vn -0.5115 0.8464 -0.1481
vn -0.8498 0.5203 0.0838
vn 0.5960 -0.6340 0.4928
vn 0.8032 -0.3079 0.5100
vn 0.3467 -0.9298 0.1237
vn 0.7556 -0.6235 0.2010
vn 0.8536 -0.3020 0.4244
vn 0.3170 -0.9285 0.1936
vn 0.8042 -0.5715 -0.1629
vn 0.9504 -0.2729 0.1491
vn 0.3513 -0.9110 0.2160
vn 0.3431 -0.6116 0.7128
vn 0.6184 -0.2830 0.7332
vn 0.4720 -0.8579 0.2029
vn 0.8207 -0.3149 -0.4768
vn 0.7409 -0.2709 -0.6146
vn 0.6102 -0.4508 -0.6515
vn -0.7828 0.3639 -0.5048
vn -0.4452 0.8263 -0.3451
vn -0.6656 0.5422 -0.5127
vn -0.9492 0.3099 -0.0550
vn -0.6550 0.5383 0.5302
vn -0.8436 0.3508 0.4065
vn 0.1931 0.9624 -0.1911
vn 0.6573 0.6066 0.4471
vn -0.6378 0.7594 -0.1282
vn -0.6378 0.7595 -0.1278
vn -0.6863 -0.6727 0.2765
vn 0.6495 0.7518 0.1140
vn -0.5673 -0.4294 -0.7027
vn -0.0843 0.9502 -0.2999
vn -0.0830 0.9500 -0.3009
vn -0.0840 0.9501 -0.3006
vn -0.1342 -0.9896 0.0510
vn 0.0843 -0.9502 0.2999
vn 0.0825 -0.9505 0.2996
vn 0.0842 -0.9501 0.3003
vn 0.3069 0.0983 -0.9466
vn -0.6772 0.7355 0.0178
vn -0.4013 0.9153 -0.0350
vn -0.4012 0.9153 -0.0352
vn 0.5837 -0.7655 0.2707
vn 0.4013 -0.9153 0.0350
vn 0.4012 -0.9153 0.0351
vn 0.1754 -0.9620 -0.2094
vn -0.9863 0.0078 -0.1646
vn -0.5619 0.1761 -0.8083
vn 0.2222 -0.3409 0.9135
vn -0.0222 -0.9948 0.0995
vn -0.8677 -0.1936 -0.4578
vn -0.1566 -0.3604 -0.9196
vn -0.2034 0.3061 0.9300
vn 0.1701 -0.9656 -0.1965
vn -0.1819 -0.2705 0.9454
vn 0.1892 -0.9602 -0.2053
vn 0.2151 0.2688 -0.9389
vn 0.0262 0.8989 0.4375
vn 0.2084 0.9303 0.3018
vn -0.5313 0.1103 0.8400
vn 0.0218 -0.9957 0.0896
vn 0.4849 -0.2105 -0.8488
vn 0.4600 0.8510 -0.2535
vn -0.9386 0.0873 0.3338
vn 0.4379 -0.3060 -0.8454
vn 0.8203 -0.2295 -0.5238
vn 0.0368 -0.9916 0.1236
vn 0.0269 -0.9904 0.1357
vn -0.2227 -0.3563 0.9075
vn -0.6871 -0.2782 0.6711
vn 0.2394 0.2594 -0.9356
vn 0.5402 0.2511 -0.8032
vn 0.1509 -0.9633 -0.2219
vn 0.1533 -0.9609 -0.2304
vn 0.1497 -0.9636 -0.2216
vn 0.1473 -0.9623 -0.2287
vn 0.1490 -0.9621 -0.2282
vn -0.7063 -0.6432 -0.2958
vn -0.8178 0.5360 -0.2096
vn -0.8178 0.5360 -0.2095
vn 0.7063 0.6431 0.2958
vn 0.8178 -0.5360 0.2096
vn 0.8178 -0.5360 0.2095
vn 0.3069 0.0984 -0.9466
vn 0.9096 -0.1026 0.4026
vn 0.4525 0.8895 -0.0633
vn 0.4522 0.8897 -0.0625
vn 0.4538 0.8889 -0.0634
vn -0.9096 0.1026 -0.4026
vn -0.9097 0.1026 -0.4025
vn -0.4523 -0.8897 0.0627
vn -0.4522 -0.8897 0.0625
vn -0.4513 -0.8901 0.0635
vn 0.1271 0.4815 -0.8672
vn -0.5804 -0.7814 -0.2293
vn 0.7108 -0.6590 0.2460
vn -0.6644 -0.7468 0.0284
vn -0.8633 -0.1623 -0.4779
vn -0.9803 0.1814 -0.0787
vn -0.5309 -0.0937 0.8422
vn -0.1123 -0.3349 0.9355
vn -0.4513 0.0057 0.8924
vn -0.0664 -0.2937 0.9536
vn -0.6181 0.4101 0.6706
vn 0.2194 -0.4355 0.8731
vn 0.2737 -0.1558 -0.9491
vn 0.1292 -0.0409 -0.9908
vn 0.4623 0.0299 -0.8862
vn 0.1110 0.4423 -0.8900
vn 0.4997 0.1211 -0.8577
vn -0.6509 0.4134 -0.6368
vn -0.6121 -0.3116 0.7268
vn -0.3539 -0.2552 0.8998
vn 0.3429 -0.2232 -0.9125
vn -0.3257 -0.8608 -0.3910
vn -0.2207 0.1868 0.9573
vn -0.2206 0.1898 0.9567
vn -0.2207 0.1900 0.9566
vn 0.2696 0.9328 0.2392
vn 0.8364 -0.5415 0.0845
vn 0.2899 0.9269 0.2384
vn 0.5980 0.7462 0.2924
vn -0.2588 0.8575 -0.4446
vn 0.4155 0.8047 0.4241
vn 0.3011 0.8960 0.3264
vn -0.4394 0.3072 0.8442
vn 0.6114 -0.4282 0.6655
vn 0.5533 0.3498 -0.7560
vn -0.4640 0.7236 -0.5110
vn -0.8094 0.5698 -0.1424
vn 0.3269 0.7139 -0.6192
vn -0.1542 0.1083 -0.9821
vn -0.1898 -0.7464 0.6378
vn -0.1996 -0.5512 0.8101
vn 0.7009 0.5252 0.4826
vn 0.6153 0.7831 -0.0900
vn -0.3514 -0.6963 -0.6258
vn -0.3946 -0.9188 0.0133
vn 0.8157 0.5783 0.0146
vn 0.6774 -0.1728 -0.7150
vn -0.5888 -0.7557 0.2868
vn -0.4189 0.8655 0.2746
vn -0.1543 0.6046 0.7814
vn 0.3780 0.8332 0.4035
vn 0.2494 -0.7165 -0.6515
vn -0.2884 -0.9142 -0.2845
vn 0.8229 -0.5370 0.1857
vn 0.7064 0.6425 0.2971
vn 0.7077 0.6419 0.2951
vn 0.7063 0.6431 0.2959
vn -0.8233 0.5376 -0.1821
vn -0.7074 -0.6427 -0.2941
vn -0.7073 -0.6416 -0.2968
vn -0.7063 -0.6432 -0.2957
vn 0.4040 -0.9147 0.0130
vn 0.6422 -0.7595 0.1034
vn -0.4062 0.9137 -0.0079
vn -0.4063 0.9137 -0.0076
vn -0.4064 0.9137 -0.0073
vn -0.6432 0.7593 -0.0991
vn -0.6433 0.7592 -0.0986
vn -0.6439 0.7590 -0.0969
vn -0.4296 -0.9028 -0.0204
vn -0.9105 0.1050 -0.4000
vn -0.9044 0.1061 -0.4133
vn -0.9097 0.1028 -0.4024
vn 0.4264 0.9038 0.0372
vn 0.9059 -0.1009 0.4112
vn 0.9049 -0.1002 0.4136
vn 0.9096 -0.1028 0.4025
vn 0.0975 -0.9679 0.2319
vn -0.1730 -0.9789 0.1091
vn -0.1082 0.9709 -0.2135
vn 0.1662 0.9818 -0.0922
vn 0.9536 0.1111 0.2797
vn 0.9297 0.0556 0.3640
vn 0.3656 -0.0211 -0.9305
vn -0.3577 0.0717 0.9311
vn 0.2437 0.2605 -0.9342
vn 0.3782 0.9235 0.0648
vn -0.2587 -0.1929 0.9465
vn 0.0311 -0.9966 0.0763
vn 0.0298 -0.9967 0.0760
vn 0.0178 -0.9973 0.0709
vn 0.7506 -0.1381 -0.6461
vn -0.3441 -0.4798 -0.8071
vn 0.8586 0.3102 0.4082
vn 0.2756 0.5680 0.7755
vn 0.4349 -0.5263 -0.7307
vn 0.9861 -0.1201 -0.1151
vn -0.0839 0.9500 -0.3006
vn -0.1926 -0.9627 0.1899
vn -0.1932 -0.9626 0.1899
vn 0.0837 -0.9504 0.2995
vn 0.4530 0.8890 -0.0664
vn -0.4526 -0.8899 0.0573
vn 0.9096 -0.1026 0.4025
vn -0.6907 0.0571 0.7209
vn 0.2207 -0.3275 0.9187
vn -0.4551 -0.8885 0.0583
vn 0.4594 0.8865 -0.0562
vn 0.0794 -0.9512 0.2983
vn -0.1959 -0.9626 0.1871
vn -0.0781 0.9558 -0.2834
vn 0.2016 0.9628 -0.1797
vn -0.9096 0.1030 -0.4026
vn -0.5049 -0.5822 -0.6373
vn -0.7734 -0.6324 0.0449
vn -0.7645 0.0349 0.6437
vn 0.5031 0.8198 0.2734
vn -0.7966 -0.4986 -0.3418
vn 0.9080 0.4030 -0.1149
vn 0.9264 0.1079 0.3608
vn -0.6446 -0.4083 0.6463
vn 0.6057 0.5709 -0.5542
vn -0.6203 -0.7788 -0.0932
vn 0.6018 0.7905 0.1135
vn -0.9053 0.1079 -0.4109
vn -0.9057 0.1082 -0.4099
vn 0.8994 -0.1050 0.4244
vn 0.3687 -0.7276 0.5785
vn -0.9515 0.1435 -0.2722
vn -0.7140 -0.6482 -0.2647
vn 0.3433 0.9364 -0.0732
vn -0.7147 0.6778 -0.1727
vn 0.5251 0.3708 0.7661
vn 0.6027 0.7463 0.2825
vn -0.6796 0.7244 -0.1155
vn 0.7076 0.6407 0.2979
vn 0.7090 0.6400 0.2960
vn -0.7080 -0.6413 -0.2956
vn -0.7082 -0.6414 -0.2950
vn -0.4403 0.8975 -0.0260
vn 0.8085 -0.5662 0.1604
vn 0.5940 -0.8028 0.0514
vn -0.8734 0.4401 -0.2085
vn 0.9135 -0.3354 0.2303
vn 0.1243 0.4104 -0.9034
vn 0.2962 0.7370 -0.6076
vn -0.9574 -0.2505 0.1433
vn 0.1250 0.8287 0.5456
vn -0.3267 -0.8123 -0.4831
vn -0.4014 0.9153 -0.0347
vn 0.6379 -0.7594 0.1281
vn 0.6380 -0.7594 0.1275
vn 0.4013 -0.9153 0.0349
vn -0.8176 0.5362 -0.2101
vn 0.8181 -0.5358 0.2088
vn -0.7063 -0.6431 -0.2958
vn -0.3076 -0.7757 -0.5511
vn -0.5175 -0.8405 -0.1606
vn 0.8173 -0.5372 0.2083
vn -0.8166 0.5388 -0.2068
vn 0.3999 -0.9159 0.0345
vn 0.6371 -0.7602 0.1270
vn -0.3999 0.9161 -0.0288
vn -0.6361 0.7616 -0.1239
vn -0.1009 0.0486 -0.9937
vn 0.7441 -0.1307 -0.6552
vn 0.8852 0.4650 0.0135
vn -0.4304 0.5654 0.7036
vn -0.9345 0.2997 0.1921
vn -0.2722 -0.9593 -0.0746
vn -0.0452 -0.5353 -0.8434
vn 0.4822 0.7970 0.3637
vn -0.0324 0.6484 0.7606
vn -0.6687 0.4229 -0.6115
vn 0.9920 -0.0383 0.1199
vn 0.6807 -0.3428 0.6474
vn -0.6860 -0.2581 0.6803
vn 0.8636 0.2897 -0.4127
vn -0.2153 -0.4406 0.8715
vn -0.4605 0.7157 -0.5251
vn -0.6986 -0.5218 -0.4896
vn 0.3850 -0.7311 0.5633
vn 0.9250 0.2780 0.2589
vn 0.8668 0.1058 0.4873
vn 0.8425 0.2089 0.4966
vn 0.3108 -0.0641 -0.9483
vn -0.3763 -0.8334 -0.4048
vn 0.8297 -0.3454 -0.4385
vn 0.6537 -0.6911 0.3085
vn 0.5698 -0.5576 0.6037
vn -0.9031 0.1484 -0.4031
vn -0.6822 0.6401 -0.3533
vn -0.6274 0.6857 -0.3690
vn -0.7793 0.3627 -0.5110
vn -0.4657 0.8187 -0.3359
vn -0.7373 0.5852 -0.3375
vn -0.8410 0.3502 -0.4124
vn -0.5327 0.8170 -0.2208
vn -0.7171 0.6297 -0.2988
vn -0.8103 0.2856 -0.5117
vn -0.6398 0.7685 0.0107
vn -0.8574 0.5146 -0.0075
vn 0.6284 -0.6652 0.4033
vn 0.8582 -0.2592 0.4431
vn 0.2921 -0.8391 0.4590
vn 0.6673 -0.6786 0.3070
vn 0.8268 -0.2604 0.4986
vn 0.3744 -0.9184 0.1284
vn 0.6680 -0.7441 0.0125
vn 0.7518 -0.4757 0.4566
vn 0.6584 -0.4695 -0.5883
vn 0.4059 -0.7224 0.5598
vn 0.7844 -0.4900 0.3803
vn -0.0023 -0.3385 0.9410
vn 0.7638 -0.2254 -0.6048
vn 0.7397 -0.2673 -0.6175
vn 0.6987 -0.4961 -0.5155
vn -0.8310 0.3435 -0.4376
vn -0.4410 0.8158 -0.3741
vn -0.4966 0.5380 -0.6811
vn -0.8989 0.1502 0.4117
vn -0.6606 0.5586 0.5015
vn -0.6354 -0.1716 0.7529
vn 0.1943 0.9622 -0.1907
vn 0.1945 0.9621 -0.1913
vn 0.1947 0.9619 -0.1918
vn 0.4390 0.8981 -0.0280
vn -0.6378 0.7595 -0.1277
vn -0.9736 0.2272 0.0202
vn 0.2963 0.9084 0.2949
vn -0.6439 -0.5211 -0.5603
vn -0.8190 0.0512 -0.5714
vn 0.9644 -0.1499 0.2179
vn 0.6318 0.6111 0.4768
vn -0.7530 -0.6499 -0.1031
vn 0.1642 -0.9621 -0.2175
vn -0.9706 0.0082 -0.2404
vn -0.4160 0.2707 -0.8681
vn -0.0077 -0.2715 0.9624
vn 0.0432 -0.9942 0.0982
vn -0.9196 -0.1004 -0.3798
vn -0.3038 -0.4010 -0.8642
vn 0.2809 0.2065 0.9373
vn -0.2538 -0.1924 0.9479
vn 0.1743 -0.9651 -0.1953
vn 0.2463 0.2351 -0.9402
vn 0.2117 0.9294 0.3024
vn 0.1963 0.9378 0.2864
vn -0.4986 0.0606 0.8647
vn 0.0173 -0.9973 0.0711
vn 0.3584 -0.0239 -0.9333
vn 0.4823 0.8687 0.1128
vn -0.9144 0.1324 0.3825
vn 0.3364 -0.3888 -0.8577
vn 0.6404 -0.1872 -0.7449
vn 0.0102 -0.9916 0.1288
vn 0.0405 -0.9877 0.1507
vn -0.2129 -0.3502 0.9122
vn -0.8096 -0.2947 0.5077
vn 0.2082 0.2756 -0.9384
vn 0.5134 0.2630 -0.8168
vn 0.1363 -0.9617 -0.2380
vn 0.2146 0.4852 -0.8477
vn -0.7044 -0.6376 -0.3117
vn 0.9052 -0.1153 0.4091
vn -0.6597 -0.7439 0.1067
vn -0.8543 -0.1749 -0.4895
vn -0.9833 0.1735 -0.0551
vn 0.7400 -0.6581 0.1391
vn 0.4742 0.1726 -0.8633
vn -0.4899 0.0213 0.8715
vn -0.0465 -0.3162 0.9476
vn -0.4540 0.0985 0.8855
vn -0.0771 -0.3197 0.9444
vn 0.3059 -0.2009 -0.9306
vn -0.3900 0.4560 -0.8000
vn 0.4470 0.0317 -0.8940
vn 0.2973 0.2884 -0.9102
vn 0.0605 0.6194 -0.7827
vn -0.0382 0.1686 -0.9849
vn -0.6058 -0.1949 0.7714
vn -0.3851 -0.8926 -0.2344
vn 0.3670 -0.1364 -0.9202
vn 0.5763 -0.1716 -0.7990
vn -0.2210 0.1866 0.9572
vn 0.3076 0.9231 0.2307
vn 0.8386 -0.5345 0.1053
vn 0.2843 0.9344 0.2145
vn 0.6998 0.5814 0.4151
vn 0.3549 0.9121 0.2054
vn 0.6164 0.6423 0.4555
vn -0.7596 0.6490 -0.0420
vn -0.3634 0.2832 0.8875
vn 0.3490 -0.5261 0.7755
vn 0.5171 0.5478 -0.6577
vn -0.4154 0.6272 -0.6588
vn -0.7762 0.6054 -0.1762
vn 0.4900 0.7033 -0.5151
vn 0.0653 0.9815 -0.1802
vn -0.1641 -0.8787 0.4483
vn 0.1149 -0.2118 0.9705
vn 0.6491 0.5241 0.5514
vn 0.6910 0.7227 -0.0136
vn -0.3710 -0.6672 -0.6459
vn -0.3117 -0.9425 -0.1204
vn 0.8117 0.5760 -0.0969
vn 0.4349 -0.5296 -0.7283
vn -0.6645 -0.6866 0.2948
vn -0.6831 0.0472 0.7288
vn -0.0983 0.7444 0.6605
vn 0.5052 0.7669 0.3958
vn 0.1760 -0.8433 -0.5078
vn -0.3036 -0.9460 -0.1137
vn 0.8250 -0.5345 0.1836
vn -0.8236 0.5362 -0.1846
vn 0.4074 -0.9132 0.0108
vn 0.6449 -0.7574 0.1023
vn -0.4063 0.9137 -0.0081
vn -0.6436 0.7588 -0.0999
vn -0.4186 -0.9078 -0.0248
vn 0.4242 0.9051 0.0280
vn 0.9095 -0.1101 0.4008
vn 0.1088 -0.9678 0.2269
vn -0.1622 -0.9809 0.1077
vn -0.1087 0.9706 -0.2149
vn 0.1646 0.9818 -0.0950
vn 0.3672 -0.0234 -0.9298
vn -0.3677 0.0862 0.9260
vn 0.2652 0.2374 -0.9345
vn 0.3934 0.9143 0.0966
vn -0.2547 -0.1974 0.9467
vn -0.3995 -0.8730 -0.2796
vn -0.1683 -0.5023 -0.8482
vn 0.8766 0.2849 0.3877
vn -0.1732 0.6331 0.7544
vn 0.4418 -0.5236 -0.7284
vn 0.8229 -0.3072 -0.4779
vn -0.0830 0.9503 -0.3001
vn -0.1916 -0.9633 0.1882
vn 0.0819 -0.9510 0.2981
vn 0.4556 0.8878 -0.0657
vn -0.4487 -0.8917 0.0594
vn -0.6663 -0.0586 0.7434
vn 0.2141 -0.1753 0.9610
vn -0.4468 -0.8930 0.0548
vn 0.4565 0.8871 -0.0681
vn 0.0823 -0.9513 0.2969
vn -0.1909 -0.9638 0.1863
vn -0.0833 0.9505 -0.2993
vn 0.1947 0.9619 -0.1919
vn -0.4571 0.8794 -0.1333
vn -0.7849 -0.6142 0.0817
vn -0.6230 0.2095 0.7537
vn -0.8051 0.0798 -0.5877
vn 0.1932 0.9692 -0.1529
vn 0.7705 0.5290 0.3555
vn 0.5931 0.1655 0.7880
vn -0.7614 -0.5962 0.2546
vn 0.6101 0.7922 -0.0155
vn -0.3611 -0.6144 0.7015
vn 0.7416 0.6650 -0.0881
vn -0.8982 0.1124 -0.4249
vn 0.9046 -0.1151 0.4104
vn -0.0345 0.9282 -0.3704
vn -0.0296 -0.9795 -0.1993
vn 0.1432 -0.9815 0.1268
vn 0.4428 0.8966 -0.0006
vn -0.2136 -0.8854 -0.4129
vn 0.5869 0.6160 0.5255
vn 0.7185 0.6433 0.2642
vn -0.6446 0.7587 -0.0945
vn 0.7095 0.6398 0.2952
vn -0.7081 -0.6392 -0.3000
vn -0.4066 0.9136 -0.0066
vn 0.6358 -0.7619 0.1236
vn 0.4000 -0.9161 0.0259
vn -0.8294 0.5349 -0.1612
vn 0.8115 -0.5410 0.2208
vn -0.2796 0.1096 -0.9538
vn 0.5733 0.7772 -0.2593
vn -0.5355 -0.7296 -0.4253
vn -0.1946 0.6520 0.7329
vn 0.1744 -0.6335 -0.7539
vn -0.4015 0.9152 -0.0343
vn 0.6381 -0.7594 0.1273
vn 0.4009 -0.9155 0.0344
vn -0.8172 0.5367 -0.2100
vn 0.8183 -0.5358 0.2083
vn -0.4090 -0.7964 -0.4455
vn 0.1717 -0.1421 0.9748
vn 0.8187 -0.5356 0.2069
vn -0.8171 0.5367 -0.2104
vn 0.4011 -0.9154 0.0338
vn 0.6383 -0.7593 0.1265
vn -0.4018 0.9151 -0.0334
vn -0.6380 0.7595 -0.1272
vn -0.1751 0.0288 -0.9841
vn 0.7376 -0.2659 -0.6207
vn 0.9606 0.0972 -0.2603
vn -0.5084 0.5329 0.6764
vn -0.9820 0.1809 0.0536
vn -0.8599 -0.2218 -0.4598
vn -0.3428 -0.7067 -0.6190
vn 0.8191 0.5300 0.2195
vn 0.2358 0.9129 0.3332
vn -0.5657 0.4701 -0.6775
vn 0.9875 -0.0468 0.1502
vn 0.2239 -0.3952 0.8909
vn -0.8426 -0.1816 0.5070
vn 0.5447 0.4064 -0.7336
vn -0.2046 -0.4404 0.8742
vt 0.687500 0.562500
vt 0.750000 0.625000
vt 0.687500 0.625000
vt 0.812500 0.562500
vt 0.750000 0.562500
vt 0.687500 0.687500
vt 0.812500 0.687500
vt 0.750000 0.687500
vt 0.625000 0.500000
vt 0.625000 0.562500
vt 0.687500 0.500000
vt 0.812500 0.500000
vt 0.750000 0.500000
vt 0.875000 0.500000
vt 0.875000 0.562500
vt 0.812500 0.625000
vt 0.875000 0.687500
vt 0.875000 0.750000
vt 0.812500 0.750000
vt 0.750000 0.750000
vt 0.687500 0.750000
vt 0.625000 0.750000
vt 0.625000 0.687500
vt 0.625000 0.625000
vt 0.437500 0.812500
vt 0.500000 0.875000
vt 0.437500 0.875000
vt 0.500000 0.812500
vt 0.562500 0.875000
vt 0.437500 0.937500
vt 0.500000 0.937500
vt 0.375000 0.750000
vt 0.375000 0.812500
vt 0.437500 0.750000
vt 0.562500 0.750000
vt 0.500000 0.750000
vt 0.562500 0.812500
vt 0.625000 0.812500
vt 0.625000 0.937500
vt 0.562500 0.937500
vt 0.625000 1.000000
vt 0.562500 1.000000
vt 0.500000 1.000000
vt 0.437500 1.000000
vt 0.375000 1.000000
vt 0.375000 0.937500
vt 0.375000 0.875000
vt 0.437500 0.062500
vt 0.500000 0.125000
vt 0.437500 0.125000
vt 0.562500 0.062500
vt 0.500000 0.062500
vt 0.437500 0.187500
vt 0.562500 0.187500
vt 0.500000 0.187500
vt 0.375000 0.000000
vt 0.375000 0.062500
vt 0.500000 0.000000
vt 0.437500 0.000000
vt 0.562500 0.000000
vt 0.625000 0.000000
vt 0.625000 0.062500
vt 0.562500 0.125000
vt 0.625000 0.187500
vt 0.625000 0.250000
vt 0.562500 0.250000
vt 0.500000 0.250000
vt 0.437500 0.250000
vt 0.375000 0.250000
vt 0.375000 0.187500
vt 0.375000 0.125000
vt 0.187500 0.562500
vt 0.250000 0.625000
vt 0.187500 0.625000
vt 0.312500 0.562500
vt 0.250000 0.562500
vt 0.187500 0.687500
vt 0.312500 0.687500
vt 0.250000 0.687500
vt 0.125000 0.500000
vt 0.125000 0.562500
vt 0.187500 0.500000
vt 0.312500 0.500000
vt 0.250000 0.500000
vt 0.375000 0.500000
vt 0.375000 0.625000
vt 0.312500 0.625000
vt 0.375000 0.687500
vt 0.312500 0.750000
vt 0.250000 0.750000
vt 0.187500 0.750000
vt 0.125000 0.687500
vt 0.125000 0.750000
vt 0.125000 0.625000
vt 0.437500 0.562500
vt 0.500000 0.625000
vt 0.437500 0.625000
vt 0.562500 0.562500
vt 0.500000 0.562500
vt 0.437500 0.687500
vt 0.562500 0.687500
vt 0.500000 0.687500
vt 0.375000 0.562500
vt 0.437500 0.500000
vt 0.562500 0.500000
vt 0.500000 0.500000
vt 0.562500 0.625000
vt 0.437500 0.312500
vt 0.500000 0.375000
vt 0.437500 0.375000
vt 0.562500 0.312500
vt 0.500000 0.312500
vt 0.437500 0.437500
vt 0.562500 0.437500
vt 0.500000 0.437500
vt 0.375000 0.312500
vt 0.625000 0.312500
vt 0.562500 0.375000
vt 0.625000 0.437500
vt 0.375000 0.437500
vt 0.375000 0.375000
vt 0.875000 0.625000
vt 0.625000 0.875000
vt 0.625000 0.125000
vt 0.625000 0.375000
vt 0.000000 0.000000
s 1
usemtl Material.002
f 245/1/1 274/2/1 266/3/1
f 256/4/2 271/2/2 249/5/2
f 270/2/3 283/6/3 263/3/3
f 267/2/4 294/7/4 287/8/4
f 2/9/5 246/1/5 165/10/5
f 221/11/6 252/5/6 248/1/6
f 212/12/7 253/5/7 216/13/7
f 27/14/8 259/4/8 210/12/8
f 207/15/9 279/16/9 255/4/9
f 276/16/10 197/17/10 293/7/10
f 297/7/11 39/18/11 154/19/11
f 291/8/12 156/19/12 150/20/12
f 290/8/13 145/21/13 286/6/13
f 284/6/14 14/22/14 175/23/14
f 261/3/15 171/23/15 167/24/15
f 160/10/16 264/3/16 168/24/16
f 302/25/17 323/26/17 321/27/17
f 311/28/18 333/29/18 327/26/18
f 322/26/19 339/30/19 320/27/19
f 332/29/20 348/31/20 326/26/20
f 23/32/21 301/25/21 192/33/21
f 127/34/22 307/28/22 304/25/22
f 116/35/23 309/28/23 122/36/23
f 17/22/24 313/37/24 115/35/24
f 149/38/25 331/29/25 315/37/25
f 330/29/26 159/39/26 352/40/26
f 350/40/27 40/41/27 109/42/27
f 346/31/28 110/42/28 105/43/28
f 344/31/29 100/44/29 341/30/29
f 338/30/30 46/45/30 180/46/30
f 186/47/31 340/30/31 181/46/31
f 303/25/32 187/47/32 193/33/32
f 355/48/33 379/49/33 374/50/33
f 367/51/34 381/49/34 363/52/34
f 383/49/35 393/53/35 376/50/35
f 384/49/36 405/54/36 399/55/36
f 43/56/37 361/48/37 60/57/37
f 101/58/38 359/48/38 97/59/38
f 107/60/39 365/52/39 103/58/39
f 38/61/40 371/51/40 106/60/40
f 196/62/41 389/63/41 369/51/41
f 392/63/42 206/64/42 407/54/42
f 409/54/43 26/65/43 128/66/43
f 403/55/44 130/66/44 134/67/44
f 402/55/45 139/68/45 398/53/45
f 396/53/46 30/69/46 50/70/46
f 377/50/47 47/70/47 54/71/47
f 57/57/48 373/50/48 52/71/48
f 414/72/49 442/73/49 435/74/49
f 426/75/50 441/73/50 419/76/50
f 439/73/51 453/77/51 433/74/51
f 437/73/52 463/78/52 459/79/52
f 31/80/53 415/72/53 51/81/53
f 75/82/54 420/76/54 417/72/54
f 66/83/55 423/76/55 71/84/55
f 10/85/56 429/75/56 64/83/56
f 425/75/57 237/86/57 447/87/57
f 445/87/58 232/88/58 462/78/58
f 231/88/59 189/89/59 460/78/59
f 457/79/60 191/89/60 183/90/60
f 454/79/61 178/91/61 450/77/61
f 61/92/62 176/91/62 44/93/62
f 431/74/63 59/92/63 53/94/63
f 411/72/64 55/94/64 49/81/64
f 465/95/65 493/96/65 486/97/65
f 477/98/66 494/96/66 471/99/66
f 489/96/67 503/100/67 484/97/67
f 491/96/68 515/101/68 511/102/68
f 7/85/69 468/95/69 241/103/69
f 91/104/70 474/99/70 470/95/70
f 82/105/71 475/99/71 86/106/71
f 3/9/72 481/98/72 80/105/72
f 162/10/73 502/107/73 479/98/73
f 499/107/74 172/23/74 517/101/74
f 519/101/75 15/22/75 112/35/75
f 513/102/76 113/35/76 120/36/76
f 507/100/77 118/36/77 124/34/77
f 509/100/78 20/32/78 229/88/78
f 483/97/79 226/88/79 233/86/79
f 238/103/80 487/97/80 235/86/80
f 525/108/81 549/109/81 543/110/81
f 538/111/82 547/109/82 531/112/82
f 550/109/83 563/113/83 544/110/83
f 548/109/84 576/114/84 569/115/84
f 35/69/85 522/108/85 77/116/85
f 143/68/86 530/112/86 523/108/86
f 132/66/87 527/112/87 136/67/87
f 28/65/88 533/111/88 131/66/88
f 215/117/89 555/118/89 536/111/89
f 556/118/90 225/119/90 573/114/90
f 571/114/91 5/9/91 83/105/91
f 565/115/92 84/105/92 88/106/92
f 568/115/93 95/104/93 562/113/93
f 560/113/94 12/85/94 67/120/94
f 540/110/95 68/120/95 73/121/95
f 78/116/96 539/110/96 72/121/96
f 244/1/97 250/5/97 272/2/97
f 257/4/98 280/16/98 273/2/98
f 268/2/99 288/8/99 282/6/99
f 269/2/100 277/16/100 295/7/100
f 4/9/101 220/11/101 247/1/101
f 222/11/102 217/13/102 254/5/102
f 211/12/103 260/4/103 251/5/103
f 25/14/104 209/15/104 258/4/104
f 205/15/105 203/122/105 278/16/105
f 275/16/106 200/122/106 194/17/106
f 296/7/107 199/17/107 37/18/107
f 289/8/108 298/7/108 155/19/108
f 292/8/109 151/20/109 146/21/109
f 285/6/110 144/21/110 16/22/110
f 262/3/111 281/6/111 173/23/111
f 163/10/112 243/1/112 265/3/112
f 305/25/113 308/28/113 325/26/113
f 312/28/114 317/37/114 335/29/114
f 324/26/115 345/31/115 342/30/115
f 334/29/116 354/40/116 349/31/116
f 22/32/117 125/34/117 300/25/117
f 126/34/118 121/36/118 306/28/118
f 117/35/119 316/37/119 310/28/119
f 18/22/120 147/38/120 314/37/120
f 148/38/121 153/123/121 329/29/121
f 328/29/122 152/123/122 158/39/122
f 351/40/123 157/39/123 41/41/123
f 347/31/124 353/40/124 111/42/124
f 343/31/125 104/43/125 99/44/125
f 337/30/126 98/44/126 45/45/126
f 185/47/127 319/27/127 336/30/127
f 299/25/128 318/27/128 184/47/128
f 356/48/129 362/52/129 380/49/129
f 368/51/130 387/63/130 382/49/130
f 385/49/131 400/55/131 394/53/131
f 386/49/132 390/63/132 406/54/132
f 42/56/133 96/59/133 358/48/133
f 102/58/134 364/52/134 360/48/134
f 108/60/135 372/51/135 366/52/135
f 36/61/136 198/62/136 370/51/136
f 195/62/137 201/124/137 388/63/137
f 391/63/138 202/124/138 204/64/138
f 408/54/139 208/64/139 24/65/139
f 401/55/140 410/54/140 129/66/140
f 404/55/141 135/67/141 140/68/141
f 397/53/142 138/68/142 32/69/142
f 378/50/143 395/53/143 48/70/143
f 58/57/144 357/48/144 375/50/144
f 413/72/145 418/76/145 440/73/145
f 427/75/146 448/87/146 443/73/146
f 436/73/147 458/79/147 452/77/147
f 438/73/148 446/87/148 464/78/148
f 33/80/149 74/82/149 416/72/149
f 76/82/150 70/84/150 422/76/150
f 65/83/151 430/75/151 421/76/151
f 8/85/152 242/103/152 428/75/152
f 424/75/153 240/103/153 236/86/153
f 444/87/154 234/86/154 228/88/154
f 230/88/155 21/32/155 188/89/155
f 455/79/156 461/78/156 190/89/156
f 456/79/157 182/90/157 179/91/157
f 62/92/158 449/77/158 177/91/158
f 432/74/159 451/77/159 63/92/159
f 412/72/160 434/74/160 56/94/160
f 466/95/161 472/99/161 495/96/161
f 478/98/162 500/107/162 496/96/162
f 490/96/163 510/102/163 504/100/163
f 492/96/164 497/107/164 516/101/164
f 9/85/165 90/104/165 469/95/165
f 92/104/166 87/106/166 476/99/166
f 81/105/167 482/98/167 473/99/167
f 1/9/168 164/10/168 480/98/168
f 161/10/169 169/24/169 501/107/169
f 498/107/170 166/24/170 170/23/170
f 518/101/171 174/23/171 13/22/171
f 514/102/172 520/101/172 114/35/172
f 508/100/173 512/102/173 119/36/173
f 506/100/174 123/34/174 19/32/174
f 485/97/175 505/100/175 227/88/175
f 239/103/176 467/95/176 488/97/176
f 526/108/177 532/112/177 551/109/177
f 537/111/178 557/118/178 545/109/178
f 552/109/179 570/115/179 564/113/179
f 546/109/180 558/118/180 575/114/180
f 34/69/181 141/68/181 521/108/181
f 142/68/182 137/67/182 528/112/182
f 133/66/183 535/111/183 529/112/183
f 29/65/184 213/117/184 534/111/184
f 214/117/185 218/125/185 553/118/185
f 554/118/186 219/125/186 224/119/186
f 572/114/187 223/119/187 6/9/187
f 567/115/188 574/114/188 85/105/188
f 566/115/189 89/106/189 94/104/189
f 559/113/190 93/104/190 11/85/190
f 542/110/191 561/113/191 69/120/191
f 79/116/192 524/108/192 541/110/192
usemtl マテリアル
f 653/126/193 725/126/193 822/126/193
f 685/126/194 701/126/194 781/126/194
f 915/126/195 835/126/195 839/126/195
f 1073/126/196 583/126/196 684/126/196
f 1048/126/197 607/126/197 1035/126/197
f 1057/126/198 676/126/198 1047/126/198
f 1075/126/199 681/126/199 1058/126/199
f 1244/126/200 920/126/200 1256/126/200
f 1086/126/201 665/126/201 661/126/201
f 1109/126/202 667/126/202 1097/126/202
f 740/126/203 677/126/203 756/126/203
f 679/126/204 771/126/204 759/126/204
f 683/126/205 784/126/205 771/126/205
f 708/126/206 643/126/206 797/126/206
f 644/126/207 810/126/207 798/126/207
f 649/126/208 823/126/208 810/126/208
f 817/126/209 623/126/209 632/126/209
f 815/126/210 825/126/210 828/126/210
f 809/126/211 827/126/211 812/126/211
f 636/126/212 816/126/212 631/126/212
f 800/126/213 814/126/213 803/126/213
f 802/126/214 809/126/214 812/126/214
f 591/126/215 807/126/215 638/126/215
f 717/126/216 805/126/216 720/126/216
f 716/126/217 796/126/217 802/126/217
f 777/126/218 657/126/218 662/126/218
f 775/126/219 787/126/219 791/126/219
f 770/126/220 789/126/220 773/126/220
f 670/126/221 778/126/221 663/126/221
f 762/126/222 776/126/222 766/126/222
f 764/126/223 770/126/223 773/126/223
f 602/126/224 768/126/224 672/126/224
f 753/126/225 761/126/225 765/126/225
f 750/126/226 758/126/226 764/126/226
f 793/126/227 580/126/227 659/126/227
f 786/126/228 690/126/228 790/126/228
f 783/126/229 699/126/229 789/126/229
f 1121/126/230 600/126/230 1020/126/230
f 1119/126/231 747/126/231 751/126/231
f 1142/126/232 746/126/232 1132/126/232
f 832/126/233 613/126/233 625/126/233
f 830/126/234 734/126/234 737/126/234
f 821/126/235 733/126/235 827/126/235
f 1158/126/236 590/126/236 1002/126/236
f 1156/126/237 712/126/237 718/126/237
f 1177/126/238 710/126/238 1167/126/238
f 836/126/239 1524/126/239 840/126/239
f 673/126/240 1558/126/240 604/126/240
f 853/126/241 1640/126/242 857/126/241
f 1377/126/243 1676/126/243 1394/126/243
f 1620/126/244 660/126/244 582/126/244
f 1025/126/245 1559/126/245 611/126/245
f 1249/126/246 838/126/247 1183/126/248
f 922/126/249 844/126/249 848/126/249
f 1258/126/250 847/126/251 1187/126/252
f 1262/126/253 934/126/253 1274/126/253
f 928/126/254 852/126/254 856/126/254
f 1266/126/255 855/126/256 1191/126/256
f 933/126/257 860/126/257 864/126/257
f 1273/126/258 863/126/259 1195/126/259
f 1288/126/260 941/126/260 945/126/260
f 875/126/261 937/126/261 870/126/261
f 1283/126/262 873/126/262 1205/126/262
f 1291/126/263 886/126/263 1214/126/263
f 1293/126/264 959/126/264 1307/126/264
f 898/126/265 951/126/265 893/126/265
f 1300/126/266 895/126/266 1229/126/266
f 1309/126/267 906/126/267 1241/126/267
f 972/126/268 1445/126/268 968/126/268
f 947/126/269 965/126/269 883/126/269
f 941/126/270 968/126/270 945/126/270
f 976/126/271 942/126/271 876/126/271
f 967/126/272 880/126/272 887/126/272
f 966/126/273 1456/126/273 978/126/273
f 961/126/274 984/126/274 910/126/274
f 990/126/275 959/126/275 955/126/275
f 996/126/276 957/126/276 899/126/276
f 907/126/277 998/126/277 903/126/277
f 890/126/278 1305/126/278 1234/126/278
f 1297/126/279 1226/126/279 1222/126/279
f 902/126/280 1295/126/280 1220/126/280
f 1307/126/281 1298/126/281 1293/126/281
f 949/126/282 1298/126/282 1302/126/282
f 1289/126/283 1207/126/283 1285/126/283
f 867/126/284 1286/126/284 1211/126/284
f 1281/126/285 1201/126/285 1278/126/285
f 878/126/286 1277/126/286 1199/126/286
f 1288/126/287 1279/126/288 1275/126/289
f 935/126/290 1279/126/288 1284/126/291
f 1271/126/292 1192/126/292 1267/126/292
f 851/126/293 1270/126/294 1193/126/293
f 1263/126/295 1188/126/295 1259/126/295
f 859/126/296 1261/126/297 1189/126/296
f 1274/126/253 1265/126/253 1262/126/253
f 927/126/253 1269/126/253 924/126/298
f 1255/126/299 1184/126/299 1251/126/299
f 834/126/300 1253/126/301 1185/126/302
f 1247/126/303 1180/126/304 1243/126/303
f 843/126/305 1246/126/306 1181/126/307
f 1196/126/308 1486/126/308 1492/126/308
f 1135/126/309 1589/126/309 1140/126/309
f 1169/126/310 1573/126/310 1175/126/310
f 615/126/311 1532/126/311 626/126/311
f 892/126/312 1656/126/312 897/126/312
f 869/126/313 1484/126/313 874/126/313
f 1171/126/314 1165/126/314 1159/126/314
f 695/126/315 1173/126/315 1162/126/315
f 1166/126/316 1148/126/316 1160/126/316
f 696/126/317 1150/126/317 688/126/317
f 1146/126/318 999/126/318 1004/126/318
f 579/126/319 1152/126/319 1007/126/319
f 1144/126/320 1125/126/320 1136/126/320
f 727/126/321 1137/126/321 1129/126/321
f 1126/126/322 1123/126/322 1113/126/322
f 729/126/323 1115/126/323 735/126/323
f 1122/126/324 1023/126/324 1112/126/324
f 612/126/325 1117/126/325 1026/126/325
f 1100/126/326 1094/126/326 1090/126/326
f 630/126/327 1102/126/327 1092/126/327
f 1095/126/328 1080/126/328 1093/126/328
f 628/126/329 1078/126/329 633/126/329
f 1256/126/200 1248/126/200 1244/126/200
f 914/126/200 1252/126/200 911/126/200
f 1065/126/330 1324/126/331 1321/126/332
f 647/126/333 1069/126/333 1051/126/333
f 1062/126/334 1314/126/334 1320/126/334
f 646/126/335 1042/126/335 651/126/335
f 1039/126/336 1037/126/336 1029/126/336
f 652/126/337 1031/126/337 616/126/337
f 1010/126/338 1064/126/338 1015/126/338
f 640/126/339 1016/126/339 1067/126/339
f 1304/126/340 1238/126/340 1231/126/340
f 1061/126/341 1326/126/341 1077/126/341
f 1040/126/342 1316/126/342 1050/126/342
f 1054/126/343 1313/126/343 1044/126/343
f 1055/126/344 1322/126/344 1318/126/344
f 1556/126/345 1359/126/345 1537/126/345
f 1496/126/346 1366/126/346 1363/126/346
f 1530/126/347 1349/126/347 1550/126/347
f 1501/126/348 1346/126/348 1505/126/348
f 1353/126/349 1552/126/349 1539/126/349
f 1554/126/350 1339/126/350 1558/126/350
f 1367/126/351 1560/126/351 1534/126/351
f 1562/126/352 1336/126/352 1532/126/352
f 1622/126/353 1403/126/353 1601/126/353
f 1666/126/354 1409/126/354 1406/126/354
f 1614/126/355 1392/126/355 1612/126/355
f 1668/126/356 1391/126/356 1671/126/356
f 1608/126/357 1384/126/357 1618/126/357
f 1387/126/358 1624/126/358 1620/126/358
f 1410/126/359 1626/126/359 1600/126/359
f 1374/126/360 1616/126/360 1628/126/360
f 1417/126/361 1592/126/361 1581/126/361
f 1637/126/362 1425/126/363 1635/126/364
f 1415/126/365 1588/126/365 1585/126/365
f 1633/126/366 1421/126/367 1631/126/368
f 1424/126/369 1583/126/369 1590/126/369
f 1420/126/370 1582/126/370 1584/126/370
f 1428/126/371 1579/126/372 1594/126/373
f 1414/126/374 1586/126/375 1580/126/376
f 1433/126/377 1576/126/377 1565/126/377
f 1521/126/378 1441/126/379 1519/126/380
f 1431/126/381 1572/126/381 1569/126/381
f 1517/126/382 1437/126/383 1515/126/384
f 1440/126/385 1567/126/385 1574/126/385
f 1436/126/386 1566/126/386 1568/126/386
f 1444/126/387 1563/126/387 1578/126/387
f 1430/126/388 1570/126/388 1564/126/388
f 1451/126/389 1453/126/389 1457/126/389
f 1461/126/390 1471/126/390 1465/126/390
f 993/126/391 1472/126/391 1468/126/391
f 988/126/392 1463/126/392 981/126/392
f 974/126/393 1458/126/393 1454/126/393
f 982/126/394 1470/126/394 997/126/394
f 970/126/395 1449/126/395 963/126/395
f 990/126/396 1459/126/397 986/126/398
f 1083/126/399 1605/126/399 1595/126/399
f 1230/126/400 1655/126/400 1661/126/400
f 909/126/401 1652/126/401 1648/126/401
f 1242/126/402 1646/126/402 1670/126/402
f 1224/126/403 1659/126/403 1665/126/403
f 1650/126/404 1221/126/404 1663/126/404
f 838/126/247 1522/126/405 1183/126/248
f 845/126/406 1528/126/407 849/126/406
f 847/126/251 1518/126/408 1187/126/252
f 1185/126/302 1513/126/409 834/126/300
f 1181/126/307 1525/126/410 843/126/305
f 1186/126/411 1515/126/384 1184/126/299
f 1395/126/412 1611/126/412 1389/126/412
f 1356/126/413 1547/126/413 1347/126/413
f 1525/126/414 1442/126/414 1433/126/414
f 1513/126/415 1438/126/415 1431/126/415
f 1518/126/416 1435/126/416 1440/126/416
f 1528/126/417 1434/126/417 1436/126/417
f 1522/126/418 1429/126/418 1444/126/418
f 1524/126/419 1432/126/419 1430/126/419
f 1182/126/420 1519/126/380 1180/126/304
f 1490/126/421 1329/126/421 1369/126/421
f 1613/126/422 1001/126/422 589/126/422
f 1005/126/423 1611/126/423 1607/126/423
f 1014/126/424 1577/126/424 1009/126/424
f 1564/126/425 704/126/425 587/126/425
f 1476/126/426 1340/126/426 1345/126/426
f 1499/126/427 1343/126/427 1354/126/427
f 1334/126/428 1508/126/428 1351/126/428
f 1479/126/429 1361/126/429 1338/126/429
f 621/126/430 1548/126/430 1106/126/430
f 656/126/431 1603/126/431 1085/126/431
f 1443/126/432 1575/126/433 1441/126/379
f 1439/126/434 1571/126/434 1437/126/434
f 1013/126/435 1563/126/435 586/126/435
f 1568/126/436 597/126/436 709/126/436
f 1179/126/437 1567/126/437 707/126/437
f 1569/126/438 1174/126/438 703/126/438
f 1565/126/439 1018/126/439 595/126/439
f 1541/126/440 669/126/440 1107/126/440
f 1033/126/441 1593/126/441 1028/126/441
f 1580/126/442 726/126/442 619/126/442
f 1427/126/443 1591/126/444 1425/126/363
f 1423/126/445 1587/126/446 1421/126/367
f 1594/126/447 617/126/447 1032/126/447
f 1584/126/448 609/126/448 743/126/448
f 1590/126/449 742/126/449 1143/126/449
f 1585/126/450 1139/126/450 724/126/450
f 1581/126/451 1036/126/451 608/126/451
f 1022/126/452 1533/126/452 1024/126/452
f 1536/126/453 601/126/453 1555/126/453
f 1330/126/454 1512/126/454 1335/126/454
f 1006/126/455 1617/126/455 578/126/455
f 1598/126/456 634/126/456 1084/126/456
f 855/126/256 1638/126/457 1191/126/256
f 861/126/458 1644/126/459 865/126/458
f 863/126/259 1634/126/460 1195/126/259
f 1193/126/293 1629/126/461 851/126/293
f 1189/126/296 1641/126/462 859/126/296
f 1194/126/463 1631/126/368 1192/126/292
f 1628/126/464 593/126/464 639/126/464
f 1104/126/465 1542/126/465 1111/126/465
f 1641/126/466 1426/126/466 1417/126/466
f 1629/126/467 1422/126/467 1415/126/467
f 1634/126/468 1419/126/468 1424/126/468
f 1644/126/469 1418/126/469 1420/126/469
f 1638/126/470 1413/126/470 1428/126/470
f 1640/126/471 1416/126/471 1414/126/471
f 1190/126/295 1635/126/364 1188/126/295
f 1365/126/472 1538/126/472 1362/126/472
f 1404/126/473 1596/126/473 1606/126/473
f 1651/126/474 1402/126/474 1381/126/474
f 1239/126/475 1673/126/475 1232/126/475
f 1233/126/476 1677/126/476 889/126/476
f 1373/126/477 1680/126/477 1378/126/477
f 1662/126/478 1372/126/478 1412/126/478
f 1648/126/479 1383/126/479 1388/126/479
f 1398/126/480 1647/126/480 1385/126/480
f 1206/126/481 1483/126/481 1489/126/481
f 888/126/482 1480/126/482 1476/126/482
f 1215/126/483 1475/126/483 1498/126/483
f 1210/126/484 1509/126/484 866/126/484
f 881/126/485 1494/126/485 1477/126/485
f 1216/126/486 1503/126/486 1208/126/486
f 653/126/487 618/126/487 725/126/487
f 685/126/488 584/126/488 701/126/488
f 915/126/195 912/126/195 835/126/195
f 1076/126/489 1012/126/489 585/126/489
f 1046/126/490 675/126/490 605/126/490
f 1059/126/491 682/126/491 678/126/491
f 1074/126/492 686/126/492 680/126/492
f 1244/126/200 917/126/200 920/126/200
f 1087/126/493 1096/126/493 666/126/493
f 1108/126/494 674/126/494 664/126/494
f 740/126/495 606/126/495 677/126/495
f 679/126/496 683/126/496 771/126/496
f 683/126/497 687/126/497 784/126/497
f 708/126/498 596/126/498 643/126/498
f 644/126/499 649/126/499 810/126/499
f 649/126/500 654/126/500 823/126/500
f 819/126/501 831/126/501 624/126/501
f 813/126/502 811/126/502 824/126/502
f 809/126/503 821/126/503 827/126/503
f 637/126/504 806/126/504 818/126/504
f 799/126/505 811/126/505 813/126/505
f 802/126/506 796/126/506 809/126/506
f 592/126/507 721/126/507 808/126/507
f 715/126/508 801/126/508 804/126/508
f 714/126/509 706/126/509 795/126/509
f 779/126/510 792/126/510 658/126/510
f 774/126/511 772/126/511 785/126/511
f 770/126/512 783/126/512 789/126/512
f 671/126/513 767/126/513 780/126/513
f 760/126/514 772/126/514 774/126/514
f 764/126/515 758/126/515 770/126/515
f 603/126/516 755/126/516 769/126/516
f 754/126/517 749/126/517 763/126/517
f 748/126/518 741/126/518 757/126/518
f 794/126/519 692/126/519 581/126/519
f 788/126/520 698/126/520 691/126/520
f 782/126/521 702/126/521 697/126/521
f 1120/126/522 752/126/522 598/126/522
f 1118/126/523 1131/126/523 745/126/523
f 1141/126/524 739/126/524 744/126/524
f 833/126/525 738/126/525 614/126/525
f 829/126/526 826/126/526 732/126/526
f 820/126/527 723/126/527 731/126/527
f 1157/126/528 719/126/528 588/126/528
f 1155/126/529 1168/126/529 711/126/529
f 1178/126/530 705/126/530 713/126/530
f 836/126/531 1514/126/532 1524/126/533
f 673/126/534 1554/126/534 1558/126/534
f 853/126/241 1630/126/535 1640/126/242
f 1375/126/536 1678/126/536 1674/126/536
f 1620/126/537 1624/126/537 660/126/537
f 1027/126/538 1534/126/538 1560/126/538
f 1250/126/539 916/126/539 841/126/539
f 922/126/249 919/126/249 844/126/249
f 1257/126/540 921/126/540 846/126/540
f 1262/126/253 931/126/253 934/126/253
f 928/126/254 925/126/254 852/126/254
f 1264/126/541 926/126/541 854/126/541
f 933/126/257 930/126/257 860/126/257
f 1272/126/542 932/126/542 862/126/542
f 1288/126/543 1275/126/543 941/126/543
f 875/126/544 940/126/544 937/126/544
f 1282/126/545 939/126/545 871/126/545
f 1290/126/546 948/126/546 884/126/546
f 1293/126/547 955/126/547 959/126/547
f 898/126/548 954/126/548 951/126/548
f 1301/126/549 953/126/549 896/126/549
f 1310/126/550 960/126/550 908/126/550
f 972/126/268 1452/126/268 1445/126/268
f 946/126/551 971/126/551 964/126/551
f 941/126/552 972/126/552 968/126/552
f 980/126/553 975/126/553 944/126/553
f 967/126/554 979/126/554 880/126/554
f 966/126/555 1450/126/555 1456/126/555
f 962/126/556 989/126/556 985/126/556
f 990/126/396 986/126/398 959/126/557
f 995/126/558 992/126/558 956/126/558
f 907/126/559 983/126/559 998/126/559
f 891/126/560 950/126/560 1306/126/560
f 1296/126/561 1299/126/561 1225/126/561
f 900/126/562 958/126/562 1294/126/562
f 1307/126/563 1302/126/563 1298/126/563
f 949/126/564 952/126/564 1298/126/564
f 1292/126/565 1217/126/565 1209/126/565
f 868/126/566 936/126/566 1287/126/566
f 1280/126/567 1202/126/567 1197/126/567
f 877/126/568 943/126/568 1276/126/568
f 1288/126/287 1284/126/291 1279/126/288
f 935/126/569 938/126/569 1279/126/569
f 1271/126/292 1194/126/463 1192/126/292
f 850/126/542 923/126/542 1268/126/542
f 1263/126/295 1190/126/295 1188/126/295
f 858/126/541 929/126/541 1260/126/541
f 1274/126/253 1269/126/253 1265/126/253
f 927/126/253 1265/126/253 1269/126/253
f 1255/126/299 1186/126/411 1184/126/299
f 837/126/540 913/126/540 1254/126/540
f 1247/126/303 1182/126/420 1180/126/304
f 842/126/539 918/126/539 1245/126/539
f 1198/126/570 1203/126/570 1487/126/570
f 1135/126/571 1587/126/571 1589/126/571
f 1169/126/572 1571/126/572 1573/126/572
f 615/126/573 1562/126/573 1532/126/573
f 892/126/574 1680/126/574 1656/126/574
f 869/126/575 1512/126/575 1484/126/575
f 1170/126/576 1176/126/576 1163/126/576
f 693/126/577 700/126/577 1172/126/577
f 1164/126/578 1154/126/578 1147/126/578
f 694/126/579 1161/126/579 1149/126/579
f 1146/126/580 1153/126/580 999/126/580
f 577/126/581 689/126/581 1151/126/581
f 1145/126/582 1133/126/582 1127/126/582
f 730/126/583 722/126/583 1138/126/583
f 1128/126/584 1134/126/584 1124/126/584
f 728/126/585 1130/126/585 1114/126/585
f 1122/126/586 1021/126/586 1023/126/586
f 610/126/587 736/126/587 1116/126/587
f 1103/126/588 1110/126/588 1098/126/588
f 627/126/589 620/126/589 1101/126/589
f 1099/126/590 1089/126/590 1082/126/590
f 629/126/591 1091/126/591 1079/126/591
f 1256/126/200 1252/126/200 1248/126/200
f 914/126/200 1248/126/200 1252/126/200
f 1065/126/330 1071/126/592 1324/126/331
f 645/126/593 641/126/593 1068/126/593
f 1063/126/594 1049/126/594 1315/126/594
f 648/126/595 1052/126/595 1043/126/595
f 1038/126/596 1045/126/596 1034/126/596
f 650/126/597 1041/126/597 1030/126/597
f 1011/126/598 1072/126/598 1066/126/598
f 642/126/599 594/126/599 1017/126/599
f 1303/126/600 1308/126/600 1236/126/600
f 1060/126/601 1319/126/601 1325/126/601
f 1040/126/602 1311/126/602 1316/126/602
f 1053/126/603 1317/126/603 1312/126/603
f 1056/126/604 1070/126/604 1323/126/604
f 1557/126/605 1337/126/605 1360/126/605
f 1491/126/606 1485/126/606 1364/126/606
f 1531/126/607 1333/126/607 1350/126/607
f 1502/126/608 1357/126/608 1348/126/608
f 1352/126/609 1342/126/609 1551/126/609
f 1554/126/610 1344/126/610 1339/126/610
f 1368/126/611 1328/126/611 1561/126/611
f 1562/126/612 1331/126/612 1336/126/612
f 1621/126/613 1380/126/613 1401/126/613
f 1664/126/614 1658/126/614 1407/126/614
f 1615/126/615 1376/126/615 1393/126/615
f 1667/126/616 1396/126/616 1390/126/616
f 1610/126/617 1399/126/617 1386/126/617
f 1387/126/618 1382/126/618 1624/126/618
f 1411/126/619 1371/126/619 1627/126/619
f 1374/126/620 1379/126/620 1616/126/620
f 1417/126/621 1426/126/621 1592/126/621
f 1637/126/362 1427/126/443 1425/126/363
f 1415/126/622 1422/126/622 1588/126/622
f 1633/126/366 1423/126/445 1421/126/367
f 1424/126/623 1419/126/623 1583/126/623
f 1420/126/624 1418/126/624 1582/126/624
f 1428/126/625 1413/126/625 1579/126/625
f 1414/126/626 1416/126/626 1586/126/626
f 1433/126/627 1442/126/627 1576/126/627
f 1521/126/378 1443/126/432 1441/126/379
f 1431/126/628 1438/126/628 1572/126/628
f 1517/126/629 1439/126/629 1437/126/629
f 1440/126/630 1435/126/630 1567/126/630
f 1436/126/631 1434/126/631 1566/126/631
f 1444/126/632 1429/126/632 1563/126/632
f 1430/126/633 1432/126/633 1570/126/633
f 1451/126/389 1447/126/389 1453/126/389
f 1461/126/390 1467/126/390 1471/126/390
f 991/126/634 994/126/634 1469/126/634
f 987/126/635 1460/126/635 1462/126/635
f 973/126/636 977/126/636 1455/126/636
f 982/126/637 1464/126/637 1470/126/637
f 969/126/638 1446/126/638 1448/126/638
f 990/126/396 1466/126/397 1459/126/397
f 1081/126/639 1088/126/639 1604/126/639
f 1228/126/640 894/126/640 1653/126/640
f 909/126/641 904/126/641 1652/126/641
f 1240/126/642 905/126/642 1645/126/642
f 1223/126/643 1227/126/643 1657/126/643
f 1649/126/644 901/126/644 1219/126/644
f 838/126/247 1523/126/645 1522/126/405
f 845/126/406 1526/126/646 1528/126/407
f 847/126/251 1527/126/647 1518/126/408
f 1185/126/302 1516/126/648 1513/126/409
f 1181/126/307 1520/126/649 1525/126/410
f 1186/126/411 1517/126/382 1515/126/384
f 1395/126/650 1607/126/650 1611/126/650
f 1355/126/651 1544/126/651 1546/126/651
f 1525/126/410 1520/126/649 1442/126/652
f 1513/126/409 1516/126/648 1438/126/653
f 1518/126/408 1527/126/647 1435/126/654
f 1528/126/407 1526/126/646 1434/126/655
f 1522/126/405 1523/126/645 1429/126/656
f 1524/126/533 1514/126/532 1432/126/657
f 1182/126/420 1521/126/378 1519/126/380
f 1488/126/658 1482/126/658 1327/126/658
f 1614/126/659 1612/126/659 1003/126/659
f 1005/126/660 1000/126/660 1611/126/660
f 1014/126/661 1575/126/661 1577/126/661
f 1564/126/662 1570/126/662 704/126/662
f 1476/126/663 1480/126/663 1340/126/663
f 1497/126/664 1474/126/664 1341/126/664
f 1332/126/665 1510/126/665 1506/126/665
f 1478/126/666 1495/126/666 1358/126/666
f 622/126/667 1529/126/667 1549/126/667
f 655/126/668 1623/126/668 1602/126/668
f 1443/126/669 1577/126/669 1575/126/669
f 1439/126/670 1573/126/670 1571/126/670
f 1013/126/671 1578/126/671 1563/126/671
f 1568/126/672 1566/126/672 597/126/672
f 1179/126/673 1574/126/673 1567/126/673
f 1569/126/674 1572/126/674 1174/126/674
f 1565/126/675 1576/126/675 1018/126/675
f 1540/126/676 1553/126/676 668/126/676
f 1033/126/677 1591/126/677 1593/126/677
f 1580/126/376 1586/126/375 726/126/678
f 1427/126/443 1593/126/679 1591/126/444
f 1423/126/680 1589/126/680 1587/126/680
f 1594/126/373 1579/126/372 617/126/681
f 1584/126/682 1582/126/682 609/126/682
f 1590/126/683 1583/126/683 742/126/683
f 1585/126/684 1588/126/684 1139/126/684
f 1581/126/685 1592/126/685 1036/126/685
f 1022/126/686 1538/126/686 1533/126/686
f 1535/126/687 1019/126/687 599/126/687
f 1330/126/688 1484/126/688 1512/126/688
f 1008/126/689 1609/126/689 1619/126/689
f 1599/126/690 1625/126/690 635/126/690
f 855/126/256 1639/126/691 1638/126/457
f 861/126/458 1642/126/692 1644/126/459
f 863/126/259 1643/126/693 1634/126/460
f 1193/126/293 1632/126/694 1629/126/461
f 1189/126/296 1636/126/695 1641/126/462
f 1194/126/463 1633/126/366 1631/126/368
f 1628/126/696 1616/126/696 593/126/696
f 1105/126/697 1545/126/697 1543/126/697
f 1641/126/462 1636/126/695 1426/126/698
f 1629/126/461 1632/126/694 1422/126/699
f 1634/126/460 1643/126/693 1419/126/700
f 1644/126/459 1642/126/692 1418/126/701
f 1638/126/457 1639/126/691 1413/126/702
f 1640/126/242 1630/126/535 1416/126/703
f 1190/126/295 1637/126/362 1635/126/364
f 1365/126/704 1533/126/704 1538/126/704
f 1405/126/705 1408/126/705 1597/126/705
f 1650/126/706 1663/126/706 1400/126/706
f 1237/126/707 1669/126/707 1672/126/707
f 1235/126/708 1675/126/708 1679/126/708
f 1373/126/709 1656/126/709 1680/126/709
f 1660/126/710 1654/126/710 1370/126/710
f 1648/126/711 1652/126/711 1383/126/711
f 1397/126/712 1670/126/712 1646/126/712
f 1204/126/713 872/126/713 1481/126/713
f 888/126/714 882/126/714 1480/126/714
f 1213/126/715 885/126/715 1473/126/715
f 1212/126/716 1507/126/716 1511/126/716
f 879/126/717 1200/126/717 1493/126/717
f 1218/126/718 1500/126/718 1504/126/718
o 球
v 19.104736 2.516354 -0.589297
v 19.593704 2.136483 -0.881946
v 19.858330 1.640159 -1.040326
v 19.892384 1.371549 -1.060707
v 19.858330 1.102940 -1.040326
v 19.593704 0.606615 -0.881946
v 18.499598 3.097896 -0.135506
v 18.864494 2.643587 -0.265802
v 19.200783 2.516354 -0.385886
v 19.495544 2.345125 -0.491138
v 19.737448 2.136483 -0.577517
v 19.917198 1.898444 -0.641703
v 20.027889 1.640159 -0.681228
v 20.065264 1.371549 -0.694575
v 20.027889 1.102940 -0.681228
v 19.917198 0.844655 -0.641703
v 19.737448 0.606615 -0.577517
v 19.495544 0.397973 -0.491138
v 19.200783 0.226745 -0.385885
v 18.864494 0.099512 -0.265802
v 18.499598 0.021162 -0.135505
v 18.518742 3.097896 -0.058868
v 18.902046 2.643587 -0.115473
v 19.255302 2.516354 -0.167642
v 19.564932 2.345125 -0.213369
v 19.819040 2.136483 -0.250895
v 20.007858 1.898444 -0.278780
v 20.124132 1.640159 -0.295951
v 20.163393 1.371549 -0.301750
v 20.124132 1.102940 -0.295951
v 20.007858 0.844655 -0.278780
v 19.819040 0.606615 -0.250895
v 19.564932 0.397973 -0.213369
v 19.255302 0.226745 -0.167642
v 18.902046 0.099512 -0.115473
v 18.518742 0.021162 -0.058868
v 18.522568 3.097896 0.020029
v 18.909552 2.643587 0.039291
v 19.266195 2.516354 0.057041
v 19.578796 2.345125 0.072599
v 19.835344 2.136483 0.085369
v 20.025974 1.898444 0.094856
v 20.143364 1.640159 0.100699
v 20.183001 1.371549 0.102672
v 20.143364 1.102940 0.100699
v 20.025974 0.844655 0.094856
v 19.835344 0.606615 0.085369
v 19.578796 0.397973 0.072599
v 19.266195 0.226745 0.057041
v 18.909552 0.099512 0.039291
v 18.522568 0.021162 0.020029
v 18.510927 3.097896 0.098159
v 18.886715 2.643587 0.192546
v 19.233044 2.516354 0.279533
v 19.536606 2.345126 0.355779
v 19.785732 2.136483 0.418352
v 19.970846 1.898444 0.464847
v 20.084843 1.640159 0.493479
v 20.123333 1.371549 0.503147
v 20.084843 1.102940 0.493479
v 19.970846 0.844655 0.464847
v 19.785732 0.606615 0.418352
v 19.536606 0.397974 0.355779
v 19.233044 0.226745 0.279533
v 18.886715 0.099512 0.192546
v 18.510927 0.021162 0.098159
v 18.484268 3.097896 0.172517
v 18.834423 2.643587 0.338402
v 19.157125 2.516354 0.491284
v 19.439978 2.345126 0.625286
v 19.672112 2.136484 0.735258
v 19.844599 1.898444 0.816975
v 19.950817 1.640159 0.867296
v 19.986683 1.371549 0.884288
v 19.950817 1.102940 0.867296
v 19.844599 0.844655 0.816975
v 19.672112 0.606616 0.735258
v 19.439978 0.397974 0.625286
v 19.157125 0.226745 0.491284
v 18.834423 0.099512 0.338402
v 18.484266 0.021162 0.172517
v 18.927509 3.579756 0.009532
v 18.443615 3.097896 0.240243
v 18.754679 2.643587 0.471252
v 19.041355 2.516354 0.684154
v 19.292631 2.345126 0.870762
v 19.498848 2.136484 1.023908
v 19.652079 1.898444 1.137706
v 19.746439 1.640159 1.207782
v 19.778301 1.371549 1.231444
v 19.746439 1.102940 1.207782
v 19.652079 0.844655 1.137706
v 19.498848 0.606616 1.023908
v 19.292631 0.397974 0.870762
v 19.041355 0.226745 0.684154
v 18.754679 0.099512 0.471252
v 18.443615 0.021162 0.240243
v 18.390530 3.097896 0.298738
v 18.650549 2.643587 0.585994
v 18.890182 2.516354 0.850732
v 19.100225 2.345126 1.082777
v 19.272602 2.136484 1.273210
v 19.400688 1.898444 1.414715
v 19.479565 1.640159 1.501855
v 19.506197 1.371550 1.531278
v 19.479565 1.102940 1.501855
v 19.400688 0.844655 1.414715
v 19.272602 0.606616 1.273210
v 19.100225 0.397974 1.082777
v 18.890182 0.226745 0.850733
v 18.650549 0.099512 0.585994
v 18.390530 0.021162 0.298738
v 18.327053 3.097896 0.345751
v 18.526033 2.643587 0.678216
v 18.709415 2.516354 0.984617
v 18.870153 2.345126 1.253181
v 19.002064 2.136484 1.473583
v 19.100084 1.898444 1.637359
v 19.160444 1.640159 1.738211
v 19.180826 1.371550 1.772265
v 19.160444 1.102940 1.738211
v 19.100084 0.844655 1.637359
v 19.002064 0.606616 1.473583
v 18.870153 0.397974 1.253181
v 18.709415 0.226745 0.984617
v 18.526033 0.099512 0.678216
v 18.327053 0.021162 0.345751
v 18.255625 3.097896 0.379479
v 18.385921 2.643587 0.744375
v 18.506004 2.516354 1.080664
v 18.611258 2.345126 1.375426
v 18.697636 2.136484 1.617329
v 18.761822 1.898444 1.797079
v 18.801348 1.640159 1.907771
v 18.814693 1.371550 1.945144
v 18.801348 1.102940 1.907771
v 18.761822 0.844655 1.797079
v 18.697636 0.606616 1.617329
v 18.611258 0.397974 1.375426
v 18.506004 0.226745 1.080664
v 18.385921 0.099512 0.744375
v 18.255625 0.021162 0.379479
v 18.178988 3.097896 0.398623
v 18.235592 2.643587 0.781927
v 18.287762 2.516354 1.135183
v 18.333488 2.345126 1.444812
v 18.371014 2.136484 1.698922
v 18.398899 1.898444 1.887738
v 18.416071 1.640160 2.004013
v 18.421869 1.371550 2.043273
v 18.416071 1.102940 2.004013
v 18.398899 0.844655 1.887738
v 18.371014 0.606616 1.698922
v 18.333488 0.397974 1.444812
v 18.287762 0.226745 1.135183
v 18.235592 0.099512 0.781927
v 18.178988 0.021162 0.398623
v 18.100090 3.097896 0.402448
v 18.080828 2.643587 0.789432
v 18.063078 2.516354 1.146076
v 18.047520 2.345126 1.458678
v 18.034750 2.136484 1.715223
v 18.025263 1.898444 1.905855
v 18.019421 1.640160 2.023244
v 18.017447 1.371550 2.062881
v 18.019421 1.102940 2.023244
v 18.025263 0.844655 1.905855
v 18.034750 0.606616 1.715223
v 18.047520 0.397974 1.458678
v 18.063078 0.226745 1.146076
v 18.080828 0.099512 0.789432
v 18.100090 0.021162 0.402449
v 18.021959 3.097896 0.390809
v 17.927572 2.643587 0.766597
v 17.840586 2.516355 1.112925
v 17.764339 2.345126 1.416486
v 17.701767 2.136484 1.665612
v 17.655272 1.898444 1.850727
v 17.626640 1.640160 1.964723
v 17.616970 1.371550 2.003213
v 17.626640 1.102940 1.964723
v 17.655272 0.844655 1.850727
v 17.701767 0.606616 1.665612
v 17.764339 0.397974 1.416486
v 17.840586 0.226745 1.112925
v 17.927572 0.099512 0.766597
v 18.021959 0.021162 0.390809
v 17.947603 3.097896 0.364148
v 17.781715 2.643587 0.714302
v 17.628836 2.516355 1.037007
v 17.494833 2.345126 1.319859
v 17.384861 2.136484 1.551992
v 17.303144 1.898444 1.724480
v 17.252823 1.640160 1.830698
v 17.235832 1.371550 1.866563
v 17.252823 1.102940 1.830698
v 17.303144 0.844655 1.724480
v 17.384861 0.606616 1.551992
v 17.494833 0.397974 1.319859
v 17.628836 0.226745 1.037007
v 17.781715 0.099512 0.714303
v 17.947601 0.021162 0.364148
v 17.879877 3.097896 0.323496
v 17.648867 2.643587 0.634559
v 17.435965 2.516355 0.921236
v 17.249357 2.345126 1.172511
v 17.096210 2.136484 1.378727
v 16.982414 1.898444 1.531960
v 16.912338 1.640160 1.626320
v 16.888676 1.371550 1.658181
v 16.912336 1.102940 1.626320
v 16.982414 0.844655 1.531960
v 17.096209 0.606616 1.378727
v 17.249357 0.397974 1.172511
v 17.435965 0.226745 0.921236
v 17.648867 0.099512 0.634559
v 17.879877 0.021162 0.323496
v 17.821381 3.097896 0.270410
v 17.534124 2.643587 0.530429
v 17.269386 2.516355 0.770063
v 17.037342 2.345126 0.980106
v 16.846909 2.136484 1.152482
v 16.705404 1.898444 1.280569
v 16.618267 1.640160 1.359444
v 16.588840 1.371550 1.386077
v 16.618267 1.102940 1.359444
v 16.705404 0.844655 1.280569
v 16.846909 0.606616 1.152482
v 17.037342 0.397974 0.980106
v 17.269386 0.226745 0.770063
v 17.534124 0.099512 0.530429
v 17.821381 0.021162 0.270410
v 17.774368 3.097896 0.206933
v 17.441904 2.643587 0.405915
v 17.135502 2.516355 0.589297
v 16.866938 2.345126 0.750034
v 16.646536 2.136484 0.881945
v 16.482761 1.898444 0.979965
v 16.381908 1.640160 1.040326
v 16.347857 1.371550 1.060706
v 16.381908 1.102940 1.040326
v 16.482761 0.844655 0.979965
v 16.646536 0.606616 0.881945
v 16.866938 0.397974 0.750034
v 17.135502 0.226745 0.589297
v 17.441904 0.099512 0.405915
v 17.774368 0.021162 0.206933
v 17.740641 3.097896 0.135505
v 17.375744 2.643587 0.265802
v 17.039455 2.516355 0.385885
v 16.744694 2.345126 0.491138
v 16.502790 2.136484 0.577517
v 16.323040 1.898444 0.641703
v 16.212351 1.640160 0.681227
v 16.174974 1.371550 0.694573
v 16.212351 1.102940 0.681227
v 16.323040 0.844655 0.641703
v 16.502790 0.606616 0.577517
v 16.744694 0.397974 0.491138
v 17.039455 0.226745 0.385886
v 17.375744 0.099512 0.265802
v 17.740641 0.021162 0.135506
v 17.721497 3.097896 0.058868
v 17.338192 2.643587 0.115473
v 16.984936 2.516355 0.167642
v 16.675306 2.345126 0.213369
v 16.421200 2.136484 0.250894
v 16.232380 1.898444 0.278780
v 16.116106 1.640160 0.295951
v 16.076845 1.371550 0.301750
v 16.116106 1.102940 0.295951
v 16.232380 0.844655 0.278780
v 16.421200 0.606616 0.250894
v 16.675306 0.397974 0.213369
v 16.984936 0.226745 0.167642
v 17.338192 0.099512 0.115473
v 17.721497 0.021162 0.058868
v 17.717670 3.097896 -0.020029
v 17.330687 2.643587 -0.039291
v 16.974045 2.516355 -0.057042
v 16.661442 2.345126 -0.072599
v 16.404896 2.136484 -0.085370
v 16.214264 1.898444 -0.094856
v 16.096874 1.640160 -0.100699
v 16.057238 1.371550 -0.102672
v 16.096874 1.102940 -0.100699
v 16.214264 0.844655 -0.094856
v 16.404896 0.606616 -0.085370
v 16.661442 0.397974 -0.072599
v 16.974045 0.226745 -0.057042
v 17.330687 0.099512 -0.039291
v 17.717670 0.021162 -0.020029
v 17.729311 3.097896 -0.098159
v 17.353523 2.643587 -0.192546
v 17.007195 2.516355 -0.279533
v 16.703632 2.345126 -0.355779
v 16.454508 2.136484 -0.418353
v 16.269392 1.898444 -0.464847
v 16.155396 1.640160 -0.493479
v 16.116907 1.371550 -0.503147
v 16.155396 1.102940 -0.493479
v 16.269392 0.844655 -0.464847
v 16.454508 0.606616 -0.418353
v 16.703632 0.397974 -0.355779
v 17.007195 0.226745 -0.279533
v 17.353523 0.099512 -0.192546
v 17.729311 0.021162 -0.098159
v 18.120119 -0.005294 0.000000
v 17.755972 3.097896 -0.172517
v 17.405817 2.643587 -0.338403
v 17.083113 2.516354 -0.491284
v 16.800261 2.345126 -0.625286
v 16.568130 2.136484 -0.735257
v 16.395639 1.898444 -0.816973
v 16.289421 1.640160 -0.867296
v 16.253559 1.371550 -0.884287
v 16.289421 1.102940 -0.867296
v 16.395639 0.844655 -0.816973
v 16.568130 0.606616 -0.735257
v 16.800261 0.397974 -0.625286
v 17.083113 0.226745 -0.491284
v 17.405817 0.099512 -0.338403
v 17.755970 0.021162 -0.172517
v 17.796623 3.097896 -0.240243
v 17.485559 2.643587 -0.471252
v 17.198883 2.516354 -0.684154
v 16.947607 2.345126 -0.870762
v 16.741392 2.136484 -1.023908
v 16.588160 1.898444 -1.137706
v 16.493799 1.640160 -1.207782
v 16.461937 1.371550 -1.231444
v 16.493799 1.102940 -1.207782
v 16.588160 0.844655 -1.137706
v 16.741392 0.606616 -1.023908
v 16.947607 0.397974 -0.870762
v 17.198883 0.226745 -0.684154
v 17.485559 0.099512 -0.471252
v 17.796623 0.021162 -0.240243
v 17.849709 3.097896 -0.298738
v 17.589689 2.643587 -0.585994
v 17.350056 2.516354 -0.850733
v 17.140013 2.345126 -1.082777
v 16.967638 2.136484 -1.273211
v 16.839550 1.898444 -1.414715
v 16.760677 1.640159 -1.501854
v 16.734043 1.371550 -1.531276
v 16.760677 1.102940 -1.501854
v 16.839550 0.844655 -1.414715
v 16.967638 0.606616 -1.273211
v 17.140013 0.397974 -1.082777
v 17.350056 0.226745 -0.850732
v 17.589689 0.099512 -0.585994
v 17.849709 0.021162 -0.298738
v 17.913185 3.097896 -0.345751
v 17.714205 2.643587 -0.678216
v 17.530823 2.516354 -0.984617
v 17.370085 2.345126 -1.253181
v 17.238174 2.136484 -1.473583
v 17.140154 1.898444 -1.637359
v 17.079794 1.640159 -1.738211
v 17.059412 1.371550 -1.772263
v 17.079794 1.102940 -1.738211
v 17.140154 0.844655 -1.637359
v 17.238174 0.606616 -1.473583
v 17.370085 0.397974 -1.253181
v 17.530823 0.226745 -0.984617
v 17.714205 0.099512 -0.678216
v 17.913185 0.021162 -0.345751
v 17.984613 3.097896 -0.379479
v 17.854317 2.643587 -0.744375
v 17.734234 2.516354 -1.080664
v 17.628981 2.345126 -1.375426
v 17.542603 2.136484 -1.617329
v 17.478416 1.898444 -1.797079
v 17.438892 1.640159 -1.907769
v 17.425547 1.371550 -1.945144
v 17.438892 1.102940 -1.907769
v 17.478416 0.844655 -1.797079
v 17.542603 0.606616 -1.617329
v 17.628981 0.397974 -1.375426
v 17.734234 0.226745 -1.080664
v 17.854317 0.099512 -0.744375
v 17.984613 0.021162 -0.379479
v 18.061251 3.097896 -0.398623
v 18.004646 2.643587 -0.781927
v 17.952477 2.516354 -1.135180
v 17.906750 2.345126 -1.444812
v 17.869225 2.136484 -1.698920
v 17.841339 1.898444 -1.887738
v 17.824167 1.640159 -2.004013
v 17.818371 1.371549 -2.043272
v 17.824167 1.102940 -2.004013
v 17.841339 0.844655 -1.887738
v 17.869225 0.606616 -1.698920
v 17.906750 0.397974 -1.444812
v 17.952477 0.226745 -1.135180
v 18.004646 0.099512 -0.781927
v 18.061251 0.021162 -0.398623
v 18.140148 3.097896 -0.402449
v 18.159410 2.643587 -0.789429
v 18.177160 2.516354 -1.146074
v 18.192719 2.345126 -1.458678
v 18.205488 2.136484 -1.715223
v 18.214975 1.898444 -1.905853
v 18.220818 1.640159 -2.023244
v 18.222792 1.371549 -2.062879
v 18.220818 1.102940 -2.023244
v 18.214975 0.844655 -1.905853
v 18.205488 0.606616 -1.715223
v 18.192719 0.397974 -1.458678
v 18.177160 0.226745 -1.146074
v 18.159409 0.099512 -0.789429
v 18.140148 0.021162 -0.402448
v 18.218279 3.097896 -0.390809
v 18.312666 2.643587 -0.766597
v 18.399652 2.516354 -1.112925
v 18.475899 2.345126 -1.416486
v 18.538471 2.136483 -1.665611
v 18.584967 1.898444 -1.850727
v 18.613600 1.640159 -1.964721
v 18.623266 1.371549 -2.003212
v 18.613600 1.102940 -1.964721
v 18.584967 0.844655 -1.850727
v 18.538471 0.606615 -1.665611
v 18.475899 0.397974 -1.416486
v 18.399652 0.226745 -1.112925
v 18.312666 0.099512 -0.766597
v 18.218279 0.021162 -0.390809
v 18.292637 3.097896 -0.364148
v 18.458523 2.643587 -0.714303
v 18.611403 2.516354 -1.037006
v 18.745405 2.345125 -1.319859
v 18.855377 2.136483 -1.551989
v 18.937092 1.898444 -1.724479
v 18.987415 1.640159 -1.830698
v 19.004406 1.371549 -1.866561
v 18.987415 1.102940 -1.830698
v 18.937092 0.844655 -1.724479
v 18.855377 0.606615 -1.551989
v 18.745405 0.397973 -1.319859
v 18.611401 0.226745 -1.037006
v 18.458523 0.099512 -0.714302
v 18.292635 0.021162 -0.364148
v 18.360361 3.097896 -0.323496
v 18.591373 2.643587 -0.634557
v 18.804272 2.516354 -0.921235
v 18.990881 2.345125 -1.172511
v 19.144028 2.136483 -1.378726
v 19.257824 1.898444 -1.531960
v 19.327902 1.640159 -1.626320
v 19.351562 1.371549 -1.658181
v 19.327900 1.102940 -1.626320
v 19.257824 0.844655 -1.531960
v 19.144028 0.606615 -1.378726
v 18.990881 0.397973 -1.172511
v 18.804272 0.226745 -0.921235
v 18.591372 0.099512 -0.634557
v 18.360361 0.021162 -0.323496
v 18.418858 3.097896 -0.270410
v 18.706114 2.643587 -0.530429
v 18.970852 2.516354 -0.770063
v 19.202896 2.345125 -0.980106
v 19.393330 2.136483 -1.152480
v 19.534834 1.898444 -1.280569
v 19.621973 1.640159 -1.359443
v 19.651396 1.371549 -1.386076
v 19.621973 1.102940 -1.359443
v 19.534834 0.844655 -1.280569
v 19.393330 0.606615 -1.152480
v 19.202896 0.397973 -0.980106
v 18.970852 0.226745 -0.770063
v 18.706114 0.099512 -0.530429
v 18.418858 0.021162 -0.270410
v 18.465870 3.097896 -0.206933
v 18.798334 2.643587 -0.405915
v 19.373301 2.345125 -0.750034
v 19.757477 1.898444 -0.979965
v 19.757477 0.844655 -0.979965
v 19.373301 0.397973 -0.750034
v 19.104736 0.226745 -0.589297
v 18.798334 0.099512 -0.405915
v 18.465870 0.021162 -0.206933
vn 0.1801 -0.9800 -0.0850
vn 0.8946 0.1455 -0.4224
vn 0.7497 -0.5592 -0.3540
vn 0.0617 -0.9979 -0.0220
vn 0.0595 -0.9978 -0.0281
vn 0.8946 -0.1455 -0.4224
vn 0.6894 0.6471 -0.3255
vn 0.8237 -0.4125 -0.3889
vn 0.3048 0.9415 -0.1439
vn 0.7068 -0.6237 -0.3337
vn 0.4356 0.8763 -0.2057
vn 0.5718 -0.7747 -0.2700
vn 0.5718 0.7747 -0.2700
vn 0.4356 -0.8763 -0.2057
vn 0.7068 0.6237 -0.3337
vn 0.3048 -0.9415 -0.1439
vn 0.8237 0.4125 -0.3889
vn 0.3270 -0.9415 -0.0817
vn 0.8838 0.4125 -0.2208
vn 0.1932 -0.9800 -0.0483
vn 0.9599 0.1455 -0.2398
vn 0.7618 -0.6192 -0.1903
vn 0.0639 -0.9978 -0.0160
vn 0.9599 -0.1455 -0.2398
vn 0.7397 0.6471 -0.1848
vn 0.8838 -0.4125 -0.2208
vn 0.3270 0.9415 -0.0817
vn 0.7583 -0.6237 -0.1894
vn 0.4674 0.8763 -0.1168
vn 0.6135 -0.7747 -0.1532
vn 0.6135 0.7747 -0.1532
vn 0.4674 -0.8763 -0.1168
vn 0.7583 0.6237 -0.1894
vn 0.3367 0.9415 -0.0163
vn 0.7807 -0.6237 -0.0379
vn 0.4812 0.8763 -0.0233
vn 0.6316 -0.7747 -0.0306
vn 0.6316 0.7747 -0.0306
vn 0.4812 -0.8763 -0.0233
vn 0.7807 0.6237 -0.0379
vn 0.3367 -0.9415 -0.0163
vn 0.9099 0.4125 -0.0441
vn 0.1989 -0.9800 -0.0096
vn 0.9882 0.1455 -0.0479
vn 0.7646 -0.6434 -0.0371
vn 0.0654 -0.9979 0.0033
vn 0.0658 -0.9978 -0.0032
vn 0.9882 -0.1455 -0.0479
vn 0.7615 0.6471 -0.0369
vn 0.9099 -0.4125 -0.0441
vn 0.9010 0.4125 0.1342
vn 0.1969 -0.9800 0.0293
vn 0.9786 0.1455 0.1458
vn 0.7618 -0.6378 0.1135
vn 0.0651 -0.9978 0.0097
vn 0.9786 -0.1455 0.1458
vn 0.7541 0.6471 0.1124
vn 0.9010 -0.4125 0.1342
vn 0.3334 0.9415 0.0497
vn 0.7731 -0.6237 0.1152
vn 0.4765 0.8763 0.0710
vn 0.6254 -0.7747 0.0932
vn 0.6254 0.7747 0.0932
vn 0.4765 -0.8763 0.0710
vn 0.7731 0.6237 0.1152
vn 0.3334 -0.9415 0.0497
vn 0.7358 -0.6237 0.2638
vn 0.4535 0.8763 0.1626
vn 0.5952 -0.7747 0.2134
vn 0.5952 0.7747 0.2134
vn 0.4535 -0.8763 0.1626
vn 0.7358 0.6237 0.2638
vn 0.3173 -0.9415 0.1138
vn 0.8575 0.4125 0.3074
vn 0.1874 -0.9800 0.0672
vn 0.9313 0.1455 0.3339
vn 0.7524 -0.6009 0.2698
vn 0.0592 -0.9979 0.0280
vn 0.0620 -0.9978 0.0222
vn 0.9313 -0.1455 0.3339
vn 0.7177 0.6471 0.2573
vn 0.8575 -0.4125 0.3074
vn 0.3173 0.9415 0.1138
vn 0.1707 -0.9800 0.1025
vn 0.8483 0.1455 0.5092
vn 0.7305 -0.5236 0.4385
vn 0.0564 -0.9978 0.0339
vn 0.8483 -0.1455 0.5092
vn 0.6537 0.6471 0.3924
vn 0.7810 -0.4125 0.4688
vn 0.2890 0.9415 0.1735
vn 0.6702 -0.6237 0.4023
vn 0.4130 0.8763 0.2479
vn 0.5421 -0.7747 0.3254
vn 0.5421 0.7747 0.3254
vn 0.4130 -0.8763 0.2479
vn 0.6702 0.6237 0.4023
vn 0.2890 -0.9415 0.1735
vn 0.7810 0.4125 0.4688
vn 0.4682 -0.7747 0.4249
vn 0.4682 0.7747 0.4249
vn 0.3567 -0.8763 0.3237
vn 0.5788 0.6237 0.5253
vn 0.2496 -0.9415 0.2265
vn 0.6746 0.4125 0.6122
vn 0.1475 -0.9800 0.1338
vn 0.7326 0.1455 0.6649
vn 0.6823 -0.3887 0.6192
vn 0.0440 -0.9979 0.0486
vn 0.0488 -0.9978 0.0442
vn 0.7326 -0.1455 0.6649
vn 0.5646 0.6471 0.5124
vn 0.6746 -0.4125 0.6122
vn 0.2496 0.9415 0.2265
vn 0.5788 -0.6237 0.5253
vn 0.3567 0.8763 0.3237
vn 0.5857 -0.1781 0.7908
vn 0.0392 -0.9978 0.0529
vn 0.5889 -0.1455 0.7950
vn 0.4538 0.6471 0.6127
vn 0.5422 -0.4125 0.7320
vn 0.2006 0.9415 0.2709
vn 0.4652 -0.6237 0.6281
vn 0.2867 0.8763 0.3871
vn 0.3763 -0.7747 0.5081
vn 0.3763 0.7747 0.5081
vn 0.2867 -0.8763 0.3871
vn 0.4652 0.6237 0.6281
vn 0.2006 -0.9415 0.2709
vn 0.5422 0.4125 0.7320
vn 0.1185 -0.9800 0.1600
vn 0.5889 0.1455 0.7950
vn 0.2700 0.7747 0.5718
vn 0.2057 -0.8763 0.4356
vn 0.3337 0.6237 0.7068
vn 0.1439 -0.9415 0.3048
vn 0.3889 0.4125 0.8237
vn 0.0850 -0.9800 0.1801
vn 0.4224 0.1455 0.8946
vn 0.4249 0.0984 0.8999
vn 0.0220 -0.9979 0.0617
vn 0.0281 -0.9978 0.0595
vn 0.4224 -0.1455 0.8946
vn 0.3255 0.6471 0.6894
vn 0.3889 -0.4125 0.8237
vn 0.1439 0.9415 0.3048
vn 0.3337 -0.6237 0.7068
vn 0.2057 0.8763 0.4356
vn 0.2700 -0.7747 0.5718
vn 0.2398 -0.1455 0.9599
vn 0.1848 0.6471 0.7397
vn 0.2208 -0.4125 0.8838
vn 0.0817 0.9415 0.3270
vn 0.1894 -0.6237 0.7583
vn 0.1168 0.8763 0.4674
vn 0.1532 -0.7747 0.6135
vn 0.1532 0.7747 0.6135
vn 0.1168 -0.8763 0.4674
vn 0.1894 0.6237 0.7583
vn 0.0817 -0.9415 0.3270
vn 0.2208 0.4125 0.8838
vn 0.0483 -0.9800 0.1932
vn 0.2398 0.1455 0.9599
vn 0.2245 0.3769 0.8986
vn 0.0160 -0.9978 0.0639
vn 0.0233 -0.8763 0.4812
vn 0.0379 0.6237 0.7807
vn 0.0163 -0.9415 0.3367
vn 0.0441 0.4125 0.9099
vn 0.0096 -0.9800 0.1989
vn 0.0479 0.1455 0.9882
vn 0.0391 0.5903 0.8062
vn -0.0033 -0.9979 0.0654
vn 0.0032 -0.9978 0.0658
vn 0.0479 -0.1455 0.9882
vn 0.0369 0.6471 0.7615
vn 0.0441 -0.4125 0.9099
vn 0.0163 0.9415 0.3367
vn 0.0379 -0.6237 0.7807
vn 0.0233 0.8763 0.4812
vn 0.0306 -0.7747 0.6316
vn 0.0306 0.7747 0.6316
vn -0.1124 0.6471 0.7541
vn -0.1342 -0.4125 0.9010
vn -0.0497 0.9415 0.3334
vn -0.1152 -0.6237 0.7731
vn -0.0710 0.8763 0.4765
vn -0.0932 -0.7747 0.6254
vn -0.0932 0.7747 0.6254
vn -0.0710 -0.8763 0.4765
vn -0.1152 0.6237 0.7731
vn -0.0497 -0.9415 0.3334
vn -0.1342 0.4125 0.9010
vn -0.0293 -0.9800 0.1969
vn -0.1458 0.1455 0.9786
vn -0.1011 0.7272 0.6789
vn -0.0097 -0.9978 0.0651
vn -0.1458 -0.1455 0.9786
vn -0.2638 0.6237 0.7358
vn -0.1138 -0.9415 0.3173
vn -0.3074 0.4125 0.8575
vn -0.0672 -0.9800 0.1874
vn -0.3339 0.1455 0.9313
vn -0.1981 0.8096 0.5526
vn -0.0281 -0.9979 0.0592
vn -0.0222 -0.9978 0.0620
vn -0.3339 -0.1455 0.9313
vn -0.2573 0.6471 0.7177
vn -0.3074 -0.4125 0.8575
vn -0.1138 0.9415 0.3173
vn -0.2638 -0.6237 0.7358
vn -0.1626 0.8763 0.4535
vn -0.2134 -0.7747 0.5952
vn -0.2134 0.7747 0.5952
vn -0.1626 -0.8763 0.4535
vn -0.4688 -0.4125 0.7810
vn -0.1735 0.9415 0.2890
vn -0.4023 -0.6237 0.6702
vn -0.2479 0.8763 0.4130
vn -0.3254 -0.7747 0.5421
vn -0.3254 0.7747 0.5421
vn -0.2479 -0.8763 0.4130
vn -0.4023 0.6237 0.6702
vn -0.1735 -0.9415 0.2890
vn -0.4688 0.4125 0.7810
vn -0.1025 -0.9800 0.1707
vn -0.5092 0.1455 0.8483
vn -0.2635 0.8590 0.4390
vn -0.0339 -0.9978 0.0564
vn -0.5092 -0.1455 0.8483
vn -0.3924 0.6471 0.6537
vn -0.2265 -0.9415 0.2496
vn -0.6122 0.4125 0.6746
vn -0.1338 -0.9800 0.1475
vn -0.6649 0.1455 0.7326
vn -0.3075 0.8892 0.3388
vn -0.0486 -0.9979 0.0440
vn -0.0442 -0.9978 0.0487
vn -0.6649 -0.1455 0.7326
vn -0.5124 0.6471 0.5646
vn -0.6122 -0.4125 0.6746
vn -0.2265 0.9415 0.2496
vn -0.5253 -0.6237 0.5788
vn -0.3237 0.8763 0.3567
vn -0.4249 -0.7747 0.4682
vn -0.4249 0.7747 0.4682
vn -0.3237 -0.8763 0.3567
vn -0.5253 0.6237 0.5788
vn -0.6281 -0.6237 0.4652
vn -0.3871 0.8763 0.2867
vn -0.5081 -0.7747 0.3763
vn -0.5081 0.7747 0.3763
vn -0.3871 -0.8763 0.2867
vn -0.6281 0.6237 0.4652
vn -0.2709 -0.9415 0.2006
vn -0.7320 0.4125 0.5422
vn -0.1600 -0.9800 0.1185
vn -0.7950 0.1455 0.5889
vn -0.3367 0.9080 0.2494
vn -0.0529 -0.9978 0.0392
vn -0.7950 -0.1455 0.5889
vn -0.6127 0.6471 0.4538
vn -0.7320 -0.4125 0.5422
vn -0.2709 0.9415 0.2006
vn -0.1801 -0.9800 0.0850
vn -0.8946 0.1455 0.4224
vn -0.3555 0.9195 0.1679
vn -0.0617 -0.9979 0.0220
vn -0.0595 -0.9978 0.0281
vn -0.8946 -0.1455 0.4224
vn -0.6894 0.6471 0.3255
vn -0.8237 -0.4125 0.3889
vn -0.3048 0.9415 0.1439
vn -0.7068 -0.6237 0.3337
vn -0.4356 0.8763 0.2057
vn -0.5718 -0.7747 0.2700
vn -0.5718 0.7747 0.2700
vn -0.4356 -0.8763 0.2057
vn -0.7068 0.6237 0.3337
vn -0.3048 -0.9415 0.1439
vn -0.8237 0.4125 0.3889
vn -0.4674 0.8763 0.1168
vn -0.6135 -0.7747 0.1532
vn -0.6135 0.7747 0.1532
vn -0.4674 -0.8763 0.1168
vn -0.7583 0.6237 0.1894
vn -0.3270 -0.9415 0.0817
vn -0.8838 0.4125 0.2208
vn -0.1932 -0.9800 0.0483
vn -0.9599 0.1455 0.2398
vn -0.3662 0.9260 0.0915
vn -0.0639 -0.9978 0.0160
vn -0.9599 -0.1455 0.2398
vn -0.7397 0.6471 0.1848
vn -0.8838 -0.4125 0.2208
vn -0.3270 0.9415 0.0817
vn -0.7583 -0.6237 0.1894
vn -0.9882 0.1455 0.0479
vn -0.3703 0.9287 0.0180
vn -0.0654 -0.9979 -0.0033
vn -0.0658 -0.9978 0.0032
vn -0.9882 -0.1455 0.0479
vn -0.7615 0.6471 0.0369
vn -0.9099 -0.4125 0.0441
vn -0.3367 0.9415 0.0163
vn -0.7807 -0.6237 0.0379
vn -0.4812 0.8763 0.0233
vn -0.6316 -0.7747 0.0306
vn -0.6316 0.7747 0.0306
vn -0.4812 -0.8763 0.0233
vn -0.7807 0.6237 0.0379
vn -0.3367 -0.9415 0.0163
vn -0.9099 0.4125 0.0441
vn -0.1989 -0.9800 0.0096
vn -0.6254 -0.7747 -0.0932
vn -0.6254 0.7747 -0.0932
vn -0.4765 -0.8763 -0.0710
vn -0.7731 0.6237 -0.1152
vn -0.3334 -0.9415 -0.0497
vn -0.9010 0.4125 -0.1342
vn -0.1969 -0.9800 -0.0293
vn -0.9786 0.1455 -0.1458
vn -0.3683 0.9281 -0.0549
vn -0.0651 -0.9978 -0.0097
vn -0.9786 -0.1455 -0.1458
vn -0.7541 0.6471 -0.1124
vn -0.9010 -0.4125 -0.1342
vn -0.3334 0.9415 -0.0497
vn -0.7731 -0.6237 -0.1152
vn -0.4765 0.8763 -0.0710
vn -0.3600 0.9240 -0.1291
vn -0.0592 -0.9979 -0.0280
vn -0.0620 -0.9978 -0.0222
vn -0.9313 -0.1455 -0.3339
vn -0.7177 0.6471 -0.2573
vn -0.8575 -0.4125 -0.3074
vn -0.3173 0.9415 -0.1138
vn -0.7358 -0.6237 -0.2638
vn -0.4535 0.8763 -0.1626
vn -0.5952 -0.7747 -0.2134
vn -0.5952 0.7747 -0.2134
vn -0.4535 -0.8763 -0.1626
vn -0.7358 0.6237 -0.2638
vn -0.3173 -0.9415 -0.1138
vn -0.8575 0.4125 -0.3074
vn -0.1874 -0.9800 -0.0672
vn -0.9313 0.1455 -0.3339
vn -0.5421 0.7747 -0.3254
vn -0.4130 -0.8763 -0.2479
vn -0.6702 0.6237 -0.4023
vn -0.2890 -0.9415 -0.1735
vn -0.7810 0.4125 -0.4688
vn -0.1707 -0.9800 -0.1025
vn -0.8483 0.1455 -0.5092
vn -0.3445 0.9157 -0.2068
vn -0.0564 -0.9978 -0.0339
vn -0.8483 -0.1455 -0.5092
vn -0.6537 0.6471 -0.3924
vn -0.7810 -0.4125 -0.4688
vn -0.2890 0.9415 -0.1735
vn -0.6702 -0.6237 -0.4023
vn -0.4130 0.8763 -0.2479
vn -0.5421 -0.7747 -0.3254
vn -0.7326 -0.1455 -0.6649
vn -0.5646 0.6471 -0.5124
vn -0.6746 -0.4125 -0.6122
vn -0.2496 0.9415 -0.2265
vn -0.5788 -0.6237 -0.5253
vn -0.3567 0.8763 -0.3237
vn -0.4682 -0.7747 -0.4249
vn -0.4682 0.7747 -0.4249
vn -0.3567 -0.8763 -0.3237
vn -0.5788 0.6237 -0.5253
vn -0.2496 -0.9415 -0.2265
vn -0.6746 0.4125 -0.6122
vn -0.1475 -0.9800 -0.1338
vn -0.7326 0.1455 -0.6649
vn -0.3201 0.9018 -0.2905
vn -0.0440 -0.9979 -0.0486
vn -0.0488 -0.9978 -0.0442
vn -0.2867 -0.8763 -0.3871
vn -0.4652 0.6237 -0.6281
vn -0.2006 -0.9415 -0.2709
vn -0.5422 0.4125 -0.7320
vn -0.1185 -0.9800 -0.1600
vn -0.5889 0.1455 -0.7950
vn -0.2836 0.8792 -0.3829
vn -0.0392 -0.9978 -0.0529
vn -0.5889 -0.1455 -0.7950
vn -0.4538 0.6471 -0.6127
vn -0.5422 -0.4125 -0.7320
vn -0.2006 0.9415 -0.2709
vn -0.4652 -0.6237 -0.6281
vn -0.2867 0.8763 -0.3871
vn -0.3763 -0.7747 -0.5081
vn -0.3763 0.7747 -0.5081
vn -0.3889 -0.4125 -0.8237
vn -0.1439 0.9415 -0.3048
vn -0.3337 -0.6237 -0.7068
vn -0.2057 0.8763 -0.4356
vn -0.2700 -0.7747 -0.5718
vn -0.2700 0.7747 -0.5718
vn -0.2057 -0.8763 -0.4356
vn -0.3337 0.6237 -0.7068
vn -0.1439 -0.9415 -0.3048
vn -0.3889 0.4125 -0.8237
vn -0.0850 -0.9800 -0.1801
vn -0.4224 0.1455 -0.8946
vn -0.2299 0.8427 -0.4868
vn -0.0220 -0.9979 -0.0617
vn -0.0281 -0.9978 -0.0595
vn -0.4224 -0.1455 -0.8946
vn -0.3255 0.6471 -0.6894
vn -0.0817 -0.9415 -0.3270
vn -0.2208 0.4125 -0.8838
vn -0.0483 -0.9800 -0.1932
vn -0.2398 0.1455 -0.9599
vn -0.1508 0.7827 -0.6039
vn -0.0160 -0.9978 -0.0639
vn -0.2398 -0.1455 -0.9599
vn -0.1848 0.6471 -0.7397
vn -0.2208 -0.4125 -0.8838
vn -0.0817 0.9415 -0.3270
vn -0.1894 -0.6237 -0.7583
vn -0.1167 0.8763 -0.4674
vn -0.1532 -0.7747 -0.6135
vn -0.1532 0.7747 -0.6135
vn -0.1167 -0.8763 -0.4674
vn -0.1894 0.6237 -0.7583
vn -0.0163 0.9415 -0.3367
vn -0.0379 -0.6237 -0.7807
vn -0.0233 0.8763 -0.4812
vn -0.0306 -0.7747 -0.6316
vn -0.0306 0.7747 -0.6316
vn -0.0233 -0.8763 -0.4812
vn -0.0379 0.6237 -0.7807
vn -0.0163 -0.9415 -0.3367
vn -0.0441 0.4125 -0.9099
vn -0.0096 -0.9800 -0.1989
vn -0.0479 0.1455 -0.9882
vn -0.0354 0.6822 -0.7303
vn 0.0033 -0.9979 -0.0654
vn -0.0032 -0.9978 -0.0658
vn -0.0479 -0.1455 -0.9882
vn -0.0369 0.6471 -0.7615
vn -0.0441 -0.4125 -0.9099
vn 0.1342 0.4125 -0.9010
vn 0.0293 -0.9800 -0.1970
vn 0.1458 0.1455 -0.9786
vn 0.1261 0.5176 -0.8463
vn 0.0097 -0.9978 -0.0651
vn 0.1458 -0.1455 -0.9786
vn 0.1123 0.6471 -0.7541
vn 0.1342 -0.4125 -0.9010
vn 0.0497 0.9415 -0.3334
vn 0.1152 -0.6237 -0.7731
vn 0.0710 0.8763 -0.4765
vn 0.0932 -0.7747 -0.6254
vn 0.0932 0.7747 -0.6254
vn 0.0710 -0.8763 -0.4765
vn 0.1152 0.6237 -0.7731
vn 0.0497 -0.9415 -0.3334
vn 0.2638 -0.6237 -0.7358
vn 0.1626 0.8763 -0.4535
vn 0.2134 -0.7747 -0.5952
vn 0.2134 0.7747 -0.5952
vn 0.1626 -0.8763 -0.4535
vn 0.2638 0.6237 -0.7358
vn 0.1138 -0.9415 -0.3173
vn 0.3074 0.4125 -0.8575
vn 0.0672 -0.9800 -0.1874
vn 0.3339 0.1455 -0.9313
vn 0.3246 0.2744 -0.9052
vn 0.0281 -0.9979 -0.0592
vn 0.0222 -0.9978 -0.0620
vn 0.3339 -0.1455 -0.9313
vn 0.2573 0.6471 -0.7177
vn 0.3074 -0.4125 -0.8575
vn 0.1138 0.9415 -0.3173
vn 0.1025 -0.9800 -0.1707
vn 0.5092 0.1455 -0.8483
vn 0.5146 -0.0132 -0.8573
vn 0.0339 -0.9978 -0.0564
vn 0.5092 -0.1455 -0.8483
vn 0.3924 0.6471 -0.6537
vn 0.4688 -0.4125 -0.7810
vn 0.1735 0.9415 -0.2890
vn 0.4023 -0.6237 -0.6702
vn 0.2479 0.8763 -0.4130
vn 0.3254 -0.7747 -0.5421
vn 0.3254 0.7747 -0.5421
vn 0.2479 -0.8763 -0.4130
vn 0.4023 0.6237 -0.6702
vn 0.1735 -0.9415 -0.2890
vn 0.4688 0.4125 -0.7810
vn 0.3237 0.8763 -0.3567
vn 0.4249 -0.7747 -0.4682
vn 0.4249 0.7747 -0.4682
vn 0.3237 -0.8763 -0.3567
vn 0.5253 0.6237 -0.5788
vn 0.2265 -0.9415 -0.2496
vn 0.6122 0.4125 -0.6746
vn 0.1338 -0.9800 -0.1475
vn 0.6649 0.1455 -0.7326
vn 0.6473 -0.2689 -0.7132
vn 0.0486 -0.9979 -0.0440
vn 0.0442 -0.9978 -0.0487
vn 0.6649 -0.1455 -0.7326
vn 0.5124 0.6471 -0.5646
vn 0.6122 -0.4125 -0.6746
vn 0.2265 0.9415 -0.2496
vn 0.5253 -0.6237 -0.5788
vn 0.7950 0.1455 -0.5889
vn 0.7180 -0.4490 -0.5318
vn 0.0529 -0.9978 -0.0392
vn 0.7950 -0.1455 -0.5889
vn 0.6127 0.6471 -0.4538
vn 0.7320 -0.4125 -0.5422
vn 0.2709 0.9415 -0.2006
vn 0.6281 -0.6237 -0.4652
vn 0.3871 0.8763 -0.2867
vn 0.5081 -0.7747 -0.3763
vn 0.5081 0.7747 -0.3763
vn 0.3871 -0.8763 -0.2867
vn 0.6281 0.6237 -0.4652
vn 0.2709 -0.9415 -0.2006
vn 0.7320 0.4125 -0.5422
vn 0.1600 -0.9800 -0.1185
vt 0.750000 0.062500
vt 0.750000 0.125000
vt 0.718750 0.125000
vt 0.718750 0.062500
vt 0.750000 0.500000
vt 0.750000 0.562500
vt 0.718750 0.562500
vt 0.718750 0.500000
vt 0.750000 0.937500
vt 0.734375 1.000000
vt 0.718750 0.937500
vt 0.734375 0.000000
vt 0.750000 0.437500
vt 0.718750 0.437500
vt 0.750000 0.875000
vt 0.718750 0.875000
vt 0.750000 0.375000
vt 0.718750 0.375000
vt 0.750000 0.812500
vt 0.718750 0.812500
vt 0.750000 0.312500
vt 0.718750 0.312500
vt 0.750000 0.750000
vt 0.718750 0.750000
vt 0.750000 0.250000
vt 0.718750 0.250000
vt 0.750000 0.687500
vt 0.718750 0.687500
vt 0.750000 0.187500
vt 0.718750 0.187500
vt 0.750000 0.625000
vt 0.718750 0.625000
vt 0.687500 0.187500
vt 0.687500 0.125000
vt 0.687500 0.625000
vt 0.687500 0.562500
vt 0.687500 0.062500
vt 0.687500 0.500000
vt 0.703125 1.000000
vt 0.687500 0.937500
vt 0.703125 0.000000
vt 0.687500 0.437500
vt 0.687500 0.875000
vt 0.687500 0.375000
vt 0.687500 0.812500
vt 0.687500 0.312500
vt 0.687500 0.750000
vt 0.687500 0.250000
vt 0.687500 0.687500
vt 0.656250 0.875000
vt 0.656250 0.812500
vt 0.656250 0.375000
vt 0.656250 0.312500
vt 0.656250 0.750000
vt 0.656250 0.250000
vt 0.656250 0.687500
vt 0.656250 0.187500
vt 0.656250 0.625000
vt 0.656250 0.125000
vt 0.656250 0.562500
vt 0.656250 0.062500
vt 0.656250 0.500000
vt 0.671875 1.000000
vt 0.656250 0.937500
vt 0.671875 0.000000
vt 0.656250 0.437500
vt 0.625000 0.625000
vt 0.625000 0.562500
vt 0.625000 0.125000
vt 0.625000 0.062500
vt 0.625000 0.500000
vt 0.640625 1.000000
vt 0.625000 0.937500
vt 0.640625 0.000000
vt 0.625000 0.437500
vt 0.625000 0.875000
vt 0.625000 0.375000
vt 0.625000 0.812500
vt 0.625000 0.312500
vt 0.625000 0.750000
vt 0.625000 0.250000
vt 0.625000 0.687500
vt 0.625000 0.187500
vt 0.593750 0.375000
vt 0.593750 0.312500
vt 0.593750 0.812500
vt 0.593750 0.750000
vt 0.593750 0.250000
vt 0.593750 0.687500
vt 0.593750 0.187500
vt 0.593750 0.625000
vt 0.593750 0.125000
vt 0.593750 0.562500
vt 0.593750 0.062500
vt 0.593750 0.500000
vt 0.609375 1.000000
vt 0.593750 0.937500
vt 0.609375 0.000000
vt 0.593750 0.437500
vt 0.593750 0.875000
vt 0.562500 0.125000
vt 0.562500 0.062500
vt 0.562500 0.562500
vt 0.562500 0.500000
vt 0.578125 1.000000
vt 0.562500 0.937500
vt 0.578125 0.000000
vt 0.562500 0.437500
vt 0.562500 0.875000
vt 0.562500 0.375000
vt 0.562500 0.812500
vt 0.562500 0.312500
vt 0.562500 0.750000
vt 0.562500 0.250000
vt 0.562500 0.687500
vt 0.562500 0.187500
vt 0.562500 0.625000
vt 0.531250 0.312500
vt 0.531250 0.250000
vt 0.531250 0.750000
vt 0.531250 0.687500
vt 0.531250 0.187500
vt 0.531250 0.625000
vt 0.531250 0.125000
vt 0.531250 0.562500
vt 0.531250 0.062500
vt 0.531250 0.500000
vt 0.546875 1.000000
vt 0.531250 0.937500
vt 0.546875 0.000000
vt 0.531250 0.437500
vt 0.531250 0.875000
vt 0.531250 0.375000
vt 0.531250 0.812500
vt 0.515625 1.000000
vt 0.500000 0.937500
vt 0.515625 0.000000
vt 0.500000 0.062500
vt 0.500000 0.500000
vt 0.500000 0.437500
vt 0.500000 0.875000
vt 0.500000 0.375000
vt 0.500000 0.812500
vt 0.500000 0.312500
vt 0.500000 0.750000
vt 0.500000 0.250000
vt 0.500000 0.687500
vt 0.500000 0.187500
vt 0.500000 0.625000
vt 0.500000 0.125000
vt 0.500000 0.562500
vt 0.468750 0.750000
vt 0.468750 0.687500
vt 0.468750 0.250000
vt 0.468750 0.187500
vt 0.468750 0.625000
vt 0.468750 0.125000
vt 0.468750 0.562500
vt 0.468750 0.062500
vt 0.468750 0.500000
vt 0.484375 1.000000
vt 0.468750 0.937500
vt 0.484375 0.000000
vt 0.468750 0.437500
vt 0.468750 0.875000
vt 0.468750 0.375000
vt 0.468750 0.812500
vt 0.468750 0.312500
vt 0.437500 0.500000
vt 0.437500 0.437500
vt 0.437500 0.937500
vt 0.437500 0.875000
vt 0.437500 0.375000
vt 0.437500 0.812500
vt 0.437500 0.312500
vt 0.437500 0.750000
vt 0.437500 0.250000
vt 0.437500 0.687500
vt 0.437500 0.187500
vt 0.437500 0.625000
vt 0.437500 0.125000
vt 0.437500 0.562500
vt 0.437500 0.062500
vt 0.453125 1.000000
vt 0.453125 0.000000
vt 0.406250 0.250000
vt 0.406250 0.187500
vt 0.406250 0.687500
vt 0.406250 0.625000
vt 0.406250 0.125000
vt 0.406250 0.562500
vt 0.406250 0.062500
vt 0.406250 0.500000
vt 0.421875 1.000000
vt 0.406250 0.937500
vt 0.421875 0.000000
vt 0.406250 0.437500
vt 0.406250 0.875000
vt 0.406250 0.375000
vt 0.406250 0.812500
vt 0.406250 0.312500
vt 0.406250 0.750000
vt 0.375000 0.937500
vt 0.375000 0.875000
vt 0.375000 0.437500
vt 0.375000 0.375000
vt 0.375000 0.812500
vt 0.375000 0.312500
vt 0.375000 0.750000
vt 0.375000 0.250000
vt 0.375000 0.687500
vt 0.375000 0.187500
vt 0.375000 0.625000
vt 0.375000 0.125000
vt 0.375000 0.562500
vt 0.375000 0.062500
vt 0.375000 0.500000
vt 0.390625 1.000000
vt 0.390625 0.000000
vt 0.343750 0.687500
vt 0.343750 0.625000
vt 0.343750 0.187500
vt 0.343750 0.125000
vt 0.343750 0.562500
vt 0.343750 0.062500
vt 0.343750 0.500000
vt 0.359375 1.000000
vt 0.343750 0.937500
vt 0.359375 0.000000
vt 0.343750 0.437500
vt 0.343750 0.875000
vt 0.343750 0.375000
vt 0.343750 0.812500
vt 0.343750 0.312500
vt 0.343750 0.750000
vt 0.343750 0.250000
vt 0.312500 0.437500
vt 0.312500 0.375000
vt 0.312500 0.875000
vt 0.312500 0.812500
vt 0.312500 0.312500
vt 0.312500 0.750000
vt 0.312500 0.250000
vt 0.312500 0.687500
vt 0.312500 0.187500
vt 0.312500 0.625000
vt 0.312500 0.125000
vt 0.312500 0.562500
vt 0.312500 0.062500
vt 0.312500 0.500000
vt 0.328125 1.000000
vt 0.312500 0.937500
vt 0.328125 0.000000
vt 0.281250 0.187500
vt 0.281250 0.125000
vt 0.281250 0.625000
vt 0.281250 0.562500
vt 0.281250 0.062500
vt 0.281250 0.500000
vt 0.296875 1.000000
vt 0.281250 0.937500
vt 0.296875 0.000000
vt 0.281250 0.437500
vt 0.281250 0.875000
vt 0.281250 0.375000
vt 0.281250 0.812500
vt 0.281250 0.312500
vt 0.281250 0.750000
vt 0.281250 0.250000
vt 0.281250 0.687500
vt 0.250000 0.375000
vt 0.250000 0.312500
vt 0.250000 0.812500
vt 0.250000 0.750000
vt 0.250000 0.250000
vt 0.250000 0.687500
vt 0.250000 0.187500
vt 0.250000 0.625000
vt 0.250000 0.125000
vt 0.250000 0.562500
vt 0.250000 0.062500
vt 0.250000 0.500000
vt 0.265625 1.000000
vt 0.250000 0.937500
vt 0.265625 0.000000
vt 0.250000 0.437500
vt 0.250000 0.875000
vt 0.218750 0.125000
vt 0.218750 0.062500
vt 0.218750 0.562500
vt 0.218750 0.500000
vt 0.234375 1.000000
vt 0.218750 0.937500
vt 0.234375 0.000000
vt 0.218750 0.437500
vt 0.218750 0.875000
vt 0.218750 0.375000
vt 0.218750 0.812500
vt 0.218750 0.312500
vt 0.218750 0.750000
vt 0.218750 0.250000
vt 0.218750 0.687500
vt 0.218750 0.187500
vt 0.218750 0.625000
vt 0.187500 0.812500
vt 0.187500 0.750000
vt 0.187500 0.312500
vt 0.187500 0.250000
vt 0.187500 0.687500
vt 0.187500 0.187500
vt 0.187500 0.625000
vt 0.187500 0.125000
vt 0.187500 0.562500
vt 0.187500 0.062500
vt 0.187500 0.500000
vt 0.203125 1.000000
vt 0.187500 0.937500
vt 0.203125 0.000000
vt 0.187500 0.437500
vt 0.187500 0.875000
vt 0.187500 0.375000
vt 0.156250 0.562500
vt 0.156250 0.500000
vt 0.171875 1.000000
vt 0.156250 0.937500
vt 0.171875 0.000000
vt 0.156250 0.062500
vt 0.156250 0.437500
vt 0.156250 0.875000
vt 0.156250 0.375000
vt 0.156250 0.812500
vt 0.156250 0.312500
vt 0.156250 0.750000
vt 0.156250 0.250000
vt 0.156250 0.687500
vt 0.156250 0.187500
vt 0.156250 0.625000
vt 0.156250 0.125000
vt 0.125000 0.312500
vt 0.125000 0.250000
vt 0.125000 0.750000
vt 0.125000 0.687500
vt 0.125000 0.187500
vt 0.125000 0.625000
vt 0.125000 0.125000
vt 0.125000 0.562500
vt 0.125000 0.062500
vt 0.125000 0.500000
vt 0.140625 1.000000
vt 0.125000 0.937500
vt 0.140625 0.000000
vt 0.125000 0.437500
vt 0.125000 0.875000
vt 0.125000 0.375000
vt 0.125000 0.812500
vt 0.109375 1.000000
vt 0.093750 0.937500
vt 0.109375 0.000000
vt 0.093750 0.062500
vt 0.093750 0.500000
vt 0.093750 0.437500
vt 0.093750 0.875000
vt 0.093750 0.375000
vt 0.093750 0.812500
vt 0.093750 0.312500
vt 0.093750 0.750000
vt 0.093750 0.250000
vt 0.093750 0.687500
vt 0.093750 0.187500
vt 0.093750 0.625000
vt 0.093750 0.125000
vt 0.093750 0.562500
vt 0.062500 0.750000
vt 0.062500 0.687500
vt 0.062500 0.250000
vt 0.062500 0.187500
vt 0.062500 0.625000
vt 0.062500 0.125000
vt 0.062500 0.562500
vt 0.062500 0.062500
vt 0.062500 0.500000
vt 0.078125 1.000000
vt 0.062500 0.937500
vt 0.078125 0.000000
vt 0.062500 0.437500
vt 0.062500 0.875000
vt 0.062500 0.375000
vt 0.062500 0.812500
vt 0.062500 0.312500
vt 0.031250 0.500000
vt 0.031250 0.437500
vt 0.031250 0.937500
vt 0.031250 0.875000
vt 0.031250 0.375000
vt 0.031250 0.812500
vt 0.031250 0.312500
vt 0.031250 0.750000
vt 0.031250 0.250000
vt 0.031250 0.687500
vt 0.031250 0.187500
vt 0.031250 0.625000
vt 0.031250 0.125000
vt 0.031250 0.562500
vt 0.031250 0.062500
vt 0.046875 1.000000
vt 0.046875 0.000000
vt 0.000000 0.250000
vt 0.000000 0.187500
vt 0.000000 0.687500
vt 0.000000 0.625000
vt 0.000000 0.125000
vt 0.000000 0.562500
vt 0.000000 0.062500
vt 0.000000 0.500000
vt 0.015625 1.000000
vt 0.000000 0.937500
vt 0.015625 0.000000
vt 0.000000 0.437500
vt 0.000000 0.875000
vt 0.000000 0.375000
vt 0.000000 0.812500
vt 0.000000 0.312500
vt 0.000000 0.750000
vt 1.000000 0.375000
vt 1.000000 0.437500
vt 0.968750 0.437500
vt 0.968750 0.375000
vt 1.000000 0.812500
vt 1.000000 0.875000
vt 0.968750 0.875000
vt 0.968750 0.812500
vt 1.000000 0.312500
vt 0.968750 0.312500
vt 1.000000 0.750000
vt 0.968750 0.750000
vt 1.000000 0.250000
vt 0.968750 0.250000
vt 1.000000 0.687500
vt 0.968750 0.687500
vt 1.000000 0.187500
vt 0.968750 0.187500
vt 1.000000 0.625000
vt 0.968750 0.625000
vt 1.000000 0.125000
vt 0.968750 0.125000
vt 1.000000 0.562500
vt 0.968750 0.562500
vt 1.000000 0.062500
vt 0.968750 0.062500
vt 1.000000 0.500000
vt 0.968750 0.500000
vt 1.000000 0.937500
vt 0.984375 1.000000
vt 0.968750 0.937500
vt 0.984375 0.000000
vt 0.937500 0.187500
vt 0.937500 0.125000
vt 0.937500 0.625000
vt 0.937500 0.562500
vt 0.937500 0.062500
vt 0.937500 0.500000
vt 0.953125 1.000000
vt 0.937500 0.937500
vt 0.953125 0.000000
vt 0.937500 0.437500
vt 0.937500 0.875000
vt 0.937500 0.375000
vt 0.937500 0.812500
vt 0.937500 0.312500
vt 0.937500 0.750000
vt 0.937500 0.250000
vt 0.937500 0.687500
vt 0.906250 0.875000
vt 0.906250 0.812500
vt 0.906250 0.375000
vt 0.906250 0.312500
vt 0.906250 0.750000
vt 0.906250 0.250000
vt 0.906250 0.687500
vt 0.906250 0.187500
vt 0.906250 0.625000
vt 0.906250 0.125000
vt 0.906250 0.562500
vt 0.906250 0.062500
vt 0.906250 0.500000
vt 0.921875 1.000000
vt 0.906250 0.937500
vt 0.921875 0.000000
vt 0.906250 0.437500
vt 0.875000 0.625000
vt 0.875000 0.562500
vt 0.875000 0.125000
vt 0.875000 0.062500
vt 0.875000 0.500000
vt 0.890625 1.000000
vt 0.875000 0.937500
vt 0.890625 0.000000
vt 0.875000 0.437500
vt 0.875000 0.875000
vt 0.875000 0.375000
vt 0.875000 0.812500
vt 0.875000 0.312500
vt 0.875000 0.750000
vt 0.875000 0.250000
vt 0.875000 0.687500
vt 0.875000 0.187500
vt 0.843750 0.375000
vt 0.843750 0.312500
vt 0.843750 0.812500
vt 0.843750 0.750000
vt 0.843750 0.250000
vt 0.843750 0.687500
vt 0.843750 0.187500
vt 0.843750 0.625000
vt 0.843750 0.125000
vt 0.843750 0.562500
vt 0.843750 0.062500
vt 0.843750 0.500000
vt 0.859375 1.000000
vt 0.843750 0.937500
vt 0.859375 0.000000
vt 0.843750 0.437500
vt 0.843750 0.875000
vt 0.812500 0.125000
vt 0.812500 0.062500
vt 0.812500 0.562500
vt 0.812500 0.500000
vt 0.828125 1.000000
vt 0.812500 0.937500
vt 0.828125 0.000000
vt 0.812500 0.437500
vt 0.812500 0.875000
vt 0.812500 0.375000
vt 0.812500 0.812500
vt 0.812500 0.312500
vt 0.812500 0.750000
vt 0.812500 0.250000
vt 0.812500 0.687500
vt 0.812500 0.187500
vt 0.812500 0.625000
vt 0.781250 0.812500
vt 0.781250 0.750000
vt 0.781250 0.312500
vt 0.781250 0.250000
vt 0.781250 0.687500
vt 0.781250 0.187500
vt 0.781250 0.625000
vt 0.781250 0.125000
vt 0.781250 0.562500
vt 0.781250 0.062500
vt 0.781250 0.500000
vt 0.796875 1.000000
vt 0.781250 0.937500
vt 0.796875 0.000000
vt 0.781250 0.437500
vt 0.781250 0.875000
vt 0.781250 0.375000
vt 0.765625 1.000000
vt 0.765625 0.000000
s 1
f 2162/127/719 2161/128/719 1700/129/719 1701/130/719
f 1684/131/720 1683/132/720 1693/133/720 1694/134/720
f 2154/135/721 1762/136/721 1687/137/721
f 1988/138/722 2162/127/723 1701/130/722
f 1685/139/724 1684/131/724 1694/134/724 1695/140/724
f 2155/141/725 2154/135/725 1687/137/725 1688/142/725
f 2158/143/726 1685/139/726 1695/140/726 1696/144/726
f 1681/145/727 2155/141/727 1688/142/727 1689/146/727
f 1686/147/728 2158/143/728 1696/144/728 1697/148/728
f 2156/149/729 1681/145/729 1689/146/729 1690/150/729
f 2159/151/730 1686/147/730 1697/148/730 1698/152/730
f 1682/153/731 2156/149/731 1690/150/731 1691/154/731
f 2160/155/732 2159/151/732 1698/152/732 1699/156/732
f 2157/157/733 1682/153/733 1691/154/733 1692/158/733
f 2161/128/734 2160/155/734 1699/156/734 1700/129/734
f 1683/132/735 2157/157/735 1692/158/735 1693/133/735
f 1700/129/736 1699/156/736 1714/159/736 1715/160/736
f 1693/133/737 1692/158/737 1707/161/737 1708/162/737
f 1701/130/738 1700/129/738 1715/160/738 1716/163/738
f 1694/134/739 1693/133/739 1708/162/739 1709/164/739
f 1687/137/740 1762/165/740 1702/166/740
f 1988/167/722 1701/130/722 1716/163/741
f 1695/140/742 1694/134/742 1709/164/742 1710/168/742
f 1688/142/743 1687/137/743 1702/166/743 1703/169/743
f 1696/144/744 1695/140/744 1710/168/744 1711/170/744
f 1689/146/745 1688/142/745 1703/169/745 1704/171/745
f 1697/148/746 1696/144/746 1711/170/746 1712/172/746
f 1690/150/747 1689/146/747 1704/171/747 1705/173/747
f 1698/152/748 1697/148/748 1712/172/748 1713/174/748
f 1691/154/749 1690/150/749 1705/173/749 1706/175/749
f 1699/156/750 1698/152/750 1713/174/750 1714/159/750
f 1692/158/751 1691/154/751 1706/175/751 1707/161/751
f 1704/171/752 1703/169/752 1718/176/752 1719/177/752
f 1712/172/753 1711/170/753 1726/178/753 1727/179/753
f 1705/173/754 1704/171/754 1719/177/754 1720/180/754
f 1713/174/755 1712/172/755 1727/179/755 1728/181/755
f 1706/175/756 1705/173/756 1720/180/756 1721/182/756
f 1714/159/757 1713/174/757 1728/181/757 1729/183/757
f 1707/161/758 1706/175/758 1721/182/758 1722/184/758
f 1715/160/759 1714/159/759 1729/183/759 1730/185/759
f 1708/162/760 1707/161/760 1722/184/760 1723/186/760
f 1716/163/761 1715/160/761 1730/185/761 1731/187/761
f 1709/164/762 1708/162/762 1723/186/762 1724/188/762
f 1702/166/763 1762/189/763 1717/190/763
f 1988/191/764 1716/163/765 1731/187/764
f 1710/168/766 1709/164/766 1724/188/766 1725/192/766
f 1703/169/767 1702/166/767 1717/190/767 1718/176/767
f 1711/170/768 1710/168/768 1725/192/768 1726/178/768
f 1723/186/769 1722/184/769 1737/193/769 1738/194/769
f 1731/187/770 1730/185/770 1745/195/770 1746/196/770
f 1724/188/771 1723/186/771 1738/194/771 1739/197/771
f 1717/190/772 1762/198/772 1732/199/772
f 1988/200/764 1731/187/764 1746/196/773
f 1725/192/774 1724/188/774 1739/197/774 1740/201/774
f 1718/176/775 1717/190/775 1732/199/775 1733/202/775
f 1726/178/776 1725/192/776 1740/201/776 1741/203/776
f 1719/177/777 1718/176/777 1733/202/777 1734/204/777
f 1727/179/778 1726/178/778 1741/203/778 1742/205/778
f 1720/180/779 1719/177/779 1734/204/779 1735/206/779
f 1728/181/780 1727/179/780 1742/205/780 1743/207/780
f 1721/182/781 1720/180/781 1735/206/781 1736/208/781
f 1729/183/782 1728/181/782 1743/207/782 1744/209/782
f 1722/184/783 1721/182/783 1736/208/783 1737/193/783
f 1730/185/784 1729/183/784 1744/209/784 1745/195/784
f 1742/205/785 1741/203/785 1756/210/785 1757/211/785
f 1735/206/786 1734/204/786 1749/212/786 1750/213/786
f 1743/207/787 1742/205/787 1757/211/787 1758/214/787
f 1736/208/788 1735/206/788 1750/213/788 1751/215/788
f 1744/209/789 1743/207/789 1758/214/789 1759/216/789
f 1737/193/790 1736/208/790 1751/215/790 1752/217/790
f 1745/195/791 1744/209/791 1759/216/791 1760/218/791
f 1738/194/792 1737/193/792 1752/217/792 1753/219/792
f 1746/196/793 1745/195/793 1760/218/793 1761/220/793
f 1739/197/794 1738/194/794 1753/219/794 1754/221/794
f 1732/199/795 1762/222/795 1747/223/795
f 1988/224/796 1746/196/797 1761/220/796
f 1740/201/798 1739/197/798 1754/221/798 1755/225/798
f 1733/202/799 1732/199/799 1747/223/799 1748/226/799
f 1741/203/800 1740/201/800 1755/225/800 1756/210/800
f 1734/204/801 1733/202/801 1748/226/801 1749/212/801
f 1761/220/802 1760/218/802 1776/227/802 1777/228/802
f 1754/221/803 1753/219/803 1769/229/803 1770/230/803
f 1747/223/804 1762/231/804 1763/232/804
f 1988/233/796 1761/220/796 1777/228/805
f 1755/225/806 1754/221/806 1770/230/806 1771/234/806
f 1748/226/807 1747/223/807 1763/232/807 1764/235/807
f 1756/210/808 1755/225/808 1771/234/808 1772/236/808
f 1749/212/809 1748/226/809 1764/235/809 1765/237/809
f 1757/211/810 1756/210/810 1772/236/810 1773/238/810
f 1750/213/811 1749/212/811 1765/237/811 1766/239/811
f 1758/214/812 1757/211/812 1773/238/812 1774/240/812
f 1751/215/813 1750/213/813 1766/239/813 1767/241/813
f 1759/216/814 1758/214/814 1774/240/814 1775/242/814
f 1752/217/815 1751/215/815 1767/241/815 1768/243/815
f 1760/218/816 1759/216/816 1775/242/816 1776/227/816
f 1753/219/817 1752/217/817 1768/243/817 1769/229/817
f 1774/240/818 1773/238/818 1788/244/818 1789/245/818
f 1767/241/819 1766/239/819 1781/246/819 1782/247/819
f 1775/242/820 1774/240/820 1789/245/820 1790/248/820
f 1768/243/821 1767/241/821 1782/247/821 1783/249/821
f 1776/227/822 1775/242/822 1790/248/822 1791/250/822
f 1769/229/823 1768/243/823 1783/249/823 1784/251/823
f 1777/228/824 1776/227/824 1791/250/824 1792/252/824
f 1770/230/825 1769/229/825 1784/251/825 1785/253/825
f 1763/232/826 1762/254/826 1778/255/826
f 1988/256/827 1777/228/828 1792/252/827
f 1771/234/829 1770/230/829 1785/253/829 1786/257/829
f 1764/235/830 1763/232/830 1778/255/830 1779/258/830
f 1772/236/831 1771/234/831 1786/257/831 1787/259/831
f 1765/237/832 1764/235/832 1779/258/832 1780/260/832
f 1773/238/833 1772/236/833 1787/259/833 1788/244/833
f 1766/239/834 1765/237/834 1780/260/834 1781/246/834
f 1778/255/835 1762/261/835 1793/262/835
f 1988/263/827 1792/252/827 1807/264/836
f 1786/257/837 1785/253/837 1800/265/837 1801/266/837
f 1779/258/838 1778/255/838 1793/262/838 1794/267/838
f 1787/259/839 1786/257/839 1801/266/839 1802/268/839
f 1780/260/840 1779/258/840 1794/267/840 1795/269/840
f 1788/244/841 1787/259/841 1802/268/841 1803/270/841
f 1781/246/842 1780/260/842 1795/269/842 1796/271/842
f 1789/245/843 1788/244/843 1803/270/843 1804/272/843
f 1782/247/844 1781/246/844 1796/271/844 1797/273/844
f 1790/248/845 1789/245/845 1804/272/845 1805/274/845
f 1783/249/846 1782/247/846 1797/273/846 1798/275/846
f 1791/250/847 1790/248/847 1805/274/847 1806/276/847
f 1784/251/848 1783/249/848 1798/275/848 1799/277/848
f 1792/252/849 1791/250/849 1806/276/849 1807/264/849
f 1785/253/850 1784/251/850 1799/277/850 1800/265/850
f 1797/273/851 1796/271/851 1811/278/851 1812/279/851
f 1805/274/852 1804/272/852 1819/280/852 1820/281/852
f 1798/275/853 1797/273/853 1812/279/853 1813/282/853
f 1806/276/854 1805/274/854 1820/281/854 1821/283/854
f 1799/277/855 1798/275/855 1813/282/855 1814/284/855
f 1807/264/856 1806/276/856 1821/283/856 1822/285/856
f 1800/265/857 1799/277/857 1814/284/857 1815/286/857
f 1793/262/858 1762/287/858 1808/288/858
f 1988/289/859 1807/264/860 1822/285/859
f 1801/266/861 1800/265/861 1815/286/861 1816/290/861
f 1794/267/862 1793/262/862 1808/288/862 1809/291/862
f 1802/268/863 1801/266/863 1816/290/863 1817/292/863
f 1795/269/864 1794/267/864 1809/291/864 1810/293/864
f 1803/270/865 1802/268/865 1817/292/865 1818/294/865
f 1796/271/866 1795/269/866 1810/293/866 1811/278/866
f 1804/272/867 1803/270/867 1818/294/867 1819/280/867
f 1816/290/868 1815/286/868 1830/295/868 1831/296/868
f 1809/291/869 1808/288/869 1823/297/869 1824/298/869
f 1817/292/870 1816/290/870 1831/296/870 1832/299/870
f 1810/293/871 1809/291/871 1824/298/871 1825/300/871
f 1818/294/872 1817/292/872 1832/299/872 1833/301/872
f 1811/278/873 1810/293/873 1825/300/873 1826/302/873
f 1819/280/874 1818/294/874 1833/301/874 1834/303/874
f 1812/279/875 1811/278/875 1826/302/875 1827/304/875
f 1820/281/876 1819/280/876 1834/303/876 1835/305/876
f 1813/282/877 1812/279/877 1827/304/877 1828/306/877
f 1821/283/878 1820/281/878 1835/305/878 1836/307/878
f 1814/284/879 1813/282/879 1828/306/879 1829/308/879
f 1822/285/880 1821/283/880 1836/307/880 1837/309/880
f 1815/286/881 1814/284/881 1829/308/881 1830/295/881
f 1808/288/882 1762/310/882 1823/297/882
f 1988/311/859 1822/285/859 1837/309/883
f 1835/305/884 1834/303/884 1849/312/884 1850/313/884
f 1828/306/885 1827/304/885 1842/314/885 1843/315/885
f 1836/307/886 1835/305/886 1850/313/886 1851/316/886
f 1829/308/887 1828/306/887 1843/315/887 1844/317/887
f 1837/309/888 1836/307/888 1851/316/888 1852/318/888
f 1830/295/889 1829/308/889 1844/317/889 1845/319/889
f 1823/297/890 1762/320/890 1838/321/890
f 1988/322/891 1837/309/892 1852/318/891
f 1831/296/893 1830/295/893 1845/319/893 1846/323/893
f 1824/298/894 1823/297/894 1838/321/894 1839/324/894
f 1832/299/895 1831/296/895 1846/323/895 1847/325/895
f 1825/300/896 1824/298/896 1839/324/896 1840/326/896
f 1833/301/897 1832/299/897 1847/325/897 1848/327/897
f 1826/302/898 1825/300/898 1840/326/898 1841/328/898
f 1834/303/899 1833/301/899 1848/327/899 1849/312/899
f 1827/304/900 1826/302/900 1841/328/900 1842/314/900
f 1839/324/901 1838/321/901 1853/329/901 1854/330/901
f 1847/325/902 1846/323/902 1861/331/902 1862/332/902
f 1840/326/903 1839/324/903 1854/330/903 1855/333/903
f 1848/327/904 1847/325/904 1862/332/904 1863/334/904
f 1841/328/905 1840/326/905 1855/333/905 1856/335/905
f 1849/312/906 1848/327/906 1863/334/906 1864/336/906
f 1842/314/907 1841/328/907 1856/335/907 1857/337/907
f 1850/313/908 1849/312/908 1864/336/908 1865/338/908
f 1843/315/909 1842/314/909 1857/337/909 1858/339/909
f 1851/316/910 1850/313/910 1865/338/910 1866/340/910
f 1844/317/911 1843/315/911 1858/339/911 1859/341/911
f 1852/318/912 1851/316/912 1866/340/912 1867/342/912
f 1845/319/913 1844/317/913 1859/341/913 1860/343/913
f 1838/321/914 1762/344/914 1853/329/914
f 1988/345/891 1852/318/891 1867/342/915
f 1846/323/916 1845/319/916 1860/343/916 1861/331/916
f 1858/339/917 1857/337/917 1872/346/917 1873/347/917
f 1866/340/918 1865/338/918 1880/348/918 1881/349/918
f 1859/341/919 1858/339/919 1873/347/919 1874/350/919
f 1867/342/920 1866/340/920 1881/349/920 1882/351/920
f 1860/343/921 1859/341/921 1874/350/921 1875/352/921
f 1853/329/922 1762/353/922 1868/354/922
f 1988/355/923 1867/342/924 1882/351/923
f 1861/331/925 1860/343/925 1875/352/925 1876/356/925
f 1854/330/926 1853/329/926 1868/354/926 1869/357/926
f 1862/332/927 1861/331/927 1876/356/927 1877/358/927
f 1855/333/928 1854/330/928 1869/357/928 1870/359/928
f 1863/334/929 1862/332/929 1877/358/929 1878/360/929
f 1856/335/930 1855/333/930 1870/359/930 1871/361/930
f 1864/336/931 1863/334/931 1878/360/931 1879/362/931
f 1857/337/932 1856/335/932 1871/361/932 1872/346/932
f 1865/338/933 1864/336/933 1879/362/933 1880/348/933
f 1877/358/934 1876/356/934 1891/363/934 1892/364/934
f 1870/359/935 1869/357/935 1884/365/935 1885/366/935
f 1878/360/936 1877/358/936 1892/364/936 1893/367/936
f 1871/361/937 1870/359/937 1885/366/937 1886/368/937
f 1879/362/938 1878/360/938 1893/367/938 1894/369/938
f 1872/346/939 1871/361/939 1886/368/939 1887/370/939
f 1880/348/940 1879/362/940 1894/369/940 1895/371/940
f 1873/347/941 1872/346/941 1887/370/941 1888/372/941
f 1881/349/942 1880/348/942 1895/371/942 1896/373/942
f 1874/350/943 1873/347/943 1888/372/943 1889/374/943
f 1882/351/944 1881/349/944 1896/373/944 1897/375/944
f 1875/352/945 1874/350/945 1889/374/945 1890/376/945
f 1868/354/946 1762/377/946 1883/378/946
f 1988/379/923 1882/351/923 1897/375/947
f 1876/356/948 1875/352/948 1890/376/948 1891/363/948
f 1869/357/949 1868/354/949 1883/378/949 1884/365/949
f 1896/373/950 1895/371/950 1910/380/950 1911/381/950
f 1889/374/951 1888/372/951 1903/382/951 1904/383/951
f 1897/375/952 1896/373/952 1911/381/952 1912/384/952
f 1890/376/953 1889/374/953 1904/383/953 1905/385/953
f 1883/378/954 1762/386/954 1898/387/954
f 1988/388/955 1897/375/956 1912/384/955
f 1891/363/957 1890/376/957 1905/385/957 1906/389/957
f 1884/365/958 1883/378/958 1898/387/958 1899/390/958
f 1892/364/959 1891/363/959 1906/389/959 1907/391/959
f 1885/366/960 1884/365/960 1899/390/960 1900/392/960
f 1893/367/961 1892/364/961 1907/391/961 1908/393/961
f 1886/368/962 1885/366/962 1900/392/962 1901/394/962
f 1894/369/963 1893/367/963 1908/393/963 1909/395/963
f 1887/370/964 1886/368/964 1901/394/964 1902/396/964
f 1895/371/965 1894/369/965 1909/395/965 1910/380/965
f 1888/372/966 1887/370/966 1902/396/966 1903/382/966
f 1908/393/967 1907/391/967 1922/397/967 1923/398/967
f 1901/394/968 1900/392/968 1915/399/968 1916/400/968
f 1909/395/969 1908/393/969 1923/398/969 1924/401/969
f 1902/396/970 1901/394/970 1916/400/970 1917/402/970
f 1910/380/971 1909/395/971 1924/401/971 1925/403/971
f 1903/382/972 1902/396/972 1917/402/972 1918/404/972
f 1911/381/973 1910/380/973 1925/403/973 1926/405/973
f 1904/383/974 1903/382/974 1918/404/974 1919/406/974
f 1912/384/975 1911/381/975 1926/405/975 1927/407/975
f 1905/385/976 1904/383/976 1919/406/976 1920/408/976
f 1898/387/977 1762/409/977 1913/410/977
f 1988/411/955 1912/384/955 1927/407/978
f 1906/389/979 1905/385/979 1920/408/979 1921/412/979
f 1899/390/980 1898/387/980 1913/410/980 1914/413/980
f 1907/391/981 1906/389/981 1921/412/981 1922/397/981
f 1900/392/982 1899/390/982 1914/413/982 1915/399/982
f 1927/407/983 1926/405/983 1941/414/983 1942/415/983
f 1920/408/984 1919/406/984 1934/416/984 1935/417/984
f 1913/410/985 1762/418/985 1928/419/985
f 1988/420/986 1927/407/987 1942/415/986
f 1921/412/988 1920/408/988 1935/417/988 1936/421/988
f 1914/413/989 1913/410/989 1928/419/989 1929/422/989
f 1922/397/990 1921/412/990 1936/421/990 1937/423/990
f 1915/399/991 1914/413/991 1929/422/991 1930/424/991
f 1923/398/992 1922/397/992 1937/423/992 1938/425/992
f 1916/400/993 1915/399/993 1930/424/993 1931/426/993
f 1924/401/994 1923/398/994 1938/425/994 1939/427/994
f 1917/402/995 1916/400/995 1931/426/995 1932/428/995
f 1925/403/996 1924/401/996 1939/427/996 1940/429/996
f 1918/404/997 1917/402/997 1932/428/997 1933/430/997
f 1926/405/998 1925/403/998 1940/429/998 1941/414/998
f 1919/406/999 1918/404/999 1933/430/999 1934/416/999
f 1931/426/1000 1930/424/1000 1945/431/1000 1946/432/1000
f 1939/427/1001 1938/425/1001 1953/433/1001 1954/434/1001
f 1932/428/1002 1931/426/1002 1946/432/1002 1947/435/1002
f 1940/429/1003 1939/427/1003 1954/434/1003 1955/436/1003
f 1933/430/1004 1932/428/1004 1947/435/1004 1948/437/1004
f 1941/414/1005 1940/429/1005 1955/436/1005 1956/438/1005
f 1934/416/1006 1933/430/1006 1948/437/1006 1949/439/1006
f 1942/415/1007 1941/414/1007 1956/438/1007 1957/440/1007
f 1935/417/1008 1934/416/1008 1949/439/1008 1950/441/1008
f 1928/419/1009 1762/442/1009 1943/443/1009
f 1988/444/986 1942/415/986 1957/440/1010
f 1936/421/1011 1935/417/1011 1950/441/1011 1951/445/1011
f 1929/422/1012 1928/419/1012 1943/443/1012 1944/446/1012
f 1937/423/1013 1936/421/1013 1951/445/1013 1952/447/1013
f 1930/424/1014 1929/422/1014 1944/446/1014 1945/431/1014
f 1938/425/1015 1937/423/1015 1952/447/1015 1953/433/1015
f 1950/441/1016 1949/439/1016 1964/448/1016 1965/449/1016
f 1943/443/1017 1762/450/1017 1958/451/1017
f 1988/452/1018 1957/440/1019 1972/453/1018
f 1951/445/1020 1950/441/1020 1965/449/1020 1966/454/1020
f 1944/446/1021 1943/443/1021 1958/451/1021 1959/455/1021
f 1952/447/1022 1951/445/1022 1966/454/1022 1967/456/1022
f 1945/431/1023 1944/446/1023 1959/455/1023 1960/457/1023
f 1953/433/1024 1952/447/1024 1967/456/1024 1968/458/1024
f 1946/432/1025 1945/431/1025 1960/457/1025 1961/459/1025
f 1954/434/1026 1953/433/1026 1968/458/1026 1969/460/1026
f 1947/435/1027 1946/432/1027 1961/459/1027 1962/461/1027
f 1955/436/1028 1954/434/1028 1969/460/1028 1970/462/1028
f 1948/437/1029 1947/435/1029 1962/461/1029 1963/463/1029
f 1956/438/1030 1955/436/1030 1970/462/1030 1971/464/1030
f 1949/439/1031 1948/437/1031 1963/463/1031 1964/448/1031
f 1957/440/1032 1956/438/1032 1971/464/1032 1972/453/1032
f 1969/460/1033 1968/458/1033 1983/465/1033 1984/466/1033
f 1962/461/1034 1961/459/1034 1976/467/1034 1977/468/1034
f 1970/462/1035 1969/460/1035 1984/466/1035 1985/469/1035
f 1963/463/1036 1962/461/1036 1977/468/1036 1978/470/1036
f 1971/464/1037 1970/462/1037 1985/469/1037 1986/471/1037
f 1964/448/1038 1963/463/1038 1978/470/1038 1979/472/1038
f 1972/453/1039 1971/464/1039 1986/471/1039 1987/473/1039
f 1965/449/1040 1964/448/1040 1979/472/1040 1980/474/1040
f 1958/451/1041 1762/475/1041 1973/476/1041
f 1988/477/1018 1972/453/1018 1987/473/1042
f 1966/454/1043 1965/449/1043 1980/474/1043 1981/478/1043
f 1959/455/1044 1958/451/1044 1973/476/1044 1974/479/1044
f 1967/456/1045 1966/454/1045 1981/478/1045 1982/480/1045
f 1960/457/1046 1959/455/1046 1974/479/1046 1975/481/1046
f 1968/458/1047 1967/456/1047 1982/480/1047 1983/465/1047
f 1961/459/1048 1960/457/1048 1975/481/1048 1976/467/1048
f 1973/476/1049 1762/482/1049 1989/483/1049
f 1988/484/1050 1987/473/1051 2003/485/1050
f 1981/478/1052 1980/474/1052 1996/486/1052 1997/487/1052
f 1974/479/1053 1973/476/1053 1989/483/1053 1990/488/1053
f 1982/480/1054 1981/478/1054 1997/487/1054 1998/489/1054
f 1975/481/1055 1974/479/1055 1990/488/1055 1991/490/1055
f 1983/465/1056 1982/480/1056 1998/489/1056 1999/491/1056
f 1976/467/1057 1975/481/1057 1991/490/1057 1992/492/1057
f 1984/466/1058 1983/465/1058 1999/491/1058 2000/493/1058
f 1977/468/1059 1976/467/1059 1992/492/1059 1993/494/1059
f 1985/469/1060 1984/466/1060 2000/493/1060 2001/495/1060
f 1978/470/1061 1977/468/1061 1993/494/1061 1994/496/1061
f 1986/471/1062 1985/469/1062 2001/495/1062 2002/497/1062
f 1979/472/1063 1978/470/1063 1994/496/1063 1995/498/1063
f 1987/473/1064 1986/471/1064 2002/497/1064 2003/485/1064
f 1980/474/1065 1979/472/1065 1995/498/1065 1996/486/1065
f 1993/494/1066 1992/492/1066 2007/499/1066 2008/500/1066
f 2001/495/1067 2000/493/1067 2015/501/1067 2016/502/1067
f 1994/496/1068 1993/494/1068 2008/500/1068 2009/503/1068
f 2002/497/1069 2001/495/1069 2016/502/1069 2017/504/1069
f 1995/498/1070 1994/496/1070 2009/503/1070 2010/505/1070
f 2003/485/1071 2002/497/1071 2017/504/1071 2018/506/1071
f 1996/486/1072 1995/498/1072 2010/505/1072 2011/507/1072
f 1989/483/1073 1762/508/1073 2004/509/1073
f 1988/510/1050 2003/485/1050 2018/506/1074
f 1997/487/1075 1996/486/1075 2011/507/1075 2012/511/1075
f 1990/488/1076 1989/483/1076 2004/509/1076 2005/512/1076
f 1998/489/1077 1997/487/1077 2012/511/1077 2013/513/1077
f 1991/490/1078 1990/488/1078 2005/512/1078 2006/514/1078
f 1999/491/1079 1998/489/1079 2013/513/1079 2014/515/1079
f 1992/492/1080 1991/490/1080 2006/514/1080 2007/499/1080
f 2000/493/1081 1999/491/1081 2014/515/1081 2015/501/1081
f 2012/511/1082 2011/507/1082 2026/516/1082 2027/517/1082
f 2005/512/1083 2004/509/1083 2019/518/1083 2020/519/1083
f 2013/513/1084 2012/511/1084 2027/517/1084 2028/520/1084
f 2006/514/1085 2005/512/1085 2020/519/1085 2021/521/1085
f 2014/515/1086 2013/513/1086 2028/520/1086 2029/522/1086
f 2007/499/1087 2006/514/1087 2021/521/1087 2022/523/1087
f 2015/501/1088 2014/515/1088 2029/522/1088 2030/524/1088
f 2008/500/1089 2007/499/1089 2022/523/1089 2023/525/1089
f 2016/502/1090 2015/501/1090 2030/524/1090 2031/526/1090
f 2009/503/1091 2008/500/1091 2023/525/1091 2024/527/1091
f 2017/504/1092 2016/502/1092 2031/526/1092 2032/528/1092
f 2010/505/1093 2009/503/1093 2024/527/1093 2025/529/1093
f 2018/506/1094 2017/504/1094 2032/528/1094 2033/530/1094
f 2011/507/1095 2010/505/1095 2025/529/1095 2026/516/1095
f 2004/509/1096 1762/531/1096 2019/518/1096
f 1988/532/1097 2018/506/1098 2033/530/1097
f 2031/526/1099 2030/524/1099 2045/533/1099 2046/534/1099
f 2024/527/1100 2023/525/1100 2038/535/1100 2039/536/1100
f 2032/528/1101 2031/526/1101 2046/534/1101 2047/537/1101
f 2025/529/1102 2024/527/1102 2039/536/1102 2040/538/1102
f 2033/530/1103 2032/528/1103 2047/537/1103 2048/539/1103
f 2026/516/1104 2025/529/1104 2040/538/1104 2041/540/1104
f 2019/518/1105 1762/541/1105 2034/542/1105
f 1988/543/1097 2033/530/1097 2048/539/1106
f 2027/517/1107 2026/516/1107 2041/540/1107 2042/544/1107
f 2020/519/1108 2019/518/1108 2034/542/1108 2035/545/1108
f 2028/520/1109 2027/517/1109 2042/544/1109 2043/546/1109
f 2021/521/1110 2020/519/1110 2035/545/1110 2036/547/1110
f 2029/522/1111 2028/520/1111 2043/546/1111 2044/548/1111
f 2022/523/1112 2021/521/1112 2036/547/1112 2037/549/1112
f 2030/524/1113 2029/522/1113 2044/548/1113 2045/533/1113
f 2023/525/1114 2022/523/1114 2037/549/1114 2038/535/1114
f 2043/550/1115 2042/551/1115 2057/552/1115 2058/553/1115
f 2036/554/1116 2035/555/1116 2050/556/1116 2051/557/1116
f 2044/558/1117 2043/550/1117 2058/553/1117 2059/559/1117
f 2037/560/1118 2036/554/1118 2051/557/1118 2052/561/1118
f 2045/562/1119 2044/558/1119 2059/559/1119 2060/563/1119
f 2038/564/1120 2037/560/1120 2052/561/1120 2053/565/1120
f 2046/566/1121 2045/562/1121 2060/563/1121 2061/567/1121
f 2039/568/1122 2038/564/1122 2053/565/1122 2054/569/1122
f 2047/570/1123 2046/566/1123 2061/567/1123 2062/571/1123
f 2040/572/1124 2039/568/1124 2054/569/1124 2055/573/1124
f 2048/574/1125 2047/570/1125 2062/571/1125 2063/575/1125
f 2041/576/1126 2040/572/1126 2055/573/1126 2056/577/1126
f 2034/578/1127 1762/579/1127 2049/580/1127
f 1988/581/1128 2048/574/1129 2063/575/1128
f 2042/551/1130 2041/576/1130 2056/577/1130 2057/552/1130
f 2035/555/1131 2034/578/1131 2049/580/1131 2050/556/1131
f 2062/571/1132 2061/567/1132 2076/582/1132 2077/583/1132
f 2055/573/1133 2054/569/1133 2069/584/1133 2070/585/1133
f 2063/575/1134 2062/571/1134 2077/583/1134 2078/586/1134
f 2056/577/1135 2055/573/1135 2070/585/1135 2071/587/1135
f 2049/580/1136 1762/588/1136 2064/589/1136
f 1988/590/1128 2063/575/1128 2078/586/1137
f 2057/552/1138 2056/577/1138 2071/587/1138 2072/591/1138
f 2050/556/1139 2049/580/1139 2064/589/1139 2065/592/1139
f 2058/553/1140 2057/552/1140 2072/591/1140 2073/593/1140
f 2051/557/1141 2050/556/1141 2065/592/1141 2066/594/1141
f 2059/559/1142 2058/553/1142 2073/593/1142 2074/595/1142
f 2052/561/1143 2051/557/1143 2066/594/1143 2067/596/1143
f 2060/563/1144 2059/559/1144 2074/595/1144 2075/597/1144
f 2053/565/1145 2052/561/1145 2067/596/1145 2068/598/1145
f 2061/567/1146 2060/563/1146 2075/597/1146 2076/582/1146
f 2054/569/1147 2053/565/1147 2068/598/1147 2069/584/1147
f 2066/594/1148 2065/592/1148 2080/599/1148 2081/600/1148
f 2074/595/1149 2073/593/1149 2088/601/1149 2089/602/1149
f 2067/596/1150 2066/594/1150 2081/600/1150 2082/603/1150
f 2075/597/1151 2074/595/1151 2089/602/1151 2090/604/1151
f 2068/598/1152 2067/596/1152 2082/603/1152 2083/605/1152
f 2076/582/1153 2075/597/1153 2090/604/1153 2091/606/1153
f 2069/584/1154 2068/598/1154 2083/605/1154 2084/607/1154
f 2077/583/1155 2076/582/1155 2091/606/1155 2092/608/1155
f 2070/585/1156 2069/584/1156 2084/607/1156 2085/609/1156
f 2078/586/1157 2077/583/1157 2092/608/1157 2093/610/1157
f 2071/587/1158 2070/585/1158 2085/609/1158 2086/611/1158
f 2064/589/1159 1762/612/1159 2079/613/1159
f 1988/614/1160 2078/586/1161 2093/610/1160
f 2072/591/1162 2071/587/1162 2086/611/1162 2087/615/1162
f 2065/592/1163 2064/589/1163 2079/613/1163 2080/599/1163
f 2073/593/1164 2072/591/1164 2087/615/1164 2088/601/1164
f 2085/609/1165 2084/607/1165 2099/616/1165 2100/617/1165
f 2093/610/1166 2092/608/1166 2107/618/1166 2108/619/1166
f 2086/611/1167 2085/609/1167 2100/617/1167 2101/620/1167
f 2079/613/1168 1762/621/1168 2094/622/1168
f 1988/623/1160 2093/610/1160 2108/619/1169
f 2087/615/1170 2086/611/1170 2101/620/1170 2102/624/1170
f 2080/599/1171 2079/613/1171 2094/622/1171 2095/625/1171
f 2088/601/1172 2087/615/1172 2102/624/1172 2103/626/1172
f 2081/600/1173 2080/599/1173 2095/625/1173 2096/627/1173
f 2089/602/1174 2088/601/1174 2103/626/1174 2104/628/1174
f 2082/603/1175 2081/600/1175 2096/627/1175 2097/629/1175
f 2090/604/1176 2089/602/1176 2104/628/1176 2105/630/1176
f 2083/605/1177 2082/603/1177 2097/629/1177 2098/631/1177
f 2091/606/1178 2090/604/1178 2105/630/1178 2106/632/1178
f 2084/607/1179 2083/605/1179 2098/631/1179 2099/616/1179
f 2092/608/1180 2091/606/1180 2106/632/1180 2107/618/1180
f 2104/628/1181 2103/626/1181 2118/633/1181 2119/634/1181
f 2097/629/1182 2096/627/1182 2111/635/1182 2112/636/1182
f 2105/630/1183 2104/628/1183 2119/634/1183 2120/637/1183
f 2098/631/1184 2097/629/1184 2112/636/1184 2113/638/1184
f 2106/632/1185 2105/630/1185 2120/637/1185 2121/639/1185
f 2099/616/1186 2098/631/1186 2113/638/1186 2114/640/1186
f 2107/618/1187 2106/632/1187 2121/639/1187 2122/641/1187
f 2100/617/1188 2099/616/1188 2114/640/1188 2115/642/1188
f 2108/619/1189 2107/618/1189 2122/641/1189 2123/643/1189
f 2101/620/1190 2100/617/1190 2115/642/1190 2116/644/1190
f 2094/622/1191 1762/645/1191 2109/646/1191
f 1988/647/1192 2108/619/1193 2123/643/1192
f 2102/624/1194 2101/620/1194 2116/644/1194 2117/648/1194
f 2095/625/1195 2094/622/1195 2109/646/1195 2110/649/1195
f 2103/626/1196 2102/624/1196 2117/648/1196 2118/633/1196
f 2096/627/1197 2095/625/1197 2110/649/1197 2111/635/1197
f 2123/643/1198 2122/641/1198 2137/650/1198 2138/651/1198
f 2116/644/1199 2115/642/1199 2130/652/1199 2131/653/1199
f 2109/646/1200 1762/654/1200 2124/655/1200
f 1988/656/1192 2123/643/1192 2138/651/1201
f 2117/648/1202 2116/644/1202 2131/653/1202 2132/657/1202
f 2110/649/1203 2109/646/1203 2124/655/1203 2125/658/1203
f 2118/633/1204 2117/648/1204 2132/657/1204 2133/659/1204
f 2111/635/1205 2110/649/1205 2125/658/1205 2126/660/1205
f 2119/634/1206 2118/633/1206 2133/659/1206 2134/661/1206
f 2112/636/1207 2111/635/1207 2126/660/1207 2127/662/1207
f 2120/637/1208 2119/634/1208 2134/661/1208 2135/663/1208
f 2113/638/1209 2112/636/1209 2127/662/1209 2128/664/1209
f 2121/639/1210 2120/637/1210 2135/663/1210 2136/665/1210
f 2114/640/1211 2113/638/1211 2128/664/1211 2129/666/1211
f 2122/641/1212 2121/639/1212 2136/665/1212 2137/650/1212
f 2115/642/1213 2114/640/1213 2129/666/1213 2130/652/1213
f 2127/662/1214 2126/660/1214 2141/667/1214 2142/668/1214
f 2135/663/1215 2134/661/1215 2149/669/1215 2150/670/1215
f 2128/664/1216 2127/662/1216 2142/668/1216 2143/671/1216
f 2136/665/1217 2135/663/1217 2150/670/1217 2151/672/1217
f 2129/666/1218 2128/664/1218 2143/671/1218 2144/673/1218
f 2137/650/1219 2136/665/1219 2151/672/1219 2152/674/1219
f 2130/652/1220 2129/666/1220 2144/673/1220 2145/675/1220
f 2138/651/1221 2137/650/1221 2152/674/1221 2153/676/1221
f 2131/653/1222 2130/652/1222 2145/675/1222 2146/677/1222
f 2124/655/1223 1762/678/1223 2139/679/1223
f 1988/680/1224 2138/651/1225 2153/676/1224
f 2132/657/1226 2131/653/1226 2146/677/1226 2147/681/1226
f 2125/658/1227 2124/655/1227 2139/679/1227 2140/682/1227
f 2133/659/1228 2132/657/1228 2147/681/1228 2148/683/1228
f 2126/660/1229 2125/658/1229 2140/682/1229 2141/667/1229
f 2134/661/1230 2133/659/1230 2148/683/1230 2149/669/1230
f 2146/677/1231 2145/675/1231 1683/132/1231 1684/131/1231
f 2139/679/1232 1762/684/1232 2154/135/1232
f 1988/685/1224 2153/676/1224 2162/127/1233
f 2147/681/1234 2146/677/1234 1684/131/1234 1685/139/1234
f 2140/682/1235 2139/679/1235 2154/135/1235 2155/141/1235
f 2148/683/1236 2147/681/1236 1685/139/1236 2158/143/1236
f 2141/667/1237 2140/682/1237 2155/141/1237 1681/145/1237
f 2149/669/1238 2148/683/1238 2158/143/1238 1686/147/1238
f 2142/668/1239 2141/667/1239 1681/145/1239 2156/149/1239
f 2150/670/1240 2149/669/1240 1686/147/1240 2159/151/1240
f 2143/671/1241 2142/668/1241 2156/149/1241 1682/153/1241
f 2151/672/1242 2150/670/1242 2159/151/1242 2160/155/1242
f 2144/673/1243 2143/671/1243 1682/153/1243 2157/157/1243
f 2152/674/1244 2151/672/1244 2160/155/1244 2161/128/1244
f 2145/675/1245 2144/673/1245 2157/157/1245 1683/132/1245
f 2153/676/1246 2152/674/1246 2161/128/1246 2162/127/1246
