# Blender 4.4.1
# www.blender.org
mtllib tutorial.mtl
o 球
v -0.338491 1.073054 -1.422709
v -0.506588 0.889136 -1.641488
v -0.597561 0.648836 -1.759890
v -0.609268 0.518786 -1.775126
v -0.597561 0.388736 -1.759890
v -0.506588 0.148436 -1.641488
v -0.086398 1.354613 -1.157078
v -0.169475 1.134655 -1.325272
v -0.246041 1.073054 -1.480281
v -0.313150 0.990152 -1.616147
v -0.368225 0.889136 -1.727650
v -0.409150 0.773887 -1.810503
v -0.434352 0.648836 -1.861525
v -0.442862 0.518786 -1.878752
v -0.434352 0.388736 -1.861525
v -0.409150 0.263685 -1.810503
v -0.368225 0.148436 -1.727650
v -0.313150 0.047420 -1.616147
v -0.246041 -0.035482 -1.480281
v -0.169475 -0.097083 -1.325272
v -0.086398 -0.135017 -1.157078
v -0.050613 1.354613 -1.170573
v -0.099281 1.134655 -1.351743
v -0.144135 1.073054 -1.518710
v -0.183449 0.990152 -1.665057
v -0.215713 0.889136 -1.785163
v -0.239688 0.773887 -1.874408
v -0.254451 0.648836 -1.929365
v -0.259436 0.518786 -1.947922
v -0.254451 0.388736 -1.929365
v -0.239688 0.263685 -1.874408
v -0.215713 0.148436 -1.785163
v -0.183449 0.047420 -1.665057
v -0.144134 -0.035482 -1.518710
v -0.099281 -0.097083 -1.351743
v -0.050613 -0.135017 -1.170573
v -0.012884 1.354613 -1.176827
v -0.025272 1.134655 -1.364011
v -0.036691 1.073054 -1.536520
v -0.046698 0.990152 -1.687725
v -0.054911 0.889136 -1.811817
v -0.061014 0.773887 -1.904025
v -0.064772 0.648836 -1.960806
v -0.066040 0.518786 -1.979978
v -0.064772 0.388736 -1.960806
v -0.061014 0.263685 -1.904025
v -0.054911 0.148436 -1.811817
v -0.046698 0.047420 -1.687725
v -0.036690 -0.035482 -1.536520
v -0.025272 -0.097083 -1.364011
v -0.012884 -0.135017 -1.176826
v 0.025341 1.354613 -1.175600
v 0.049708 1.134655 -1.361603
v 0.072165 1.073054 -1.533025
v 0.091848 0.990152 -1.683278
v 0.108002 0.889136 -1.806588
v 0.120005 0.773887 -1.898214
v 0.127397 0.648836 -1.954638
v 0.129893 0.518786 -1.973691
v 0.127397 0.388736 -1.954638
v 0.120005 0.263685 -1.898214
v 0.108002 0.148436 -1.806588
v 0.091848 0.047420 -1.683278
v 0.072165 -0.035482 -1.533025
v 0.049708 -0.097083 -1.361603
v 0.025341 -0.135017 -1.175600
v 0.062592 1.354613 -1.166939
v 0.122778 1.134655 -1.344616
v 0.178246 1.073054 -1.508362
v 0.226865 0.990152 -1.651888
v 0.266764 0.889136 -1.769677
v 0.296413 0.773887 -1.857201
v 0.314670 0.648836 -1.911098
v 0.320835 0.518786 -1.929297
v 0.314670 0.388736 -1.911098
v 0.296413 0.263685 -1.857201
v 0.266764 0.148436 -1.769677
v 0.226865 0.047420 -1.651888
v 0.178247 -0.035482 -1.508362
v 0.122778 -0.097083 -1.344616
v 0.062592 -0.135017 -1.166939
v -0.040589 1.587910 -1.370982
v 0.097437 1.354613 -1.151178
v 0.191129 1.134655 -1.313698
v 0.277478 1.073054 -1.463477
v 0.353162 0.990152 -1.594760
v 0.415275 0.889136 -1.702502
v 0.461429 0.773887 -1.782560
v 0.489850 0.648836 -1.831860
v 0.499447 0.518786 -1.848506
v 0.489850 0.388736 -1.831860
v 0.461429 0.263685 -1.782560
v 0.415275 0.148436 -1.702502
v 0.353162 0.047420 -1.594760
v 0.277478 -0.035482 -1.463477
v 0.191129 -0.097083 -1.313698
v 0.097437 -0.135017 -1.151178
v 0.128539 1.354613 -1.128921
v 0.252137 1.134655 -1.270040
v 0.366046 1.073054 -1.400095
v 0.465888 0.990152 -1.514091
v 0.547826 0.889136 -1.607644
v 0.608712 0.773887 -1.677160
v 0.646206 0.648836 -1.719969
v 0.658865 0.518786 -1.734422
v 0.646206 0.388736 -1.719969
v 0.608712 0.263685 -1.677160
v 0.547826 0.148436 -1.607644
v 0.465888 0.047420 -1.514091
v 0.366046 -0.035482 -1.400095
v 0.252137 -0.097083 -1.270040
v 0.128539 -0.135017 -1.128921
v 0.154699 1.354613 -1.101024
v 0.303454 1.134655 -1.215319
v 0.440547 1.073054 -1.320653
v 0.560711 0.990152 -1.412980
v 0.659325 0.889136 -1.488750
v 0.732603 0.773887 -1.545052
v 0.777728 0.648836 -1.579723
v 0.792964 0.518786 -1.591430
v 0.777728 0.388736 -1.579723
v 0.732603 0.263685 -1.545052
v 0.659325 0.148436 -1.488750
v 0.560711 0.047420 -1.412980
v 0.440547 -0.035482 -1.320653
v 0.303454 -0.097083 -1.215319
v 0.154699 -0.135017 -1.101024
v 0.174916 1.354613 -1.068560
v 0.343110 1.134655 -1.151638
v 0.498118 1.073054 -1.228203
v 0.633985 0.990152 -1.295312
v 0.745487 0.889136 -1.350388
v 0.828341 0.773887 -1.391312
v 0.879363 0.648836 -1.416514
v 0.896590 0.518786 -1.425024
v 0.879363 0.388736 -1.416514
v 0.828341 0.263685 -1.391312
v 0.745487 0.148436 -1.350388
v 0.633985 0.047420 -1.295312
v 0.498118 -0.035482 -1.228203
v 0.343110 -0.097083 -1.151638
v 0.174916 -0.135017 -1.068560
v 0.188411 1.354613 -1.032776
v 0.369580 1.134655 -1.081443
v 0.536548 1.073054 -1.126297
v 0.682895 0.990152 -1.165611
v 0.803001 0.889136 -1.197875
v 0.892246 0.773887 -1.221850
v 0.947203 0.648836 -1.236613
v 0.965760 0.518786 -1.241598
v 0.947203 0.388736 -1.236613
v 0.892246 0.263685 -1.221850
v 0.803001 0.148436 -1.197875
v 0.682895 0.047420 -1.165611
v 0.536548 -0.035482 -1.126297
v 0.369580 -0.097083 -1.081443
v 0.188411 -0.135017 -1.032775
v 0.194664 1.354613 -0.995046
v 0.381849 1.134655 -1.007435
v 0.554357 1.073054 -1.018853
v 0.705563 0.990152 -1.028860
v 0.829654 0.889136 -1.037072
v 0.921863 0.773887 -1.043176
v 0.978644 0.648836 -1.046934
v 0.997816 0.518786 -1.048202
v 0.978644 0.388736 -1.046934
v 0.921863 0.263685 -1.043176
v 0.829654 0.148436 -1.037072
v 0.705563 0.047420 -1.028860
v 0.554357 -0.035482 -1.018853
v 0.381849 -0.097083 -1.007434
v 0.194664 -0.135017 -0.995046
v 0.193438 1.354613 -0.956821
v 0.379441 1.134655 -0.932454
v 0.550863 1.073054 -0.909998
v 0.701116 0.990152 -0.890314
v 0.824426 0.889136 -0.874160
v 0.916052 0.773887 -0.862157
v 0.972476 0.648836 -0.854765
v 0.991528 0.518786 -0.852269
v 0.972476 0.388736 -0.854765
v 0.916052 0.263685 -0.862157
v 0.824426 0.148436 -0.874160
v 0.701116 0.047420 -0.890314
v 0.550863 -0.035482 -0.909998
v 0.379441 -0.097083 -0.932454
v 0.193438 -0.135017 -0.956821
v 0.184777 1.354613 -0.919570
v 0.362453 1.134655 -0.859383
v 0.526200 1.073054 -0.803916
v 0.669725 0.990152 -0.755297
v 0.787514 0.889136 -0.715398
v 0.875039 0.773887 -0.685749
v 0.928936 0.648836 -0.667492
v 0.947135 0.518786 -0.661328
v 0.928936 0.388736 -0.667492
v 0.875039 0.263685 -0.685749
v 0.787515 0.148436 -0.715398
v 0.669726 0.047420 -0.755297
v 0.526200 -0.035482 -0.803916
v 0.362453 -0.097083 -0.859383
v 0.184777 -0.135017 -0.919570
v 0.169016 1.354613 -0.884725
v 0.331536 1.134655 -0.791033
v 0.481315 1.073054 -0.704684
v 0.612598 0.990152 -0.629000
v 0.720339 0.889136 -0.566887
v 0.800397 0.773887 -0.520734
v 0.849697 0.648836 -0.492312
v 0.866344 0.518786 -0.482715
v 0.849697 0.388736 -0.492312
v 0.800397 0.263685 -0.520734
v 0.720339 0.148436 -0.566887
v 0.612598 0.047420 -0.629000
v 0.481315 -0.035482 -0.704684
v 0.331536 -0.097083 -0.791033
v 0.169016 -0.135017 -0.884725
v 0.146759 1.354613 -0.853624
v 0.287878 1.134655 -0.730026
v 0.417933 1.073054 -0.616116
v 0.531929 0.990152 -0.516274
v 0.625482 0.889136 -0.434336
v 0.694998 0.773887 -0.373450
v 0.737806 0.648836 -0.335957
v 0.752260 0.518786 -0.323297
v 0.737806 0.388736 -0.335957
v 0.694998 0.263685 -0.373450
v 0.625482 0.148436 -0.434336
v 0.531929 0.047420 -0.516274
v 0.417933 -0.035482 -0.616116
v 0.287878 -0.097083 -0.730026
v 0.146759 -0.135017 -0.853623
v 0.118862 1.354613 -0.827463
v 0.233156 1.134655 -0.678708
v 0.338491 1.073054 -0.541615
v 0.430818 0.990152 -0.421451
v 0.506587 0.889136 -0.322837
v 0.562890 0.773887 -0.249559
v 0.597561 0.648836 -0.204435
v 0.609267 0.518786 -0.189199
v 0.597561 0.388736 -0.204435
v 0.562890 0.263685 -0.249559
v 0.506587 0.148436 -0.322837
v 0.430818 0.047420 -0.421451
v 0.338491 -0.035482 -0.541615
v 0.233157 -0.097083 -0.678708
v 0.118862 -0.135017 -0.827463
v 0.086398 1.354613 -0.807246
v 0.169475 1.134655 -0.639052
v 0.246041 1.073054 -0.484044
v 0.313150 0.990152 -0.348177
v 0.368225 0.889136 -0.236675
v 0.409150 0.773887 -0.153821
v 0.434351 0.648836 -0.102800
v 0.442861 0.518786 -0.085572
v 0.434351 0.388736 -0.102800
v 0.409150 0.263685 -0.153821
v 0.368225 0.148436 -0.236675
v 0.313150 0.047420 -0.348177
v 0.246041 -0.035482 -0.484044
v 0.169475 -0.097083 -0.639052
v 0.086398 -0.135017 -0.807246
v 0.050613 1.354613 -0.793752
v 0.099281 1.134655 -0.612582
v 0.144134 1.073054 -0.445614
v 0.183449 0.990152 -0.299267
v 0.215712 0.889136 -0.179162
v 0.239688 0.773887 -0.089917
v 0.254451 0.648836 -0.034959
v 0.259436 0.518786 -0.016402
v 0.254451 0.388736 -0.034959
v 0.239688 0.263685 -0.089916
v 0.215712 0.148436 -0.179162
v 0.183449 0.047420 -0.299267
v 0.144135 -0.035482 -0.445614
v 0.099281 -0.097083 -0.612582
v 0.050613 -0.135017 -0.793751
v 0.012884 1.354613 -0.787498
v 0.025272 1.134655 -0.600314
v 0.036690 1.073054 -0.427806
v 0.046698 0.990152 -0.276599
v 0.054910 0.889136 -0.152508
v 0.061014 0.773887 -0.060299
v 0.064772 0.648836 -0.003518
v 0.066040 0.518786 0.015654
v 0.064772 0.388736 -0.003518
v 0.061014 0.263685 -0.060299
v 0.054910 0.148436 -0.152508
v 0.046698 0.047420 -0.276599
v 0.036690 -0.035482 -0.427805
v 0.025272 -0.097083 -0.600314
v 0.012884 -0.135017 -0.787498
v -0.025341 1.354613 -0.788724
v -0.049708 1.134655 -0.602721
v -0.072165 1.073054 -0.431299
v -0.091848 0.990152 -0.281046
v -0.108003 0.889136 -0.157737
v -0.120005 0.773887 -0.066110
v -0.127397 0.648836 -0.009686
v -0.129893 0.518786 0.009365
v -0.127397 0.388736 -0.009686
v -0.120005 0.263685 -0.066110
v -0.108003 0.148436 -0.157737
v -0.091848 0.047420 -0.281046
v -0.072165 -0.035482 -0.431299
v -0.049708 -0.097083 -0.602721
v -0.025341 -0.135017 -0.788724
v 0.000000 -0.147826 -0.982162
v -0.062592 1.354613 -0.797385
v -0.122779 1.134655 -0.619709
v -0.178247 1.073054 -0.455962
v -0.226865 0.990152 -0.312437
v -0.266764 0.889136 -0.194649
v -0.296412 0.773887 -0.107124
v -0.314670 0.648836 -0.053226
v -0.320835 0.518786 -0.035028
v -0.314670 0.388736 -0.053226
v -0.296412 0.263685 -0.107124
v -0.266764 0.148436 -0.194649
v -0.226865 0.047420 -0.312437
v -0.178246 -0.035482 -0.455962
v -0.122779 -0.097083 -0.619709
v -0.062592 -0.135017 -0.797385
v -0.097437 1.354613 -0.813147
v -0.191129 1.134655 -0.650626
v -0.277478 1.073054 -0.500847
v -0.353162 0.990152 -0.369564
v -0.415275 0.889136 -0.261824
v -0.461429 0.773887 -0.181765
v -0.489850 0.648836 -0.132465
v -0.499447 0.518786 -0.115818
v -0.489850 0.388736 -0.132465
v -0.461429 0.263685 -0.181765
v -0.415275 0.148436 -0.261824
v -0.353162 0.047420 -0.369564
v -0.277478 -0.035482 -0.500847
v -0.191129 -0.097083 -0.650626
v -0.097437 -0.135017 -0.813146
v -0.128539 1.354613 -0.835403
v -0.252137 1.134655 -0.694284
v -0.366046 1.073054 -0.564229
v -0.465888 0.990152 -0.450233
v -0.547827 0.889136 -0.356681
v -0.608712 0.773887 -0.287164
v -0.646205 0.648836 -0.244357
v -0.658865 0.518786 -0.229902
v -0.646205 0.388736 -0.244357
v -0.608712 0.263685 -0.287164
v -0.547827 0.148436 -0.356681
v -0.465888 0.047420 -0.450233
v -0.366046 -0.035482 -0.564229
v -0.252137 -0.097083 -0.694284
v -0.128539 -0.135017 -0.835403
v -0.154699 1.354613 -0.863300
v -0.303454 1.134655 -0.749006
v -0.440547 1.073054 -0.643671
v -0.560711 0.990152 -0.551344
v -0.659325 0.889136 -0.475575
v -0.732603 0.773887 -0.419272
v -0.777728 0.648836 -0.384601
v -0.792964 0.518786 -0.372895
v -0.777728 0.388736 -0.384601
v -0.732603 0.263685 -0.419272
v -0.659325 0.148436 -0.475575
v -0.560711 0.047420 -0.551344
v -0.440547 -0.035482 -0.643671
v -0.303454 -0.097083 -0.749006
v -0.154699 -0.135017 -0.863300
v -0.174916 1.354613 -0.895764
v -0.343110 1.134655 -0.812687
v -0.498118 1.073054 -0.736121
v -0.633985 0.990152 -0.669012
v -0.745487 0.889136 -0.613937
v -0.828341 0.773887 -0.573012
v -0.879362 0.648836 -0.547811
v -0.896589 0.518786 -0.539302
v -0.879362 0.388736 -0.547811
v -0.828341 0.263685 -0.573012
v -0.745487 0.148436 -0.613937
v -0.633985 0.047420 -0.669012
v -0.498118 -0.035482 -0.736121
v -0.343110 -0.097083 -0.812687
v -0.174916 -0.135017 -0.895764
v -0.188411 1.354613 -0.931549
v -0.369580 1.134655 -0.882881
v -0.536547 1.073054 -0.838027
v -0.682895 0.990152 -0.798714
v -0.803000 0.889136 -0.766450
v -0.892246 0.773887 -0.742474
v -0.947203 0.648836 -0.727711
v -0.965759 0.518786 -0.722727
v -0.947203 0.388736 -0.727711
v -0.892246 0.263685 -0.742474
v -0.803000 0.148436 -0.766450
v -0.682895 0.047420 -0.798713
v -0.536547 -0.035482 -0.838027
v -0.369580 -0.097083 -0.882881
v -0.188411 -0.135017 -0.931549
v -0.194665 1.354613 -0.969278
v -0.381847 1.134655 -0.956890
v -0.554357 1.073054 -0.945472
v -0.705563 0.990152 -0.935464
v -0.829654 0.889136 -0.927252
v -0.921862 0.773887 -0.921149
v -0.978644 0.648836 -0.917391
v -0.997815 0.518786 -0.916122
v -0.978644 0.388736 -0.917391
v -0.921862 0.263685 -0.921149
v -0.829654 0.148436 -0.927252
v -0.705563 0.047420 -0.935464
v -0.554357 -0.035482 -0.945472
v -0.381847 -0.097083 -0.956890
v -0.194664 -0.135017 -0.969278
v -0.193438 1.354613 -1.007503
v -0.379441 1.134655 -1.031870
v -0.550863 1.073054 -1.054327
v -0.701116 0.990152 -1.074010
v -0.824425 0.889136 -1.090165
v -0.916052 0.773887 -1.102167
v -0.972475 0.648836 -1.109560
v -0.991527 0.518786 -1.112055
v -0.972475 0.388736 -1.109560
v -0.916052 0.263685 -1.102167
v -0.824425 0.148436 -1.090165
v -0.701116 0.047420 -1.074010
v -0.550863 -0.035482 -1.054327
v -0.379441 -0.097083 -1.031870
v -0.193438 -0.135017 -1.007503
v -0.184777 1.354613 -1.044754
v -0.362453 1.134655 -1.104941
v -0.526199 1.073054 -1.160408
v -0.669726 0.990152 -1.209027
v -0.787513 0.889136 -1.248926
v -0.875038 0.773887 -1.278574
v -0.928936 0.648836 -1.296832
v -0.947134 0.518786 -1.302997
v -0.928936 0.388736 -1.296832
v -0.875038 0.263685 -1.278574
v -0.787513 0.148436 -1.248926
v -0.669725 0.047420 -1.209027
v -0.526199 -0.035482 -1.160408
v -0.362453 -0.097083 -1.104941
v -0.184777 -0.135017 -1.044754
v -0.169016 1.354613 -1.079599
v -0.331535 1.134655 -1.173292
v -0.481314 1.073054 -1.259640
v -0.612598 0.990152 -1.335324
v -0.720338 0.889136 -1.397437
v -0.800397 0.773887 -1.443591
v -0.849697 0.648836 -1.472012
v -0.866344 0.518786 -1.481609
v -0.849697 0.388736 -1.472012
v -0.800397 0.263685 -1.443591
v -0.720338 0.148436 -1.397437
v -0.612598 0.047420 -1.335324
v -0.481314 -0.035482 -1.259639
v -0.331535 -0.097083 -1.173292
v -0.169016 -0.135017 -1.079599
v -0.146759 1.354613 -1.110701
v -0.287878 1.134655 -1.234299
v -0.417933 1.073054 -1.348208
v -0.531929 0.990152 -1.448050
v -0.625481 0.889136 -1.529989
v -0.694998 0.773887 -1.590874
v -0.737805 0.648836 -1.628367
v -0.752260 0.518786 -1.641027
v -0.737805 0.388736 -1.628367
v -0.694998 0.263685 -1.590874
v -0.625481 0.148436 -1.529989
v -0.531929 0.047420 -1.448050
v -0.417933 -0.035482 -1.348208
v -0.287878 -0.097083 -1.234299
v -0.146759 -0.135017 -1.110701
v -0.118862 1.354613 -1.136862
v -0.233157 1.134655 -1.285616
v -0.430818 0.990152 -1.542873
v -0.562890 0.773887 -1.714765
v -0.562890 0.263685 -1.714765
v -0.430818 0.047420 -1.542873
v -0.338491 -0.035482 -1.422709
v -0.233156 -0.097083 -1.285616
v -0.118862 -0.135017 -1.136861
vn -0.1053 -0.9800 -0.1690
vn -0.5230 0.1455 -0.8398
vn -0.4383 -0.5592 -0.7037
vn -0.0290 -0.9979 -0.0587
vn -0.0348 -0.9978 -0.0559
vn -0.5230 -0.1455 -0.8398
vn -0.4030 0.6471 -0.6472
vn -0.4815 -0.4125 -0.7733
vn -0.1782 0.9415 -0.2861
vn -0.4132 -0.6237 -0.6635
vn -0.2546 0.8763 -0.4089
vn -0.3342 -0.7747 -0.5368
vn -0.3342 0.7747 -0.5368
vn -0.2546 -0.8763 -0.4089
vn -0.4132 0.6237 -0.6635
vn -0.1782 -0.9415 -0.2861
vn -0.4815 0.4125 -0.7733
vn -0.1189 -0.9415 -0.3154
vn -0.3214 0.4125 -0.8523
vn -0.0703 -0.9800 -0.1863
vn -0.3491 0.1455 -0.9257
vn -0.2771 -0.6192 -0.7347
vn -0.0232 -0.9978 -0.0616
vn -0.3491 -0.1455 -0.9257
vn -0.2690 0.6471 -0.7134
vn -0.3214 -0.4125 -0.8523
vn -0.1189 0.9415 -0.3154
vn -0.2758 -0.6237 -0.7314
vn -0.1700 0.8763 -0.4507
vn -0.2231 -0.7747 -0.5916
vn -0.2231 0.7747 -0.5916
vn -0.1700 -0.8763 -0.4507
vn -0.2758 0.6237 -0.7314
vn -0.0551 0.9415 -0.3325
vn -0.1278 -0.6237 -0.7711
vn -0.0788 0.8763 -0.4752
vn -0.1034 -0.7747 -0.6238
vn -0.1034 0.7747 -0.6238
vn -0.0788 -0.8763 -0.4752
vn -0.1278 0.6237 -0.7711
vn -0.0551 -0.9415 -0.3325
vn -0.1490 0.4125 -0.8987
vn -0.0326 -0.9800 -0.1964
vn -0.1618 0.1455 -0.9760
vn -0.1252 -0.6434 -0.7552
vn -0.0043 -0.9979 -0.0654
vn -0.0108 -0.9978 -0.0649
vn -0.1618 -0.1455 -0.9760
vn -0.1247 0.6471 -0.7521
vn -0.1490 -0.4125 -0.8987
vn 0.0292 0.4125 -0.9105
vn 0.0064 -0.9800 -0.1990
vn 0.0317 0.1455 -0.9889
vn 0.0247 -0.6378 -0.7698
vn 0.0021 -0.9978 -0.0658
vn 0.0317 -0.1455 -0.9889
vn 0.0245 0.6471 -0.7620
vn 0.0292 -0.4125 -0.9105
vn 0.0108 0.9415 -0.3369
vn 0.0251 -0.6237 -0.7812
vn 0.0155 0.8763 -0.4815
vn 0.0203 -0.7747 -0.6320
vn 0.0203 0.7747 -0.6320
vn 0.0155 -0.8763 -0.4815
vn 0.0251 0.6237 -0.7812
vn 0.0108 -0.9415 -0.3369
vn 0.1770 -0.6237 -0.7613
vn 0.1091 0.8763 -0.4692
vn 0.1432 -0.7747 -0.6159
vn 0.1432 0.7747 -0.6159
vn 0.1091 -0.8763 -0.4692
vn 0.1770 0.6237 -0.7613
vn 0.0763 -0.9415 -0.3283
vn 0.2063 0.4125 -0.8873
vn 0.0451 -0.9800 -0.1940
vn 0.2240 0.1455 -0.9637
vn 0.1810 -0.6009 -0.7786
vn 0.0210 -0.9979 -0.0621
vn 0.0149 -0.9978 -0.0641
vn 0.2240 -0.1455 -0.9637
vn 0.1726 0.6471 -0.7426
vn 0.2063 -0.4125 -0.8873
vn 0.0763 0.9415 -0.3283
vn 0.0821 -0.9800 -0.1814
vn 0.4077 0.1455 -0.9014
vn 0.3511 -0.5236 -0.7762
vn 0.0271 -0.9978 -0.0600
vn 0.4077 -0.1455 -0.9014
vn 0.3142 0.6471 -0.6946
vn 0.3754 -0.4125 -0.8300
vn 0.1389 0.9415 -0.3071
vn 0.3221 -0.6237 -0.7122
vn 0.1985 0.8763 -0.4389
vn 0.2606 -0.7747 -0.5761
vn 0.2606 0.7747 -0.5761
vn 0.1985 -0.8763 -0.4389
vn 0.3221 0.6237 -0.7122
vn 0.1389 -0.9415 -0.3071
vn 0.3754 0.4125 -0.8300
vn 0.3680 -0.7747 -0.5142
vn 0.3680 0.7747 -0.5142
vn 0.2803 -0.8763 -0.3918
vn 0.4549 0.6237 -0.6356
vn 0.1962 -0.9415 -0.2741
vn 0.5301 0.4125 -0.7408
vn 0.1159 -0.9800 -0.1619
vn 0.5758 0.1455 -0.8046
vn 0.5362 -0.3887 -0.7493
vn 0.0432 -0.9979 -0.0493
vn 0.0383 -0.9978 -0.0535
vn 0.5758 -0.1455 -0.8046
vn 0.4437 0.6471 -0.6200
vn 0.5301 -0.4125 -0.7408
vn 0.1962 0.9415 -0.2741
vn 0.4549 -0.6237 -0.6356
vn 0.2803 0.8763 -0.3918
vn 0.7178 -0.1781 -0.6731
vn 0.0480 -0.9978 -0.0450
vn 0.7217 -0.1455 -0.6768
vn 0.5561 0.6471 -0.5215
vn 0.6645 -0.4125 -0.6231
vn 0.2459 0.9415 -0.2306
vn 0.5702 -0.6237 -0.5347
vn 0.3514 0.8763 -0.3295
vn 0.4612 -0.7747 -0.4325
vn 0.4612 0.7747 -0.4325
vn 0.3514 -0.8763 -0.3295
vn 0.5702 0.6237 -0.5347
vn 0.2459 -0.9415 -0.2306
vn 0.6645 0.4125 -0.6231
vn 0.1452 -0.9800 -0.1362
vn 0.7217 0.1455 -0.6768
vn 0.5368 0.7747 -0.3343
vn 0.4089 -0.8763 -0.2546
vn 0.6635 0.6237 -0.4132
vn 0.2861 -0.9415 -0.1782
vn 0.7733 0.4125 -0.4815
vn 0.1690 -0.9800 -0.1053
vn 0.8398 0.1455 -0.5230
vn 0.8447 0.0984 -0.5261
vn 0.0587 -0.9979 -0.0290
vn 0.0559 -0.9978 -0.0348
vn 0.8398 -0.1455 -0.5230
vn 0.6472 0.6471 -0.4030
vn 0.7733 -0.4125 -0.4815
vn 0.2861 0.9415 -0.1782
vn 0.6635 -0.6237 -0.4132
vn 0.4089 0.8763 -0.2546
vn 0.5368 -0.7747 -0.3343
vn 0.9257 -0.1455 -0.3491
vn 0.7134 0.6471 -0.2690
vn 0.8523 -0.4125 -0.3214
vn 0.3154 0.9415 -0.1189
vn 0.7314 -0.6237 -0.2758
vn 0.4507 0.8763 -0.1700
vn 0.5916 -0.7747 -0.2231
vn 0.5916 0.7747 -0.2231
vn 0.4507 -0.8763 -0.1700
vn 0.7314 0.6237 -0.2758
vn 0.3154 -0.9415 -0.1189
vn 0.8523 0.4125 -0.3214
vn 0.1863 -0.9800 -0.0703
vn 0.9257 0.1455 -0.3491
vn 0.8667 0.3769 -0.3268
vn 0.0616 -0.9978 -0.0232
vn 0.4752 -0.8763 -0.0788
vn 0.7711 0.6237 -0.1278
vn 0.3325 -0.9415 -0.0551
vn 0.8987 0.4125 -0.1490
vn 0.1964 -0.9800 -0.0326
vn 0.9760 0.1455 -0.1618
vn 0.7963 0.5903 -0.1320
vn 0.0654 -0.9979 -0.0043
vn 0.0649 -0.9978 -0.0108
vn 0.9760 -0.1455 -0.1618
vn 0.7521 0.6471 -0.1247
vn 0.8987 -0.4125 -0.1490
vn 0.3325 0.9415 -0.0551
vn 0.7711 -0.6237 -0.1278
vn 0.4752 0.8763 -0.0788
vn 0.6238 -0.7747 -0.1034
vn 0.6238 0.7747 -0.1034
vn 0.7620 0.6471 0.0245
vn 0.9105 -0.4125 0.0292
vn 0.3369 0.9415 0.0108
vn 0.7812 -0.6237 0.0251
vn 0.4815 0.8763 0.0155
vn 0.6320 -0.7747 0.0203
vn 0.6320 0.7747 0.0203
vn 0.4815 -0.8763 0.0155
vn 0.7812 0.6237 0.0251
vn 0.3369 -0.9415 0.0108
vn 0.9105 0.4125 0.0292
vn 0.1990 -0.9800 0.0064
vn 0.9889 0.1455 0.0317
vn 0.6860 0.7272 0.0220
vn 0.0658 -0.9978 0.0021
vn 0.9889 -0.1455 0.0317
vn 0.7613 0.6237 0.1770
vn 0.3283 -0.9415 0.0763
vn 0.8873 0.4125 0.2063
vn 0.1940 -0.9800 0.0451
vn 0.9637 0.1455 0.2240
vn 0.5718 0.8096 0.1329
vn 0.0621 -0.9979 0.0210
vn 0.0641 -0.9978 0.0149
vn 0.9637 -0.1455 0.2240
vn 0.7426 0.6471 0.1727
vn 0.8873 -0.4125 0.2063
vn 0.3283 0.9415 0.0763
vn 0.7613 -0.6237 0.1770
vn 0.4692 0.8763 0.1091
vn 0.6159 -0.7747 0.1432
vn 0.6159 0.7747 0.1432
vn 0.4692 -0.8763 0.1091
vn 0.8300 -0.4125 0.3754
vn 0.3071 0.9415 0.1389
vn 0.7122 -0.6237 0.3221
vn 0.4389 0.8763 0.1985
vn 0.5761 -0.7747 0.2606
vn 0.5761 0.7747 0.2606
vn 0.4389 -0.8763 0.1985
vn 0.7122 0.6237 0.3221
vn 0.3071 -0.9415 0.1389
vn 0.8300 0.4125 0.3754
vn 0.1814 -0.9800 0.0821
vn 0.9014 0.1455 0.4077
vn 0.4665 0.8590 0.2110
vn 0.0600 -0.9978 0.0271
vn 0.9014 -0.1455 0.4077
vn 0.6947 0.6471 0.3142
vn 0.2741 -0.9415 0.1962
vn 0.7408 0.4125 0.5301
vn 0.1619 -0.9800 0.1159
vn 0.8046 0.1455 0.5758
vn 0.3721 0.8892 0.2662
vn 0.0493 -0.9979 0.0432
vn 0.0535 -0.9978 0.0383
vn 0.8046 -0.1455 0.5758
vn 0.6200 0.6471 0.4437
vn 0.7408 -0.4125 0.5301
vn 0.2741 0.9415 0.1962
vn 0.6356 -0.6237 0.4549
vn 0.3918 0.8763 0.2803
vn 0.5142 -0.7747 0.3680
vn 0.5142 0.7747 0.3680
vn 0.3918 -0.8763 0.2803
vn 0.6356 0.6237 0.4549
vn 0.5347 -0.6237 0.5702
vn 0.3295 0.8763 0.3514
vn 0.4325 -0.7747 0.4612
vn 0.4325 0.7747 0.4612
vn 0.3295 -0.8763 0.3514
vn 0.5347 0.6237 0.5702
vn 0.2306 -0.9415 0.2459
vn 0.6231 0.4125 0.6645
vn 0.1362 -0.9800 0.1452
vn 0.6768 0.1455 0.7217
vn 0.2866 0.9080 0.3056
vn 0.0450 -0.9978 0.0480
vn 0.6768 -0.1455 0.7217
vn 0.5215 0.6471 0.5561
vn 0.6231 -0.4125 0.6645
vn 0.2306 0.9415 0.2459
vn 0.1053 -0.9800 0.1690
vn 0.5230 0.1455 0.8398
vn 0.2078 0.9195 0.3337
vn 0.0290 -0.9979 0.0587
vn 0.0348 -0.9978 0.0559
vn 0.5230 -0.1455 0.8398
vn 0.4030 0.6471 0.6472
vn 0.4815 -0.4125 0.7733
vn 0.1782 0.9415 0.2861
vn 0.4132 -0.6237 0.6635
vn 0.2546 0.8763 0.4089
vn 0.3343 -0.7747 0.5368
vn 0.3343 0.7747 0.5368
vn 0.2546 -0.8763 0.4089
vn 0.4132 0.6237 0.6635
vn 0.1782 -0.9415 0.2861
vn 0.4815 0.4125 0.7733
vn 0.1700 0.8763 0.4507
vn 0.2231 -0.7747 0.5916
vn 0.2231 0.7747 0.5916
vn 0.1700 -0.8763 0.4507
vn 0.2758 0.6237 0.7314
vn 0.1189 -0.9415 0.3154
vn 0.3214 0.4125 0.8524
vn 0.0703 -0.9800 0.1863
vn 0.3491 0.1455 0.9257
vn 0.1332 0.9260 0.3532
vn 0.0232 -0.9978 0.0616
vn 0.3491 -0.1455 0.9257
vn 0.2690 0.6471 0.7134
vn 0.3214 -0.4125 0.8524
vn 0.1189 0.9415 0.3154
vn 0.2758 -0.6237 0.7314
vn 0.1618 0.1455 0.9760
vn 0.0606 0.9287 0.3658
vn 0.0043 -0.9979 0.0654
vn 0.0108 -0.9978 0.0649
vn 0.1618 -0.1455 0.9760
vn 0.1247 0.6471 0.7521
vn 0.1490 -0.4125 0.8987
vn 0.0551 0.9415 0.3325
vn 0.1278 -0.6237 0.7711
vn 0.0788 0.8763 0.4752
vn 0.1034 -0.7747 0.6238
vn 0.1034 0.7747 0.6238
vn 0.0788 -0.8763 0.4752
vn 0.1278 0.6237 0.7711
vn 0.0551 -0.9415 0.3325
vn 0.1490 0.4125 0.8987
vn 0.0326 -0.9800 0.1964
vn -0.0203 -0.7747 0.6320
vn -0.0203 0.7747 0.6320
vn -0.0155 -0.8763 0.4815
vn -0.0251 0.6237 0.7812
vn -0.0108 -0.9415 0.3369
vn -0.0292 0.4125 0.9105
vn -0.0064 -0.9800 0.1990
vn -0.0317 0.1455 0.9889
vn -0.0119 0.9281 0.3722
vn -0.0021 -0.9978 0.0658
vn -0.0317 -0.1455 0.9889
vn -0.0245 0.6471 0.7620
vn -0.0292 -0.4125 0.9105
vn -0.0108 0.9415 0.3369
vn -0.0251 -0.6237 0.7812
vn -0.0155 0.8763 0.4815
vn -0.0866 0.9240 0.3725
vn -0.0210 -0.9979 0.0621
vn -0.0149 -0.9978 0.0641
vn -0.2240 -0.1455 0.9637
vn -0.1727 0.6471 0.7426
vn -0.2063 -0.4125 0.8873
vn -0.0763 0.9415 0.3283
vn -0.1770 -0.6237 0.7613
vn -0.1091 0.8763 0.4692
vn -0.1432 -0.7747 0.6159
vn -0.1432 0.7747 0.6159
vn -0.1091 -0.8763 0.4692
vn -0.1770 0.6237 0.7613
vn -0.0763 -0.9415 0.3283
vn -0.2063 0.4125 0.8873
vn -0.0451 -0.9800 0.1940
vn -0.2240 0.1455 0.9637
vn -0.2606 0.7747 0.5761
vn -0.1985 -0.8763 0.4389
vn -0.3221 0.6237 0.7122
vn -0.1389 -0.9415 0.3071
vn -0.3754 0.4125 0.8300
vn -0.0821 -0.9800 0.1814
vn -0.4077 0.1455 0.9014
vn -0.1656 0.9157 0.3661
vn -0.0271 -0.9978 0.0600
vn -0.4077 -0.1455 0.9014
vn -0.3142 0.6471 0.6947
vn -0.3754 -0.4125 0.8300
vn -0.1389 0.9415 0.3071
vn -0.3221 -0.6237 0.7122
vn -0.1985 0.8763 0.4389
vn -0.2606 -0.7747 0.5761
vn -0.5758 -0.1455 0.8046
vn -0.4437 0.6471 0.6200
vn -0.5301 -0.4125 0.7408
vn -0.1962 0.9415 0.2741
vn -0.4549 -0.6237 0.6356
vn -0.2803 0.8763 0.3918
vn -0.3680 -0.7747 0.5142
vn -0.3680 0.7747 0.5142
vn -0.2803 -0.8763 0.3918
vn -0.4549 0.6237 0.6356
vn -0.1962 -0.9415 0.2741
vn -0.5301 0.4125 0.7408
vn -0.1159 -0.9800 0.1619
vn -0.5758 0.1455 0.8046
vn -0.2515 0.9018 0.3515
vn -0.0432 -0.9979 0.0493
vn -0.0383 -0.9978 0.0535
vn -0.3514 -0.8763 0.3295
vn -0.5702 0.6237 0.5347
vn -0.2459 -0.9415 0.2306
vn -0.6645 0.4125 0.6231
vn -0.1452 -0.9800 0.1362
vn -0.7217 0.1455 0.6768
vn -0.3475 0.8792 0.3259
vn -0.0480 -0.9978 0.0450
vn -0.7217 -0.1455 0.6768
vn -0.5561 0.6471 0.5215
vn -0.6645 -0.4125 0.6231
vn -0.2459 0.9415 0.2306
vn -0.5702 -0.6237 0.5347
vn -0.3514 0.8763 0.3295
vn -0.4612 -0.7747 0.4325
vn -0.4612 0.7747 0.4325
vn -0.7733 -0.4125 0.4815
vn -0.2861 0.9415 0.1782
vn -0.6635 -0.6237 0.4132
vn -0.4089 0.8763 0.2546
vn -0.5368 -0.7747 0.3343
vn -0.5368 0.7747 0.3343
vn -0.4089 -0.8763 0.2546
vn -0.6635 0.6237 0.4132
vn -0.2861 -0.9415 0.1782
vn -0.7733 0.4125 0.4815
vn -0.1690 -0.9800 0.1053
vn -0.8398 0.1455 0.5230
vn -0.4569 0.8427 0.2846
vn -0.0587 -0.9979 0.0290
vn -0.0559 -0.9978 0.0348
vn -0.8398 -0.1455 0.5230
vn -0.6472 0.6471 0.4030
vn -0.3154 -0.9415 0.1189
vn -0.8524 0.4125 0.3214
vn -0.1863 -0.9800 0.0703
vn -0.9257 0.1455 0.3491
vn -0.5824 0.7827 0.2196
vn -0.0616 -0.9978 0.0232
vn -0.9257 -0.1455 0.3491
vn -0.7134 0.6471 0.2690
vn -0.8524 -0.4125 0.3214
vn -0.3154 0.9415 0.1189
vn -0.7314 -0.6237 0.2758
vn -0.4507 0.8763 0.1700
vn -0.5916 -0.7747 0.2231
vn -0.5916 0.7747 0.2231
vn -0.4507 -0.8763 0.1700
vn -0.7314 0.6237 0.2758
vn -0.3325 0.9415 0.0551
vn -0.7711 -0.6237 0.1278
vn -0.4752 0.8763 0.0788
vn -0.6238 -0.7747 0.1034
vn -0.6238 0.7747 0.1034
vn -0.4752 -0.8763 0.0788
vn -0.7711 0.6237 0.1278
vn -0.3325 -0.9415 0.0551
vn -0.8987 0.4125 0.1490
vn -0.1964 -0.9800 0.0326
vn -0.9760 0.1455 0.1618
vn -0.7213 0.6822 0.1196
vn -0.0654 -0.9979 0.0043
vn -0.0649 -0.9978 0.0108
vn -0.9760 -0.1455 0.1618
vn -0.7521 0.6471 0.1247
vn -0.8987 -0.4125 0.1490
vn -0.9105 0.4125 -0.0292
vn -0.1990 -0.9800 -0.0064
vn -0.9889 0.1455 -0.0317
vn -0.8552 0.5176 -0.0274
vn -0.0658 -0.9978 -0.0021
vn -0.9889 -0.1455 -0.0317
vn -0.7620 0.6471 -0.0245
vn -0.9105 -0.4125 -0.0292
vn -0.3369 0.9415 -0.0108
vn -0.7812 -0.6237 -0.0251
vn -0.4815 0.8763 -0.0155
vn -0.6320 -0.7747 -0.0203
vn -0.6320 0.7747 -0.0203
vn -0.4815 -0.8763 -0.0155
vn -0.7812 0.6237 -0.0251
vn -0.3369 -0.9415 -0.0108
vn -0.7613 -0.6237 -0.1770
vn -0.4692 0.8763 -0.1091
vn -0.6159 -0.7747 -0.1432
vn -0.6159 0.7747 -0.1432
vn -0.4692 -0.8763 -0.1091
vn -0.7613 0.6237 -0.1770
vn -0.3283 -0.9415 -0.0763
vn -0.8873 0.4125 -0.2063
vn -0.1940 -0.9800 -0.0451
vn -0.9637 0.1455 -0.2240
vn -0.9366 0.2744 -0.2178
vn -0.0621 -0.9979 -0.0210
vn -0.0641 -0.9978 -0.0149
vn -0.9637 -0.1455 -0.2240
vn -0.7426 0.6471 -0.1727
vn -0.8873 -0.4125 -0.2063
vn -0.3283 0.9415 -0.0763
vn -0.1814 -0.9800 -0.0821
vn -0.9014 0.1455 -0.4077
vn -0.9110 -0.0132 -0.4121
vn -0.0600 -0.9978 -0.0271
vn -0.9014 -0.1455 -0.4077
vn -0.6947 0.6471 -0.3142
vn -0.8300 -0.4125 -0.3754
vn -0.3071 0.9415 -0.1389
vn -0.7122 -0.6237 -0.3221
vn -0.4389 0.8763 -0.1985
vn -0.5761 -0.7747 -0.2606
vn -0.5761 0.7747 -0.2606
vn -0.4389 -0.8763 -0.1985
vn -0.7122 0.6237 -0.3221
vn -0.3071 -0.9415 -0.1389
vn -0.8300 0.4125 -0.3754
vn -0.3918 0.8763 -0.2803
vn -0.5142 -0.7747 -0.3680
vn -0.5142 0.7747 -0.3680
vn -0.3918 -0.8763 -0.2803
vn -0.6356 0.6237 -0.4549
vn -0.2741 -0.9415 -0.1962
vn -0.7408 0.4125 -0.5301
vn -0.1619 -0.9800 -0.1159
vn -0.8046 0.1455 -0.5758
vn -0.7833 -0.2689 -0.5605
vn -0.0493 -0.9979 -0.0432
vn -0.0535 -0.9978 -0.0383
vn -0.8046 -0.1455 -0.5758
vn -0.6200 0.6471 -0.4437
vn -0.7408 -0.4125 -0.5301
vn -0.2741 0.9415 -0.1962
vn -0.6356 -0.6237 -0.4549
vn -0.6768 0.1455 -0.7217
vn -0.6112 -0.4490 -0.6518
vn -0.0450 -0.9978 -0.0480
vn -0.6768 -0.1455 -0.7217
vn -0.5215 0.6471 -0.5561
vn -0.6231 -0.4125 -0.6645
vn -0.2306 0.9415 -0.2459
vn -0.5347 -0.6237 -0.5702
vn -0.3295 0.8763 -0.3514
vn -0.4325 -0.7747 -0.4612
vn -0.4325 0.7747 -0.4612
vn -0.3295 -0.8763 -0.3514
vn -0.5347 0.6237 -0.5702
vn -0.2306 -0.9415 -0.2459
vn -0.6231 0.4125 -0.6645
vn -0.1362 -0.9800 -0.1452
vt 0.750000 0.062500
vt 0.750000 0.125000
vt 0.718750 0.125000
vt 0.718750 0.062500
vt 0.750000 0.500000
vt 0.750000 0.562500
vt 0.718750 0.562500
vt 0.718750 0.500000
vt 0.750000 0.937500
vt 0.734375 1.000000
vt 0.718750 0.937500
vt 0.734375 0.000000
vt 0.750000 0.437500
vt 0.718750 0.437500
vt 0.750000 0.875000
vt 0.718750 0.875000
vt 0.750000 0.375000
vt 0.718750 0.375000
vt 0.750000 0.812500
vt 0.718750 0.812500
vt 0.750000 0.312500
vt 0.718750 0.312500
vt 0.750000 0.750000
vt 0.718750 0.750000
vt 0.750000 0.250000
vt 0.718750 0.250000
vt 0.750000 0.687500
vt 0.718750 0.687500
vt 0.750000 0.187500
vt 0.718750 0.187500
vt 0.750000 0.625000
vt 0.718750 0.625000
vt 0.687500 0.187500
vt 0.687500 0.125000
vt 0.687500 0.625000
vt 0.687500 0.562500
vt 0.687500 0.062500
vt 0.687500 0.500000
vt 0.703125 1.000000
vt 0.687500 0.937500
vt 0.703125 0.000000
vt 0.687500 0.437500
vt 0.687500 0.875000
vt 0.687500 0.375000
vt 0.687500 0.812500
vt 0.687500 0.312500
vt 0.687500 0.750000
vt 0.687500 0.250000
vt 0.687500 0.687500
vt 0.656250 0.875000
vt 0.656250 0.812500
vt 0.656250 0.375000
vt 0.656250 0.312500
vt 0.656250 0.750000
vt 0.656250 0.250000
vt 0.656250 0.687500
vt 0.656250 0.187500
vt 0.656250 0.625000
vt 0.656250 0.125000
vt 0.656250 0.562500
vt 0.656250 0.062500
vt 0.656250 0.500000
vt 0.671875 1.000000
vt 0.656250 0.937500
vt 0.671875 0.000000
vt 0.656250 0.437500
vt 0.625000 0.625000
vt 0.625000 0.562500
vt 0.625000 0.125000
vt 0.625000 0.062500
vt 0.625000 0.500000
vt 0.640625 1.000000
vt 0.625000 0.937500
vt 0.640625 0.000000
vt 0.625000 0.437500
vt 0.625000 0.875000
vt 0.625000 0.375000
vt 0.625000 0.812500
vt 0.625000 0.312500
vt 0.625000 0.750000
vt 0.625000 0.250000
vt 0.625000 0.687500
vt 0.625000 0.187500
vt 0.593750 0.375000
vt 0.593750 0.312500
vt 0.593750 0.812500
vt 0.593750 0.750000
vt 0.593750 0.250000
vt 0.593750 0.687500
vt 0.593750 0.187500
vt 0.593750 0.625000
vt 0.593750 0.125000
vt 0.593750 0.562500
vt 0.593750 0.062500
vt 0.593750 0.500000
vt 0.609375 1.000000
vt 0.593750 0.937500
vt 0.609375 0.000000
vt 0.593750 0.437500
vt 0.593750 0.875000
vt 0.562500 0.125000
vt 0.562500 0.062500
vt 0.562500 0.562500
vt 0.562500 0.500000
vt 0.578125 1.000000
vt 0.562500 0.937500
vt 0.578125 0.000000
vt 0.562500 0.437500
vt 0.562500 0.875000
vt 0.562500 0.375000
vt 0.562500 0.812500
vt 0.562500 0.312500
vt 0.562500 0.750000
vt 0.562500 0.250000
vt 0.562500 0.687500
vt 0.562500 0.187500
vt 0.562500 0.625000
vt 0.531250 0.312500
vt 0.531250 0.250000
vt 0.531250 0.750000
vt 0.531250 0.687500
vt 0.531250 0.187500
vt 0.531250 0.625000
vt 0.531250 0.125000
vt 0.531250 0.562500
vt 0.531250 0.062500
vt 0.531250 0.500000
vt 0.546875 1.000000
vt 0.531250 0.937500
vt 0.546875 0.000000
vt 0.531250 0.437500
vt 0.531250 0.875000
vt 0.531250 0.375000
vt 0.531250 0.812500
vt 0.515625 1.000000
vt 0.500000 0.937500
vt 0.515625 0.000000
vt 0.500000 0.062500
vt 0.500000 0.500000
vt 0.500000 0.437500
vt 0.500000 0.875000
vt 0.500000 0.375000
vt 0.500000 0.812500
vt 0.500000 0.312500
vt 0.500000 0.750000
vt 0.500000 0.250000
vt 0.500000 0.687500
vt 0.500000 0.187500
vt 0.500000 0.625000
vt 0.500000 0.125000
vt 0.500000 0.562500
vt 0.468750 0.750000
vt 0.468750 0.687500
vt 0.468750 0.250000
vt 0.468750 0.187500
vt 0.468750 0.625000
vt 0.468750 0.125000
vt 0.468750 0.562500
vt 0.468750 0.062500
vt 0.468750 0.500000
vt 0.484375 1.000000
vt 0.468750 0.937500
vt 0.484375 0.000000
vt 0.468750 0.437500
vt 0.468750 0.875000
vt 0.468750 0.375000
vt 0.468750 0.812500
vt 0.468750 0.312500
vt 0.437500 0.500000
vt 0.437500 0.437500
vt 0.437500 0.937500
vt 0.437500 0.875000
vt 0.437500 0.375000
vt 0.437500 0.812500
vt 0.437500 0.312500
vt 0.437500 0.750000
vt 0.437500 0.250000
vt 0.437500 0.687500
vt 0.437500 0.187500
vt 0.437500 0.625000
vt 0.437500 0.125000
vt 0.437500 0.562500
vt 0.437500 0.062500
vt 0.453125 1.000000
vt 0.453125 0.000000
vt 0.406250 0.250000
vt 0.406250 0.187500
vt 0.406250 0.687500
vt 0.406250 0.625000
vt 0.406250 0.125000
vt 0.406250 0.562500
vt 0.406250 0.062500
vt 0.406250 0.500000
vt 0.421875 1.000000
vt 0.406250 0.937500
vt 0.421875 0.000000
vt 0.406250 0.437500
vt 0.406250 0.875000
vt 0.406250 0.375000
vt 0.406250 0.812500
vt 0.406250 0.312500
vt 0.406250 0.750000
vt 0.375000 0.937500
vt 0.375000 0.875000
vt 0.375000 0.437500
vt 0.375000 0.375000
vt 0.375000 0.812500
vt 0.375000 0.312500
vt 0.375000 0.750000
vt 0.375000 0.250000
vt 0.375000 0.687500
vt 0.375000 0.187500
vt 0.375000 0.625000
vt 0.375000 0.125000
vt 0.375000 0.562500
vt 0.375000 0.062500
vt 0.375000 0.500000
vt 0.390625 1.000000
vt 0.390625 0.000000
vt 0.343750 0.687500
vt 0.343750 0.625000
vt 0.343750 0.187500
vt 0.343750 0.125000
vt 0.343750 0.562500
vt 0.343750 0.062500
vt 0.343750 0.500000
vt 0.359375 1.000000
vt 0.343750 0.937500
vt 0.359375 0.000000
vt 0.343750 0.437500
vt 0.343750 0.875000
vt 0.343750 0.375000
vt 0.343750 0.812500
vt 0.343750 0.312500
vt 0.343750 0.750000
vt 0.343750 0.250000
vt 0.312500 0.437500
vt 0.312500 0.375000
vt 0.312500 0.875000
vt 0.312500 0.812500
vt 0.312500 0.312500
vt 0.312500 0.750000
vt 0.312500 0.250000
vt 0.312500 0.687500
vt 0.312500 0.187500
vt 0.312500 0.625000
vt 0.312500 0.125000
vt 0.312500 0.562500
vt 0.312500 0.062500
vt 0.312500 0.500000
vt 0.328125 1.000000
vt 0.312500 0.937500
vt 0.328125 0.000000
vt 0.281250 0.187500
vt 0.281250 0.125000
vt 0.281250 0.625000
vt 0.281250 0.562500
vt 0.281250 0.062500
vt 0.281250 0.500000
vt 0.296875 1.000000
vt 0.281250 0.937500
vt 0.296875 0.000000
vt 0.281250 0.437500
vt 0.281250 0.875000
vt 0.281250 0.375000
vt 0.281250 0.812500
vt 0.281250 0.312500
vt 0.281250 0.750000
vt 0.281250 0.250000
vt 0.281250 0.687500
vt 0.250000 0.375000
vt 0.250000 0.312500
vt 0.250000 0.812500
vt 0.250000 0.750000
vt 0.250000 0.250000
vt 0.250000 0.687500
vt 0.250000 0.187500
vt 0.250000 0.625000
vt 0.250000 0.125000
vt 0.250000 0.562500
vt 0.250000 0.062500
vt 0.250000 0.500000
vt 0.265625 1.000000
vt 0.250000 0.937500
vt 0.265625 0.000000
vt 0.250000 0.437500
vt 0.250000 0.875000
vt 0.218750 0.125000
vt 0.218750 0.062500
vt 0.218750 0.562500
vt 0.218750 0.500000
vt 0.234375 1.000000
vt 0.218750 0.937500
vt 0.234375 0.000000
vt 0.218750 0.437500
vt 0.218750 0.875000
vt 0.218750 0.375000
vt 0.218750 0.812500
vt 0.218750 0.312500
vt 0.218750 0.750000
vt 0.218750 0.250000
vt 0.218750 0.687500
vt 0.218750 0.187500
vt 0.218750 0.625000
vt 0.187500 0.812500
vt 0.187500 0.750000
vt 0.187500 0.312500
vt 0.187500 0.250000
vt 0.187500 0.687500
vt 0.187500 0.187500
vt 0.187500 0.625000
vt 0.187500 0.125000
vt 0.187500 0.562500
vt 0.187500 0.062500
vt 0.187500 0.500000
vt 0.203125 1.000000
vt 0.187500 0.937500
vt 0.203125 0.000000
vt 0.187500 0.437500
vt 0.187500 0.875000
vt 0.187500 0.375000
vt 0.156250 0.562500
vt 0.156250 0.500000
vt 0.171875 1.000000
vt 0.156250 0.937500
vt 0.171875 0.000000
vt 0.156250 0.062500
vt 0.156250 0.437500
vt 0.156250 0.875000
vt 0.156250 0.375000
vt 0.156250 0.812500
vt 0.156250 0.312500
vt 0.156250 0.750000
vt 0.156250 0.250000
vt 0.156250 0.687500
vt 0.156250 0.187500
vt 0.156250 0.625000
vt 0.156250 0.125000
vt 0.125000 0.312500
vt 0.125000 0.250000
vt 0.125000 0.750000
vt 0.125000 0.687500
vt 0.125000 0.187500
vt 0.125000 0.625000
vt 0.125000 0.125000
vt 0.125000 0.562500
vt 0.125000 0.062500
vt 0.125000 0.500000
vt 0.140625 1.000000
vt 0.125000 0.937500
vt 0.140625 0.000000
vt 0.125000 0.437500
vt 0.125000 0.875000
vt 0.125000 0.375000
vt 0.125000 0.812500
vt 0.109375 1.000000
vt 0.093750 0.937500
vt 0.109375 0.000000
vt 0.093750 0.062500
vt 0.093750 0.500000
vt 0.093750 0.437500
vt 0.093750 0.875000
vt 0.093750 0.375000
vt 0.093750 0.812500
vt 0.093750 0.312500
vt 0.093750 0.750000
vt 0.093750 0.250000
vt 0.093750 0.687500
vt 0.093750 0.187500
vt 0.093750 0.625000
vt 0.093750 0.125000
vt 0.093750 0.562500
vt 0.062500 0.750000
vt 0.062500 0.687500
vt 0.062500 0.250000
vt 0.062500 0.187500
vt 0.062500 0.625000
vt 0.062500 0.125000
vt 0.062500 0.562500
vt 0.062500 0.062500
vt 0.062500 0.500000
vt 0.078125 1.000000
vt 0.062500 0.937500
vt 0.078125 0.000000
vt 0.062500 0.437500
vt 0.062500 0.875000
vt 0.062500 0.375000
vt 0.062500 0.812500
vt 0.062500 0.312500
vt 0.031250 0.500000
vt 0.031250 0.437500
vt 0.031250 0.937500
vt 0.031250 0.875000
vt 0.031250 0.375000
vt 0.031250 0.812500
vt 0.031250 0.312500
vt 0.031250 0.750000
vt 0.031250 0.250000
vt 0.031250 0.687500
vt 0.031250 0.187500
vt 0.031250 0.625000
vt 0.031250 0.125000
vt 0.031250 0.562500
vt 0.031250 0.062500
vt 0.046875 1.000000
vt 0.046875 0.000000
vt 0.000000 0.250000
vt 0.000000 0.187500
vt 0.000000 0.687500
vt 0.000000 0.625000
vt 0.000000 0.125000
vt 0.000000 0.562500
vt 0.000000 0.062500
vt 0.000000 0.500000
vt 0.015625 1.000000
vt 0.000000 0.937500
vt 0.015625 0.000000
vt 0.000000 0.437500
vt 0.000000 0.875000
vt 0.000000 0.375000
vt 0.000000 0.812500
vt 0.000000 0.312500
vt 0.000000 0.750000
vt 1.000000 0.375000
vt 1.000000 0.437500
vt 0.968750 0.437500
vt 0.968750 0.375000
vt 1.000000 0.812500
vt 1.000000 0.875000
vt 0.968750 0.875000
vt 0.968750 0.812500
vt 1.000000 0.312500
vt 0.968750 0.312500
vt 1.000000 0.750000
vt 0.968750 0.750000
vt 1.000000 0.250000
vt 0.968750 0.250000
vt 1.000000 0.687500
vt 0.968750 0.687500
vt 1.000000 0.187500
vt 0.968750 0.187500
vt 1.000000 0.625000
vt 0.968750 0.625000
vt 1.000000 0.125000
vt 0.968750 0.125000
vt 1.000000 0.562500
vt 0.968750 0.562500
vt 1.000000 0.062500
vt 0.968750 0.062500
vt 1.000000 0.500000
vt 0.968750 0.500000
vt 1.000000 0.937500
vt 0.984375 1.000000
vt 0.968750 0.937500
vt 0.984375 0.000000
vt 0.937500 0.187500
vt 0.937500 0.125000
vt 0.937500 0.625000
vt 0.937500 0.562500
vt 0.937500 0.062500
vt 0.937500 0.500000
vt 0.953125 1.000000
vt 0.937500 0.937500
vt 0.953125 0.000000
vt 0.937500 0.437500
vt 0.937500 0.875000
vt 0.937500 0.375000
vt 0.937500 0.812500
vt 0.937500 0.312500
vt 0.937500 0.750000
vt 0.937500 0.250000
vt 0.937500 0.687500
vt 0.906250 0.875000
vt 0.906250 0.812500
vt 0.906250 0.375000
vt 0.906250 0.312500
vt 0.906250 0.750000
vt 0.906250 0.250000
vt 0.906250 0.687500
vt 0.906250 0.187500
vt 0.906250 0.625000
vt 0.906250 0.125000
vt 0.906250 0.562500
vt 0.906250 0.062500
vt 0.906250 0.500000
vt 0.921875 1.000000
vt 0.906250 0.937500
vt 0.921875 0.000000
vt 0.906250 0.437500
vt 0.875000 0.625000
vt 0.875000 0.562500
vt 0.875000 0.125000
vt 0.875000 0.062500
vt 0.875000 0.500000
vt 0.890625 1.000000
vt 0.875000 0.937500
vt 0.890625 0.000000
vt 0.875000 0.437500
vt 0.875000 0.875000
vt 0.875000 0.375000
vt 0.875000 0.812500
vt 0.875000 0.312500
vt 0.875000 0.750000
vt 0.875000 0.250000
vt 0.875000 0.687500
vt 0.875000 0.187500
vt 0.843750 0.375000
vt 0.843750 0.312500
vt 0.843750 0.812500
vt 0.843750 0.750000
vt 0.843750 0.250000
vt 0.843750 0.687500
vt 0.843750 0.187500
vt 0.843750 0.625000
vt 0.843750 0.125000
vt 0.843750 0.562500
vt 0.843750 0.062500
vt 0.843750 0.500000
vt 0.859375 1.000000
vt 0.843750 0.937500
vt 0.859375 0.000000
vt 0.843750 0.437500
vt 0.843750 0.875000
vt 0.812500 0.125000
vt 0.812500 0.062500
vt 0.812500 0.562500
vt 0.812500 0.500000
vt 0.828125 1.000000
vt 0.812500 0.937500
vt 0.828125 0.000000
vt 0.812500 0.437500
vt 0.812500 0.875000
vt 0.812500 0.375000
vt 0.812500 0.812500
vt 0.812500 0.312500
vt 0.812500 0.750000
vt 0.812500 0.250000
vt 0.812500 0.687500
vt 0.812500 0.187500
vt 0.812500 0.625000
vt 0.781250 0.812500
vt 0.781250 0.750000
vt 0.781250 0.312500
vt 0.781250 0.250000
vt 0.781250 0.687500
vt 0.781250 0.187500
vt 0.781250 0.625000
vt 0.781250 0.125000
vt 0.781250 0.562500
vt 0.781250 0.062500
vt 0.781250 0.500000
vt 0.796875 1.000000
vt 0.781250 0.937500
vt 0.796875 0.000000
vt 0.781250 0.437500
vt 0.781250 0.875000
vt 0.781250 0.375000
vt 0.765625 1.000000
vt 0.765625 0.000000
s 1
usemtl マテリアル.002
f 482/1/1 481/2/1 20/3/1 21/4/1
f 4/5/2 3/6/2 13/7/2 14/8/2
f 474/9/3 82/10/3 7/11/3
f 308/12/4 482/1/5 21/4/4
f 5/13/6 4/5/6 14/8/6 15/14/6
f 475/15/7 474/9/7 7/11/7 8/16/7
f 478/17/8 5/13/8 15/14/8 16/18/8
f 1/19/9 475/15/9 8/16/9 9/20/9
f 6/21/10 478/17/10 16/18/10 17/22/10
f 476/23/11 1/19/11 9/20/11 10/24/11
f 479/25/12 6/21/12 17/22/12 18/26/12
f 2/27/13 476/23/13 10/24/13 11/28/13
f 480/29/14 479/25/14 18/26/14 19/30/14
f 477/31/15 2/27/15 11/28/15 12/32/15
f 481/2/16 480/29/16 19/30/16 20/3/16
f 3/6/17 477/31/17 12/32/17 13/7/17
f 20/3/18 19/30/18 34/33/18 35/34/18
f 13/7/19 12/32/19 27/35/19 28/36/19
f 21/4/20 20/3/20 35/34/20 36/37/20
f 14/8/21 13/7/21 28/36/21 29/38/21
f 7/11/22 82/39/22 22/40/22
f 308/41/4 21/4/4 36/37/23
f 15/14/24 14/8/24 29/38/24 30/42/24
f 8/16/25 7/11/25 22/40/25 23/43/25
f 16/18/26 15/14/26 30/42/26 31/44/26
f 9/20/27 8/16/27 23/43/27 24/45/27
f 17/22/28 16/18/28 31/44/28 32/46/28
f 10/24/29 9/20/29 24/45/29 25/47/29
f 18/26/30 17/22/30 32/46/30 33/48/30
f 11/28/31 10/24/31 25/47/31 26/49/31
f 19/30/32 18/26/32 33/48/32 34/33/32
f 12/32/33 11/28/33 26/49/33 27/35/33
f 24/45/34 23/43/34 38/50/34 39/51/34
f 32/46/35 31/44/35 46/52/35 47/53/35
f 25/47/36 24/45/36 39/51/36 40/54/36
f 33/48/37 32/46/37 47/53/37 48/55/37
f 26/49/38 25/47/38 40/54/38 41/56/38
f 34/33/39 33/48/39 48/55/39 49/57/39
f 27/35/40 26/49/40 41/56/40 42/58/40
f 35/34/41 34/33/41 49/57/41 50/59/41
f 28/36/42 27/35/42 42/58/42 43/60/42
f 36/37/43 35/34/43 50/59/43 51/61/43
f 29/38/44 28/36/44 43/60/44 44/62/44
f 22/40/45 82/63/45 37/64/45
f 308/65/46 36/37/47 51/61/46
f 30/42/48 29/38/48 44/62/48 45/66/48
f 23/43/49 22/40/49 37/64/49 38/50/49
f 31/44/50 30/42/50 45/66/50 46/52/50
f 43/60/51 42/58/51 57/67/51 58/68/51
f 51/61/52 50/59/52 65/69/52 66/70/52
f 44/62/53 43/60/53 58/68/53 59/71/53
f 37/64/54 82/72/54 52/73/54
f 308/74/46 51/61/46 66/70/55
f 45/66/56 44/62/56 59/71/56 60/75/56
f 38/50/57 37/64/57 52/73/57 53/76/57
f 46/52/58 45/66/58 60/75/58 61/77/58
f 39/51/59 38/50/59 53/76/59 54/78/59
f 47/53/60 46/52/60 61/77/60 62/79/60
f 40/54/61 39/51/61 54/78/61 55/80/61
f 48/55/62 47/53/62 62/79/62 63/81/62
f 41/56/63 40/54/63 55/80/63 56/82/63
f 49/57/64 48/55/64 63/81/64 64/83/64
f 42/58/65 41/56/65 56/82/65 57/67/65
f 50/59/66 49/57/66 64/83/66 65/69/66
f 62/79/67 61/77/67 76/84/67 77/85/67
f 55/80/68 54/78/68 69/86/68 70/87/68
f 63/81/69 62/79/69 77/85/69 78/88/69
f 56/82/70 55/80/70 70/87/70 71/89/70
f 64/83/71 63/81/71 78/88/71 79/90/71
f 57/67/72 56/82/72 71/89/72 72/91/72
f 65/69/73 64/83/73 79/90/73 80/92/73
f 58/68/74 57/67/74 72/91/74 73/93/74
f 66/70/75 65/69/75 80/92/75 81/94/75
f 59/71/76 58/68/76 73/93/76 74/95/76
f 52/73/77 82/96/77 67/97/77
f 308/98/78 66/70/79 81/94/78
f 60/75/80 59/71/80 74/95/80 75/99/80
f 53/76/81 52/73/81 67/97/81 68/100/81
f 61/77/82 60/75/82 75/99/82 76/84/82
f 54/78/83 53/76/83 68/100/83 69/86/83
f 81/94/84 80/92/84 96/101/84 97/102/84
f 74/95/85 73/93/85 89/103/85 90/104/85
f 67/97/86 82/105/86 83/106/86
f 308/107/78 81/94/78 97/102/87
f 75/99/88 74/95/88 90/104/88 91/108/88
f 68/100/89 67/97/89 83/106/89 84/109/89
f 76/84/90 75/99/90 91/108/90 92/110/90
f 69/86/91 68/100/91 84/109/91 85/111/91
f 77/85/92 76/84/92 92/110/92 93/112/92
f 70/87/93 69/86/93 85/111/93 86/113/93
f 78/88/94 77/85/94 93/112/94 94/114/94
f 71/89/95 70/87/95 86/113/95 87/115/95
f 79/90/96 78/88/96 94/114/96 95/116/96
f 72/91/97 71/89/97 87/115/97 88/117/97
f 80/92/98 79/90/98 95/116/98 96/101/98
f 73/93/99 72/91/99 88/117/99 89/103/99
f 94/114/100 93/112/100 108/118/100 109/119/100
f 87/115/101 86/113/101 101/120/101 102/121/101
f 95/116/102 94/114/102 109/119/102 110/122/102
f 88/117/103 87/115/103 102/121/103 103/123/103
f 96/101/104 95/116/104 110/122/104 111/124/104
f 89/103/105 88/117/105 103/123/105 104/125/105
f 97/102/106 96/101/106 111/124/106 112/126/106
f 90/104/107 89/103/107 104/125/107 105/127/107
f 83/106/108 82/128/108 98/129/108
f 308/130/109 97/102/110 112/126/109
f 91/108/111 90/104/111 105/127/111 106/131/111
f 84/109/112 83/106/112 98/129/112 99/132/112
f 92/110/113 91/108/113 106/131/113 107/133/113
f 85/111/114 84/109/114 99/132/114 100/134/114
f 93/112/115 92/110/115 107/133/115 108/118/115
f 86/113/116 85/111/116 100/134/116 101/120/116
f 98/129/117 82/135/117 113/136/117
f 308/137/109 112/126/109 127/138/118
f 106/131/119 105/127/119 120/139/119 121/140/119
f 99/132/120 98/129/120 113/136/120 114/141/120
f 107/133/121 106/131/121 121/140/121 122/142/121
f 100/134/122 99/132/122 114/141/122 115/143/122
f 108/118/123 107/133/123 122/142/123 123/144/123
f 101/120/124 100/134/124 115/143/124 116/145/124
f 109/119/125 108/118/125 123/144/125 124/146/125
f 102/121/126 101/120/126 116/145/126 117/147/126
f 110/122/127 109/119/127 124/146/127 125/148/127
f 103/123/128 102/121/128 117/147/128 118/149/128
f 111/124/129 110/122/129 125/148/129 126/150/129
f 104/125/130 103/123/130 118/149/130 119/151/130
f 112/126/131 111/124/131 126/150/131 127/138/131
f 105/127/132 104/125/132 119/151/132 120/139/132
f 117/147/133 116/145/133 131/152/133 132/153/133
f 125/148/134 124/146/134 139/154/134 140/155/134
f 118/149/135 117/147/135 132/153/135 133/156/135
f 126/150/136 125/148/136 140/155/136 141/157/136
f 119/151/137 118/149/137 133/156/137 134/158/137
f 127/138/138 126/150/138 141/157/138 142/159/138
f 120/139/139 119/151/139 134/158/139 135/160/139
f 113/136/140 82/161/140 128/162/140
f 308/163/141 127/138/142 142/159/141
f 121/140/143 120/139/143 135/160/143 136/164/143
f 114/141/144 113/136/144 128/162/144 129/165/144
f 122/142/145 121/140/145 136/164/145 137/166/145
f 115/143/146 114/141/146 129/165/146 130/167/146
f 123/144/147 122/142/147 137/166/147 138/168/147
f 116/145/148 115/143/148 130/167/148 131/152/148
f 124/146/149 123/144/149 138/168/149 139/154/149
f 136/164/150 135/160/150 150/169/150 151/170/150
f 129/165/151 128/162/151 143/171/151 144/172/151
f 137/166/152 136/164/152 151/170/152 152/173/152
f 130/167/153 129/165/153 144/172/153 145/174/153
f 138/168/154 137/166/154 152/173/154 153/175/154
f 131/152/155 130/167/155 145/174/155 146/176/155
f 139/154/156 138/168/156 153/175/156 154/177/156
f 132/153/157 131/152/157 146/176/157 147/178/157
f 140/155/158 139/154/158 154/177/158 155/179/158
f 133/156/159 132/153/159 147/178/159 148/180/159
f 141/157/160 140/155/160 155/179/160 156/181/160
f 134/158/161 133/156/161 148/180/161 149/182/161
f 142/159/162 141/157/162 156/181/162 157/183/162
f 135/160/163 134/158/163 149/182/163 150/169/163
f 128/162/164 82/184/164 143/171/164
f 308/185/141 142/159/141 157/183/165
f 155/179/166 154/177/166 169/186/166 170/187/166
f 148/180/167 147/178/167 162/188/167 163/189/167
f 156/181/168 155/179/168 170/187/168 171/190/168
f 149/182/169 148/180/169 163/189/169 164/191/169
f 157/183/170 156/181/170 171/190/170 172/192/170
f 150/169/171 149/182/171 164/191/171 165/193/171
f 143/171/172 82/194/172 158/195/172
f 308/196/173 157/183/174 172/192/173
f 151/170/175 150/169/175 165/193/175 166/197/175
f 144/172/176 143/171/176 158/195/176 159/198/176
f 152/173/177 151/170/177 166/197/177 167/199/177
f 145/174/178 144/172/178 159/198/178 160/200/178
f 153/175/179 152/173/179 167/199/179 168/201/179
f 146/176/180 145/174/180 160/200/180 161/202/180
f 154/177/181 153/175/181 168/201/181 169/186/181
f 147/178/182 146/176/182 161/202/182 162/188/182
f 159/198/183 158/195/183 173/203/183 174/204/183
f 167/199/184 166/197/184 181/205/184 182/206/184
f 160/200/185 159/198/185 174/204/185 175/207/185
f 168/201/186 167/199/186 182/206/186 183/208/186
f 161/202/187 160/200/187 175/207/187 176/209/187
f 169/186/188 168/201/188 183/208/188 184/210/188
f 162/188/189 161/202/189 176/209/189 177/211/189
f 170/187/190 169/186/190 184/210/190 185/212/190
f 163/189/191 162/188/191 177/211/191 178/213/191
f 171/190/192 170/187/192 185/212/192 186/214/192
f 164/191/193 163/189/193 178/213/193 179/215/193
f 172/192/194 171/190/194 186/214/194 187/216/194
f 165/193/195 164/191/195 179/215/195 180/217/195
f 158/195/196 82/218/196 173/203/196
f 308/219/173 172/192/173 187/216/197
f 166/197/198 165/193/198 180/217/198 181/205/198
f 178/213/199 177/211/199 192/220/199 193/221/199
f 186/214/200 185/212/200 200/222/200 201/223/200
f 179/215/201 178/213/201 193/221/201 194/224/201
f 187/216/202 186/214/202 201/223/202 202/225/202
f 180/217/203 179/215/203 194/224/203 195/226/203
f 173/203/204 82/227/204 188/228/204
f 308/229/205 187/216/206 202/225/205
f 181/205/207 180/217/207 195/226/207 196/230/207
f 174/204/208 173/203/208 188/228/208 189/231/208
f 182/206/209 181/205/209 196/230/209 197/232/209
f 175/207/210 174/204/210 189/231/210 190/233/210
f 183/208/211 182/206/211 197/232/211 198/234/211
f 176/209/212 175/207/212 190/233/212 191/235/212
f 184/210/213 183/208/213 198/234/213 199/236/213
f 177/211/214 176/209/214 191/235/214 192/220/214
f 185/212/215 184/210/215 199/236/215 200/222/215
f 197/232/216 196/230/216 211/237/216 212/238/216
f 190/233/217 189/231/217 204/239/217 205/240/217
f 198/234/218 197/232/218 212/238/218 213/241/218
f 191/235/219 190/233/219 205/240/219 206/242/219
f 199/236/220 198/234/220 213/241/220 214/243/220
f 192/220/221 191/235/221 206/242/221 207/244/221
f 200/222/222 199/236/222 214/243/222 215/245/222
f 193/221/223 192/220/223 207/244/223 208/246/223
f 201/223/224 200/222/224 215/245/224 216/247/224
f 194/224/225 193/221/225 208/246/225 209/248/225
f 202/225/226 201/223/226 216/247/226 217/249/226
f 195/226/227 194/224/227 209/248/227 210/250/227
f 188/228/228 82/251/228 203/252/228
f 308/253/205 202/225/205 217/249/229
f 196/230/230 195/226/230 210/250/230 211/237/230
f 189/231/231 188/228/231 203/252/231 204/239/231
f 216/247/232 215/245/232 230/254/232 231/255/232
f 209/248/233 208/246/233 223/256/233 224/257/233
f 217/249/234 216/247/234 231/255/234 232/258/234
f 210/250/235 209/248/235 224/257/235 225/259/235
f 203/252/236 82/260/236 218/261/236
f 308/262/237 217/249/238 232/258/237
f 211/237/239 210/250/239 225/259/239 226/263/239
f 204/239/240 203/252/240 218/261/240 219/264/240
f 212/238/241 211/237/241 226/263/241 227/265/241
f 205/240/242 204/239/242 219/264/242 220/266/242
f 213/241/243 212/238/243 227/265/243 228/267/243
f 206/242/244 205/240/244 220/266/244 221/268/244
f 214/243/245 213/241/245 228/267/245 229/269/245
f 207/244/246 206/242/246 221/268/246 222/270/246
f 215/245/247 214/243/247 229/269/247 230/254/247
f 208/246/248 207/244/248 222/270/248 223/256/248
f 228/267/249 227/265/249 242/271/249 243/272/249
f 221/268/250 220/266/250 235/273/250 236/274/250
f 229/269/251 228/267/251 243/272/251 244/275/251
f 222/270/252 221/268/252 236/274/252 237/276/252
f 230/254/253 229/269/253 244/275/253 245/277/253
f 223/256/254 222/270/254 237/276/254 238/278/254
f 231/255/255 230/254/255 245/277/255 246/279/255
f 224/257/256 223/256/256 238/278/256 239/280/256
f 232/258/257 231/255/257 246/279/257 247/281/257
f 225/259/258 224/257/258 239/280/258 240/282/258
f 218/261/259 82/283/259 233/284/259
f 308/285/237 232/258/237 247/281/260
f 226/263/261 225/259/261 240/282/261 241/286/261
f 219/264/262 218/261/262 233/284/262 234/287/262
f 227/265/263 226/263/263 241/286/263 242/271/263
f 220/266/264 219/264/264 234/287/264 235/273/264
f 247/281/265 246/279/265 261/288/265 262/289/265
f 240/282/266 239/280/266 254/290/266 255/291/266
f 233/284/267 82/292/267 248/293/267
f 308/294/268 247/281/269 262/289/268
f 241/286/270 240/282/270 255/291/270 256/295/270
f 234/287/271 233/284/271 248/293/271 249/296/271
f 242/271/272 241/286/272 256/295/272 257/297/272
f 235/273/273 234/287/273 249/296/273 250/298/273
f 243/272/274 242/271/274 257/297/274 258/299/274
f 236/274/275 235/273/275 250/298/275 251/300/275
f 244/275/276 243/272/276 258/299/276 259/301/276
f 237/276/277 236/274/277 251/300/277 252/302/277
f 245/277/278 244/275/278 259/301/278 260/303/278
f 238/278/279 237/276/279 252/302/279 253/304/279
f 246/279/280 245/277/280 260/303/280 261/288/280
f 239/280/281 238/278/281 253/304/281 254/290/281
f 251/300/282 250/298/282 265/305/282 266/306/282
f 259/301/283 258/299/283 273/307/283 274/308/283
f 252/302/284 251/300/284 266/306/284 267/309/284
f 260/303/285 259/301/285 274/308/285 275/310/285
f 253/304/286 252/302/286 267/309/286 268/311/286
f 261/288/287 260/303/287 275/310/287 276/312/287
f 254/290/288 253/304/288 268/311/288 269/313/288
f 262/289/289 261/288/289 276/312/289 277/314/289
f 255/291/290 254/290/290 269/313/290 270/315/290
f 248/293/291 82/316/291 263/317/291
f 308/318/268 262/289/268 277/314/292
f 256/295/293 255/291/293 270/315/293 271/319/293
f 249/296/294 248/293/294 263/317/294 264/320/294
f 257/297/295 256/295/295 271/319/295 272/321/295
f 250/298/296 249/296/296 264/320/296 265/305/296
f 258/299/297 257/297/297 272/321/297 273/307/297
f 270/315/298 269/313/298 284/322/298 285/323/298
f 263/317/299 82/324/299 278/325/299
f 308/326/300 277/314/301 292/327/300
f 271/319/302 270/315/302 285/323/302 286/328/302
f 264/320/303 263/317/303 278/325/303 279/329/303
f 272/321/304 271/319/304 286/328/304 287/330/304
f 265/305/305 264/320/305 279/329/305 280/331/305
f 273/307/306 272/321/306 287/330/306 288/332/306
f 266/306/307 265/305/307 280/331/307 281/333/307
f 274/308/308 273/307/308 288/332/308 289/334/308
f 267/309/309 266/306/309 281/333/309 282/335/309
f 275/310/310 274/308/310 289/334/310 290/336/310
f 268/311/311 267/309/311 282/335/311 283/337/311
f 276/312/312 275/310/312 290/336/312 291/338/312
f 269/313/313 268/311/313 283/337/313 284/322/313
f 277/314/314 276/312/314 291/338/314 292/327/314
f 289/334/315 288/332/315 303/339/315 304/340/315
f 282/335/316 281/333/316 296/341/316 297/342/316
f 290/336/317 289/334/317 304/340/317 305/343/317
f 283/337/318 282/335/318 297/342/318 298/344/318
f 291/338/319 290/336/319 305/343/319 306/345/319
f 284/322/320 283/337/320 298/344/320 299/346/320
f 292/327/321 291/338/321 306/345/321 307/347/321
f 285/323/322 284/322/322 299/346/322 300/348/322
f 278/325/323 82/349/323 293/350/323
f 308/351/300 292/327/300 307/347/324
f 286/328/325 285/323/325 300/348/325 301/352/325
f 279/329/326 278/325/326 293/350/326 294/353/326
f 287/330/327 286/328/327 301/352/327 302/354/327
f 280/331/328 279/329/328 294/353/328 295/355/328
f 288/332/329 287/330/329 302/354/329 303/339/329
f 281/333/330 280/331/330 295/355/330 296/341/330
f 293/350/331 82/356/331 309/357/331
f 308/358/332 307/347/333 323/359/332
f 301/352/334 300/348/334 316/360/334 317/361/334
f 294/353/335 293/350/335 309/357/335 310/362/335
f 302/354/336 301/352/336 317/361/336 318/363/336
f 295/355/337 294/353/337 310/362/337 311/364/337
f 303/339/338 302/354/338 318/363/338 319/365/338
f 296/341/339 295/355/339 311/364/339 312/366/339
f 304/340/340 303/339/340 319/365/340 320/367/340
f 297/342/341 296/341/341 312/366/341 313/368/341
f 305/343/342 304/340/342 320/367/342 321/369/342
f 298/344/343 297/342/343 313/368/343 314/370/343
f 306/345/344 305/343/344 321/369/344 322/371/344
f 299/346/345 298/344/345 314/370/345 315/372/345
f 307/347/346 306/345/346 322/371/346 323/359/346
f 300/348/347 299/346/347 315/372/347 316/360/347
f 313/368/348 312/366/348 327/373/348 328/374/348
f 321/369/349 320/367/349 335/375/349 336/376/349
f 314/370/350 313/368/350 328/374/350 329/377/350
f 322/371/351 321/369/351 336/376/351 337/378/351
f 315/372/352 314/370/352 329/377/352 330/379/352
f 323/359/353 322/371/353 337/378/353 338/380/353
f 316/360/354 315/372/354 330/379/354 331/381/354
f 309/357/355 82/382/355 324/383/355
f 308/384/332 323/359/332 338/380/356
f 317/361/357 316/360/357 331/381/357 332/385/357
f 310/362/358 309/357/358 324/383/358 325/386/358
f 318/363/359 317/361/359 332/385/359 333/387/359
f 311/364/360 310/362/360 325/386/360 326/388/360
f 319/365/361 318/363/361 333/387/361 334/389/361
f 312/366/362 311/364/362 326/388/362 327/373/362
f 320/367/363 319/365/363 334/389/363 335/375/363
f 332/385/364 331/381/364 346/390/364 347/391/364
f 325/386/365 324/383/365 339/392/365 340/393/365
f 333/387/366 332/385/366 347/391/366 348/394/366
f 326/388/367 325/386/367 340/393/367 341/395/367
f 334/389/368 333/387/368 348/394/368 349/396/368
f 327/373/369 326/388/369 341/395/369 342/397/369
f 335/375/370 334/389/370 349/396/370 350/398/370
f 328/374/371 327/373/371 342/397/371 343/399/371
f 336/376/372 335/375/372 350/398/372 351/400/372
f 329/377/373 328/374/373 343/399/373 344/401/373
f 337/378/374 336/376/374 351/400/374 352/402/374
f 330/379/375 329/377/375 344/401/375 345/403/375
f 338/380/376 337/378/376 352/402/376 353/404/376
f 331/381/377 330/379/377 345/403/377 346/390/377
f 324/383/378 82/405/378 339/392/378
f 308/406/379 338/380/380 353/404/379
f 351/400/381 350/398/381 365/407/381 366/408/381
f 344/401/382 343/399/382 358/409/382 359/410/382
f 352/402/383 351/400/383 366/408/383 367/411/383
f 345/403/384 344/401/384 359/410/384 360/412/384
f 353/404/385 352/402/385 367/411/385 368/413/385
f 346/390/386 345/403/386 360/412/386 361/414/386
f 339/392/387 82/415/387 354/416/387
f 308/417/379 353/404/379 368/413/388
f 347/391/389 346/390/389 361/414/389 362/418/389
f 340/393/390 339/392/390 354/416/390 355/419/390
f 348/394/391 347/391/391 362/418/391 363/420/391
f 341/395/392 340/393/392 355/419/392 356/421/392
f 349/396/393 348/394/393 363/420/393 364/422/393
f 342/397/394 341/395/394 356/421/394 357/423/394
f 350/398/395 349/396/395 364/422/395 365/407/395
f 343/399/396 342/397/396 357/423/396 358/409/396
f 363/424/397 362/425/397 377/426/397 378/427/397
f 356/428/398 355/429/398 370/430/398 371/431/398
f 364/432/399 363/424/399 378/427/399 379/433/399
f 357/434/400 356/428/400 371/431/400 372/435/400
f 365/436/401 364/432/401 379/433/401 380/437/401
f 358/438/402 357/434/402 372/435/402 373/439/402
f 366/440/403 365/436/403 380/437/403 381/441/403
f 359/442/404 358/438/404 373/439/404 374/443/404
f 367/444/405 366/440/405 381/441/405 382/445/405
f 360/446/406 359/442/406 374/443/406 375/447/406
f 368/448/407 367/444/407 382/445/407 383/449/407
f 361/450/408 360/446/408 375/447/408 376/451/408
f 354/452/409 82/453/409 369/454/409
f 308/455/410 368/448/411 383/449/410
f 362/425/412 361/450/412 376/451/412 377/426/412
f 355/429/413 354/452/413 369/454/413 370/430/413
f 382/445/414 381/441/414 396/456/414 397/457/414
f 375/447/415 374/443/415 389/458/415 390/459/415
f 383/449/416 382/445/416 397/457/416 398/460/416
f 376/451/417 375/447/417 390/459/417 391/461/417
f 369/454/418 82/462/418 384/463/418
f 308/464/410 383/449/410 398/460/419
f 377/426/420 376/451/420 391/461/420 392/465/420
f 370/430/421 369/454/421 384/463/421 385/466/421
f 378/427/422 377/426/422 392/465/422 393/467/422
f 371/431/423 370/430/423 385/466/423 386/468/423
f 379/433/424 378/427/424 393/467/424 394/469/424
f 372/435/425 371/431/425 386/468/425 387/470/425
f 380/437/426 379/433/426 394/469/426 395/471/426
f 373/439/427 372/435/427 387/470/427 388/472/427
f 381/441/428 380/437/428 395/471/428 396/456/428
f 374/443/429 373/439/429 388/472/429 389/458/429
f 386/468/430 385/466/430 400/473/430 401/474/430
f 394/469/431 393/467/431 408/475/431 409/476/431
f 387/470/432 386/468/432 401/474/432 402/477/432
f 395/471/433 394/469/433 409/476/433 410/478/433
f 388/472/434 387/470/434 402/477/434 403/479/434
f 396/456/435 395/471/435 410/478/435 411/480/435
f 389/458/436 388/472/436 403/479/436 404/481/436
f 397/457/437 396/456/437 411/480/437 412/482/437
f 390/459/438 389/458/438 404/481/438 405/483/438
f 398/460/439 397/457/439 412/482/439 413/484/439
f 391/461/440 390/459/440 405/483/440 406/485/440
f 384/463/441 82/486/441 399/487/441
f 308/488/442 398/460/443 413/484/442
f 392/465/444 391/461/444 406/485/444 407/489/444
f 385/466/445 384/463/445 399/487/445 400/473/445
f 393/467/446 392/465/446 407/489/446 408/475/446
f 405/483/447 404/481/447 419/490/447 420/491/447
f 413/484/448 412/482/448 427/492/448 428/493/448
f 406/485/449 405/483/449 420/491/449 421/494/449
f 399/487/450 82/495/450 414/496/450
f 308/497/442 413/484/442 428/493/451
f 407/489/452 406/485/452 421/494/452 422/498/452
f 400/473/453 399/487/453 414/496/453 415/499/453
f 408/475/454 407/489/454 422/498/454 423/500/454
f 401/474/455 400/473/455 415/499/455 416/501/455
f 409/476/456 408/475/456 423/500/456 424/502/456
f 402/477/457 401/474/457 416/501/457 417/503/457
f 410/478/458 409/476/458 424/502/458 425/504/458
f 403/479/459 402/477/459 417/503/459 418/505/459
f 411/480/460 410/478/460 425/504/460 426/506/460
f 404/481/461 403/479/461 418/505/461 419/490/461
f 412/482/462 411/480/462 426/506/462 427/492/462
f 424/502/463 423/500/463 438/507/463 439/508/463
f 417/503/464 416/501/464 431/509/464 432/510/464
f 425/504/465 424/502/465 439/508/465 440/511/465
f 418/505/466 417/503/466 432/510/466 433/512/466
f 426/506/467 425/504/467 440/511/467 441/513/467
f 419/490/468 418/505/468 433/512/468 434/514/468
f 427/492/469 426/506/469 441/513/469 442/515/469
f 420/491/470 419/490/470 434/514/470 435/516/470
f 428/493/471 427/492/471 442/515/471 443/517/471
f 421/494/472 420/491/472 435/516/472 436/518/472
f 414/496/473 82/519/473 429/520/473
f 308/521/474 428/493/475 443/517/474
f 422/498/476 421/494/476 436/518/476 437/522/476
f 415/499/477 414/496/477 429/520/477 430/523/477
f 423/500/478 422/498/478 437/522/478 438/507/478
f 416/501/479 415/499/479 430/523/479 431/509/479
f 443/517/480 442/515/480 457/524/480 458/525/480
f 436/518/481 435/516/481 450/526/481 451/527/481
f 429/520/482 82/528/482 444/529/482
f 308/530/474 443/517/474 458/525/483
f 437/522/484 436/518/484 451/527/484 452/531/484
f 430/523/485 429/520/485 444/529/485 445/532/485
f 438/507/486 437/522/486 452/531/486 453/533/486
f 431/509/487 430/523/487 445/532/487 446/534/487
f 439/508/488 438/507/488 453/533/488 454/535/488
f 432/510/489 431/509/489 446/534/489 447/536/489
f 440/511/490 439/508/490 454/535/490 455/537/490
f 433/512/491 432/510/491 447/536/491 448/538/491
f 441/513/492 440/511/492 455/537/492 456/539/492
f 434/514/493 433/512/493 448/538/493 449/540/493
f 442/515/494 441/513/494 456/539/494 457/524/494
f 435/516/495 434/514/495 449/540/495 450/526/495
f 447/536/496 446/534/496 461/541/496 462/542/496
f 455/537/497 454/535/497 469/543/497 470/544/497
f 448/538/498 447/536/498 462/542/498 463/545/498
f 456/539/499 455/537/499 470/544/499 471/546/499
f 449/540/500 448/538/500 463/545/500 464/547/500
f 457/524/501 456/539/501 471/546/501 472/548/501
f 450/526/502 449/540/502 464/547/502 465/549/502
f 458/525/503 457/524/503 472/548/503 473/550/503
f 451/527/504 450/526/504 465/549/504 466/551/504
f 444/529/505 82/552/505 459/553/505
f 308/554/506 458/525/507 473/550/506
f 452/531/508 451/527/508 466/551/508 467/555/508
f 445/532/509 444/529/509 459/553/509 460/556/509
f 453/533/510 452/531/510 467/555/510 468/557/510
f 446/534/511 445/532/511 460/556/511 461/541/511
f 454/535/512 453/533/512 468/557/512 469/543/512
f 466/551/513 465/549/513 3/6/513 4/5/513
f 459/553/514 82/558/514 474/9/514
f 308/559/506 473/550/506 482/1/515
f 467/555/516 466/551/516 4/5/516 5/13/516
f 460/556/517 459/553/517 474/9/517 475/15/517
f 468/557/518 467/555/518 5/13/518 478/17/518
f 461/541/519 460/556/519 475/15/519 1/19/519
f 469/543/520 468/557/520 478/17/520 6/21/520
f 462/542/521 461/541/521 1/19/521 476/23/521
f 470/544/522 469/543/522 6/21/522 479/25/522
f 463/545/523 462/542/523 476/23/523 2/27/523
f 471/546/524 470/544/524 479/25/524 480/29/524
f 464/547/525 463/545/525 2/27/525 477/31/525
f 472/548/526 471/546/526 480/29/526 481/2/526
f 465/549/527 464/547/527 477/31/527 3/6/527
f 473/550/528 472/548/528 481/2/528 482/1/528
o 円柱.001
v -4.802364 1.224757 -2.377302
v -4.802364 2.269064 -2.377302
v -4.786997 -0.951353 -2.375789
v -4.786997 2.269064 -2.375789
v -4.772220 -0.951353 -2.371306
v -4.772220 2.269064 -2.371306
v -4.758601 -0.951353 -2.364027
v -4.758601 2.269064 -2.364027
v -4.746665 -0.951353 -2.354231
v -4.746665 2.269064 -2.354231
v -4.736868 -0.951353 -2.342294
v -4.736868 2.269064 -2.342294
v -4.729589 -0.951353 -2.328676
v -4.729589 2.269064 -2.328676
v -4.725107 -0.951353 -2.313899
v -4.725107 2.269064 -2.313899
v -4.723593 -0.951353 -2.298531
v -4.723593 2.269064 -2.298531
v -4.725107 -0.951353 -2.283164
v -4.725107 2.269064 -2.283164
v -4.729589 -0.951353 -2.268387
v -4.729589 2.269064 -2.268387
v -4.736868 -0.951353 -2.254768
v -4.736868 2.269064 -2.254768
v -4.746665 -0.951353 -2.242831
v -4.746665 2.269064 -2.242831
v -4.758601 -0.951353 -2.233035
v -4.758601 2.269064 -2.233035
v -4.772220 -0.951353 -2.225756
v -4.772220 2.269064 -2.225756
v -4.786997 -0.951353 -2.221273
v -4.786997 2.269064 -2.221273
v -4.802364 -0.951353 -2.219760
v -4.802364 2.269064 -2.219760
v -4.817732 -0.951353 -2.221273
v -4.817732 2.269064 -2.221273
v -4.832509 -0.951353 -2.225756
v -4.832509 2.269064 -2.225756
v -4.846128 -0.951353 -2.233035
v -4.846128 2.269064 -2.233035
v -4.858064 -0.951353 -2.242831
v -4.858064 2.269064 -2.242831
v -4.867860 -0.951353 -2.254768
v -4.867860 2.269064 -2.254768
v -4.875140 -0.951353 -2.268387
v -4.875140 2.269064 -2.268387
v -4.879622 -0.951353 -2.283164
v -4.879622 2.269064 -2.283164
v -4.881135 -0.951353 -2.298531
v -4.881135 2.269064 -2.298531
v -4.879622 -0.951353 -2.313899
v -4.879622 2.269064 -2.313899
v -4.875140 -0.951353 -2.328676
v -4.875140 2.269064 -2.328676
v -4.867860 -0.951353 -2.342294
v -4.867860 2.269064 -2.342294
v -4.858064 -0.951353 -2.354231
v -4.858064 2.269064 -2.354231
v -4.846128 -0.951353 -2.364027
v -4.846128 2.269064 -2.364027
v -4.832509 -0.951353 -2.371306
v -4.832509 2.269064 -2.371306
v -4.817732 -0.951353 -2.375789
v -4.817732 2.269064 -2.375789
v -1.130429 1.224757 -2.377302
v -1.130429 2.269064 -2.377302
v -1.115062 -0.951354 -2.375789
v -1.115062 2.269064 -2.375789
v -1.100285 -0.951354 -2.371306
v -1.100285 2.269064 -2.371306
v -1.086666 -0.951354 -2.364027
v -1.086666 2.269064 -2.364027
v -1.074729 -0.951354 -2.354231
v -1.074729 2.269064 -2.354231
v -1.064933 -0.951354 -2.342294
v -1.064933 2.269064 -2.342294
v -1.057654 -0.951354 -2.328676
v -1.057654 2.269064 -2.328676
v -1.053171 -0.951354 -2.313899
v -1.053171 2.269064 -2.313899
v -1.051658 -0.951354 -2.298531
v -1.051658 2.269064 -2.298531
v -1.053171 -0.951354 -2.283164
v -1.053171 2.269064 -2.283164
v -1.057654 -0.951354 -2.268387
v -1.057654 2.269064 -2.268387
v -1.064933 -0.951354 -2.254768
v -1.064933 2.269064 -2.254768
v -1.074729 -0.951354 -2.242831
v -1.074729 2.269064 -2.242831
v -1.086666 -0.951354 -2.233035
v -1.086666 2.269064 -2.233035
v -1.100285 -0.951354 -2.225756
v -1.100285 2.269064 -2.225756
v -1.115062 -0.951354 -2.221273
v -1.115062 2.269064 -2.221273
v -1.130429 -0.951354 -2.219760
v -1.130429 2.269064 -2.219760
v -1.145797 -0.951354 -2.221273
v -1.145797 2.269064 -2.221273
v -1.160573 -0.951354 -2.225756
v -1.160573 2.269064 -2.225756
v -1.174192 -0.951354 -2.233035
v -1.174192 2.269064 -2.233035
v -1.186129 -0.951354 -2.242831
v -1.186129 2.269064 -2.242831
v -1.195925 -0.951354 -2.254768
v -1.195925 2.269064 -2.254768
v -1.203204 -0.951354 -2.268387
v -1.203204 2.269064 -2.268387
v -1.207687 -0.951354 -2.283164
v -1.207687 2.269064 -2.283164
v -1.209200 -0.951354 -2.298531
v -1.209200 2.269064 -2.298531
v -1.207687 -0.951354 -2.313899
v -1.207687 2.269064 -2.313899
v -1.203204 -0.951354 -2.328676
v -1.203204 2.269064 -2.328676
v -1.195925 -0.951354 -2.342294
v -1.195925 2.269064 -2.342294
v -1.186129 -0.951354 -2.354231
v -1.186129 2.269064 -2.354231
v -1.174192 -0.951354 -2.364027
v -1.174192 2.269064 -2.364027
v -1.160573 -0.951354 -2.371306
v -1.160573 2.269064 -2.371306
v -1.145797 -0.951354 -2.375789
v -1.145797 2.269064 -2.375789
v -0.893548 4.309907 -2.356381
v -5.135645 4.309907 -2.356381
v -0.893548 2.309846 -2.356381
v -5.135645 2.309846 -2.356381
v -5.140736 2.245763 -2.381981
v -5.140736 4.341293 -2.381981
v -5.128595 2.245763 -2.380785
v -5.128595 4.341293 -2.380785
v -5.116921 2.245763 -2.377244
v -5.116921 4.341293 -2.377244
v -5.106163 2.245763 -2.371494
v -5.106163 4.341293 -2.371494
v -5.096732 2.245763 -2.363754
v -5.096732 4.341293 -2.363754
v -5.088993 2.245763 -2.354324
v -5.088993 4.341293 -2.354324
v -5.083242 2.245763 -2.343565
v -5.083242 4.341293 -2.343565
v -5.079701 2.245763 -2.331891
v -5.079701 4.341293 -2.331891
v -5.078505 2.245763 -2.319750
v -5.078505 4.341293 -2.319750
v -5.079701 2.245763 -2.307610
v -5.079701 4.341293 -2.307610
v -5.083242 2.245763 -2.295936
v -5.083242 4.341293 -2.295936
v -5.088993 2.245763 -2.285177
v -5.088993 4.341293 -2.285177
v -5.096732 2.245763 -2.275746
v -5.096732 4.341293 -2.275746
v -5.106163 2.245763 -2.268007
v -5.106163 4.341293 -2.268007
v -5.116921 2.245763 -2.262256
v -5.116921 4.341293 -2.262256
v -5.128595 2.245763 -2.258715
v -5.128595 4.341293 -2.258715
v -5.140736 2.245763 -2.257519
v -5.140736 4.341293 -2.257519
v -5.152877 2.245763 -2.258715
v -5.152877 4.341293 -2.258715
v -5.164551 2.245763 -2.262256
v -5.164551 4.341293 -2.262256
v -5.175310 2.245763 -2.268007
v -5.175310 4.341293 -2.268007
v -5.184740 2.245763 -2.275746
v -5.184740 4.341293 -2.275746
v -5.192479 2.245763 -2.285177
v -5.192479 4.341293 -2.285177
v -5.198230 2.245763 -2.295936
v -5.198230 4.341293 -2.295936
v -5.201771 2.245763 -2.307610
v -5.201771 4.341293 -2.307610
v -5.202967 2.245763 -2.319750
v -5.202967 4.341293 -2.319750
v -5.201771 2.245763 -2.331891
v -5.201771 4.341293 -2.331891
v -5.198230 2.245763 -2.343565
v -5.198230 4.341293 -2.343565
v -5.192479 2.245763 -2.354324
v -5.192479 4.341293 -2.354324
v -5.184740 2.245763 -2.363754
v -5.184740 4.341293 -2.363754
v -5.175310 2.245763 -2.371494
v -5.175310 4.341293 -2.371494
v -5.164551 2.245763 -2.377244
v -5.164551 4.341293 -2.377244
v -5.152877 2.245763 -2.380785
v -5.152877 4.341293 -2.380785
v -0.912018 2.230972 -2.315855
v -5.168376 2.230972 -2.315854
v -0.912018 2.231990 -2.328291
v -5.168376 2.231990 -2.328291
v -0.912018 2.235006 -2.340250
v -5.168376 2.235005 -2.340250
v -0.912018 2.239903 -2.351272
v -5.168376 2.239902 -2.351272
v -0.912018 2.246493 -2.360932
v -5.168376 2.246493 -2.360932
v -0.912018 2.254523 -2.368860
v -5.168376 2.254523 -2.368860
v -0.912018 2.263685 -2.374752
v -5.168376 2.263685 -2.374751
v -0.912018 2.273626 -2.378379
v -5.168376 2.273626 -2.378379
v -0.912018 2.283965 -2.379604
v -5.168376 2.283964 -2.379604
v -0.912018 2.294303 -2.378379
v -5.168376 2.294303 -2.378379
v -0.912018 2.304244 -2.374752
v -5.168376 2.304244 -2.374751
v -0.912018 2.313406 -2.368860
v -5.168376 2.313406 -2.368860
v -0.912018 2.321436 -2.360932
v -5.168376 2.321436 -2.360932
v -0.912018 2.328027 -2.351272
v -5.168376 2.328026 -2.351272
v -0.912018 2.332924 -2.340250
v -5.168376 2.332923 -2.340250
v -0.912018 2.335939 -2.328291
v -5.168376 2.335939 -2.328291
v -0.912018 2.336957 -2.315855
v -5.168376 2.336957 -2.315854
v -0.912018 2.335939 -2.303418
v -5.168376 2.335939 -2.303417
v -0.912018 2.332924 -2.291459
v -5.168376 2.332923 -2.291459
v -0.912018 2.328027 -2.280437
v -5.168376 2.328026 -2.280437
v -0.912018 2.321436 -2.270777
v -5.168376 2.321436 -2.270777
v -0.912018 2.313406 -2.262849
v -5.168376 2.313406 -2.262849
v -0.912018 2.304244 -2.256958
v -5.168376 2.304244 -2.256958
v -0.912018 2.294303 -2.253330
v -5.168376 2.294303 -2.253330
v -0.912018 2.283965 -2.252105
v -5.168376 2.283964 -2.252105
v -0.912018 2.273626 -2.253330
v -5.168376 2.273626 -2.253330
v -0.912018 2.263685 -2.256958
v -5.168376 2.263685 -2.256958
v -0.912018 2.254523 -2.262849
v -5.168376 2.254523 -2.262849
v -0.912018 2.246493 -2.270777
v -5.168376 2.246493 -2.270777
v -0.912018 2.239903 -2.280437
v -5.168376 2.239902 -2.280437
v -0.912018 2.235006 -2.291459
v -5.168376 2.235005 -2.291459
v -0.912018 2.231990 -2.303418
v -5.168376 2.231990 -2.303417
v -0.903422 2.245763 -2.381981
v -0.903422 4.348723 -2.381981
v -0.891282 2.245763 -2.380785
v -0.891281 4.348723 -2.380785
v -0.879607 2.245763 -2.377244
v -0.879607 4.348723 -2.377244
v -0.868848 2.245763 -2.371493
v -0.868848 4.348723 -2.371493
v -0.859418 2.245763 -2.363754
v -0.859418 4.348723 -2.363754
v -0.851679 2.245763 -2.354324
v -0.851679 4.348723 -2.354324
v -0.845928 2.245763 -2.343565
v -0.845928 4.348723 -2.343565
v -0.842386 2.245763 -2.331891
v -0.842386 4.348723 -2.331891
v -0.841191 2.245763 -2.319750
v -0.841191 4.348723 -2.319750
v -0.842386 2.245763 -2.307610
v -0.842386 4.348723 -2.307610
v -0.845928 2.245763 -2.295935
v -0.845928 4.348723 -2.295935
v -0.851679 2.245763 -2.285177
v -0.851679 4.348723 -2.285177
v -0.859418 2.245763 -2.275746
v -0.859418 4.348723 -2.275746
v -0.868848 2.245763 -2.268007
v -0.868848 4.348723 -2.268007
v -0.879607 2.245763 -2.262256
v -0.879607 4.348723 -2.262256
v -0.891282 2.245763 -2.258715
v -0.891281 4.348723 -2.258715
v -0.903422 2.245763 -2.257519
v -0.903422 4.348723 -2.257519
v -0.915563 2.245763 -2.258715
v -0.915562 4.348723 -2.258715
v -0.927237 2.245763 -2.262256
v -0.927237 4.348723 -2.262256
v -0.937996 2.245763 -2.268007
v -0.937996 4.348723 -2.268007
v -0.947426 2.245763 -2.275746
v -0.947426 4.348723 -2.275746
v -0.955165 2.245763 -2.285177
v -0.955165 4.348723 -2.285177
v -0.960915 2.245763 -2.295935
v -0.960915 4.348723 -2.295935
v -0.964457 2.245763 -2.307610
v -0.964457 4.348723 -2.307610
v -0.965653 2.245763 -2.319750
v -0.965653 4.348723 -2.319750
v -0.964457 2.245763 -2.331891
v -0.964457 4.348723 -2.331891
v -0.960915 2.245763 -2.343565
v -0.960915 4.348723 -2.343565
v -0.955165 2.245763 -2.354324
v -0.955165 4.348723 -2.354324
v -0.947426 2.245763 -2.363754
v -0.947426 4.348723 -2.363754
v -0.937996 2.245763 -2.371493
v -0.937996 4.348723 -2.371493
v -0.927237 2.245763 -2.377244
v -0.927237 4.348723 -2.377244
v -0.915563 2.245763 -2.380785
v -0.915562 4.348723 -2.380785
v -0.911206 4.255619 -2.315855
v -5.134351 4.255618 -2.315854
v -0.911206 4.256637 -2.328281
v -5.134351 4.256637 -2.328281
v -0.911206 4.259652 -2.340230
v -5.134351 4.259652 -2.340230
v -0.911206 4.264549 -2.351242
v -5.134351 4.264549 -2.351242
v -0.911206 4.271140 -2.360894
v -5.134351 4.271140 -2.360894
v -0.911206 4.279170 -2.368815
v -5.134351 4.279170 -2.368815
v -0.911206 4.288332 -2.374701
v -5.134351 4.288331 -2.374701
v -0.911206 4.298273 -2.378326
v -5.134351 4.298272 -2.378326
v -0.911206 4.308611 -2.379550
v -5.134351 4.308611 -2.379550
v -0.911206 4.318949 -2.378326
v -5.134351 4.318949 -2.378326
v -0.911206 4.328890 -2.374701
v -5.134351 4.328890 -2.374701
v -0.911206 4.338052 -2.368815
v -5.134351 4.338052 -2.368815
v -0.911206 4.346082 -2.360894
v -5.134351 4.346082 -2.360894
v -0.911206 4.352672 -2.351242
v -5.134351 4.352672 -2.351242
v -0.911206 4.357569 -2.340230
v -5.134351 4.357569 -2.340230
v -0.911206 4.360584 -2.328281
v -5.134351 4.360584 -2.328281
v -0.911206 4.361603 -2.315855
v -5.134351 4.361603 -2.315854
v -0.911206 4.360584 -2.303428
v -5.134351 4.360584 -2.303428
v -0.911206 4.357569 -2.291479
v -5.134351 4.357569 -2.291479
v -0.911206 4.352672 -2.280467
v -5.134351 4.352672 -2.280467
v -0.911206 4.346082 -2.270815
v -5.134351 4.346082 -2.270815
v -0.911206 4.338052 -2.262894
v -5.134351 4.338052 -2.262893
v -0.911206 4.328890 -2.257008
v -5.134351 4.328890 -2.257007
v -0.911206 4.318949 -2.253383
v -5.134351 4.318949 -2.253383
v -0.911206 4.308611 -2.252159
v -5.134351 4.308611 -2.252159
v -0.911206 4.298273 -2.253383
v -5.134351 4.298272 -2.253383
v -0.911206 4.288332 -2.257008
v -5.134351 4.288331 -2.257007
v -0.911206 4.279170 -2.262894
v -5.134351 4.279170 -2.262893
v -0.911206 4.271140 -2.270815
v -5.134351 4.271140 -2.270815
v -0.911206 4.264549 -2.280467
v -5.134351 4.264549 -2.280467
v -0.911206 4.259652 -2.291479
v -5.134351 4.259652 -2.291479
v -0.911206 4.256637 -2.303428
v -5.134351 4.256637 -2.303428
vn 0.0980 -0.0000 -0.9952
vn 0.2903 -0.0000 -0.9569
vn 0.4714 -0.0000 -0.8819
vn 0.6344 -0.0000 -0.7730
vn 0.7730 -0.0000 -0.6344
vn 0.8819 -0.0000 -0.4714
vn 0.9569 -0.0000 -0.2903
vn 0.9952 -0.0000 -0.0980
vn 0.9952 -0.0000 0.0980
vn 0.9569 -0.0000 0.2903
vn 0.8819 -0.0000 0.4714
vn 0.7730 -0.0000 0.6344
vn 0.6344 -0.0000 0.7730
vn 0.4714 -0.0000 0.8819
vn 0.2903 -0.0000 0.9569
vn 0.0980 -0.0000 0.9952
vn -0.0980 -0.0000 0.9952
vn -0.2903 -0.0000 0.9569
vn -0.4714 -0.0000 0.8819
vn -0.6344 -0.0000 0.7730
vn -0.7730 -0.0000 0.6344
vn -0.8819 -0.0000 0.4714
vn -0.9569 -0.0000 0.2903
vn -0.9952 -0.0000 0.0980
vn -0.9952 -0.0000 -0.0980
vn -0.9569 -0.0000 -0.2903
vn -0.8819 -0.0000 -0.4714
vn -0.7730 -0.0000 -0.6344
vn -0.6344 -0.0000 -0.7730
vn -0.4714 -0.0000 -0.8819
vn -0.0000 1.0000 -0.0000
vn -0.2903 -0.0000 -0.9569
vn -0.0980 -0.0000 -0.9952
vn -0.0000 -0.5012 -0.8653
vn -0.0000 -0.0000 1.0000
vn -0.0000 -1.0000 -0.0000
vn -0.0000 -0.9967 -0.0816
vn -0.0000 -0.9696 -0.2445
vn -0.0000 -0.9139 -0.4060
vn -0.0000 -0.8261 -0.5636
vn -0.0000 -0.7026 -0.7116
vn -0.0000 -0.5408 -0.8411
vn -0.0000 -0.3428 -0.9394
vn -0.0000 -0.1177 -0.9931
vn -0.0000 0.1177 -0.9931
vn -0.0000 0.3428 -0.9394
vn -0.0000 0.5408 -0.8411
vn -0.0000 0.7026 -0.7116
vn -0.0000 0.8261 -0.5636
vn -0.0000 0.9139 -0.4060
vn -0.0000 0.9696 -0.2445
vn -0.0000 0.9967 -0.0816
vn -0.0000 0.9967 0.0816
vn -0.0000 0.9696 0.2445
vn -0.0000 0.9139 0.4060
vn -0.0000 0.8261 0.5636
vn -0.0000 0.7026 0.7116
vn -0.0000 0.5408 0.8411
vn -0.0000 0.3428 0.9394
vn -0.0000 0.1177 0.9931
vn -0.0000 -0.1177 0.9931
vn -0.0000 -0.3428 0.9394
vn -0.0000 -0.5408 0.8411
vn -0.0000 -0.7026 0.7116
vn -0.0000 -0.8261 0.5636
vn -0.0000 -0.9139 0.4060
vn -1.0000 -0.0000 -0.0000
vn -0.0000 -0.9696 0.2445
vn -0.0000 -0.9967 0.0816
vn 1.0000 -0.0000 -0.0000
vn -0.0000 -0.9967 -0.0817
vn -0.0000 -0.9696 -0.2447
vn -0.0000 -0.9137 -0.4063
vn -0.0000 -0.8259 -0.5639
vn -0.0000 -0.7023 -0.7119
vn -0.0000 -0.5405 -0.8413
vn -0.0000 -0.3426 -0.9395
vn -0.0000 -0.1176 -0.9931
vn -0.0000 0.1176 -0.9931
vn -0.0000 0.3426 -0.9395
vn -0.0000 0.5405 -0.8413
vn -0.0000 0.7023 -0.7119
vn -0.0000 0.8259 -0.5639
vn -0.0000 0.9137 -0.4063
vn -0.0000 0.9696 -0.2447
vn -0.0000 0.9967 -0.0817
vn -0.0000 0.9967 0.0817
vn -0.0000 0.9696 0.2447
vn -0.0000 0.9137 0.4063
vn -0.0000 0.8259 0.5639
vn -0.0000 0.7023 0.7119
vn -0.0000 0.5405 0.8413
vn -0.0000 0.3426 0.9395
vn -0.0000 0.1176 0.9931
vn -0.0000 -0.1176 0.9931
vn -0.0000 -0.3426 0.9395
vn -0.0000 -0.5405 0.8413
vn -0.0000 -0.7023 0.7119
vn -0.0000 -0.8259 0.5639
vn -0.0000 -0.9137 0.4063
vn -0.0000 -0.9696 0.2447
vn -0.0000 -0.9967 0.0817
vt 1.000000 0.500000
vt 1.000000 1.000000
vt 0.968750 1.000000
vt 0.968750 0.500000
vt 0.937500 1.000000
vt 0.937500 0.500000
vt 0.906250 1.000000
vt 0.906250 0.500000
vt 0.875000 1.000000
vt 0.875000 0.500000
vt 0.843750 1.000000
vt 0.843750 0.500000
vt 0.812500 1.000000
vt 0.812500 0.500000
vt 0.781250 1.000000
vt 0.781250 0.500000
vt 0.750000 1.000000
vt 0.750000 0.500000
vt 0.718750 1.000000
vt 0.718750 0.500000
vt 0.687500 1.000000
vt 0.687500 0.500000
vt 0.656250 1.000000
vt 0.656250 0.500000
vt 0.625000 1.000000
vt 0.625000 0.500000
vt 0.593750 1.000000
vt 0.593750 0.500000
vt 0.562500 1.000000
vt 0.562500 0.500000
vt 0.531250 1.000000
vt 0.531250 0.500000
vt 0.500000 1.000000
vt 0.500000 0.500000
vt 0.468750 1.000000
vt 0.468750 0.500000
vt 0.437500 1.000000
vt 0.437500 0.500000
vt 0.406250 1.000000
vt 0.406250 0.500000
vt 0.375000 1.000000
vt 0.375000 0.500000
vt 0.343750 1.000000
vt 0.343750 0.500000
vt 0.312500 1.000000
vt 0.312500 0.500000
vt 0.281250 1.000000
vt 0.281250 0.500000
vt 0.250000 1.000000
vt 0.250000 0.500000
vt 0.218750 1.000000
vt 0.218750 0.500000
vt 0.187500 1.000000
vt 0.187500 0.500000
vt 0.156250 1.000000
vt 0.156250 0.500000
vt 0.125000 1.000000
vt 0.125000 0.500000
vt 0.093750 1.000000
vt 0.093750 0.500000
vt 0.062500 1.000000
vt 0.062500 0.500000
vt 0.296822 0.485388
vt 0.250000 0.490000
vt 0.203178 0.485388
vt 0.158156 0.471731
vt 0.116663 0.449553
vt 0.080294 0.419706
vt 0.050447 0.383337
vt 0.028269 0.341844
vt 0.014612 0.296822
vt 0.010000 0.250000
vt 0.014612 0.203178
vt 0.028269 0.158156
vt 0.050447 0.116663
vt 0.080294 0.080294
vt 0.116663 0.050447
vt 0.158156 0.028269
vt 0.203178 0.014612
vt 0.250000 0.010000
vt 0.296822 0.014612
vt 0.341844 0.028269
vt 0.383337 0.050447
vt 0.419706 0.080294
vt 0.449553 0.116663
vt 0.471731 0.158156
vt 0.485388 0.203178
vt 0.490000 0.250000
vt 0.485388 0.296822
vt 0.471731 0.341844
vt 0.449553 0.383337
vt 0.419706 0.419706
vt 0.383337 0.449553
vt 0.341844 0.471731
vt 0.031250 1.000000
vt 0.031250 0.500000
vt 0.000000 1.000000
vt 0.000000 0.500000
vt 0.750000 0.490000
vt 0.796822 0.485388
vt 0.841844 0.471731
vt 0.883337 0.449553
vt 0.919706 0.419706
vt 0.949553 0.383337
vt 0.971731 0.341844
vt 0.985388 0.296822
vt 0.990000 0.250000
vt 0.985388 0.203178
vt 0.971731 0.158156
vt 0.949553 0.116663
vt 0.919706 0.080294
vt 0.883337 0.050447
vt 0.841844 0.028269
vt 0.796822 0.014612
vt 0.750000 0.010000
vt 0.703178 0.014612
vt 0.658156 0.028269
vt 0.616663 0.050447
vt 0.580294 0.080294
vt 0.550447 0.116663
vt 0.528269 0.158156
vt 0.514612 0.203178
vt 0.510000 0.250000
vt 0.514612 0.296822
vt 0.528269 0.341844
vt 0.550447 0.383337
vt 0.580294 0.419706
vt 0.616663 0.449553
vt 0.658156 0.471731
vt 0.703178 0.485388
vt 0.000000 0.000000
vt 1.000000 0.000000
s 0
usemtl 
f 483/560/529 484/561/529 486/562/529 485/563/529
f 485/563/530 486/562/530 488/564/530 487/565/530
f 487/565/531 488/564/531 490/566/531 489/567/531
f 489/567/532 490/566/532 492/568/532 491/569/532
f 491/569/533 492/568/533 494/570/533 493/571/533
f 493/571/534 494/570/534 496/572/534 495/573/534
f 495/573/535 496/572/535 498/574/535 497/575/535
f 497/575/536 498/574/536 500/576/536 499/577/536
f 499/577/537 500/576/537 502/578/537 501/579/537
f 501/579/538 502/578/538 504/580/538 503/581/538
f 503/581/539 504/580/539 506/582/539 505/583/539
f 505/583/540 506/582/540 508/584/540 507/585/540
f 507/585/541 508/584/541 510/586/541 509/587/541
f 509/587/542 510/586/542 512/588/542 511/589/542
f 511/589/543 512/588/543 514/590/543 513/591/543
f 513/591/544 514/590/544 516/592/544 515/593/544
f 515/593/545 516/592/545 518/594/545 517/595/545
f 517/595/546 518/594/546 520/596/546 519/597/546
f 519/597/547 520/596/547 522/598/547 521/599/547
f 521/599/548 522/598/548 524/600/548 523/601/548
f 523/601/549 524/600/549 526/602/549 525/603/549
f 525/603/550 526/602/550 528/604/550 527/605/550
f 527/605/551 528/604/551 530/606/551 529/607/551
f 529/607/552 530/606/552 532/608/552 531/609/552
f 531/609/553 532/608/553 534/610/553 533/611/553
f 533/611/554 534/610/554 536/612/554 535/613/554
f 535/613/555 536/612/555 538/614/555 537/615/555
f 537/615/556 538/614/556 540/616/556 539/617/556
f 539/617/557 540/616/557 542/618/557 541/619/557
f 541/619/558 542/618/558 544/620/558 543/621/558
f 486/622/559 484/623/559 546/624/559 544/625/559 542/626/559 540/627/559 538/628/559 536/629/559 534/630/559 532/631/559 530/632/559 528/633/559 526/634/559 524/635/559 522/636/559 520/637/559 518/638/559 516/639/559 514/640/559 512/641/559 510/642/559 508/643/559 506/644/559 504/645/559 502/646/559 500/647/559 498/648/559 496/649/559 494/650/559 492/651/559 490/652/559 488/653/559
f 543/621/560 544/620/560 546/654/560 545/655/560
f 545/655/561 546/654/561 484/656/561 483/657/561
f 483/658/562 485/659/562 487/660/562 489/661/562 491/662/562 493/663/562 495/664/562 497/665/562 499/666/562 501/667/562 503/668/562 505/669/562 507/670/562 509/671/562 511/672/562 513/673/562 515/674/562 517/675/562 519/676/562 521/677/562 523/678/562 525/679/562 527/680/562 529/681/562 531/682/562 533/683/562 535/684/562 537/685/562 539/686/562 541/687/562 543/688/562 545/689/562
f 547/560/529 548/561/529 550/562/529 549/563/529
f 549/563/530 550/562/530 552/564/530 551/565/530
f 551/565/531 552/564/531 554/566/531 553/567/531
f 553/567/532 554/566/532 556/568/532 555/569/532
f 555/569/533 556/568/533 558/570/533 557/571/533
f 557/571/534 558/570/534 560/572/534 559/573/534
f 559/573/535 560/572/535 562/574/535 561/575/535
f 561/575/536 562/574/536 564/576/536 563/577/536
f 563/577/537 564/576/537 566/578/537 565/579/537
f 565/579/538 566/578/538 568/580/538 567/581/538
f 567/581/539 568/580/539 570/582/539 569/583/539
f 569/583/540 570/582/540 572/584/540 571/585/540
f 571/585/541 572/584/541 574/586/541 573/587/541
f 573/587/542 574/586/542 576/588/542 575/589/542
f 575/589/543 576/588/543 578/590/543 577/591/543
f 577/591/544 578/590/544 580/592/544 579/593/544
f 579/593/545 580/592/545 582/594/545 581/595/545
f 581/595/546 582/594/546 584/596/546 583/597/546
f 583/597/547 584/596/547 586/598/547 585/599/547
f 585/599/548 586/598/548 588/600/548 587/601/548
f 587/601/549 588/600/549 590/602/549 589/603/549
f 589/603/550 590/602/550 592/604/550 591/605/550
f 591/605/551 592/604/551 594/606/551 593/607/551
f 593/607/552 594/606/552 596/608/552 595/609/552
f 595/609/553 596/608/553 598/610/553 597/611/553
f 597/611/554 598/610/554 600/612/554 599/613/554
f 599/613/555 600/612/555 602/614/555 601/615/555
f 601/615/556 602/614/556 604/616/556 603/617/556
f 603/617/557 604/616/557 606/618/557 605/619/557
f 605/619/558 606/618/558 608/620/558 607/621/558
f 550/622/559 548/623/559 610/624/559 608/625/559 606/626/559 604/627/559 602/628/559 600/629/559 598/630/559 596/631/559 594/632/559 592/633/559 590/634/559 588/635/559 586/636/559 584/637/559 582/638/559 580/639/559 578/640/559 576/641/559 574/642/559 572/643/559 570/644/559 568/645/559 566/646/559 564/647/559 562/648/559 560/649/559 558/650/559 556/651/559 554/652/559 552/653/559
f 607/621/560 608/620/560 610/654/560 609/655/560
f 609/655/561 610/654/561 548/656/561 547/657/561
f 547/658/562 549/659/562 551/660/562 553/661/562 555/662/562 557/663/562 559/664/562 561/665/562 563/666/562 565/667/562 567/668/562 569/669/562 571/670/562 573/671/562 575/672/562 577/673/562 579/674/562 581/675/562 583/676/562 585/677/562 587/678/562 589/679/562 591/680/562 593/681/562 595/682/562 597/683/562 599/684/562 601/685/562 603/686/562 605/687/562 607/688/562 609/689/562
usemtl マテリアル.001
f 611/690/563 612/691/563 614/561/563 613/656/563
usemtl マテリアル
f 615/560/529 616/561/529 618/562/529 617/563/529
f 617/563/530 618/562/530 620/564/530 619/565/530
f 619/565/531 620/564/531 622/566/531 621/567/531
f 621/567/532 622/566/532 624/568/532 623/569/532
f 623/569/533 624/568/533 626/570/533 625/571/533
f 625/571/534 626/570/534 628/572/534 627/573/534
f 627/573/535 628/572/535 630/574/535 629/575/535
f 629/575/536 630/574/536 632/576/536 631/577/536
f 631/577/537 632/576/537 634/578/537 633/579/537
f 633/579/538 634/578/538 636/580/538 635/581/538
f 635/581/539 636/580/539 638/582/539 637/583/539
f 637/583/540 638/582/540 640/584/540 639/585/540
f 639/585/541 640/584/541 642/586/541 641/587/541
f 641/587/542 642/586/542 644/588/542 643/589/542
f 643/589/543 644/588/543 646/590/543 645/591/543
f 645/591/544 646/590/544 648/592/544 647/593/544
f 647/593/545 648/592/545 650/594/545 649/595/545
f 649/595/546 650/594/546 652/596/546 651/597/546
f 651/597/547 652/596/547 654/598/547 653/599/547
f 653/599/548 654/598/548 656/600/548 655/601/548
f 655/601/549 656/600/549 658/602/549 657/603/549
f 657/603/550 658/602/550 660/604/550 659/605/550
f 659/605/551 660/604/551 662/606/551 661/607/551
f 661/607/552 662/606/552 664/608/552 663/609/552
f 663/609/553 664/608/553 666/610/553 665/611/553
f 665/611/554 666/610/554 668/612/554 667/613/554
f 667/613/555 668/612/555 670/614/555 669/615/555
f 669/615/556 670/614/556 672/616/556 671/617/556
f 671/617/557 672/616/557 674/618/557 673/619/557
f 673/619/558 674/618/558 676/620/558 675/621/558
f 618/562/559 616/561/559 678/654/559 676/620/559 674/618/559 672/616/559 670/614/559 668/612/559 666/610/559 664/608/559 662/606/559 660/604/559 658/602/559 656/600/559 654/598/559 652/596/559 650/594/559 648/592/559 646/590/559 644/588/559 642/586/559 640/584/559 638/582/559 636/580/559 634/578/559 632/576/559 630/574/559 628/572/559 626/570/559 624/568/559 622/566/559 620/564/559
f 675/621/560 676/620/560 678/654/560 677/655/560
f 677/655/561 678/654/561 616/656/561 615/657/561
f 615/658/564 617/659/564 619/660/564 621/661/564 623/662/564 625/663/564 627/664/564 629/665/564 631/666/564 633/667/564 635/668/564 637/669/564 639/670/564 641/671/564 643/672/564 645/673/564 647/674/564 649/675/564 651/676/564 653/677/564 655/678/564 657/679/564 659/680/564 661/681/564 663/682/564 665/683/564 667/684/564 669/685/564 671/686/564 673/687/564 675/688/564 677/689/564
f 677/690/564 615/690/564 617/690/564
f 675/690/564 677/690/564 617/690/564
f 655/690/564 641/690/564 651/690/564
f 617/690/564 619/690/564 621/690/564
f 673/690/564 617/690/564 621/690/564
f 671/690/564 673/690/564 621/690/564
f 673/690/564 675/690/564 617/690/564
f 621/690/564 623/690/564 625/690/564
f 669/690/564 621/690/564 625/690/564
f 667/690/564 669/690/564 625/690/564
f 667/690/564 625/690/564 627/690/564
f 665/690/564 667/690/564 627/690/564
f 665/690/564 627/690/564 629/690/564
f 663/690/564 665/690/564 629/690/564
f 663/690/564 629/690/564 631/690/564
f 661/690/564 663/690/564 631/690/564
f 661/690/564 631/690/564 633/690/564
f 659/690/564 661/690/564 633/690/564
f 659/690/564 633/690/564 635/690/564
f 657/690/564 659/690/564 635/690/564
f 657/690/564 635/690/564 637/690/564
f 655/690/564 657/690/564 637/690/564
f 639/690/564 641/690/564 637/690/564
f 669/690/564 671/690/564 621/690/564
f 641/690/564 655/690/564 637/690/564
f 653/690/564 655/690/564 651/690/564
f 651/690/564 641/690/564 643/690/564
f 649/690/564 651/690/564 643/690/564
f 649/690/564 643/690/564 645/690/564
f 647/690/564 649/690/564 645/690/564
f 679/560/565 680/561/565 682/562/565 681/563/565
f 681/563/566 682/562/566 684/564/566 683/565/566
f 683/565/567 684/564/567 686/566/567 685/567/567
f 685/567/568 686/566/568 688/568/568 687/569/568
f 687/569/569 688/568/569 690/570/569 689/571/569
f 689/571/570 690/570/570 692/572/570 691/573/570
f 691/573/571 692/572/571 694/574/571 693/575/571
f 693/575/572 694/574/572 696/576/572 695/577/572
f 695/577/573 696/576/573 698/578/573 697/579/573
f 697/579/574 698/578/574 700/580/574 699/581/574
f 699/581/575 700/580/575 702/582/575 701/583/575
f 701/583/576 702/582/576 704/584/576 703/585/576
f 703/585/577 704/584/577 706/586/577 705/587/577
f 705/587/578 706/586/578 708/588/578 707/589/578
f 707/589/579 708/588/579 710/590/579 709/591/579
f 709/591/580 710/590/580 712/592/580 711/593/580
f 711/593/581 712/592/581 714/594/581 713/595/581
f 713/595/582 714/594/582 716/596/582 715/597/582
f 715/597/583 716/596/583 718/598/583 717/599/583
f 717/599/584 718/598/584 720/600/584 719/601/584
f 719/601/585 720/600/585 722/602/585 721/603/585
f 721/603/586 722/602/586 724/604/586 723/605/586
f 723/605/587 724/604/587 726/606/587 725/607/587
f 725/607/588 726/606/588 728/608/588 727/609/588
f 727/609/589 728/608/589 730/610/589 729/611/589
f 729/611/590 730/610/590 732/612/590 731/613/590
f 731/613/591 732/612/591 734/614/591 733/615/591
f 733/615/592 734/614/592 736/616/592 735/617/592
f 735/617/593 736/616/593 738/618/593 737/619/593
f 737/619/594 738/618/594 740/620/594 739/621/594
f 682/622/595 680/623/595 742/624/595 740/625/595 738/626/595 736/627/595 734/628/595 732/629/595 730/630/595 728/631/595 726/632/595 724/633/595 722/634/595 720/635/595 718/636/595 716/637/595 714/638/595 712/639/595 710/640/595 708/641/595 706/642/595 704/643/595 702/644/595 700/645/595 698/646/595 696/647/595 694/648/595 692/649/595 690/650/595 688/651/595 686/652/595 684/653/595
f 739/621/596 740/620/596 742/654/596 741/655/596
f 741/655/597 742/654/597 680/656/597 679/657/597
f 679/560/598 681/563/598 683/565/598 685/567/598 687/569/598 689/571/598 691/573/598 693/575/598 695/577/598 697/579/598 699/581/598 701/583/598 703/585/598 705/587/598 707/589/598 709/591/598 711/593/598 713/595/598 715/597/598 717/599/598 719/601/598 721/603/598 723/605/598 725/607/598 727/609/598 729/611/598 731/613/598 733/615/598 735/617/598 737/619/598 739/621/598 741/655/598
f 682/690/595 680/690/595 742/690/595
f 684/690/595 682/690/595 742/690/595
f 704/690/595 718/690/595 708/690/595
f 742/690/595 740/690/595 738/690/595
f 686/690/595 742/690/595 738/690/595
f 688/690/595 686/690/595 738/690/595
f 686/690/595 684/690/595 742/690/595
f 738/690/595 736/690/595 734/690/595
f 690/690/595 738/690/595 734/690/595
f 692/690/595 690/690/595 734/690/595
f 692/690/595 734/690/595 732/690/595
f 694/690/595 692/690/595 732/690/595
f 694/690/595 732/690/595 730/690/595
f 696/690/595 694/690/595 730/690/595
f 696/690/595 730/690/595 728/690/595
f 698/690/595 696/690/595 728/690/595
f 698/690/595 728/690/595 726/690/595
f 700/690/595 698/690/595 726/690/595
f 700/690/595 726/690/595 724/690/595
f 702/690/595 700/690/595 724/690/595
f 702/690/595 724/690/595 722/690/595
f 704/690/595 702/690/595 722/690/595
f 720/690/595 718/690/595 722/690/595
f 690/690/595 688/690/595 738/690/595
f 718/690/595 704/690/595 722/690/595
f 706/690/595 704/690/595 708/690/595
f 708/690/595 718/690/595 716/690/595
f 710/690/595 708/690/595 716/690/595
f 710/690/595 716/690/595 714/690/595
f 712/690/595 710/690/595 714/690/595
f 743/560/529 744/561/529 746/562/529 745/563/529
f 745/563/530 746/562/530 748/564/530 747/565/530
f 747/565/531 748/564/531 750/566/531 749/567/531
f 749/567/532 750/566/532 752/568/532 751/569/532
f 751/569/533 752/568/533 754/570/533 753/571/533
f 753/571/534 754/570/534 756/572/534 755/573/534
f 755/573/535 756/572/535 758/574/535 757/575/535
f 757/575/536 758/574/536 760/576/536 759/577/536
f 759/577/537 760/576/537 762/578/537 761/579/537
f 761/579/538 762/578/538 764/580/538 763/581/538
f 763/581/539 764/580/539 766/582/539 765/583/539
f 765/583/540 766/582/540 768/584/540 767/585/540
f 767/585/541 768/584/541 770/586/541 769/587/541
f 769/587/542 770/586/542 772/588/542 771/589/542
f 771/589/543 772/588/543 774/590/543 773/591/543
f 773/591/544 774/590/544 776/592/544 775/593/544
f 775/593/545 776/592/545 778/594/545 777/595/545
f 777/595/546 778/594/546 780/596/546 779/597/546
f 779/597/547 780/596/547 782/598/547 781/599/547
f 781/599/548 782/598/548 784/600/548 783/601/548
f 783/601/549 784/600/549 786/602/549 785/603/549
f 785/603/550 786/602/550 788/604/550 787/605/550
f 787/605/551 788/604/551 790/606/551 789/607/551
f 789/607/552 790/606/552 792/608/552 791/609/552
f 791/609/553 792/608/553 794/610/553 793/611/553
f 793/611/554 794/610/554 796/612/554 795/613/554
f 795/613/555 796/612/555 798/614/555 797/615/555
f 797/615/556 798/614/556 800/616/556 799/617/556
f 799/617/557 800/616/557 802/618/557 801/619/557
f 801/619/558 802/618/558 804/620/558 803/621/558
f 746/690/559 744/690/559 806/654/559 804/620/559 802/690/559 800/690/559 798/690/559 796/690/559 794/610/559 792/608/559 790/606/559 788/604/559 786/602/559 784/600/559 782/690/559 780/690/559 778/690/559 776/690/559 774/690/559 772/690/559 770/690/559 768/690/559 766/690/559 764/690/559 762/690/559 760/690/559 758/690/559 756/690/559 754/690/559 752/690/559 750/566/559 748/564/559
f 803/621/560 804/620/560 806/654/560 805/655/560
f 805/655/561 806/654/561 744/656/561 743/657/561
f 743/560/564 745/563/564 747/565/564 749/567/564 751/569/564 753/571/564 755/573/564 757/575/564 759/577/564 761/579/564 763/581/564 765/583/564 767/585/564 769/587/564 771/589/564 773/591/564 775/593/564 777/595/564 779/597/564 781/599/564 783/601/564 785/603/564 787/605/564 789/607/564 791/609/564 793/611/564 795/613/564 797/615/564 799/617/564 801/619/564 803/621/564 805/655/564
f 746/690/564 748/690/564 752/690/564 754/690/564 756/690/564 758/690/564 760/690/564 762/690/564 764/690/564 766/690/564 768/690/564 770/690/564 772/690/564 774/690/564 776/690/564 778/690/564 780/690/564 782/690/564 784/690/564 796/690/564 798/690/564 800/690/564 802/690/564 804/690/564 806/690/564 744/690/564
f 807/560/599 808/561/599 810/562/599 809/563/599
f 809/563/600 810/562/600 812/564/600 811/565/600
f 811/565/601 812/564/601 814/566/601 813/567/601
f 813/567/602 814/566/602 816/568/602 815/569/602
f 815/569/603 816/568/603 818/570/603 817/571/603
f 817/571/604 818/570/604 820/572/604 819/573/604
f 819/573/605 820/572/605 822/574/605 821/575/605
f 821/575/606 822/574/606 824/576/606 823/577/606
f 823/577/607 824/576/607 826/578/607 825/579/607
f 825/579/608 826/578/608 828/580/608 827/581/608
f 827/581/609 828/580/609 830/582/609 829/583/609
f 829/583/610 830/582/610 832/584/610 831/585/610
f 831/585/611 832/584/611 834/586/611 833/587/611
f 833/587/612 834/586/612 836/588/612 835/589/612
f 835/589/613 836/588/613 838/590/613 837/591/613
f 837/591/614 838/590/614 840/592/614 839/593/614
f 839/593/615 840/592/615 842/594/615 841/595/615
f 841/595/616 842/594/616 844/596/616 843/597/616
f 843/597/617 844/596/617 846/598/617 845/599/617
f 845/599/618 846/598/618 848/600/618 847/601/618
f 847/601/619 848/600/619 850/602/619 849/603/619
f 849/603/620 850/602/620 852/604/620 851/605/620
f 851/605/621 852/604/621 854/606/621 853/607/621
f 853/607/622 854/606/622 856/608/622 855/609/622
f 855/609/623 856/608/623 858/610/623 857/611/623
f 857/611/624 858/610/624 860/612/624 859/613/624
f 859/613/625 860/612/625 862/614/625 861/615/625
f 861/615/626 862/614/626 864/616/626 863/617/626
f 863/617/627 864/616/627 866/618/627 865/619/627
f 865/619/628 866/618/628 868/620/628 867/621/628
f 810/562/595 808/561/595 870/654/595 868/620/595 866/618/595 864/616/595 862/614/595 860/612/595 858/610/595 856/608/595 854/606/595 852/604/595 850/602/595 848/600/595 846/598/595 844/596/595 842/594/595 840/592/595 838/590/595 836/588/595 834/586/595 832/584/595 830/582/595 828/580/595 826/578/595 824/576/595 822/574/595 820/572/595 818/570/595 816/568/595 814/566/595 812/564/595
f 867/621/629 868/620/629 870/654/629 869/655/629
f 869/655/630 870/654/630 808/656/630 807/657/630
f 807/560/598 809/563/598 811/565/598 813/567/598 815/569/598 817/571/598 819/573/598 821/575/598 823/577/598 825/579/598 827/581/598 829/583/598 831/585/598 833/690/598 835/690/598 837/690/598 839/690/598 841/690/598 843/690/598 845/690/598 847/690/598 849/603/598 851/605/598 853/690/598 855/690/598 857/690/598 859/690/598 861/615/598 863/617/598 865/619/598 867/621/598 869/655/598
f 831/690/595 859/690/595 857/690/595 855/690/595 853/690/595 851/690/595 847/690/595 845/690/595 843/690/595 841/690/595 839/690/595 837/690/595 835/690/595 833/690/595
o 円柱.002
v -1.739412 1.946222 -0.920712
v -2.229095 2.354210 -0.920712
v -0.713012 1.103268 -0.919788
v -2.223091 2.361416 -0.919788
v -0.707239 1.110197 -0.917052
v -2.217319 2.368345 -0.917052
v -0.701918 1.116583 -0.912609
v -2.211998 2.374731 -0.912609
v -0.697255 1.122180 -0.906630
v -2.207335 2.380328 -0.906630
v -0.693428 1.126774 -0.899345
v -2.203507 2.384922 -0.899345
v -0.690584 1.130187 -0.891033
v -2.200664 2.388335 -0.891033
v -0.688833 1.132289 -0.882014
v -2.198912 2.390437 -0.882014
v -0.688241 1.132999 -0.872635
v -2.198321 2.391147 -0.872635
v -0.688833 1.132289 -0.863256
v -2.198912 2.390437 -0.863256
v -0.690584 1.130187 -0.854237
v -2.200664 2.388335 -0.854237
v -0.693428 1.126774 -0.845925
v -2.203507 2.384922 -0.845925
v -0.697255 1.122180 -0.838640
v -2.207335 2.380328 -0.838640
v -0.701918 1.116583 -0.832661
v -2.211998 2.374731 -0.832661
v -0.707239 1.110197 -0.828218
v -2.217319 2.368345 -0.828218
v -0.713012 1.103268 -0.825482
v -2.223091 2.361416 -0.825482
v -0.719016 1.096062 -0.824559
v -2.229095 2.354210 -0.824559
v -0.725019 1.088856 -0.825482
v -2.235099 2.347004 -0.825482
v -0.730792 1.081927 -0.828218
v -2.240872 2.340075 -0.828218
v -0.736113 1.075542 -0.832661
v -2.246192 2.333689 -0.832661
v -0.740776 1.069944 -0.838640
v -2.250856 2.328092 -0.838640
v -0.744603 1.065351 -0.845925
v -2.254683 2.323499 -0.845925
v -0.747447 1.061938 -0.854237
v -2.257527 2.320086 -0.854237
v -0.749199 1.059836 -0.863256
v -2.259278 2.317984 -0.863256
v -0.749790 1.059126 -0.872635
v -2.259870 2.317274 -0.872635
v -0.749199 1.059836 -0.882014
v -2.259278 2.317984 -0.882014
v -0.747447 1.061938 -0.891033
v -2.257527 2.320086 -0.891033
v -0.744603 1.065351 -0.899345
v -2.254683 2.323499 -0.899345
v -0.740776 1.069944 -0.906630
v -2.250856 2.328092 -0.906630
v -0.736113 1.075542 -0.912609
v -2.246192 2.333689 -0.912609
v -0.730792 1.081927 -0.917052
v -2.240872 2.340075 -0.917052
v -0.725019 1.088856 -0.919788
v -2.235099 2.347004 -0.919788
vn 0.0627 0.0753 -0.9952
vn 0.1858 0.2230 -0.9569
vn 0.3017 0.3622 -0.8819
vn 0.4061 0.4874 -0.7730
vn 0.4948 0.5939 -0.6344
vn 0.5645 0.6776 -0.4714
vn 0.6125 0.7352 -0.2903
vn 0.6370 0.7646 -0.0980
vn 0.6370 0.7646 0.0980
vn 0.6125 0.7352 0.2903
vn 0.5645 0.6776 0.4714
vn 0.4948 0.5939 0.6344
vn 0.4061 0.4874 0.7730
vn 0.3017 0.3622 0.8819
vn 0.1858 0.2230 0.9569
vn 0.0627 0.0753 0.9952
vn -0.0627 -0.0753 0.9952
vn -0.1858 -0.2230 0.9569
vn -0.3017 -0.3622 0.8819
vn -0.4061 -0.4874 0.7730
vn -0.4948 -0.5939 0.6344
vn -0.5645 -0.6776 0.4714
vn -0.6125 -0.7352 0.2903
vn -0.6370 -0.7646 0.0980
vn -0.6370 -0.7646 -0.0980
vn -0.6125 -0.7352 -0.2903
vn -0.5645 -0.6776 -0.4714
vn -0.4948 -0.5939 -0.6344
vn -0.4061 -0.4874 -0.7730
vn -0.3017 -0.3622 -0.8819
vn -0.7683 0.6401 -0.0000
vn -0.1858 -0.2230 -0.9569
vn -0.0627 -0.0753 -0.9952
vn 0.3850 -0.3208 -0.8653
vt 1.000000 0.500000
vt 1.000000 1.000000
vt 0.968750 1.000000
vt 0.968750 0.500000
vt 0.937500 1.000000
vt 0.937500 0.500000
vt 0.906250 1.000000
vt 0.906250 0.500000
vt 0.875000 1.000000
vt 0.875000 0.500000
vt 0.843750 1.000000
vt 0.843750 0.500000
vt 0.812500 1.000000
vt 0.812500 0.500000
vt 0.781250 1.000000
vt 0.781250 0.500000
vt 0.750000 1.000000
vt 0.750000 0.500000
vt 0.718750 1.000000
vt 0.718750 0.500000
vt 0.687500 1.000000
vt 0.687500 0.500000
vt 0.656250 1.000000
vt 0.656250 0.500000
vt 0.625000 1.000000
vt 0.625000 0.500000
vt 0.593750 1.000000
vt 0.593750 0.500000
vt 0.562500 1.000000
vt 0.562500 0.500000
vt 0.531250 1.000000
vt 0.531250 0.500000
vt 0.500000 1.000000
vt 0.500000 0.500000
vt 0.468750 1.000000
vt 0.468750 0.500000
vt 0.437500 1.000000
vt 0.437500 0.500000
vt 0.406250 1.000000
vt 0.406250 0.500000
vt 0.375000 1.000000
vt 0.375000 0.500000
vt 0.343750 1.000000
vt 0.343750 0.500000
vt 0.312500 1.000000
vt 0.312500 0.500000
vt 0.281250 1.000000
vt 0.281250 0.500000
vt 0.250000 1.000000
vt 0.250000 0.500000
vt 0.218750 1.000000
vt 0.218750 0.500000
vt 0.187500 1.000000
vt 0.187500 0.500000
vt 0.156250 1.000000
vt 0.156250 0.500000
vt 0.125000 1.000000
vt 0.125000 0.500000
vt 0.093750 1.000000
vt 0.093750 0.500000
vt 0.062500 1.000000
vt 0.062500 0.500000
vt 0.296822 0.485388
vt 0.250000 0.490000
vt 0.203178 0.485388
vt 0.158156 0.471731
vt 0.116663 0.449553
vt 0.080294 0.419706
vt 0.050447 0.383337
vt 0.028269 0.341844
vt 0.014612 0.296822
vt 0.010000 0.250000
vt 0.014612 0.203178
vt 0.028269 0.158156
vt 0.050447 0.116663
vt 0.080294 0.080294
vt 0.116663 0.050447
vt 0.158156 0.028269
vt 0.203178 0.014612
vt 0.250000 0.010000
vt 0.296822 0.014612
vt 0.341844 0.028269
vt 0.383337 0.050447
vt 0.419706 0.080294
vt 0.449553 0.116663
vt 0.471731 0.158156
vt 0.485388 0.203178
vt 0.490000 0.250000
vt 0.485388 0.296822
vt 0.471731 0.341844
vt 0.449553 0.383337
vt 0.419706 0.419706
vt 0.383337 0.449553
vt 0.341844 0.471731
vt 0.031250 1.000000
vt 0.031250 0.500000
vt 0.000000 1.000000
vt 0.000000 0.500000
vt 0.750000 0.490000
vt 0.796822 0.485388
vt 0.841844 0.471731
vt 0.883337 0.449553
vt 0.919706 0.419706
vt 0.949553 0.383337
vt 0.971731 0.341844
vt 0.985388 0.296822
vt 0.990000 0.250000
vt 0.985388 0.203178
vt 0.971731 0.158156
vt 0.949553 0.116663
vt 0.919706 0.080294
vt 0.883337 0.050447
vt 0.841844 0.028269
vt 0.796822 0.014612
vt 0.750000 0.010000
vt 0.703178 0.014612
vt 0.658156 0.028269
vt 0.616663 0.050447
vt 0.580294 0.080294
vt 0.550447 0.116663
vt 0.528269 0.158156
vt 0.514612 0.203178
vt 0.510000 0.250000
vt 0.514612 0.296822
vt 0.528269 0.341844
vt 0.550447 0.383337
vt 0.580294 0.419706
vt 0.616663 0.449553
vt 0.658156 0.471731
vt 0.703178 0.485388
s 0
usemtl マテリアル.003
f 871/692/631 872/693/631 874/694/631 873/695/631
f 873/695/632 874/694/632 876/696/632 875/697/632
f 875/697/633 876/696/633 878/698/633 877/699/633
f 877/699/634 878/698/634 880/700/634 879/701/634
f 879/701/635 880/700/635 882/702/635 881/703/635
f 881/703/636 882/702/636 884/704/636 883/705/636
f 883/705/637 884/704/637 886/706/637 885/707/637
f 885/707/638 886/706/638 888/708/638 887/709/638
f 887/709/639 888/708/639 890/710/639 889/711/639
f 889/711/640 890/710/640 892/712/640 891/713/640
f 891/713/641 892/712/641 894/714/641 893/715/641
f 893/715/642 894/714/642 896/716/642 895/717/642
f 895/717/643 896/716/643 898/718/643 897/719/643
f 897/719/644 898/718/644 900/720/644 899/721/644
f 899/721/645 900/720/645 902/722/645 901/723/645
f 901/723/646 902/722/646 904/724/646 903/725/646
f 903/725/647 904/724/647 906/726/647 905/727/647
f 905/727/648 906/726/648 908/728/648 907/729/648
f 907/729/649 908/728/649 910/730/649 909/731/649
f 909/731/650 910/730/650 912/732/650 911/733/650
f 911/733/651 912/732/651 914/734/651 913/735/651
f 913/735/652 914/734/652 916/736/652 915/737/652
f 915/737/653 916/736/653 918/738/653 917/739/653
f 917/739/654 918/738/654 920/740/654 919/741/654
f 919/741/655 920/740/655 922/742/655 921/743/655
f 921/743/656 922/742/656 924/744/656 923/745/656
f 923/745/657 924/744/657 926/746/657 925/747/657
f 925/747/658 926/746/658 928/748/658 927/749/658
f 927/749/659 928/748/659 930/750/659 929/751/659
f 929/751/660 930/750/660 932/752/660 931/753/660
f 874/754/661 872/755/661 934/756/661 932/757/661 930/758/661 928/759/661 926/760/661 924/761/661 922/762/661 920/763/661 918/764/661 916/765/661 914/766/661 912/767/661 910/768/661 908/769/661 906/770/661 904/771/661 902/772/661 900/773/661 898/774/661 896/775/661 894/776/661 892/777/661 890/778/661 888/779/661 886/780/661 884/781/661 882/782/661 880/783/661 878/784/661 876/785/661
f 931/753/662 932/752/662 934/786/662 933/787/662
f 933/787/663 934/786/663 872/788/663 871/789/663
f 871/790/664 873/791/664 875/792/664 877/793/664 879/794/664 881/795/664 883/796/664 885/797/664 887/798/664 889/799/664 891/800/664 893/801/664 895/802/664 897/803/664 899/804/664 901/805/664 903/806/664 905/807/664 907/808/664 909/809/664 911/810/664 913/811/664 915/812/664 917/813/664 919/814/664 921/815/664 923/816/664 925/817/664 927/818/664 929/819/664 931/820/664 933/821/664
o 球.001
v -2.382796 2.357445 -1.001008
v -2.368755 2.306572 -1.047347
v -2.335911 2.263176 -1.072426
v -2.313906 2.246421 -1.075654
v -2.289263 2.233864 -1.072426
v -2.235915 2.223099 -1.047347
v -2.404882 2.434386 -0.944744
v -2.374796 2.394699 -0.980369
v -2.372377 2.374026 -1.013202
v -2.365072 2.352648 -1.041980
v -2.353162 2.331386 -1.065597
v -2.337105 2.311059 -1.083147
v -2.317518 2.292446 -1.093954
v -2.295153 2.276264 -1.097603
v -2.270871 2.263135 -1.093954
v -2.245604 2.253562 -1.083147
v -2.220322 2.247914 -1.065597
v -2.195999 2.246407 -1.041980
v -2.173568 2.249100 -1.013202
v -2.153892 2.255890 -0.980369
v -2.137727 2.266514 -0.944744
v -2.400849 2.440804 -0.947602
v -2.366886 2.407288 -0.985976
v -2.360893 2.392302 -1.021342
v -2.350456 2.375909 -1.052340
v -2.335975 2.358738 -1.077779
v -2.318007 2.341451 -1.096682
v -2.297244 2.324711 -1.108323
v -2.274482 2.309161 -1.112254
v -2.250597 2.295399 -1.108323
v -2.226506 2.283954 -1.096682
v -2.203135 2.275266 -1.077779
v -2.181383 2.269668 -1.052340
v -2.162084 2.267376 -1.021342
v -2.145982 2.268479 -0.985976
v -2.133694 2.272932 -0.947602
v -2.396598 2.447571 -0.948927
v -2.358546 2.420561 -0.988575
v -2.348785 2.411571 -1.025114
v -2.335044 2.400434 -1.057141
v -2.317853 2.387577 -1.083425
v -2.297872 2.373495 -1.102956
v -2.275868 2.358728 -1.114983
v -2.252688 2.343845 -1.119043
v -2.229221 2.329417 -1.114983
v -2.206371 2.315998 -1.102956
v -2.185014 2.304105 -1.083425
v -2.165972 2.294194 -1.057141
v -2.149976 2.286646 -1.025114
v -2.137641 2.281752 -0.988575
v -2.129442 2.279698 -0.948927
v -2.392290 2.454426 -0.948667
v -2.350096 2.434008 -0.988065
v -2.336517 2.431094 -1.024374
v -2.319431 2.425281 -1.056199
v -2.299494 2.416795 -1.082317
v -2.277472 2.405959 -1.101725
v -2.254212 2.393193 -1.113676
v -2.230607 2.378984 -1.117712
v -2.207565 2.363881 -1.113676
v -2.185971 2.348463 -1.101725
v -2.166654 2.333322 -1.082317
v -2.150358 2.319041 -1.056199
v -2.137709 2.306168 -1.024374
v -2.129192 2.295199 -0.988065
v -2.125134 2.286554 -0.948667
v -2.388092 2.461107 -0.946833
v -2.341861 2.447113 -0.984466
v -2.324563 2.450119 -1.019150
v -2.304216 2.449496 -1.049550
v -2.281603 2.445267 -1.074499
v -2.257592 2.437597 -1.093038
v -2.233108 2.426779 -1.104454
v -2.209089 2.413229 -1.108309
v -2.186460 2.397467 -1.104454
v -2.166091 2.380100 -1.093038
v -2.148763 2.361795 -1.074499
v -2.135143 2.343255 -1.049550
v -2.125754 2.325193 -1.019150
v -2.120957 2.308304 -0.984466
v -2.120936 2.293235 -0.946833
v -2.441560 2.468893 -0.990051
v -2.384165 2.467356 -0.943494
v -2.334158 2.459371 -0.977918
v -2.313380 2.467915 -1.009643
v -2.289983 2.472146 -1.037450
v -2.264866 2.471902 -1.060271
v -2.238996 2.467191 -1.077228
v -2.213366 2.458196 -1.087670
v -2.188961 2.445261 -1.091196
v -2.166719 2.428884 -1.087670
v -2.147495 2.409695 -1.077228
v -2.132027 2.388429 -1.060271
v -2.120910 2.365906 -1.037450
v -2.114571 2.342990 -1.009643
v -2.113254 2.320562 -0.977918
v -2.117010 2.299484 -0.943494
v -2.380660 2.472934 -0.938780
v -2.327283 2.470313 -0.968670
v -2.303399 2.483799 -0.996218
v -2.277279 2.492363 -1.020363
v -2.249929 2.495674 -1.040179
v -2.222398 2.493606 -1.054903
v -2.195745 2.486238 -1.063971
v -2.170995 2.473852 -1.067032
v -2.149098 2.456926 -1.063971
v -2.130897 2.436109 -1.054903
v -2.117089 2.412202 -1.040179
v -2.108206 2.386123 -1.020363
v -2.104590 2.358874 -0.996218
v -2.106379 2.331503 -0.968670
v -2.113505 2.305062 -0.938780
v -2.377712 2.477626 -0.932871
v -2.321500 2.479516 -0.957080
v -2.295003 2.497161 -0.979391
v -2.266593 2.509369 -0.998947
v -2.237363 2.515671 -1.014996
v -2.208436 2.515825 -1.026921
v -2.180924 2.509825 -1.034265
v -2.155883 2.497902 -1.036745
v -2.134277 2.480513 -1.034265
v -2.116935 2.458328 -1.026921
v -2.104524 2.432198 -1.014996
v -2.097520 2.403129 -0.998947
v -2.096194 2.372235 -0.979391
v -2.100596 2.340707 -0.957080
v -2.110556 2.309753 -0.932871
v -2.375434 2.481251 -0.925995
v -2.317031 2.486628 -0.943592
v -2.288515 2.507486 -0.959809
v -2.258336 2.522510 -0.974023
v -2.227653 2.531123 -0.985689
v -2.197647 2.532995 -0.994357
v -2.169470 2.528053 -0.999695
v -2.144205 2.516486 -1.001498
v -2.122823 2.498741 -0.999695
v -2.106146 2.475498 -0.994357
v -2.094814 2.447651 -0.985689
v -2.089263 2.416270 -0.974023
v -2.089706 2.382560 -0.959809
v -2.096127 2.347819 -0.943591
v -2.108278 2.313379 -0.925995
v -2.373913 2.483672 -0.918415
v -2.314048 2.491375 -0.928724
v -2.284184 2.514378 -0.938224
v -2.252824 2.531282 -0.946551
v -2.221172 2.541438 -0.953385
v -2.190445 2.544456 -0.958463
v -2.161825 2.540219 -0.961590
v -2.136410 2.528892 -0.962646
v -2.115178 2.510908 -0.961590
v -2.098944 2.486959 -0.958463
v -2.088332 2.457966 -0.953385
v -2.083751 2.425041 -0.946551
v -2.085375 2.389452 -0.938224
v -2.093144 2.352566 -0.928724
v -2.106757 2.315799 -0.918415
v -2.373208 2.484793 -0.910424
v -2.312665 2.493576 -0.913048
v -2.282177 2.517572 -0.915466
v -2.250269 2.535347 -0.917586
v -2.218168 2.546218 -0.919325
v -2.187108 2.549767 -0.920618
v -2.158282 2.545858 -0.921414
v -2.132797 2.534641 -0.921683
v -2.111634 2.516546 -0.921414
v -2.095606 2.492270 -0.920618
v -2.085329 2.462746 -0.919325
v -2.081196 2.429107 -0.917586
v -2.083368 2.392647 -0.915466
v -2.091761 2.354766 -0.913048
v -2.106053 2.316921 -0.910424
v -2.373346 2.484573 -0.902327
v -2.312937 2.493144 -0.897166
v -2.282571 2.516945 -0.892409
v -2.250770 2.534550 -0.888240
v -2.218757 2.545280 -0.884819
v -2.187763 2.548725 -0.882276
v -2.158977 2.544752 -0.880711
v -2.133506 2.533513 -0.880182
v -2.112329 2.515440 -0.880711
v -2.096261 2.491228 -0.882276
v -2.085918 2.461808 -0.884819
v -2.081697 2.428309 -0.888240
v -2.083762 2.392020 -0.892409
v -2.092033 2.354334 -0.897166
v -2.106191 2.316701 -0.902327
v -2.374322 2.483020 -0.894437
v -2.314851 2.490097 -0.881689
v -2.285350 2.512522 -0.869940
v -2.254308 2.528920 -0.859642
v -2.222917 2.538661 -0.851191
v -2.192384 2.541370 -0.844911
v -2.163883 2.536943 -0.841044
v -2.138509 2.525551 -0.839738
v -2.117236 2.507632 -0.841044
v -2.100883 2.483873 -0.844911
v -2.090077 2.455188 -0.851191
v -2.085235 2.422680 -0.859642
v -2.086541 2.387597 -0.869940
v -2.093947 2.351288 -0.881689
v -2.107167 2.315148 -0.894437
v -2.376099 2.480193 -0.887056
v -2.318336 2.484552 -0.867211
v -2.290409 2.504472 -0.848922
v -2.260746 2.518674 -0.832891
v -2.230488 2.526613 -0.819735
v -2.200796 2.527983 -0.809959
v -2.172813 2.522732 -0.803939
v -2.147614 2.511062 -0.801906
v -2.126166 2.493421 -0.803939
v -2.109295 2.470487 -0.809959
v -2.097648 2.443141 -0.819735
v -2.091673 2.412434 -0.832891
v -2.091600 2.379547 -0.848922
v -2.097431 2.345743 -0.867211
v -2.108943 2.312321 -0.887056
v -2.378607 2.476202 -0.880469
v -2.323256 2.476722 -0.854289
v -2.297551 2.493105 -0.830162
v -2.269837 2.504207 -0.809014
v -2.241177 2.509601 -0.791659
v -2.212674 2.509081 -0.778763
v -2.185423 2.502666 -0.770821
v -2.160470 2.490602 -0.768139
v -2.138776 2.473354 -0.770821
v -2.121173 2.451584 -0.778763
v -2.108337 2.426129 -0.791659
v -2.100764 2.397967 -0.809014
v -2.098742 2.368180 -0.830162
v -2.102351 2.337913 -0.854289
v -2.111451 2.308329 -0.880469
v -2.381751 2.471199 -0.874928
v -2.329422 2.466909 -0.843420
v -2.306504 2.478858 -0.814382
v -2.281231 2.486073 -0.788930
v -2.254576 2.488278 -0.768042
v -2.227562 2.485388 -0.752521
v -2.201228 2.477513 -0.742963
v -2.176585 2.464957 -0.739736
v -2.154580 2.448202 -0.742963
v -2.136060 2.427891 -0.752521
v -2.121736 2.404806 -0.768042
v -2.112159 2.379833 -0.788930
v -2.107695 2.353932 -0.814382
v -2.108518 2.328099 -0.843420
v -2.114595 2.303326 -0.874928
v -2.385409 2.465376 -0.870645
v -2.336599 2.455488 -0.835020
v -2.316922 2.462277 -0.802188
v -2.294492 2.464970 -0.773409
v -2.270169 2.463464 -0.749792
v -2.244887 2.457816 -0.732243
v -2.219620 2.448243 -0.721436
v -2.195338 2.435113 -0.717787
v -2.172973 2.418931 -0.721436
v -2.153386 2.400319 -0.732243
v -2.137329 2.379992 -0.749792
v -2.125419 2.358730 -0.773409
v -2.118114 2.337352 -0.802188
v -2.115695 2.316678 -0.835020
v -2.118253 2.297504 -0.870645
v -2.389442 2.458959 -0.867787
v -2.344509 2.442899 -0.829413
v -2.328407 2.444001 -0.794048
v -2.309108 2.441709 -0.763050
v -2.287356 2.436112 -0.737610
v -2.263985 2.427424 -0.718707
v -2.239894 2.415979 -0.707066
v -2.216009 2.402217 -0.703136
v -2.193247 2.386667 -0.707066
v -2.172483 2.369927 -0.718707
v -2.154516 2.352639 -0.737610
v -2.140035 2.335469 -0.763050
v -2.129598 2.319076 -0.794048
v -2.123605 2.304090 -0.829413
v -2.122286 2.291086 -0.867787
v -2.393694 2.452192 -0.866463
v -2.352849 2.429626 -0.826815
v -2.340515 2.424731 -0.790276
v -2.324519 2.417184 -0.758248
v -2.305477 2.407273 -0.731965
v -2.284120 2.395380 -0.712434
v -2.261270 2.381961 -0.700407
v -2.237803 2.367533 -0.696346
v -2.214622 2.352649 -0.700407
v -2.192619 2.337883 -0.712434
v -2.172637 2.323800 -0.731965
v -2.155447 2.310944 -0.758248
v -2.141706 2.299806 -0.790276
v -2.131945 2.290817 -0.826815
v -2.126538 2.284320 -0.866463
v -2.398001 2.445337 -0.866722
v -2.361299 2.416179 -0.827325
v -2.352782 2.405209 -0.791016
v -2.340133 2.392337 -0.759190
v -2.323837 2.378056 -0.733072
v -2.304520 2.362915 -0.713665
v -2.282926 2.347497 -0.701713
v -2.259884 2.332393 -0.697678
v -2.236279 2.318185 -0.701713
v -2.213019 2.305418 -0.713665
v -2.190997 2.294583 -0.733072
v -2.171060 2.286096 -0.759190
v -2.153974 2.280284 -0.791016
v -2.140395 2.277369 -0.827325
v -2.130846 2.277464 -0.866722
v -2.125693 2.280566 -0.907695
v -2.402199 2.438656 -0.868557
v -2.369534 2.403074 -0.830923
v -2.364737 2.386184 -0.796240
v -2.355348 2.368122 -0.765839
v -2.341728 2.349583 -0.740891
v -2.324400 2.331278 -0.722352
v -2.304030 2.313911 -0.710935
v -2.281402 2.298149 -0.707081
v -2.257383 2.284599 -0.710935
v -2.232899 2.273781 -0.722352
v -2.208888 2.266110 -0.740891
v -2.186275 2.261882 -0.765839
v -2.165928 2.261259 -0.796240
v -2.148630 2.264265 -0.830923
v -2.135044 2.270784 -0.868557
v -2.406126 2.432407 -0.871895
v -2.377237 2.390816 -0.837472
v -2.375920 2.368388 -0.805747
v -2.369581 2.345472 -0.777940
v -2.358464 2.322948 -0.755119
v -2.342996 2.301683 -0.738161
v -2.323772 2.282493 -0.727719
v -2.301530 2.266116 -0.724193
v -2.277125 2.253181 -0.727719
v -2.251495 2.244186 -0.738161
v -2.225625 2.239476 -0.755119
v -2.200508 2.239231 -0.777940
v -2.177111 2.243462 -0.805747
v -2.156332 2.252006 -0.837472
v -2.138971 2.264534 -0.871895
v -2.409631 2.426829 -0.876610
v -2.384112 2.379874 -0.846719
v -2.385901 2.352504 -0.819172
v -2.382285 2.325255 -0.795026
v -2.373402 2.299176 -0.775211
v -2.359594 2.275269 -0.760486
v -2.341393 2.254452 -0.751419
v -2.319496 2.237526 -0.748358
v -2.294745 2.225140 -0.751419
v -2.268093 2.217772 -0.760486
v -2.240562 2.215703 -0.775211
v -2.213212 2.219015 -0.795026
v -2.187092 2.227578 -0.819172
v -2.163208 2.241065 -0.846719
v -2.142476 2.258956 -0.876610
v -2.412579 2.422137 -0.882518
v -2.389895 2.370671 -0.858310
v -2.394297 2.339142 -0.835998
v -2.392971 2.308249 -0.816443
v -2.385967 2.279179 -0.800394
v -2.373556 2.253050 -0.788468
v -2.356214 2.230864 -0.781125
v -2.334608 2.213476 -0.778645
v -2.309567 2.201553 -0.781125
v -2.282055 2.195553 -0.788468
v -2.253128 2.195707 -0.800394
v -2.223898 2.202009 -0.816443
v -2.195488 2.214217 -0.835998
v -2.168991 2.231862 -0.858310
v -2.145424 2.254265 -0.882518
v -2.414858 2.418511 -0.889395
v -2.394364 2.363559 -0.871798
v -2.400785 2.328817 -0.855580
v -2.401228 2.295108 -0.841366
v -2.395677 2.263727 -0.829700
v -2.384345 2.235880 -0.821032
v -2.367668 2.212637 -0.815694
v -2.346286 2.194891 -0.813892
v -2.321021 2.183325 -0.815694
v -2.292844 2.178383 -0.821032
v -2.262838 2.180254 -0.829700
v -2.232155 2.188868 -0.841366
v -2.201976 2.203892 -0.855580
v -2.173460 2.224750 -0.871798
v -2.147702 2.250639 -0.889395
v -2.416378 2.416091 -0.896974
v -2.397347 2.358812 -0.886666
v -2.405115 2.321925 -0.877165
v -2.406740 2.286336 -0.868838
v -2.402159 2.253412 -0.862004
v -2.391547 2.224419 -0.856926
v -2.375313 2.200470 -0.853799
v -2.354081 2.182486 -0.852743
v -2.328666 2.171158 -0.853799
v -2.300045 2.166922 -0.856926
v -2.269319 2.169940 -0.862004
v -2.237667 2.180096 -0.868838
v -2.206307 2.197000 -0.877165
v -2.176443 2.220002 -0.886666
v -2.149223 2.248219 -0.896974
v -2.417083 2.414970 -0.904966
v -2.398730 2.356612 -0.902342
v -2.407123 2.318731 -0.899923
v -2.409295 2.282271 -0.897804
v -2.405162 2.248632 -0.896064
v -2.394885 2.219107 -0.894771
v -2.378856 2.194831 -0.893975
v -2.357693 2.176737 -0.893707
v -2.332209 2.165519 -0.893975
v -2.303383 2.161610 -0.894771
v -2.272323 2.165159 -0.896064
v -2.240222 2.176031 -0.897803
v -2.208314 2.193806 -0.899923
v -2.177825 2.217802 -0.902342
v -2.149928 2.247097 -0.904966
v -2.416945 2.415190 -0.913062
v -2.398458 2.357043 -0.918223
v -2.406729 2.319358 -0.922980
v -2.408793 2.283068 -0.927149
v -2.404573 2.249570 -0.930571
v -2.394230 2.220149 -0.933113
v -2.378161 2.195937 -0.934679
v -2.356985 2.177865 -0.935207
v -2.331514 2.166626 -0.934679
v -2.302728 2.162652 -0.933113
v -2.271733 2.166097 -0.930571
v -2.239721 2.176828 -0.927149
v -2.207920 2.194432 -0.922980
v -2.177554 2.218234 -0.918223
v -2.149789 2.247317 -0.913062
v -2.415969 2.416743 -0.920952
v -2.396544 2.360090 -0.933701
v -2.403949 2.323781 -0.945449
v -2.405256 2.288698 -0.955747
v -2.400413 2.256190 -0.964198
v -2.389608 2.227505 -0.970478
v -2.373255 2.203746 -0.974345
v -2.351982 2.185827 -0.975651
v -2.326607 2.174434 -0.974345
v -2.298106 2.170008 -0.970478
v -2.267574 2.172717 -0.964198
v -2.236183 2.182458 -0.955747
v -2.205141 2.198856 -0.945449
v -2.175640 2.221281 -0.933701
v -2.148813 2.248871 -0.920952
v -2.414193 2.419570 -0.928333
v -2.393059 2.365635 -0.948178
v -2.398891 2.331831 -0.966468
v -2.398818 2.298944 -0.982498
v -2.392843 2.268237 -0.995655
v -2.381196 2.240891 -1.005431
v -2.364325 2.217957 -1.011451
v -2.342877 2.200316 -1.013483
v -2.317678 2.188645 -1.011451
v -2.289695 2.183394 -1.005430
v -2.260003 2.184765 -0.995655
v -2.229745 2.192703 -0.982498
v -2.200082 2.206906 -0.966468
v -2.172155 2.226825 -0.948178
v -2.147037 2.251697 -0.928333
v -2.411685 2.423561 -0.934921
v -2.388140 2.373465 -0.961100
v -2.391748 2.343198 -0.985227
v -2.389727 2.313411 -1.006375
v -2.382153 2.285249 -1.023731
v -2.369318 2.259794 -1.036627
v -2.351715 2.238024 -1.044568
v -2.330021 2.220776 -1.047250
v -2.305068 2.208712 -1.044568
v -2.277817 2.202297 -1.036627
v -2.249314 2.201777 -1.023731
v -2.220654 2.207171 -1.006375
v -2.192940 2.218272 -0.985227
v -2.167235 2.234655 -0.961100
v -2.144529 2.255689 -0.934921
v -2.408541 2.428564 -0.940462
v -2.381973 2.383278 -0.971970
v -2.378332 2.331545 -1.026460
v -2.354430 2.283486 -1.062868
v -2.262929 2.225990 -1.062868
v -2.209260 2.225304 -1.026460
v -2.183987 2.232520 -1.001008
v -2.161069 2.244469 -0.971970
v -2.141385 2.260692 -0.940462
vn 0.7738 -0.6105 -0.1690
vn -0.4014 -0.3654 -0.8398
vn 0.2403 -0.6686 -0.7037
vn 0.8295 -0.5555 -0.0587
vn 0.8264 -0.5604 -0.0559
vn -0.1551 -0.5202 -0.8398
vn -0.7623 0.0030 -0.6472
vn 0.0931 -0.6272 -0.7733
vn -0.8920 0.3500 -0.2861
vn 0.3083 -0.6817 -0.6635
vn -0.8775 0.2506 -0.4089
vn 0.4781 -0.6952 -0.5368
vn -0.8338 0.1292 -0.5368
vn 0.6065 -0.6819 -0.4089
vn -0.7479 -0.0180 -0.6635
vn 0.7024 -0.6518 -0.2861
vn -0.6055 -0.1882 -0.7733
vn 0.7339 -0.6016 -0.3154
vn -0.5203 -0.0527 -0.8523
vn 0.7924 -0.5809 -0.1863
vn -0.3089 -0.2182 -0.9257
vn 0.3769 -0.5640 -0.7347
vn 0.8325 -0.5506 -0.0616
vn -0.0626 -0.3730 -0.9257
vn -0.6910 0.1165 -0.7134
vn 0.1783 -0.4916 -0.8523
vn -0.8604 0.4002 -0.3154
vn 0.3814 -0.5654 -0.7314
vn -0.8324 0.3223 -0.4507
vn 0.5373 -0.6011 -0.5916
vn -0.7747 0.2233 -0.5916
vn 0.6516 -0.6102 -0.4507
vn -0.6749 0.0983 -0.7314
vn -0.8265 0.4542 -0.3325
vn 0.4601 -0.4401 -0.7711
vn -0.7839 0.3995 -0.4752
vn 0.6009 -0.4997 -0.6238
vn -0.7110 0.3246 -0.6238
vn 0.7001 -0.5329 -0.4752
vn -0.5961 0.2236 -0.7711
vn 0.7678 -0.5476 -0.3325
vn -0.4286 0.0934 -0.8987
vn 0.8124 -0.5490 -0.1964
vn -0.2093 -0.0596 -0.9760
vn 0.4782 -0.4483 -0.7552
vn 0.8426 -0.5346 -0.0654
vn 0.8391 -0.5400 -0.0649
vn 0.0371 -0.2144 -0.9760
vn -0.6142 0.2387 -0.7521
vn 0.2700 -0.3456 -0.8987
vn -0.3338 0.2442 -0.9105
vn 0.8332 -0.5160 -0.1990
vn -0.1063 0.1043 -0.9889
vn 0.5531 -0.3184 -0.7698
vn 0.8460 -0.5291 -0.0658
vn 0.1401 -0.0505 -0.9889
vn -0.5349 0.3650 -0.7620
vn 0.3649 -0.1947 -0.9105
vn -0.7914 0.5101 -0.3369
vn 0.5415 -0.3106 -0.7812
vn -0.7338 0.4793 -0.4815
vn 0.6668 -0.3950 -0.6320
vn -0.6452 0.4294 -0.6320
vn 0.7502 -0.4532 -0.4815
vn -0.5148 0.3531 -0.7812
vn 0.8029 -0.4918 -0.3369
vn 0.6223 -0.1820 -0.7613
vn -0.6840 0.5586 -0.4692
vn 0.7321 -0.2909 -0.6159
vn -0.5798 0.5334 -0.6159
vn 0.8000 -0.3739 -0.4692
vn -0.4339 0.4817 -0.7613
vn 0.8378 -0.4363 -0.3283
vn -0.2395 0.3942 -0.8873
vn 0.8537 -0.4832 -0.1940
vn -0.0040 0.2671 -0.9637
vn 0.6051 -0.1664 -0.7786
vn 0.8561 -0.5131 -0.0621
vn 0.8528 -0.5183 -0.0641
vn 0.2424 0.1123 -0.9637
vn -0.4560 0.4905 -0.7426
vn 0.4591 -0.0448 -0.8873
vn -0.7565 0.5655 -0.3283
vn 0.8734 -0.4519 -0.1814
vn 0.0938 0.4226 -0.9014
vn 0.6302 0.0187 -0.7762
vn 0.8593 -0.5079 -0.0600
vn 0.3401 0.2678 -0.9014
vn -0.3807 0.6103 -0.6946
vn 0.5490 0.0984 -0.8300
vn -0.7232 0.6185 -0.3071
vn 0.6995 -0.0591 -0.7122
vn -0.6364 0.6343 -0.4389
vn 0.7946 -0.1915 -0.5761
vn -0.5173 0.6328 -0.5761
vn 0.8476 -0.2981 -0.4389
vn -0.3567 0.6046 -0.7122
vn 0.8711 -0.3833 -0.3071
vn -0.1496 0.5374 -0.8300
vn 0.8517 -0.1006 -0.5142
vn -0.4602 0.7238 -0.5142
vn 0.8911 -0.2289 -0.3918
vn -0.2861 0.7170 -0.6356
vn 0.9015 -0.3348 -0.2741
vn -0.0672 0.6684 -0.7408
vn 0.8914 -0.4233 -0.1619
vn 0.1832 0.5649 -0.8046
vn 0.6144 0.2472 -0.7493
vn 0.8679 -0.4944 -0.0493
vn 0.8653 -0.4985 -0.0535
vn 0.4295 0.4101 -0.8046
vn -0.3118 0.7200 -0.6200
vn 0.6314 0.2294 -0.7408
vn -0.6928 0.6670 -0.2741
vn 0.7701 0.0533 -0.6356
vn -0.5928 0.7036 -0.3918
vn 0.5327 0.5130 -0.6731
vn 0.8704 -0.4902 -0.0450
vn 0.5071 0.5336 -0.6768
vn -0.2520 0.8152 -0.5215
vn 0.7028 0.3431 -0.6231
vn -0.6663 0.7091 -0.2306
vn 0.8315 0.1509 -0.5347
vn -0.5550 0.7638 -0.3295
vn 0.9014 -0.0217 -0.4325
vn -0.4106 0.8027 -0.4325
vn 0.9289 -0.1687 -0.3295
vn -0.2248 0.8146 -0.5347
vn 0.9280 -0.2927 -0.2306
vn 0.0042 0.7821 -0.6231
vn 0.9070 -0.3984 -0.1362
vn 0.2608 0.6884 -0.6768
vn -0.3704 0.8667 -0.3343
vn 0.9596 -0.1200 -0.2546
vn -0.1751 0.8937 -0.4132
vn 0.9494 -0.2586 -0.1782
vn 0.0621 0.8742 -0.4815
vn 0.9197 -0.3783 -0.1053
vn 0.3237 0.7885 -0.5230
vn 0.3661 0.7676 -0.5261
vn 0.8761 -0.4812 -0.0290
vn 0.8746 -0.4836 -0.0348
vn 0.5700 0.6337 -0.5230
vn -0.2036 0.8923 -0.4030
vn 0.7607 0.4352 -0.4815
vn -0.6449 0.7432 -0.1782
vn 0.8811 0.2299 -0.4132
vn -0.5244 0.8125 -0.2546
vn 0.9415 0.0423 -0.3343
vn 0.6157 0.7064 -0.3491
vn -0.1684 0.9483 -0.2690
vn 0.8028 0.5022 -0.3214
vn -0.6294 0.7680 -0.1189
vn 0.9172 0.2874 -0.2758
vn -0.5022 0.8479 -0.1700
vn 0.9707 0.0888 -0.2231
vn -0.3412 0.9131 -0.2231
vn 0.9818 -0.0846 -0.1700
vn -0.1390 0.9511 -0.2758
vn 0.9650 -0.2339 -0.1189
vn 0.1042 0.9412 -0.3214
vn 0.9289 -0.3636 -0.0703
vn 0.3694 0.8612 -0.3491
vn 0.1420 0.9344 -0.3268
vn 0.8776 -0.4787 -0.0232
vn 0.9948 -0.0638 -0.0788
vn -0.1178 0.9848 -0.1278
vn 0.9741 -0.2193 -0.0551
vn 0.1288 0.9804 -0.1490
vn 0.9343 -0.3551 -0.0326
vn 0.3961 0.9038 -0.1618
vn -0.0761 0.9883 -0.1320
vn 0.8797 -0.4756 -0.0043
vn 0.8794 -0.4759 -0.0108
vn 0.6425 0.7490 -0.1618
vn -0.1477 0.9811 -0.1247
vn 0.8274 0.5414 -0.1490
vn -0.6202 0.7825 -0.0551
vn 0.9384 0.3211 -0.1278
vn -0.4891 0.8686 -0.0788
vn 0.9879 0.1160 -0.1034
vn -0.3241 0.9404 -0.1034
vn -0.1425 0.9895 0.0245
vn 0.8337 0.5514 0.0292
vn -0.6179 0.7862 0.0108
vn 0.9438 0.3296 0.0251
vn -0.4858 0.8739 0.0155
vn 0.9922 0.1229 0.0203
vn -0.3197 0.9473 0.0203
vn 0.9982 -0.0586 0.0155
vn -0.1125 0.9933 0.0251
vn 0.9764 -0.2156 0.0108
vn 0.1351 0.9904 0.0292
vn 0.9356 -0.3529 0.0064
vn 0.4029 0.9147 0.0317
vn -0.2508 0.9678 0.0220
vn 0.8799 -0.4752 0.0021
vn 0.6493 0.7599 0.0317
vn -0.1230 0.9765 0.1770
vn 0.9718 -0.2229 0.0763
vn 0.1228 0.9708 0.2063
vn 0.9329 -0.3572 0.0451
vn 0.3895 0.8933 0.2240
vn -0.3813 0.9149 0.1329
vn 0.8779 -0.4784 0.0210
vn 0.8790 -0.4766 0.0149
vn 0.6359 0.7385 0.2240
vn -0.1528 0.9731 0.1727
vn 0.8214 0.5318 0.2063
vn -0.6225 0.7789 0.0763
vn 0.9332 0.3128 0.1770
vn -0.4923 0.8635 0.1091
vn 0.9836 0.1093 0.1432
vn -0.3283 0.9337 0.1432
vn 0.9916 -0.0690 0.1091
vn 0.7909 0.4833 0.3754
vn -0.6338 0.7610 0.1389
vn 0.9070 0.2712 0.3221
vn -0.5085 0.8379 0.1985
vn 0.9625 0.0756 0.2606
vn -0.3494 0.9000 0.2606
vn 0.9755 -0.0946 0.1985
vn -0.1492 0.9349 0.3221
vn 0.9606 -0.2409 0.1389
vn 0.0923 0.9222 0.3754
vn 0.9263 -0.3678 0.0821
vn 0.3564 0.8407 0.4077
vn -0.4791 0.8520 0.2110
vn 0.8768 -0.4801 0.0271
vn 0.6028 0.6859 0.4077
vn -0.1783 0.9325 0.3142
vn 0.9430 -0.2688 0.1962
vn 0.0448 0.8467 0.5301
vn 0.9159 -0.3843 0.1159
vn 0.3049 0.7586 0.5758
vn -0.5550 0.7881 0.2662
vn 0.8711 -0.4892 0.0432
vn 0.8734 -0.4856 0.0383
vn 0.5512 0.6038 0.5758
vn -0.2180 0.8693 0.4437
vn 0.7434 0.4078 0.5301
vn -0.6513 0.7330 0.1962
vn 0.8663 0.2064 0.4549
vn -0.5336 0.7979 0.2803
vn 0.9295 0.0232 0.3680
vn -0.3824 0.8476 0.3680
vn 0.9504 -0.1345 0.2803
vn -0.1899 0.8701 0.4549
vn 0.8126 0.1209 0.5702
vn -0.5667 0.7453 0.3514
vn 0.8861 -0.0459 0.4612
vn -0.4258 0.7784 0.4612
vn 0.9173 -0.1872 0.3514
vn -0.2436 0.7846 0.5702
vn 0.9198 -0.3057 0.2459
vn -0.0178 0.7471 0.6645
vn 0.9022 -0.4061 0.1452
vn 0.2369 0.6504 0.7217
vn -0.6163 0.7258 0.3056
vn 0.8688 -0.4928 0.0480
vn 0.4833 0.4956 0.7217
vn -0.2704 0.7859 0.5561
vn 0.6808 0.3081 0.6645
vn -0.6745 0.6961 0.2459
vn 0.8858 -0.4323 0.1690
vn 0.1551 0.5202 0.8398
vn -0.6680 0.6652 0.3337
vn 0.8603 -0.5063 0.0587
vn 0.8634 -0.5014 0.0559
vn 0.4014 0.3654 0.8398
vn -0.3335 0.6855 0.6472
vn 0.6055 0.1882 0.7733
vn -0.7024 0.6518 0.2861
vn 0.7480 0.0180 0.6635
vn -0.6065 0.6819 0.4089
vn 0.8338 -0.1292 0.5368
vn -0.4781 0.6952 0.5368
vn 0.8775 -0.2506 0.4089
vn -0.3083 0.6817 0.6635
vn 0.8920 -0.3500 0.2861
vn -0.0931 0.6272 0.7733
vn -0.6516 0.6102 0.4507
vn 0.7747 -0.2233 0.5916
vn -0.5373 0.6011 0.5916
vn 0.8324 -0.3223 0.4507
vn -0.3814 0.5654 0.7314
vn 0.8604 -0.4002 0.3154
vn -0.1783 0.4916 0.8524
vn 0.8671 -0.4619 0.1863
vn 0.0626 0.3730 0.9257
vn -0.7132 0.6055 0.3532
vn 0.8572 -0.5112 0.0616
vn 0.3089 0.2182 0.9257
vn -0.4048 0.5721 0.7134
vn 0.5203 0.0527 0.8524
vn -0.7339 0.6016 0.3154
vn 0.6749 -0.0983 0.7314
vn -0.0371 0.2144 0.9760
vn -0.7541 0.5455 0.3658
vn 0.8472 -0.5272 0.0654
vn 0.8506 -0.5218 0.0649
vn 0.2093 0.0596 0.9760
vn -0.4816 0.4499 0.7521
vn 0.4286 -0.0934 0.8987
vn -0.7678 0.5476 0.3325
vn 0.5961 -0.2236 0.7711
vn -0.7001 0.5329 0.4752
vn 0.7110 -0.3246 0.6238
vn -0.6009 0.4997 0.6238
vn 0.7839 -0.3995 0.4752
vn -0.4601 0.4401 0.7711
vn 0.8265 -0.4542 0.3325
vn -0.2700 0.3456 0.8987
vn 0.8471 -0.4938 0.1964
vn 0.6452 -0.4294 0.6320
vn -0.6667 0.3950 0.6320
vn 0.7338 -0.4793 0.4815
vn -0.5415 0.3106 0.7812
vn 0.7914 -0.5101 0.3369
vn -0.3649 0.1947 0.9105
vn 0.8264 -0.5268 0.1990
vn -0.1401 0.0505 0.9889
vn -0.7922 0.4837 0.3722
vn 0.8438 -0.5327 0.0658
vn 0.1063 -0.1043 0.9889
vn -0.5609 0.3236 0.7620
vn 0.3338 -0.2442 0.9105
vn -0.8029 0.4918 0.3369
vn 0.5148 -0.3531 0.7812
vn -0.7502 0.4532 0.4815
vn -0.8284 0.4183 0.3725
vn 0.8337 -0.5487 0.0621
vn 0.8369 -0.5435 0.0641
vn 0.0040 -0.2671 0.9637
vn -0.6398 0.1981 0.7426
vn 0.2395 -0.3942 0.8873
vn -0.8378 0.4363 0.3283
vn 0.4339 -0.4817 0.7613
vn -0.8000 0.3739 0.4692
vn 0.5798 -0.5334 0.6159
vn -0.7321 0.2909 0.6159
vn 0.6840 -0.5586 0.4692
vn -0.6223 0.1820 0.7613
vn 0.7565 -0.5655 0.3283
vn -0.4591 0.0448 0.8873
vn 0.8058 -0.5596 0.1940
vn -0.2424 -0.1123 0.9637
vn -0.7946 0.1915 0.5761
vn 0.6364 -0.6343 0.4389
vn -0.6995 0.0591 0.7122
vn 0.7232 -0.6185 0.3071
vn -0.5490 -0.0984 0.8300
vn 0.7861 -0.5909 0.1814
vn -0.3401 -0.2678 0.9014
vn -0.8635 0.3470 0.3661
vn 0.8304 -0.5539 0.0600
vn -0.0938 -0.4226 0.9014
vn -0.7151 0.0782 0.6947
vn 0.1496 -0.5374 0.8300
vn -0.8711 0.3833 0.3071
vn 0.3567 -0.6046 0.7122
vn -0.8476 0.2981 0.4389
vn 0.5173 -0.6328 0.5761
vn -0.1832 -0.5649 0.8046
vn -0.7840 -0.0314 0.6200
vn 0.0672 -0.6684 0.7408
vn -0.9015 0.3348 0.2741
vn 0.2861 -0.7170 0.6356
vn -0.8911 0.2289 0.3918
vn 0.4602 -0.7238 0.5142
vn -0.8517 0.1006 0.5142
vn 0.5928 -0.7036 0.3918
vn -0.7701 -0.0533 0.6356
vn 0.6928 -0.6670 0.2741
vn -0.6314 -0.2294 0.7408
vn 0.7681 -0.6195 0.1619
vn -0.4295 -0.4101 0.8046
vn -0.8974 0.2668 0.3515
vn 0.8219 -0.5675 0.0493
vn 0.8245 -0.5633 0.0535
vn 0.5550 -0.7638 0.3295
vn -0.8315 -0.1509 0.5347
vn 0.6663 -0.7091 0.2306
vn -0.7028 -0.3431 0.6231
vn 0.7525 -0.6444 0.1362
vn -0.5071 -0.5336 0.6768
vn -0.9293 0.1735 0.3259
vn 0.8193 -0.5716 0.0450
vn -0.2608 -0.6884 0.6768
vn -0.8438 -0.1266 0.5215
vn -0.0042 -0.7821 0.6231
vn -0.9280 0.2927 0.2306
vn 0.2248 -0.8146 0.5347
vn -0.9289 0.1687 0.3295
vn 0.4106 -0.8027 0.4325
vn -0.9014 0.0217 0.4325
vn -0.0621 -0.8742 0.4815
vn -0.9494 0.2586 0.1782
vn 0.1751 -0.8937 0.4132
vn -0.9596 0.1200 0.2546
vn 0.3704 -0.8667 0.3343
vn -0.9415 -0.0423 0.3343
vn 0.5244 -0.8125 0.2546
vn -0.8811 -0.2299 0.4132
vn 0.6449 -0.7432 0.1782
vn -0.7607 -0.4352 0.4815
vn 0.7398 -0.6645 0.1053
vn -0.5700 -0.6337 0.5230
vn -0.9567 0.0615 0.2846
vn 0.8136 -0.5806 0.0290
vn 0.8151 -0.5782 0.0348
vn -0.3237 -0.7885 0.5230
vn -0.8922 -0.2037 0.4030
vn 0.6294 -0.7680 0.1189
vn -0.8028 -0.5022 0.3214
vn 0.7306 -0.6792 0.0703
vn -0.6157 -0.7064 0.3491
vn -0.9726 -0.0767 0.2196
vn 0.8121 -0.5831 0.0232
vn -0.3694 -0.8612 0.3491
vn -0.9275 -0.2597 0.2690
vn -0.1042 -0.9412 0.3214
vn -0.9650 0.2339 0.1189
vn 0.1390 -0.9511 0.2758
vn -0.9818 0.0846 0.1700
vn 0.3412 -0.9131 0.2231
vn -0.9707 -0.0888 0.2231
vn 0.5022 -0.8479 0.1700
vn -0.9172 -0.2874 0.2758
vn -0.9741 0.2193 0.0551
vn 0.1178 -0.9848 0.1278
vn -0.9948 0.0638 0.0788
vn 0.3241 -0.9404 0.1034
vn -0.9879 -0.1160 0.1034
vn 0.4891 -0.8686 0.0788
vn -0.9384 -0.3211 0.1278
vn 0.6202 -0.7825 0.0551
vn -0.8274 -0.5414 0.1490
vn 0.7252 -0.6877 0.0326
vn -0.6425 -0.7490 0.1618
vn -0.9614 -0.2478 0.1196
vn 0.8101 -0.5863 0.0043
vn 0.8103 -0.5859 0.0108
vn -0.3961 -0.9038 0.1618
vn -0.9481 -0.2926 0.1247
vn -0.1288 -0.9804 0.1490
vn -0.8337 -0.5514 -0.0292
vn 0.7239 -0.6899 -0.0064
vn -0.6493 -0.7599 -0.0317
vn -0.8932 -0.4488 -0.0274
vn 0.8099 -0.5866 -0.0021
vn -0.4029 -0.9147 -0.0317
vn -0.9533 -0.3009 -0.0245
vn -0.1351 -0.9904 -0.0292
vn -0.9764 0.2156 -0.0108
vn 0.1125 -0.9933 -0.0251
vn -0.9982 0.0586 -0.0155
vn 0.3197 -0.9473 -0.0203
vn -0.9922 -0.1229 -0.0203
vn 0.4858 -0.8739 -0.0155
vn -0.9438 -0.3296 -0.0251
vn 0.6179 -0.7862 -0.0108
vn 0.1230 -0.9765 -0.1770
vn -0.9916 0.0690 -0.1091
vn 0.3283 -0.9337 -0.1432
vn -0.9836 -0.1093 -0.1432
vn 0.4923 -0.8635 -0.1091
vn -0.9332 -0.3128 -0.1770
vn 0.6225 -0.7789 -0.0763
vn -0.8214 -0.5318 -0.2063
vn 0.7266 -0.6856 -0.0451
vn -0.6359 -0.7385 -0.2240
vn -0.7306 -0.6471 -0.2178
vn 0.8119 -0.5834 -0.0210
vn 0.8108 -0.5852 -0.0149
vn -0.3895 -0.8933 -0.2240
vn -0.9430 -0.2845 -0.1727
vn -0.1228 -0.9708 -0.2063
vn -0.9718 0.2229 -0.0763
vn 0.7332 -0.6750 -0.0821
vn -0.6028 -0.6859 -0.4077
vn -0.4736 -0.7784 -0.4121
vn 0.8130 -0.5817 -0.0271
vn -0.3564 -0.8407 -0.4077
vn -0.9175 -0.2439 -0.3142
vn -0.0923 -0.9222 -0.3754
vn -0.9606 0.2409 -0.1389
vn 0.1492 -0.9349 -0.3221
vn -0.9755 0.0946 -0.1985
vn 0.3494 -0.9000 -0.2606
vn -0.9625 -0.0756 -0.2606
vn 0.5085 -0.8379 -0.1985
vn -0.9070 -0.2712 -0.3221
vn 0.6338 -0.7610 -0.1389
vn -0.7909 -0.4833 -0.3754
vn -0.9504 0.1345 -0.2803
vn 0.3824 -0.8476 -0.3680
vn -0.9295 -0.0232 -0.3680
vn 0.5336 -0.7979 -0.2803
vn -0.8663 -0.2064 -0.4549
vn 0.6513 -0.7330 -0.1962
vn -0.7434 -0.4078 -0.5301
vn 0.7436 -0.6585 -0.1159
vn -0.5512 -0.6038 -0.5758
vn -0.1891 -0.8063 -0.5605
vn 0.8187 -0.5726 -0.0432
vn 0.8164 -0.5762 -0.0383
vn -0.3049 -0.7586 -0.5758
vn -0.8778 -0.1807 -0.4437
vn -0.0448 -0.8467 -0.5301
vn -0.9430 0.2688 -0.1962
vn 0.1899 -0.8701 -0.4549
vn -0.4833 -0.4956 -0.7217
vn 0.0550 -0.7564 -0.6518
vn 0.8209 -0.5690 -0.0480
vn -0.2369 -0.6504 -0.7217
vn -0.8254 -0.0973 -0.5561
vn 0.0178 -0.7471 -0.6645
vn -0.9198 0.3057 -0.2459
vn 0.2436 -0.7846 -0.5702
vn -0.9173 0.1872 -0.3514
vn 0.4258 -0.7784 -0.4612
vn -0.8861 0.0459 -0.4612
vn 0.5667 -0.7453 -0.3514
vn -0.8126 -0.1209 -0.5702
vn 0.6745 -0.6961 -0.2459
vn -0.6808 -0.3081 -0.6645
vn 0.7573 -0.6367 -0.1452
vt 0.750000 0.062500
vt 0.750000 0.125000
vt 0.718750 0.125000
vt 0.718750 0.062500
vt 0.750000 0.500000
vt 0.750000 0.562500
vt 0.718750 0.562500
vt 0.718750 0.500000
vt 0.750000 0.937500
vt 0.734375 1.000000
vt 0.718750 0.937500
vt 0.734375 0.000000
vt 0.750000 0.437500
vt 0.718750 0.437500
vt 0.750000 0.875000
vt 0.718750 0.875000
vt 0.750000 0.375000
vt 0.718750 0.375000
vt 0.750000 0.812500
vt 0.718750 0.812500
vt 0.750000 0.312500
vt 0.718750 0.312500
vt 0.750000 0.750000
vt 0.718750 0.750000
vt 0.750000 0.250000
vt 0.718750 0.250000
vt 0.750000 0.687500
vt 0.718750 0.687500
vt 0.750000 0.187500
vt 0.718750 0.187500
vt 0.750000 0.625000
vt 0.718750 0.625000
vt 0.687500 0.187500
vt 0.687500 0.125000
vt 0.687500 0.625000
vt 0.687500 0.562500
vt 0.687500 0.062500
vt 0.687500 0.500000
vt 0.703125 1.000000
vt 0.687500 0.937500
vt 0.703125 0.000000
vt 0.687500 0.437500
vt 0.687500 0.875000
vt 0.687500 0.375000
vt 0.687500 0.812500
vt 0.687500 0.312500
vt 0.687500 0.750000
vt 0.687500 0.250000
vt 0.687500 0.687500
vt 0.656250 0.875000
vt 0.656250 0.812500
vt 0.656250 0.375000
vt 0.656250 0.312500
vt 0.656250 0.750000
vt 0.656250 0.250000
vt 0.656250 0.687500
vt 0.656250 0.187500
vt 0.656250 0.625000
vt 0.656250 0.125000
vt 0.656250 0.562500
vt 0.656250 0.062500
vt 0.656250 0.500000
vt 0.671875 1.000000
vt 0.656250 0.937500
vt 0.671875 0.000000
vt 0.656250 0.437500
vt 0.625000 0.625000
vt 0.625000 0.562500
vt 0.625000 0.125000
vt 0.625000 0.062500
vt 0.625000 0.500000
vt 0.640625 1.000000
vt 0.625000 0.937500
vt 0.640625 0.000000
vt 0.625000 0.437500
vt 0.625000 0.875000
vt 0.625000 0.375000
vt 0.625000 0.812500
vt 0.625000 0.312500
vt 0.625000 0.750000
vt 0.625000 0.250000
vt 0.625000 0.687500
vt 0.625000 0.187500
vt 0.593750 0.375000
vt 0.593750 0.312500
vt 0.593750 0.812500
vt 0.593750 0.750000
vt 0.593750 0.250000
vt 0.593750 0.687500
vt 0.593750 0.187500
vt 0.593750 0.625000
vt 0.593750 0.125000
vt 0.593750 0.562500
vt 0.593750 0.062500
vt 0.593750 0.500000
vt 0.609375 1.000000
vt 0.593750 0.937500
vt 0.609375 0.000000
vt 0.593750 0.437500
vt 0.593750 0.875000
vt 0.562500 0.125000
vt 0.562500 0.062500
vt 0.562500 0.562500
vt 0.562500 0.500000
vt 0.578125 1.000000
vt 0.562500 0.937500
vt 0.578125 0.000000
vt 0.562500 0.437500
vt 0.562500 0.875000
vt 0.562500 0.375000
vt 0.562500 0.812500
vt 0.562500 0.312500
vt 0.562500 0.750000
vt 0.562500 0.250000
vt 0.562500 0.687500
vt 0.562500 0.187500
vt 0.562500 0.625000
vt 0.531250 0.312500
vt 0.531250 0.250000
vt 0.531250 0.750000
vt 0.531250 0.687500
vt 0.531250 0.187500
vt 0.531250 0.625000
vt 0.531250 0.125000
vt 0.531250 0.562500
vt 0.531250 0.062500
vt 0.531250 0.500000
vt 0.546875 1.000000
vt 0.531250 0.937500
vt 0.546875 0.000000
vt 0.531250 0.437500
vt 0.531250 0.875000
vt 0.531250 0.375000
vt 0.531250 0.812500
vt 0.515625 1.000000
vt 0.500000 0.937500
vt 0.515625 0.000000
vt 0.500000 0.062500
vt 0.500000 0.500000
vt 0.500000 0.437500
vt 0.500000 0.875000
vt 0.500000 0.375000
vt 0.500000 0.812500
vt 0.500000 0.312500
vt 0.500000 0.750000
vt 0.500000 0.250000
vt 0.500000 0.687500
vt 0.500000 0.187500
vt 0.500000 0.625000
vt 0.500000 0.125000
vt 0.500000 0.562500
vt 0.468750 0.750000
vt 0.468750 0.687500
vt 0.468750 0.250000
vt 0.468750 0.187500
vt 0.468750 0.625000
vt 0.468750 0.125000
vt 0.468750 0.562500
vt 0.468750 0.062500
vt 0.468750 0.500000
vt 0.484375 1.000000
vt 0.468750 0.937500
vt 0.484375 0.000000
vt 0.468750 0.437500
vt 0.468750 0.875000
vt 0.468750 0.375000
vt 0.468750 0.812500
vt 0.468750 0.312500
vt 0.437500 0.500000
vt 0.437500 0.437500
vt 0.437500 0.937500
vt 0.437500 0.875000
vt 0.437500 0.375000
vt 0.437500 0.812500
vt 0.437500 0.312500
vt 0.437500 0.750000
vt 0.437500 0.250000
vt 0.437500 0.687500
vt 0.437500 0.187500
vt 0.437500 0.625000
vt 0.437500 0.125000
vt 0.437500 0.562500
vt 0.437500 0.062500
vt 0.453125 1.000000
vt 0.453125 0.000000
vt 0.406250 0.250000
vt 0.406250 0.187500
vt 0.406250 0.687500
vt 0.406250 0.625000
vt 0.406250 0.125000
vt 0.406250 0.562500
vt 0.406250 0.062500
vt 0.406250 0.500000
vt 0.421875 1.000000
vt 0.406250 0.937500
vt 0.421875 0.000000
vt 0.406250 0.437500
vt 0.406250 0.875000
vt 0.406250 0.375000
vt 0.406250 0.812500
vt 0.406250 0.312500
vt 0.406250 0.750000
vt 0.375000 0.937500
vt 0.375000 0.875000
vt 0.375000 0.437500
vt 0.375000 0.375000
vt 0.375000 0.812500
vt 0.375000 0.312500
vt 0.375000 0.750000
vt 0.375000 0.250000
vt 0.375000 0.687500
vt 0.375000 0.187500
vt 0.375000 0.625000
vt 0.375000 0.125000
vt 0.375000 0.562500
vt 0.375000 0.062500
vt 0.375000 0.500000
vt 0.390625 1.000000
vt 0.390625 0.000000
vt 0.343750 0.687500
vt 0.343750 0.625000
vt 0.343750 0.187500
vt 0.343750 0.125000
vt 0.343750 0.562500
vt 0.343750 0.062500
vt 0.343750 0.500000
vt 0.359375 1.000000
vt 0.343750 0.937500
vt 0.359375 0.000000
vt 0.343750 0.437500
vt 0.343750 0.875000
vt 0.343750 0.375000
vt 0.343750 0.812500
vt 0.343750 0.312500
vt 0.343750 0.750000
vt 0.343750 0.250000
vt 0.312500 0.437500
vt 0.312500 0.375000
vt 0.312500 0.875000
vt 0.312500 0.812500
vt 0.312500 0.312500
vt 0.312500 0.750000
vt 0.312500 0.250000
vt 0.312500 0.687500
vt 0.312500 0.187500
vt 0.312500 0.625000
vt 0.312500 0.125000
vt 0.312500 0.562500
vt 0.312500 0.062500
vt 0.312500 0.500000
vt 0.328125 1.000000
vt 0.312500 0.937500
vt 0.328125 0.000000
vt 0.281250 0.187500
vt 0.281250 0.125000
vt 0.281250 0.625000
vt 0.281250 0.562500
vt 0.281250 0.062500
vt 0.281250 0.500000
vt 0.296875 1.000000
vt 0.281250 0.937500
vt 0.296875 0.000000
vt 0.281250 0.437500
vt 0.281250 0.875000
vt 0.281250 0.375000
vt 0.281250 0.812500
vt 0.281250 0.312500
vt 0.281250 0.750000
vt 0.281250 0.250000
vt 0.281250 0.687500
vt 0.250000 0.375000
vt 0.250000 0.312500
vt 0.250000 0.812500
vt 0.250000 0.750000
vt 0.250000 0.250000
vt 0.250000 0.687500
vt 0.250000 0.187500
vt 0.250000 0.625000
vt 0.250000 0.125000
vt 0.250000 0.562500
vt 0.250000 0.062500
vt 0.250000 0.500000
vt 0.265625 1.000000
vt 0.250000 0.937500
vt 0.265625 0.000000
vt 0.250000 0.437500
vt 0.250000 0.875000
vt 0.218750 0.125000
vt 0.218750 0.062500
vt 0.218750 0.562500
vt 0.218750 0.500000
vt 0.234375 1.000000
vt 0.218750 0.937500
vt 0.234375 0.000000
vt 0.218750 0.437500
vt 0.218750 0.875000
vt 0.218750 0.375000
vt 0.218750 0.812500
vt 0.218750 0.312500
vt 0.218750 0.750000
vt 0.218750 0.250000
vt 0.218750 0.687500
vt 0.218750 0.187500
vt 0.218750 0.625000
vt 0.187500 0.812500
vt 0.187500 0.750000
vt 0.187500 0.312500
vt 0.187500 0.250000
vt 0.187500 0.687500
vt 0.187500 0.187500
vt 0.187500 0.625000
vt 0.187500 0.125000
vt 0.187500 0.562500
vt 0.187500 0.062500
vt 0.187500 0.500000
vt 0.203125 1.000000
vt 0.187500 0.937500
vt 0.203125 0.000000
vt 0.187500 0.437500
vt 0.187500 0.875000
vt 0.187500 0.375000
vt 0.156250 0.562500
vt 0.156250 0.500000
vt 0.171875 1.000000
vt 0.156250 0.937500
vt 0.171875 0.000000
vt 0.156250 0.062500
vt 0.156250 0.437500
vt 0.156250 0.875000
vt 0.156250 0.375000
vt 0.156250 0.812500
vt 0.156250 0.312500
vt 0.156250 0.750000
vt 0.156250 0.250000
vt 0.156250 0.687500
vt 0.156250 0.187500
vt 0.156250 0.625000
vt 0.156250 0.125000
vt 0.125000 0.312500
vt 0.125000 0.250000
vt 0.125000 0.750000
vt 0.125000 0.687500
vt 0.125000 0.187500
vt 0.125000 0.625000
vt 0.125000 0.125000
vt 0.125000 0.562500
vt 0.125000 0.062500
vt 0.125000 0.500000
vt 0.140625 1.000000
vt 0.125000 0.937500
vt 0.140625 0.000000
vt 0.125000 0.437500
vt 0.125000 0.875000
vt 0.125000 0.375000
vt 0.125000 0.812500
vt 0.109375 1.000000
vt 0.093750 0.937500
vt 0.109375 0.000000
vt 0.093750 0.062500
vt 0.093750 0.500000
vt 0.093750 0.437500
vt 0.093750 0.875000
vt 0.093750 0.375000
vt 0.093750 0.812500
vt 0.093750 0.312500
vt 0.093750 0.750000
vt 0.093750 0.250000
vt 0.093750 0.687500
vt 0.093750 0.187500
vt 0.093750 0.625000
vt 0.093750 0.125000
vt 0.093750 0.562500
vt 0.062500 0.750000
vt 0.062500 0.687500
vt 0.062500 0.250000
vt 0.062500 0.187500
vt 0.062500 0.625000
vt 0.062500 0.125000
vt 0.062500 0.562500
vt 0.062500 0.062500
vt 0.062500 0.500000
vt 0.078125 1.000000
vt 0.062500 0.937500
vt 0.078125 0.000000
vt 0.062500 0.437500
vt 0.062500 0.875000
vt 0.062500 0.375000
vt 0.062500 0.812500
vt 0.062500 0.312500
vt 0.031250 0.500000
vt 0.031250 0.437500
vt 0.031250 0.937500
vt 0.031250 0.875000
vt 0.031250 0.375000
vt 0.031250 0.812500
vt 0.031250 0.312500
vt 0.031250 0.750000
vt 0.031250 0.250000
vt 0.031250 0.687500
vt 0.031250 0.187500
vt 0.031250 0.625000
vt 0.031250 0.125000
vt 0.031250 0.562500
vt 0.031250 0.062500
vt 0.046875 1.000000
vt 0.046875 0.000000
vt 0.000000 0.250000
vt 0.000000 0.187500
vt 0.000000 0.687500
vt 0.000000 0.625000
vt 0.000000 0.125000
vt 0.000000 0.562500
vt 0.000000 0.062500
vt 0.000000 0.500000
vt 0.015625 1.000000
vt 0.000000 0.937500
vt 0.015625 0.000000
vt 0.000000 0.437500
vt 0.000000 0.875000
vt 0.000000 0.375000
vt 0.000000 0.812500
vt 0.000000 0.312500
vt 0.000000 0.750000
vt 1.000000 0.375000
vt 1.000000 0.437500
vt 0.968750 0.437500
vt 0.968750 0.375000
vt 1.000000 0.812500
vt 1.000000 0.875000
vt 0.968750 0.875000
vt 0.968750 0.812500
vt 1.000000 0.312500
vt 0.968750 0.312500
vt 1.000000 0.750000
vt 0.968750 0.750000
vt 1.000000 0.250000
vt 0.968750 0.250000
vt 1.000000 0.687500
vt 0.968750 0.687500
vt 1.000000 0.187500
vt 0.968750 0.187500
vt 1.000000 0.625000
vt 0.968750 0.625000
vt 1.000000 0.125000
vt 0.968750 0.125000
vt 1.000000 0.562500
vt 0.968750 0.562500
vt 1.000000 0.062500
vt 0.968750 0.062500
vt 1.000000 0.500000
vt 0.968750 0.500000
vt 1.000000 0.937500
vt 0.984375 1.000000
vt 0.968750 0.937500
vt 0.984375 0.000000
vt 0.937500 0.187500
vt 0.937500 0.125000
vt 0.937500 0.625000
vt 0.937500 0.562500
vt 0.937500 0.062500
vt 0.937500 0.500000
vt 0.953125 1.000000
vt 0.937500 0.937500
vt 0.953125 0.000000
vt 0.937500 0.437500
vt 0.937500 0.875000
vt 0.937500 0.375000
vt 0.937500 0.812500
vt 0.937500 0.312500
vt 0.937500 0.750000
vt 0.937500 0.250000
vt 0.937500 0.687500
vt 0.906250 0.875000
vt 0.906250 0.812500
vt 0.906250 0.375000
vt 0.906250 0.312500
vt 0.906250 0.750000
vt 0.906250 0.250000
vt 0.906250 0.687500
vt 0.906250 0.187500
vt 0.906250 0.625000
vt 0.906250 0.125000
vt 0.906250 0.562500
vt 0.906250 0.062500
vt 0.906250 0.500000
vt 0.921875 1.000000
vt 0.906250 0.937500
vt 0.921875 0.000000
vt 0.906250 0.437500
vt 0.875000 0.625000
vt 0.875000 0.562500
vt 0.875000 0.125000
vt 0.875000 0.062500
vt 0.875000 0.500000
vt 0.890625 1.000000
vt 0.875000 0.937500
vt 0.890625 0.000000
vt 0.875000 0.437500
vt 0.875000 0.875000
vt 0.875000 0.375000
vt 0.875000 0.812500
vt 0.875000 0.312500
vt 0.875000 0.750000
vt 0.875000 0.250000
vt 0.875000 0.687500
vt 0.875000 0.187500
vt 0.843750 0.375000
vt 0.843750 0.312500
vt 0.843750 0.812500
vt 0.843750 0.750000
vt 0.843750 0.250000
vt 0.843750 0.687500
vt 0.843750 0.187500
vt 0.843750 0.625000
vt 0.843750 0.125000
vt 0.843750 0.562500
vt 0.843750 0.062500
vt 0.843750 0.500000
vt 0.859375 1.000000
vt 0.843750 0.937500
vt 0.859375 0.000000
vt 0.843750 0.437500
vt 0.843750 0.875000
vt 0.812500 0.125000
vt 0.812500 0.062500
vt 0.812500 0.562500
vt 0.812500 0.500000
vt 0.828125 1.000000
vt 0.812500 0.937500
vt 0.828125 0.000000
vt 0.812500 0.437500
vt 0.812500 0.875000
vt 0.812500 0.375000
vt 0.812500 0.812500
vt 0.812500 0.312500
vt 0.812500 0.750000
vt 0.812500 0.250000
vt 0.812500 0.687500
vt 0.812500 0.187500
vt 0.812500 0.625000
vt 0.781250 0.812500
vt 0.781250 0.750000
vt 0.781250 0.312500
vt 0.781250 0.250000
vt 0.781250 0.687500
vt 0.781250 0.187500
vt 0.781250 0.625000
vt 0.781250 0.125000
vt 0.781250 0.562500
vt 0.781250 0.062500
vt 0.781250 0.500000
vt 0.796875 1.000000
vt 0.781250 0.937500
vt 0.796875 0.000000
vt 0.781250 0.437500
vt 0.781250 0.875000
vt 0.781250 0.375000
vt 0.765625 1.000000
vt 0.765625 0.000000
s 1
usemtl マテリアル.004
f 1416/822/665 1415/823/665 954/824/665 955/825/665
f 938/826/666 937/827/666 947/828/666 948/829/666
f 1408/830/667 1016/831/667 941/832/667
f 1242/833/668 1416/822/669 955/825/668
f 939/834/670 938/826/670 948/829/670 949/835/670
f 1409/836/671 1408/830/671 941/832/671 942/837/671
f 1412/838/672 939/834/672 949/835/672 950/839/672
f 935/840/673 1409/836/673 942/837/673 943/841/673
f 940/842/674 1412/838/674 950/839/674 951/843/674
f 1410/844/675 935/840/675 943/841/675 944/845/675
f 1413/846/676 940/842/676 951/843/676 952/847/676
f 936/848/677 1410/844/677 944/845/677 945/849/677
f 1414/850/678 1413/846/678 952/847/678 953/851/678
f 1411/852/679 936/848/679 945/849/679 946/853/679
f 1415/823/680 1414/850/680 953/851/680 954/824/680
f 937/827/681 1411/852/681 946/853/681 947/828/681
f 954/824/682 953/851/682 968/854/682 969/855/682
f 947/828/683 946/853/683 961/856/683 962/857/683
f 955/825/684 954/824/684 969/855/684 970/858/684
f 948/829/685 947/828/685 962/857/685 963/859/685
f 941/832/686 1016/860/686 956/861/686
f 1242/862/668 955/825/668 970/858/687
f 949/835/688 948/829/688 963/859/688 964/863/688
f 942/837/689 941/832/689 956/861/689 957/864/689
f 950/839/690 949/835/690 964/863/690 965/865/690
f 943/841/691 942/837/691 957/864/691 958/866/691
f 951/843/692 950/839/692 965/865/692 966/867/692
f 944/845/693 943/841/693 958/866/693 959/868/693
f 952/847/694 951/843/694 966/867/694 967/869/694
f 945/849/695 944/845/695 959/868/695 960/870/695
f 953/851/696 952/847/696 967/869/696 968/854/696
f 946/853/697 945/849/697 960/870/697 961/856/697
f 958/866/698 957/864/698 972/871/698 973/872/698
f 966/867/699 965/865/699 980/873/699 981/874/699
f 959/868/700 958/866/700 973/872/700 974/875/700
f 967/869/701 966/867/701 981/874/701 982/876/701
f 960/870/702 959/868/702 974/875/702 975/877/702
f 968/854/703 967/869/703 982/876/703 983/878/703
f 961/856/704 960/870/704 975/877/704 976/879/704
f 969/855/705 968/854/705 983/878/705 984/880/705
f 962/857/706 961/856/706 976/879/706 977/881/706
f 970/858/707 969/855/707 984/880/707 985/882/707
f 963/859/708 962/857/708 977/881/708 978/883/708
f 956/861/709 1016/884/709 971/885/709
f 1242/886/710 970/858/711 985/882/710
f 964/863/712 963/859/712 978/883/712 979/887/712
f 957/864/713 956/861/713 971/885/713 972/871/713
f 965/865/714 964/863/714 979/887/714 980/873/714
f 977/881/715 976/879/715 991/888/715 992/889/715
f 985/882/716 984/880/716 999/890/716 1000/891/716
f 978/883/717 977/881/717 992/889/717 993/892/717
f 971/885/718 1016/893/718 986/894/718
f 1242/895/710 985/882/710 1000/891/719
f 979/887/720 978/883/720 993/892/720 994/896/720
f 972/871/721 971/885/721 986/894/721 987/897/721
f 980/873/722 979/887/722 994/896/722 995/898/722
f 973/872/723 972/871/723 987/897/723 988/899/723
f 981/874/724 980/873/724 995/898/724 996/900/724
f 974/875/725 973/872/725 988/899/725 989/901/725
f 982/876/726 981/874/726 996/900/726 997/902/726
f 975/877/727 974/875/727 989/901/727 990/903/727
f 983/878/728 982/876/728 997/902/728 998/904/728
f 976/879/729 975/877/729 990/903/729 991/888/729
f 984/880/730 983/878/730 998/904/730 999/890/730
f 996/900/731 995/898/731 1010/905/731 1011/906/731
f 989/901/732 988/899/732 1003/907/732 1004/908/732
f 997/902/733 996/900/733 1011/906/733 1012/909/733
f 990/903/734 989/901/734 1004/908/734 1005/910/734
f 998/904/735 997/902/735 1012/909/735 1013/911/735
f 991/888/736 990/903/736 1005/910/736 1006/912/736
f 999/890/737 998/904/737 1013/911/737 1014/913/737
f 992/889/738 991/888/738 1006/912/738 1007/914/738
f 1000/891/739 999/890/739 1014/913/739 1015/915/739
f 993/892/740 992/889/740 1007/914/740 1008/916/740
f 986/894/741 1016/917/741 1001/918/741
f 1242/919/742 1000/891/743 1015/915/742
f 994/896/744 993/892/744 1008/916/744 1009/920/744
f 987/897/745 986/894/745 1001/918/745 1002/921/745
f 995/898/746 994/896/746 1009/920/746 1010/905/746
f 988/899/747 987/897/747 1002/921/747 1003/907/747
f 1015/915/748 1014/913/748 1030/922/748 1031/923/748
f 1008/916/749 1007/914/749 1023/924/749 1024/925/749
f 1001/918/750 1016/926/750 1017/927/750
f 1242/928/742 1015/915/742 1031/923/751
f 1009/920/752 1008/916/752 1024/925/752 1025/929/752
f 1002/921/753 1001/918/753 1017/927/753 1018/930/753
f 1010/905/754 1009/920/754 1025/929/754 1026/931/754
f 1003/907/755 1002/921/755 1018/930/755 1019/932/755
f 1011/906/756 1010/905/756 1026/931/756 1027/933/756
f 1004/908/757 1003/907/757 1019/932/757 1020/934/757
f 1012/909/758 1011/906/758 1027/933/758 1028/935/758
f 1005/910/759 1004/908/759 1020/934/759 1021/936/759
f 1013/911/760 1012/909/760 1028/935/760 1029/937/760
f 1006/912/761 1005/910/761 1021/936/761 1022/938/761
f 1014/913/762 1013/911/762 1029/937/762 1030/922/762
f 1007/914/763 1006/912/763 1022/938/763 1023/924/763
f 1028/935/764 1027/933/764 1042/939/764 1043/940/764
f 1021/936/765 1020/934/765 1035/941/765 1036/942/765
f 1029/937/766 1028/935/766 1043/940/766 1044/943/766
f 1022/938/767 1021/936/767 1036/942/767 1037/944/767
f 1030/922/768 1029/937/768 1044/943/768 1045/945/768
f 1023/924/769 1022/938/769 1037/944/769 1038/946/769
f 1031/923/770 1030/922/770 1045/945/770 1046/947/770
f 1024/925/771 1023/924/771 1038/946/771 1039/948/771
f 1017/927/772 1016/949/772 1032/950/772
f 1242/951/773 1031/923/774 1046/947/773
f 1025/929/775 1024/925/775 1039/948/775 1040/952/775
f 1018/930/776 1017/927/776 1032/950/776 1033/953/776
f 1026/931/777 1025/929/777 1040/952/777 1041/954/777
f 1019/932/778 1018/930/778 1033/953/778 1034/955/778
f 1027/933/779 1026/931/779 1041/954/779 1042/939/779
f 1020/934/780 1019/932/780 1034/955/780 1035/941/780
f 1032/950/781 1016/956/781 1047/957/781
f 1242/958/773 1046/947/773 1061/959/782
f 1040/952/783 1039/948/783 1054/960/783 1055/961/783
f 1033/953/784 1032/950/784 1047/957/784 1048/962/784
f 1041/954/785 1040/952/785 1055/961/785 1056/963/785
f 1034/955/786 1033/953/786 1048/962/786 1049/964/786
f 1042/939/787 1041/954/787 1056/963/787 1057/965/787
f 1035/941/788 1034/955/788 1049/964/788 1050/966/788
f 1043/940/789 1042/939/789 1057/965/789 1058/967/789
f 1036/942/790 1035/941/790 1050/966/790 1051/968/790
f 1044/943/791 1043/940/791 1058/967/791 1059/969/791
f 1037/944/792 1036/942/792 1051/968/792 1052/970/792
f 1045/945/793 1044/943/793 1059/969/793 1060/971/793
f 1038/946/794 1037/944/794 1052/970/794 1053/972/794
f 1046/947/795 1045/945/795 1060/971/795 1061/959/795
f 1039/948/796 1038/946/796 1053/972/796 1054/960/796
f 1051/968/797 1050/966/797 1065/973/797 1066/974/797
f 1059/969/798 1058/967/798 1073/975/798 1074/976/798
f 1052/970/799 1051/968/799 1066/974/799 1067/977/799
f 1060/971/800 1059/969/800 1074/976/800 1075/978/800
f 1053/972/801 1052/970/801 1067/977/801 1068/979/801
f 1061/959/802 1060/971/802 1075/978/802 1076/980/802
f 1054/960/803 1053/972/803 1068/979/803 1069/981/803
f 1047/957/804 1016/982/804 1062/983/804
f 1242/984/805 1061/959/806 1076/980/805
f 1055/961/807 1054/960/807 1069/981/807 1070/985/807
f 1048/962/808 1047/957/808 1062/983/808 1063/986/808
f 1056/963/809 1055/961/809 1070/985/809 1071/987/809
f 1049/964/810 1048/962/810 1063/986/810 1064/988/810
f 1057/965/811 1056/963/811 1071/987/811 1072/989/811
f 1050/966/812 1049/964/812 1064/988/812 1065/973/812
f 1058/967/813 1057/965/813 1072/989/813 1073/975/813
f 1070/985/814 1069/981/814 1084/990/814 1085/991/814
f 1063/986/815 1062/983/815 1077/992/815 1078/993/815
f 1071/987/816 1070/985/816 1085/991/816 1086/994/816
f 1064/988/817 1063/986/817 1078/993/817 1079/995/817
f 1072/989/818 1071/987/818 1086/994/818 1087/996/818
f 1065/973/819 1064/988/819 1079/995/819 1080/997/819
f 1073/975/820 1072/989/820 1087/996/820 1088/998/820
f 1066/974/821 1065/973/821 1080/997/821 1081/999/821
f 1074/976/822 1073/975/822 1088/998/822 1089/1000/822
f 1067/977/823 1066/974/823 1081/999/823 1082/1001/823
f 1075/978/824 1074/976/824 1089/1000/824 1090/1002/824
f 1068/979/825 1067/977/825 1082/1001/825 1083/1003/825
f 1076/980/826 1075/978/826 1090/1002/826 1091/1004/826
f 1069/981/827 1068/979/827 1083/1003/827 1084/990/827
f 1062/983/828 1016/1005/828 1077/992/828
f 1242/1006/805 1076/980/805 1091/1004/829
f 1089/1000/830 1088/998/830 1103/1007/830 1104/1008/830
f 1082/1001/831 1081/999/831 1096/1009/831 1097/1010/831
f 1090/1002/832 1089/1000/832 1104/1008/832 1105/1011/832
f 1083/1003/833 1082/1001/833 1097/1010/833 1098/1012/833
f 1091/1004/834 1090/1002/834 1105/1011/834 1106/1013/834
f 1084/990/835 1083/1003/835 1098/1012/835 1099/1014/835
f 1077/992/836 1016/1015/836 1092/1016/836
f 1242/1017/837 1091/1004/838 1106/1013/837
f 1085/991/839 1084/990/839 1099/1014/839 1100/1018/839
f 1078/993/840 1077/992/840 1092/1016/840 1093/1019/840
f 1086/994/841 1085/991/841 1100/1018/841 1101/1020/841
f 1079/995/842 1078/993/842 1093/1019/842 1094/1021/842
f 1087/996/843 1086/994/843 1101/1020/843 1102/1022/843
f 1080/997/844 1079/995/844 1094/1021/844 1095/1023/844
f 1088/998/845 1087/996/845 1102/1022/845 1103/1007/845
f 1081/999/846 1080/997/846 1095/1023/846 1096/1009/846
f 1093/1019/847 1092/1016/847 1107/1024/847 1108/1025/847
f 1101/1020/848 1100/1018/848 1115/1026/848 1116/1027/848
f 1094/1021/849 1093/1019/849 1108/1025/849 1109/1028/849
f 1102/1022/850 1101/1020/850 1116/1027/850 1117/1029/850
f 1095/1023/851 1094/1021/851 1109/1028/851 1110/1030/851
f 1103/1007/852 1102/1022/852 1117/1029/852 1118/1031/852
f 1096/1009/853 1095/1023/853 1110/1030/853 1111/1032/853
f 1104/1008/854 1103/1007/854 1118/1031/854 1119/1033/854
f 1097/1010/855 1096/1009/855 1111/1032/855 1112/1034/855
f 1105/1011/856 1104/1008/856 1119/1033/856 1120/1035/856
f 1098/1012/857 1097/1010/857 1112/1034/857 1113/1036/857
f 1106/1013/858 1105/1011/858 1120/1035/858 1121/1037/858
f 1099/1014/859 1098/1012/859 1113/1036/859 1114/1038/859
f 1092/1016/860 1016/1039/860 1107/1024/860
f 1242/1040/837 1106/1013/837 1121/1037/861
f 1100/1018/862 1099/1014/862 1114/1038/862 1115/1026/862
f 1112/1034/863 1111/1032/863 1126/1041/863 1127/1042/863
f 1120/1035/864 1119/1033/864 1134/1043/864 1135/1044/864
f 1113/1036/865 1112/1034/865 1127/1042/865 1128/1045/865
f 1121/1037/866 1120/1035/866 1135/1044/866 1136/1046/866
f 1114/1038/867 1113/1036/867 1128/1045/867 1129/1047/867
f 1107/1024/868 1016/1048/868 1122/1049/868
f 1242/1050/869 1121/1037/870 1136/1046/869
f 1115/1026/871 1114/1038/871 1129/1047/871 1130/1051/871
f 1108/1025/872 1107/1024/872 1122/1049/872 1123/1052/872
f 1116/1027/873 1115/1026/873 1130/1051/873 1131/1053/873
f 1109/1028/874 1108/1025/874 1123/1052/874 1124/1054/874
f 1117/1029/875 1116/1027/875 1131/1053/875 1132/1055/875
f 1110/1030/876 1109/1028/876 1124/1054/876 1125/1056/876
f 1118/1031/877 1117/1029/877 1132/1055/877 1133/1057/877
f 1111/1032/878 1110/1030/878 1125/1056/878 1126/1041/878
f 1119/1033/879 1118/1031/879 1133/1057/879 1134/1043/879
f 1131/1053/880 1130/1051/880 1145/1058/880 1146/1059/880
f 1124/1054/881 1123/1052/881 1138/1060/881 1139/1061/881
f 1132/1055/882 1131/1053/882 1146/1059/882 1147/1062/882
f 1125/1056/883 1124/1054/883 1139/1061/883 1140/1063/883
f 1133/1057/884 1132/1055/884 1147/1062/884 1148/1064/884
f 1126/1041/885 1125/1056/885 1140/1063/885 1141/1065/885
f 1134/1043/886 1133/1057/886 1148/1064/886 1149/1066/886
f 1127/1042/887 1126/1041/887 1141/1065/887 1142/1067/887
f 1135/1044/888 1134/1043/888 1149/1066/888 1150/1068/888
f 1128/1045/889 1127/1042/889 1142/1067/889 1143/1069/889
f 1136/1046/890 1135/1044/890 1150/1068/890 1151/1070/890
f 1129/1047/891 1128/1045/891 1143/1069/891 1144/1071/891
f 1122/1049/892 1016/1072/892 1137/1073/892
f 1242/1074/869 1136/1046/869 1151/1070/893
f 1130/1051/894 1129/1047/894 1144/1071/894 1145/1058/894
f 1123/1052/895 1122/1049/895 1137/1073/895 1138/1060/895
f 1150/1068/896 1149/1066/896 1164/1075/896 1165/1076/896
f 1143/1069/897 1142/1067/897 1157/1077/897 1158/1078/897
f 1151/1070/898 1150/1068/898 1165/1076/898 1166/1079/898
f 1144/1071/899 1143/1069/899 1158/1078/899 1159/1080/899
f 1137/1073/900 1016/1081/900 1152/1082/900
f 1242/1083/901 1151/1070/902 1166/1079/901
f 1145/1058/903 1144/1071/903 1159/1080/903 1160/1084/903
f 1138/1060/904 1137/1073/904 1152/1082/904 1153/1085/904
f 1146/1059/905 1145/1058/905 1160/1084/905 1161/1086/905
f 1139/1061/906 1138/1060/906 1153/1085/906 1154/1087/906
f 1147/1062/907 1146/1059/907 1161/1086/907 1162/1088/907
f 1140/1063/908 1139/1061/908 1154/1087/908 1155/1089/908
f 1148/1064/909 1147/1062/909 1162/1088/909 1163/1090/909
f 1141/1065/910 1140/1063/910 1155/1089/910 1156/1091/910
f 1149/1066/911 1148/1064/911 1163/1090/911 1164/1075/911
f 1142/1067/912 1141/1065/912 1156/1091/912 1157/1077/912
f 1162/1088/913 1161/1086/913 1176/1092/913 1177/1093/913
f 1155/1089/914 1154/1087/914 1169/1094/914 1170/1095/914
f 1163/1090/915 1162/1088/915 1177/1093/915 1178/1096/915
f 1156/1091/916 1155/1089/916 1170/1095/916 1171/1097/916
f 1164/1075/917 1163/1090/917 1178/1096/917 1179/1098/917
f 1157/1077/918 1156/1091/918 1171/1097/918 1172/1099/918
f 1165/1076/919 1164/1075/919 1179/1098/919 1180/1100/919
f 1158/1078/920 1157/1077/920 1172/1099/920 1173/1101/920
f 1166/1079/921 1165/1076/921 1180/1100/921 1181/1102/921
f 1159/1080/922 1158/1078/922 1173/1101/922 1174/1103/922
f 1152/1082/923 1016/1104/923 1167/1105/923
f 1242/1106/901 1166/1079/901 1181/1102/924
f 1160/1084/925 1159/1080/925 1174/1103/925 1175/1107/925
f 1153/1085/926 1152/1082/926 1167/1105/926 1168/1108/926
f 1161/1086/927 1160/1084/927 1175/1107/927 1176/1092/927
f 1154/1087/928 1153/1085/928 1168/1108/928 1169/1094/928
f 1181/1102/929 1180/1100/929 1195/1109/929 1196/1110/929
f 1174/1103/930 1173/1101/930 1188/1111/930 1189/1112/930
f 1167/1105/931 1016/1113/931 1182/1114/931
f 1242/1115/932 1181/1102/933 1196/1110/932
f 1175/1107/934 1174/1103/934 1189/1112/934 1190/1116/934
f 1168/1108/935 1167/1105/935 1182/1114/935 1183/1117/935
f 1176/1092/936 1175/1107/936 1190/1116/936 1191/1118/936
f 1169/1094/937 1168/1108/937 1183/1117/937 1184/1119/937
f 1177/1093/938 1176/1092/938 1191/1118/938 1192/1120/938
f 1170/1095/939 1169/1094/939 1184/1119/939 1185/1121/939
f 1178/1096/940 1177/1093/940 1192/1120/940 1193/1122/940
f 1171/1097/941 1170/1095/941 1185/1121/941 1186/1123/941
f 1179/1098/942 1178/1096/942 1193/1122/942 1194/1124/942
f 1172/1099/943 1171/1097/943 1186/1123/943 1187/1125/943
f 1180/1100/944 1179/1098/944 1194/1124/944 1195/1109/944
f 1173/1101/945 1172/1099/945 1187/1125/945 1188/1111/945
f 1185/1121/946 1184/1119/946 1199/1126/946 1200/1127/946
f 1193/1122/947 1192/1120/947 1207/1128/947 1208/1129/947
f 1186/1123/948 1185/1121/948 1200/1127/948 1201/1130/948
f 1194/1124/949 1193/1122/949 1208/1129/949 1209/1131/949
f 1187/1125/950 1186/1123/950 1201/1130/950 1202/1132/950
f 1195/1109/951 1194/1124/951 1209/1131/951 1210/1133/951
f 1188/1111/952 1187/1125/952 1202/1132/952 1203/1134/952
f 1196/1110/953 1195/1109/953 1210/1133/953 1211/1135/953
f 1189/1112/954 1188/1111/954 1203/1134/954 1204/1136/954
f 1182/1114/955 1016/1137/955 1197/1138/955
f 1242/1139/932 1196/1110/932 1211/1135/956
f 1190/1116/957 1189/1112/957 1204/1136/957 1205/1140/957
f 1183/1117/958 1182/1114/958 1197/1138/958 1198/1141/958
f 1191/1118/959 1190/1116/959 1205/1140/959 1206/1142/959
f 1184/1119/960 1183/1117/960 1198/1141/960 1199/1126/960
f 1192/1120/961 1191/1118/961 1206/1142/961 1207/1128/961
f 1204/1136/962 1203/1134/962 1218/1143/962 1219/1144/962
f 1197/1138/963 1016/1145/963 1212/1146/963
f 1242/1147/964 1211/1135/965 1226/1148/964
f 1205/1140/966 1204/1136/966 1219/1144/966 1220/1149/966
f 1198/1141/967 1197/1138/967 1212/1146/967 1213/1150/967
f 1206/1142/968 1205/1140/968 1220/1149/968 1221/1151/968
f 1199/1126/969 1198/1141/969 1213/1150/969 1214/1152/969
f 1207/1128/970 1206/1142/970 1221/1151/970 1222/1153/970
f 1200/1127/971 1199/1126/971 1214/1152/971 1215/1154/971
f 1208/1129/972 1207/1128/972 1222/1153/972 1223/1155/972
f 1201/1130/973 1200/1127/973 1215/1154/973 1216/1156/973
f 1209/1131/974 1208/1129/974 1223/1155/974 1224/1157/974
f 1202/1132/975 1201/1130/975 1216/1156/975 1217/1158/975
f 1210/1133/976 1209/1131/976 1224/1157/976 1225/1159/976
f 1203/1134/977 1202/1132/977 1217/1158/977 1218/1143/977
f 1211/1135/978 1210/1133/978 1225/1159/978 1226/1148/978
f 1223/1155/979 1222/1153/979 1237/1160/979 1238/1161/979
f 1216/1156/980 1215/1154/980 1230/1162/980 1231/1163/980
f 1224/1157/981 1223/1155/981 1238/1161/981 1239/1164/981
f 1217/1158/982 1216/1156/982 1231/1163/982 1232/1165/982
f 1225/1159/983 1224/1157/983 1239/1164/983 1240/1166/983
f 1218/1143/984 1217/1158/984 1232/1165/984 1233/1167/984
f 1226/1148/985 1225/1159/985 1240/1166/985 1241/1168/985
f 1219/1144/986 1218/1143/986 1233/1167/986 1234/1169/986
f 1212/1146/987 1016/1170/987 1227/1171/987
f 1242/1172/964 1226/1148/964 1241/1168/988
f 1220/1149/989 1219/1144/989 1234/1169/989 1235/1173/989
f 1213/1150/990 1212/1146/990 1227/1171/990 1228/1174/990
f 1221/1151/991 1220/1149/991 1235/1173/991 1236/1175/991
f 1214/1152/992 1213/1150/992 1228/1174/992 1229/1176/992
f 1222/1153/993 1221/1151/993 1236/1175/993 1237/1160/993
f 1215/1154/994 1214/1152/994 1229/1176/994 1230/1162/994
f 1227/1171/995 1016/1177/995 1243/1178/995
f 1242/1179/996 1241/1168/997 1257/1180/996
f 1235/1173/998 1234/1169/998 1250/1181/998 1251/1182/998
f 1228/1174/999 1227/1171/999 1243/1178/999 1244/1183/999
f 1236/1175/1000 1235/1173/1000 1251/1182/1000 1252/1184/1000
f 1229/1176/1001 1228/1174/1001 1244/1183/1001 1245/1185/1001
f 1237/1160/1002 1236/1175/1002 1252/1184/1002 1253/1186/1002
f 1230/1162/1003 1229/1176/1003 1245/1185/1003 1246/1187/1003
f 1238/1161/1004 1237/1160/1004 1253/1186/1004 1254/1188/1004
f 1231/1163/1005 1230/1162/1005 1246/1187/1005 1247/1189/1005
f 1239/1164/1006 1238/1161/1006 1254/1188/1006 1255/1190/1006
f 1232/1165/1007 1231/1163/1007 1247/1189/1007 1248/1191/1007
f 1240/1166/1008 1239/1164/1008 1255/1190/1008 1256/1192/1008
f 1233/1167/1009 1232/1165/1009 1248/1191/1009 1249/1193/1009
f 1241/1168/1010 1240/1166/1010 1256/1192/1010 1257/1180/1010
f 1234/1169/1011 1233/1167/1011 1249/1193/1011 1250/1181/1011
f 1247/1189/1012 1246/1187/1012 1261/1194/1012 1262/1195/1012
f 1255/1190/1013 1254/1188/1013 1269/1196/1013 1270/1197/1013
f 1248/1191/1014 1247/1189/1014 1262/1195/1014 1263/1198/1014
f 1256/1192/1015 1255/1190/1015 1270/1197/1015 1271/1199/1015
f 1249/1193/1016 1248/1191/1016 1263/1198/1016 1264/1200/1016
f 1257/1180/1017 1256/1192/1017 1271/1199/1017 1272/1201/1017
f 1250/1181/1018 1249/1193/1018 1264/1200/1018 1265/1202/1018
f 1243/1178/1019 1016/1203/1019 1258/1204/1019
f 1242/1205/996 1257/1180/996 1272/1201/1020
f 1251/1182/1021 1250/1181/1021 1265/1202/1021 1266/1206/1021
f 1244/1183/1022 1243/1178/1022 1258/1204/1022 1259/1207/1022
f 1252/1184/1023 1251/1182/1023 1266/1206/1023 1267/1208/1023
f 1245/1185/1024 1244/1183/1024 1259/1207/1024 1260/1209/1024
f 1253/1186/1025 1252/1184/1025 1267/1208/1025 1268/1210/1025
f 1246/1187/1026 1245/1185/1026 1260/1209/1026 1261/1194/1026
f 1254/1188/1027 1253/1186/1027 1268/1210/1027 1269/1196/1027
f 1266/1206/1028 1265/1202/1028 1280/1211/1028 1281/1212/1028
f 1259/1207/1029 1258/1204/1029 1273/1213/1029 1274/1214/1029
f 1267/1208/1030 1266/1206/1030 1281/1212/1030 1282/1215/1030
f 1260/1209/1031 1259/1207/1031 1274/1214/1031 1275/1216/1031
f 1268/1210/1032 1267/1208/1032 1282/1215/1032 1283/1217/1032
f 1261/1194/1033 1260/1209/1033 1275/1216/1033 1276/1218/1033
f 1269/1196/1034 1268/1210/1034 1283/1217/1034 1284/1219/1034
f 1262/1195/1035 1261/1194/1035 1276/1218/1035 1277/1220/1035
f 1270/1197/1036 1269/1196/1036 1284/1219/1036 1285/1221/1036
f 1263/1198/1037 1262/1195/1037 1277/1220/1037 1278/1222/1037
f 1271/1199/1038 1270/1197/1038 1285/1221/1038 1286/1223/1038
f 1264/1200/1039 1263/1198/1039 1278/1222/1039 1279/1224/1039
f 1272/1201/1040 1271/1199/1040 1286/1223/1040 1287/1225/1040
f 1265/1202/1041 1264/1200/1041 1279/1224/1041 1280/1211/1041
f 1258/1204/1042 1016/1226/1042 1273/1213/1042
f 1242/1227/1043 1272/1201/1044 1287/1225/1043
f 1285/1221/1045 1284/1219/1045 1299/1228/1045 1300/1229/1045
f 1278/1222/1046 1277/1220/1046 1292/1230/1046 1293/1231/1046
f 1286/1223/1047 1285/1221/1047 1300/1229/1047 1301/1232/1047
f 1279/1224/1048 1278/1222/1048 1293/1231/1048 1294/1233/1048
f 1287/1225/1049 1286/1223/1049 1301/1232/1049 1302/1234/1049
f 1280/1211/1050 1279/1224/1050 1294/1233/1050 1295/1235/1050
f 1273/1213/1051 1016/1236/1051 1288/1237/1051
f 1242/1238/1043 1287/1225/1043 1302/1234/1052
f 1281/1212/1053 1280/1211/1053 1295/1235/1053 1296/1239/1053
f 1274/1214/1054 1273/1213/1054 1288/1237/1054 1289/1240/1054
f 1282/1215/1055 1281/1212/1055 1296/1239/1055 1297/1241/1055
f 1275/1216/1056 1274/1214/1056 1289/1240/1056 1290/1242/1056
f 1283/1217/1057 1282/1215/1057 1297/1241/1057 1298/1243/1057
f 1276/1218/1058 1275/1216/1058 1290/1242/1058 1291/1244/1058
f 1284/1219/1059 1283/1217/1059 1298/1243/1059 1299/1228/1059
f 1277/1220/1060 1276/1218/1060 1291/1244/1060 1292/1230/1060
f 1297/1245/1061 1296/1246/1061 1311/1247/1061 1312/1248/1061
f 1290/1249/1062 1289/1250/1062 1304/1251/1062 1305/1252/1062
f 1298/1253/1063 1297/1245/1063 1312/1248/1063 1313/1254/1063
f 1291/1255/1064 1290/1249/1064 1305/1252/1064 1306/1256/1064
f 1299/1257/1065 1298/1253/1065 1313/1254/1065 1314/1258/1065
f 1292/1259/1066 1291/1255/1066 1306/1256/1066 1307/1260/1066
f 1300/1261/1067 1299/1257/1067 1314/1258/1067 1315/1262/1067
f 1293/1263/1068 1292/1259/1068 1307/1260/1068 1308/1264/1068
f 1301/1265/1069 1300/1261/1069 1315/1262/1069 1316/1266/1069
f 1294/1267/1070 1293/1263/1070 1308/1264/1070 1309/1268/1070
f 1302/1269/1071 1301/1265/1071 1316/1266/1071 1317/1270/1071
f 1295/1271/1072 1294/1267/1072 1309/1268/1072 1310/1272/1072
f 1288/1273/1073 1016/1274/1073 1303/1275/1073
f 1242/1276/1074 1302/1269/1075 1317/1270/1074
f 1296/1246/1076 1295/1271/1076 1310/1272/1076 1311/1247/1076
f 1289/1250/1077 1288/1273/1077 1303/1275/1077 1304/1251/1077
f 1316/1266/1078 1315/1262/1078 1330/1277/1078 1331/1278/1078
f 1309/1268/1079 1308/1264/1079 1323/1279/1079 1324/1280/1079
f 1317/1270/1080 1316/1266/1080 1331/1278/1080 1332/1281/1080
f 1310/1272/1081 1309/1268/1081 1324/1280/1081 1325/1282/1081
f 1303/1275/1082 1016/1283/1082 1318/1284/1082
f 1242/1285/1074 1317/1270/1074 1332/1281/1083
f 1311/1247/1084 1310/1272/1084 1325/1282/1084 1326/1286/1084
f 1304/1251/1085 1303/1275/1085 1318/1284/1085 1319/1287/1085
f 1312/1248/1086 1311/1247/1086 1326/1286/1086 1327/1288/1086
f 1305/1252/1087 1304/1251/1087 1319/1287/1087 1320/1289/1087
f 1313/1254/1088 1312/1248/1088 1327/1288/1088 1328/1290/1088
f 1306/1256/1089 1305/1252/1089 1320/1289/1089 1321/1291/1089
f 1314/1258/1090 1313/1254/1090 1328/1290/1090 1329/1292/1090
f 1307/1260/1091 1306/1256/1091 1321/1291/1091 1322/1293/1091
f 1315/1262/1092 1314/1258/1092 1329/1292/1092 1330/1277/1092
f 1308/1264/1093 1307/1260/1093 1322/1293/1093 1323/1279/1093
f 1320/1289/1094 1319/1287/1094 1334/1294/1094 1335/1295/1094
f 1328/1290/1095 1327/1288/1095 1342/1296/1095 1343/1297/1095
f 1321/1291/1096 1320/1289/1096 1335/1295/1096 1336/1298/1096
f 1329/1292/1097 1328/1290/1097 1343/1297/1097 1344/1299/1097
f 1322/1293/1098 1321/1291/1098 1336/1298/1098 1337/1300/1098
f 1330/1277/1099 1329/1292/1099 1344/1299/1099 1345/1301/1099
f 1323/1279/1100 1322/1293/1100 1337/1300/1100 1338/1302/1100
f 1331/1278/1101 1330/1277/1101 1345/1301/1101 1346/1303/1101
f 1324/1280/1102 1323/1279/1102 1338/1302/1102 1339/1304/1102
f 1332/1281/1103 1331/1278/1103 1346/1303/1103 1347/1305/1103
f 1325/1282/1104 1324/1280/1104 1339/1304/1104 1340/1306/1104
f 1318/1284/1105 1016/1307/1105 1333/1308/1105
f 1242/1309/1106 1332/1281/1107 1347/1305/1106
f 1326/1286/1108 1325/1282/1108 1340/1306/1108 1341/1310/1108
f 1319/1287/1109 1318/1284/1109 1333/1308/1109 1334/1294/1109
f 1327/1288/1110 1326/1286/1110 1341/1310/1110 1342/1296/1110
f 1339/1304/1111 1338/1302/1111 1353/1311/1111 1354/1312/1111
f 1347/1305/1112 1346/1303/1112 1361/1313/1112 1362/1314/1112
f 1340/1306/1113 1339/1304/1113 1354/1312/1113 1355/1315/1113
f 1333/1308/1114 1016/1316/1114 1348/1317/1114
f 1242/1318/1106 1347/1305/1106 1362/1314/1115
f 1341/1310/1116 1340/1306/1116 1355/1315/1116 1356/1319/1116
f 1334/1294/1117 1333/1308/1117 1348/1317/1117 1349/1320/1117
f 1342/1296/1118 1341/1310/1118 1356/1319/1118 1357/1321/1118
f 1335/1295/1119 1334/1294/1119 1349/1320/1119 1350/1322/1119
f 1343/1297/1120 1342/1296/1120 1357/1321/1120 1358/1323/1120
f 1336/1298/1121 1335/1295/1121 1350/1322/1121 1351/1324/1121
f 1344/1299/1122 1343/1297/1122 1358/1323/1122 1359/1325/1122
f 1337/1300/1123 1336/1298/1123 1351/1324/1123 1352/1326/1123
f 1345/1301/1124 1344/1299/1124 1359/1325/1124 1360/1327/1124
f 1338/1302/1125 1337/1300/1125 1352/1326/1125 1353/1311/1125
f 1346/1303/1126 1345/1301/1126 1360/1327/1126 1361/1313/1126
f 1358/1323/1127 1357/1321/1127 1372/1328/1127 1373/1329/1127
f 1351/1324/1128 1350/1322/1128 1365/1330/1128 1366/1331/1128
f 1359/1325/1129 1358/1323/1129 1373/1329/1129 1374/1332/1129
f 1352/1326/1130 1351/1324/1130 1366/1331/1130 1367/1333/1130
f 1360/1327/1131 1359/1325/1131 1374/1332/1131 1375/1334/1131
f 1353/1311/1132 1352/1326/1132 1367/1333/1132 1368/1335/1132
f 1361/1313/1133 1360/1327/1133 1375/1334/1133 1376/1336/1133
f 1354/1312/1134 1353/1311/1134 1368/1335/1134 1369/1337/1134
f 1362/1314/1135 1361/1313/1135 1376/1336/1135 1377/1338/1135
f 1355/1315/1136 1354/1312/1136 1369/1337/1136 1370/1339/1136
f 1348/1317/1137 1016/1340/1137 1363/1341/1137
f 1242/1342/1138 1362/1314/1139 1377/1338/1138
f 1356/1319/1140 1355/1315/1140 1370/1339/1140 1371/1343/1140
f 1349/1320/1141 1348/1317/1141 1363/1341/1141 1364/1344/1141
f 1357/1321/1142 1356/1319/1142 1371/1343/1142 1372/1328/1142
f 1350/1322/1143 1349/1320/1143 1364/1344/1143 1365/1330/1143
f 1377/1338/1144 1376/1336/1144 1391/1345/1144 1392/1346/1144
f 1370/1339/1145 1369/1337/1145 1384/1347/1145 1385/1348/1145
f 1363/1341/1146 1016/1349/1146 1378/1350/1146
f 1242/1351/1138 1377/1338/1138 1392/1346/1147
f 1371/1343/1148 1370/1339/1148 1385/1348/1148 1386/1352/1148
f 1364/1344/1149 1363/1341/1149 1378/1350/1149 1379/1353/1149
f 1372/1328/1150 1371/1343/1150 1386/1352/1150 1387/1354/1150
f 1365/1330/1151 1364/1344/1151 1379/1353/1151 1380/1355/1151
f 1373/1329/1152 1372/1328/1152 1387/1354/1152 1388/1356/1152
f 1366/1331/1153 1365/1330/1153 1380/1355/1153 1381/1357/1153
f 1374/1332/1154 1373/1329/1154 1388/1356/1154 1389/1358/1154
f 1367/1333/1155 1366/1331/1155 1381/1357/1155 1382/1359/1155
f 1375/1334/1156 1374/1332/1156 1389/1358/1156 1390/1360/1156
f 1368/1335/1157 1367/1333/1157 1382/1359/1157 1383/1361/1157
f 1376/1336/1158 1375/1334/1158 1390/1360/1158 1391/1345/1158
f 1369/1337/1159 1368/1335/1159 1383/1361/1159 1384/1347/1159
f 1381/1357/1160 1380/1355/1160 1395/1362/1160 1396/1363/1160
f 1389/1358/1161 1388/1356/1161 1403/1364/1161 1404/1365/1161
f 1382/1359/1162 1381/1357/1162 1396/1363/1162 1397/1366/1162
f 1390/1360/1163 1389/1358/1163 1404/1365/1163 1405/1367/1163
f 1383/1361/1164 1382/1359/1164 1397/1366/1164 1398/1368/1164
f 1391/1345/1165 1390/1360/1165 1405/1367/1165 1406/1369/1165
f 1384/1347/1166 1383/1361/1166 1398/1368/1166 1399/1370/1166
f 1392/1346/1167 1391/1345/1167 1406/1369/1167 1407/1371/1167
f 1385/1348/1168 1384/1347/1168 1399/1370/1168 1400/1372/1168
f 1378/1350/1169 1016/1373/1169 1393/1374/1169
f 1242/1375/1170 1392/1346/1171 1407/1371/1170
f 1386/1352/1172 1385/1348/1172 1400/1372/1172 1401/1376/1172
f 1379/1353/1173 1378/1350/1173 1393/1374/1173 1394/1377/1173
f 1387/1354/1174 1386/1352/1174 1401/1376/1174 1402/1378/1174
f 1380/1355/1175 1379/1353/1175 1394/1377/1175 1395/1362/1175
f 1388/1356/1176 1387/1354/1176 1402/1378/1176 1403/1364/1176
f 1400/1372/1177 1399/1370/1177 937/827/1177 938/826/1177
f 1393/1374/1178 1016/1379/1178 1408/830/1178
f 1242/1380/1170 1407/1371/1170 1416/822/1179
f 1401/1376/1180 1400/1372/1180 938/826/1180 939/834/1180
f 1394/1377/1181 1393/1374/1181 1408/830/1181 1409/836/1181
f 1402/1378/1182 1401/1376/1182 939/834/1182 1412/838/1182
f 1395/1362/1183 1394/1377/1183 1409/836/1183 935/840/1183
f 1403/1364/1184 1402/1378/1184 1412/838/1184 940/842/1184
f 1396/1363/1185 1395/1362/1185 935/840/1185 1410/844/1185
f 1404/1365/1186 1403/1364/1186 940/842/1186 1413/846/1186
f 1397/1366/1187 1396/1363/1187 1410/844/1187 936/848/1187
f 1405/1367/1188 1404/1365/1188 1413/846/1188 1414/850/1188
f 1398/1368/1189 1397/1366/1189 936/848/1189 1411/852/1189
f 1406/1369/1190 1405/1367/1190 1414/850/1190 1415/823/1190
f 1399/1370/1191 1398/1368/1191 1411/852/1191 937/827/1191
f 1407/1371/1192 1406/1369/1192 1415/823/1192 1416/822/1192
o Cube
v -3.564422 1.583850 5.577586
v -3.564422 1.583850 5.577586
v -3.564422 1.583850 5.577586
v -3.564422 1.583850 5.577586
v -3.564422 1.583850 5.577586
v -3.564422 1.583850 5.577586
v -3.565342 1.270178 5.426037
v -3.565342 1.270178 5.426037
v -3.565342 1.270178 5.426037
v -3.565342 1.270178 5.426037
v -3.565342 1.270178 5.426037
v -3.565342 1.270178 5.426037
v -3.520627 1.733923 5.253853
v -3.520627 1.733923 5.253853
v -3.520627 1.733923 5.253853
v -3.520627 1.733923 5.253853
v -3.520627 1.733923 5.253853
v -3.520627 1.733923 5.253853
v -3.521547 1.397605 5.099430
v -3.521547 1.397605 5.099430
v -3.521547 1.397605 5.099430
v -3.521547 1.397605 5.099430
v -3.521547 1.397605 5.099430
v -3.207597 1.564590 5.616929
v -3.207597 1.564590 5.616929
v -3.207597 1.564590 5.616929
v -3.207597 1.564590 5.616929
v -3.207597 1.564590 5.616929
v -3.207597 1.564590 5.616929
v -3.208517 1.251755 5.465931
v -3.208517 1.251755 5.465931
v -3.208517 1.251755 5.465931
v -3.208517 1.251755 5.465931
v -3.208517 1.251755 5.465931
v -3.208517 1.251755 5.465931
v -3.163802 1.714662 5.293197
v -3.163802 1.714662 5.293197
v -3.163802 1.714662 5.293197
v -3.163802 1.714662 5.293197
v -3.163802 1.714662 5.293197
v -3.163802 1.714662 5.293197
v -3.164723 1.381450 5.139468
v -3.164723 1.381450 5.139468
v -3.164723 1.381450 5.139468
v -3.164723 1.381450 5.139468
v -3.164723 1.381450 5.139468
v -3.173655 1.253436 5.393096
v -3.173655 1.253436 5.393096
v -3.173655 1.253436 5.393096
v -3.173655 1.253436 5.393096
v -3.173655 1.253436 5.393096
v -3.167264 1.278708 5.290759
v -3.167264 1.278708 5.290759
v -3.167264 1.278708 5.290759
v -3.167264 1.278708 5.290759
v -3.167264 1.278708 5.290759
v -3.159544 1.327982 5.197315
v -3.159544 1.327982 5.197315
v -3.159544 1.327982 5.197315
v -3.159544 1.327982 5.197315
v -3.159544 1.327982 5.197315
v -3.159544 1.327982 5.197315
v -3.159544 1.327982 5.197315
v -3.496043 1.239402 5.449907
v -3.496043 1.239402 5.449907
v -3.496043 1.239402 5.449907
v -3.496043 1.239402 5.449907
v -3.496043 1.239402 5.449907
v -3.496043 1.239402 5.449907
v -3.391829 1.222738 5.470609
v -3.391829 1.222738 5.470609
v -3.391829 1.222738 5.470609
v -3.391829 1.222738 5.470609
v -3.284339 1.229189 5.473510
v -3.284339 1.229189 5.473510
v -3.284339 1.229189 5.473510
v -3.284339 1.229189 5.473510
v -3.284339 1.229189 5.473510
v -3.284339 1.229189 5.473510
v -3.593827 1.507994 5.567560
v -3.593827 1.507994 5.567560
v -3.593827 1.507994 5.567560
v -3.593827 1.507994 5.567560
v -3.593827 1.507994 5.567560
v -3.593827 1.507994 5.567560
v -3.608777 1.410627 5.529791
v -3.608777 1.410627 5.529791
v -3.608777 1.410627 5.529791
v -3.608777 1.410627 5.529791
v -3.594373 1.323123 5.474588
v -3.594373 1.323123 5.474588
v -3.594373 1.323123 5.474588
v -3.594373 1.323123 5.474588
v -3.594373 1.323123 5.474588
v -3.594373 1.323123 5.474588
v -3.130437 1.476214 5.112582
v -3.130437 1.476214 5.112582
v -3.130437 1.476214 5.112582
v -3.130437 1.476214 5.112582
v -3.130437 1.476214 5.112582
v -3.120570 1.491310 5.150444
v -3.120570 1.491310 5.150444
v -3.120570 1.491310 5.150444
v -3.120570 1.491310 5.150444
v -3.120570 1.491310 5.150444
v -3.134771 1.657888 5.241688
v -3.134771 1.657888 5.241688
v -3.134771 1.657888 5.241688
v -3.134771 1.657888 5.241688
v -3.134771 1.657888 5.241688
v -3.134771 1.657888 5.241688
v -3.543644 1.679958 5.196606
v -3.543644 1.679958 5.196606
v -3.543644 1.679958 5.196606
v -3.543644 1.679958 5.196606
v -3.543644 1.679958 5.196606
v -3.543644 1.679958 5.196606
v -3.555588 1.512657 5.101386
v -3.555588 1.512657 5.101386
v -3.555588 1.512657 5.101386
v -3.555588 1.512657 5.101386
v -3.555588 1.512657 5.101386
v -3.539310 1.496034 5.066689
v -3.539310 1.496034 5.066689
v -3.539310 1.496034 5.066689
v -3.539310 1.496034 5.066689
v -3.539310 1.496034 5.066689
v -3.184954 1.485925 5.612642
v -3.184954 1.485925 5.612642
v -3.184954 1.485925 5.612642
v -3.184954 1.485925 5.612642
v -3.184954 1.485925 5.612642
v -3.184954 1.485925 5.612642
v -3.173759 1.386329 5.579030
v -3.173759 1.386329 5.579030
v -3.173759 1.386329 5.579030
v -3.173759 1.386329 5.579030
v -3.185500 1.301583 5.520503
v -3.185500 1.301583 5.520503
v -3.185500 1.301583 5.520503
v -3.185500 1.301583 5.520503
v -3.185500 1.301583 5.520503
v -3.185500 1.301583 5.520503
v -3.444806 1.764735 5.249278
v -3.444806 1.764735 5.249278
v -3.444806 1.764735 5.249278
v -3.444806 1.764735 5.249278
v -3.444806 1.764735 5.249278
v -3.444806 1.764735 5.249278
v -3.337315 1.776467 5.254632
v -3.337315 1.776467 5.254632
v -3.337315 1.776467 5.254632
v -3.337315 1.776467 5.254632
v -3.233102 1.753308 5.272620
v -3.233102 1.753308 5.272620
v -3.233102 1.753308 5.272620
v -3.233102 1.753308 5.272620
v -3.233102 1.753308 5.272620
v -3.233102 1.753308 5.272620
v -3.581473 1.639556 5.519920
v -3.581473 1.639556 5.519920
v -3.581473 1.639556 5.519920
v -3.581473 1.639556 5.519920
v -3.581473 1.639556 5.519920
v -3.581473 1.639556 5.519920
v -3.581520 1.696728 5.427987
v -3.581520 1.696728 5.427987
v -3.581520 1.696728 5.427987
v -3.581520 1.696728 5.427987
v -3.555490 1.728594 5.327850
v -3.555490 1.728594 5.327850
v -3.555490 1.728594 5.327850
v -3.555490 1.728594 5.327850
v -3.555490 1.728594 5.327850
v -3.555490 1.728594 5.327850
v -3.234226 1.341247 5.087433
v -3.234226 1.341247 5.087433
v -3.234226 1.341247 5.087433
v -3.234226 1.341247 5.087433
v -3.234226 1.341247 5.087433
v -3.234226 1.341247 5.087433
v -3.338507 1.336629 5.059004
v -3.338507 1.336629 5.059004
v -3.338507 1.336629 5.059004
v -3.338507 1.336629 5.059004
v -3.338507 1.336629 5.059004
v -3.338507 1.336629 5.059004
v -3.445930 1.350206 5.063740
v -3.445930 1.350206 5.063740
v -3.445930 1.350206 5.063740
v -3.445930 1.350206 5.063740
v -3.445930 1.350206 5.063740
v -3.445930 1.350206 5.063740
v -3.146617 1.706524 5.372932
v -3.146617 1.706524 5.372932
v -3.146617 1.706524 5.372932
v -3.146617 1.706524 5.372932
v -3.146617 1.706524 5.372932
v -3.146617 1.706524 5.372932
v -3.146502 1.673247 5.475951
v -3.146502 1.673247 5.475951
v -3.146502 1.673247 5.475951
v -3.146502 1.673247 5.475951
v -3.172600 1.617486 5.565002
v -3.172600 1.617486 5.565002
v -3.172600 1.617486 5.565002
v -3.172600 1.617486 5.565002
v -3.172600 1.617486 5.565002
v -3.172600 1.617486 5.565002
v -3.283285 1.581345 5.643574
v -3.283285 1.581345 5.643574
v -3.283285 1.581345 5.643574
v -3.283285 1.581345 5.643574
v -3.283285 1.581345 5.643574
v -3.283285 1.581345 5.643574
v -3.390707 1.593508 5.649306
v -3.390707 1.593508 5.649306
v -3.390707 1.593508 5.649306
v -3.390707 1.593508 5.649306
v -3.494989 1.592772 5.620232
v -3.494989 1.592772 5.620232
v -3.494989 1.592772 5.620232
v -3.494989 1.592772 5.620232
v -3.494989 1.592772 5.620232
v -3.494989 1.592772 5.620232
v -3.544671 1.344063 5.154012
v -3.544671 1.344063 5.154012
v -3.544671 1.344063 5.154012
v -3.544671 1.344063 5.154012
v -3.544671 1.344063 5.154012
v -3.544671 1.344063 5.154012
v -3.544671 1.344063 5.154012
v -3.563002 1.294822 5.246622
v -3.563002 1.294822 5.246622
v -3.563002 1.294822 5.246622
v -3.563002 1.294822 5.246622
v -3.563002 1.294822 5.246622
v -3.582528 1.274187 5.347667
v -3.582528 1.274187 5.347667
v -3.582528 1.274187 5.347667
v -3.582528 1.274187 5.347667
v -3.582528 1.274187 5.347667
v -3.490560 1.682575 5.559949
v -3.490560 1.682575 5.559949
v -3.490560 1.682575 5.559949
v -3.490560 1.682575 5.559949
v -3.490560 1.682575 5.559949
v -3.490560 1.682575 5.559949
v -3.378443 1.691168 5.585881
v -3.378443 1.691168 5.585881
v -3.378443 1.691168 5.585881
v -3.378443 1.691168 5.585881
v -3.378443 1.691168 5.585881
v -3.378443 1.691168 5.585881
v -3.264935 1.670397 5.584826
v -3.264935 1.670397 5.584826
v -3.264935 1.670397 5.584826
v -3.264935 1.670397 5.584826
v -3.264935 1.670397 5.584826
v -3.264935 1.670397 5.584826
v -3.482725 1.747580 5.464925
v -3.482725 1.747580 5.464925
v -3.482725 1.747580 5.464925
v -3.482725 1.747580 5.464925
v -3.482725 1.747580 5.464925
v -3.482725 1.747580 5.464925
v -3.363800 1.759974 5.486759
v -3.363800 1.759974 5.486759
v -3.363800 1.759974 5.486759
v -3.363800 1.759974 5.486759
v -3.363800 1.759974 5.486759
v -3.363800 1.759974 5.486759
v -3.363800 1.759974 5.486759
v -3.363800 1.759974 5.486759
v -3.244980 1.734747 5.491139
v -3.244980 1.734747 5.491139
v -3.244980 1.734747 5.491139
v -3.244980 1.734747 5.491139
v -3.244980 1.734747 5.491139
v -3.244980 1.734747 5.491139
v -3.462868 1.777468 5.355248
v -3.462868 1.777468 5.355248
v -3.462868 1.777468 5.355248
v -3.462868 1.777468 5.355248
v -3.462868 1.777468 5.355248
v -3.462868 1.777468 5.355248
v -3.349263 1.791159 5.370184
v -3.349263 1.791159 5.370184
v -3.349263 1.791159 5.370184
v -3.349263 1.791159 5.370184
v -3.349263 1.791159 5.370184
v -3.349263 1.791159 5.370184
v -3.237243 1.765290 5.380126
v -3.237243 1.765290 5.380126
v -3.237243 1.765290 5.380126
v -3.237243 1.765290 5.380126
v -3.237243 1.765290 5.380126
v -3.237243 1.765290 5.380126
v -3.440870 1.506817 5.023306
v -3.440870 1.506817 5.023306
v -3.440870 1.506817 5.023306
v -3.440870 1.506817 5.023306
v -3.440870 1.506817 5.023306
v -3.440870 1.506817 5.023306
v -3.440870 1.506817 5.023306
v -3.449407 1.533405 5.057173
v -3.449407 1.533405 5.057173
v -3.449407 1.533405 5.057173
v -3.449407 1.533405 5.057173
v -3.449407 1.533405 5.057173
v -3.449407 1.533405 5.057173
v -3.449407 1.533405 5.057173
v -3.445168 1.704793 5.159139
v -3.445168 1.704793 5.159139
v -3.445168 1.704793 5.159139
v -3.445168 1.704793 5.159139
v -3.445168 1.704793 5.159139
v -3.319694 1.523454 4.971637
v -3.319694 1.523454 4.971637
v -3.319694 1.523454 4.971637
v -3.319694 1.523454 4.971637
v -3.324765 1.547127 5.028096
v -3.324765 1.547127 5.028096
v -3.324765 1.547127 5.028096
v -3.324765 1.547127 5.028096
v -3.324765 1.547127 5.028096
v -3.324765 1.547127 5.028096
v -3.330025 1.712172 5.157042
v -3.330025 1.712172 5.157042
v -3.330025 1.712172 5.157042
v -3.330025 1.712172 5.157042
v -3.330025 1.712172 5.157042
v -3.330025 1.712172 5.157042
v -3.330025 1.712172 5.157042
v -3.330025 1.712172 5.157042
v -3.215245 1.495767 5.048501
v -3.215245 1.495767 5.048501
v -3.215245 1.495767 5.048501
v -3.215245 1.495767 5.048501
v -3.215245 1.495767 5.048501
v -3.215245 1.495767 5.048501
v -3.215245 1.495767 5.048501
v -3.211662 1.521675 5.083893
v -3.211662 1.521675 5.083893
v -3.211662 1.521675 5.083893
v -3.211662 1.521675 5.083893
v -3.211662 1.521675 5.083893
v -3.211662 1.521675 5.083893
v -3.211662 1.521675 5.083893
v -3.219543 1.692614 5.184016
v -3.219543 1.692614 5.184016
v -3.219543 1.692614 5.184016
v -3.219543 1.692614 5.184016
v -3.219543 1.692614 5.184016
v -3.104211 1.415132 5.233491
v -3.104211 1.415132 5.233491
v -3.104211 1.415132 5.233491
v -3.104211 1.415132 5.233491
v -3.104211 1.415132 5.233491
v -3.104211 1.415132 5.233491
v -3.104211 1.415132 5.233491
v -3.084811 1.521720 5.280462
v -3.084811 1.521720 5.280462
v -3.084811 1.521720 5.280462
v -3.084811 1.521720 5.280462
v -3.084811 1.521720 5.280462
v -3.090314 1.622708 5.333906
v -3.090314 1.622708 5.333906
v -3.090314 1.622708 5.333906
v -3.090314 1.622708 5.333906
v -3.090314 1.622708 5.333906
v -3.090314 1.622708 5.333906
v -3.105543 1.365211 5.334970
v -3.105543 1.365211 5.334970
v -3.105543 1.365211 5.334970
v -3.105543 1.365211 5.334970
v -3.105543 1.365211 5.334970
v -3.105543 1.365211 5.334970
v -3.084656 1.471464 5.389486
v -3.084656 1.471464 5.389486
v -3.084656 1.471464 5.389486
v -3.084656 1.471464 5.389486
v -3.084656 1.471464 5.389486
v -3.084656 1.471464 5.389486
v -3.084656 1.471464 5.389486
v -3.084656 1.471464 5.389486
v -3.085290 1.579782 5.440905
v -3.085290 1.579782 5.440905
v -3.085290 1.579782 5.440905
v -3.085290 1.579782 5.440905
v -3.085290 1.579782 5.440905
v -3.085290 1.579782 5.440905
v -3.118588 1.327235 5.440467
v -3.118588 1.327235 5.440467
v -3.118588 1.327235 5.440467
v -3.118588 1.327235 5.440467
v -3.118588 1.327235 5.440467
v -3.118588 1.327235 5.440467
v -3.100187 1.422709 5.496817
v -3.100187 1.422709 5.496817
v -3.100187 1.422709 5.496817
v -3.100187 1.422709 5.496817
v -3.100187 1.422709 5.496817
v -3.100187 1.422709 5.496817
v -3.118006 1.527815 5.538607
v -3.118006 1.527815 5.538607
v -3.118006 1.527815 5.538607
v -3.118006 1.527815 5.538607
v -3.118006 1.527815 5.538607
v -3.118006 1.527815 5.538607
v -3.266277 1.214435 5.376660
v -3.266277 1.214435 5.376660
v -3.266277 1.214435 5.376660
v -3.266277 1.214435 5.376660
v -3.266277 1.214435 5.376660
v -3.266277 1.214435 5.376660
v -3.266277 1.214435 5.376660
v -3.379882 1.207874 5.372313
v -3.379882 1.207874 5.372313
v -3.379882 1.207874 5.372313
v -3.379882 1.207874 5.372313
v -3.379882 1.207874 5.372313
v -3.379882 1.207874 5.372313
v -3.491902 1.223167 5.351826
v -3.491902 1.223167 5.351826
v -3.491902 1.223167 5.351826
v -3.491902 1.223167 5.351826
v -3.491902 1.223167 5.351826
v -3.491902 1.223167 5.351826
v -3.491902 1.223167 5.351826
v -3.246419 1.225456 5.271888
v -3.246419 1.225456 5.271888
v -3.246419 1.225456 5.271888
v -3.246419 1.225456 5.271888
v -3.246419 1.225456 5.271888
v -3.365345 1.204318 5.283633
v -3.365345 1.204318 5.283633
v -3.365345 1.204318 5.283633
v -3.365345 1.204318 5.283633
v -3.365345 1.204318 5.283633
v -3.365345 1.204318 5.283633
v -3.365345 1.204318 5.283633
v -3.365345 1.204318 5.283633
v -3.484164 1.231287 5.245555
v -3.484164 1.231287 5.245555
v -3.484164 1.231287 5.245555
v -3.484164 1.231287 5.245555
v -3.484164 1.231287 5.245555
v -3.238654 1.247052 5.158661
v -3.238654 1.247052 5.158661
v -3.238654 1.247052 5.158661
v -3.238654 1.247052 5.158661
v -3.238654 1.247052 5.158661
v -3.350772 1.225050 5.141151
v -3.350772 1.225050 5.141151
v -3.350772 1.225050 5.141151
v -3.350772 1.225050 5.141151
v -3.350772 1.225050 5.141151
v -3.350772 1.225050 5.141151
v -3.464280 1.253814 5.133430
v -3.464280 1.253814 5.133430
v -3.464280 1.253814 5.133430
v -3.464280 1.253814 5.133430
v -3.464280 1.253814 5.133430
v -3.638831 1.354113 5.381816
v -3.638831 1.354113 5.381816
v -3.638831 1.354113 5.381816
v -3.638831 1.354113 5.381816
v -3.638831 1.354113 5.381816
v -3.638831 1.354113 5.381816
v -3.658137 1.453316 5.433435
v -3.658137 1.453316 5.433435
v -3.658137 1.453316 5.433435
v -3.658137 1.453316 5.433435
v -3.658137 1.453316 5.433435
v -3.658137 1.453316 5.433435
v -3.638249 1.555896 5.481245
v -3.638249 1.555896 5.481245
v -3.638249 1.555896 5.481245
v -3.638249 1.555896 5.481245
v -3.638249 1.555896 5.481245
v -3.638249 1.555896 5.481245
v -3.624215 1.390698 5.276233
v -3.624215 1.390698 5.276233
v -3.624215 1.390698 5.276233
v -3.624215 1.390698 5.276233
v -3.624215 1.390698 5.276233
v -3.624215 1.390698 5.276233
v -3.644489 1.501291 5.325754
v -3.644489 1.501291 5.325754
v -3.644489 1.501291 5.325754
v -3.644489 1.501291 5.325754
v -3.644489 1.501291 5.325754
v -3.644489 1.501291 5.325754
v -3.644489 1.501291 5.325754
v -3.644489 1.501291 5.325754
v -3.643242 1.609899 5.379385
v -3.643242 1.609899 5.379385
v -3.643242 1.609899 5.379385
v -3.643242 1.609899 5.379385
v -3.643242 1.609899 5.379385
v -3.643242 1.609899 5.379385
v -3.597823 1.439094 5.177981
v -3.597823 1.439094 5.177981
v -3.597823 1.439094 5.177981
v -3.597823 1.439094 5.177981
v -3.597823 1.439094 5.177981
v -3.597823 1.439094 5.177981
v -3.597823 1.439094 5.177981
v -3.615154 1.549431 5.220542
v -3.615154 1.549431 5.220542
v -3.615154 1.549431 5.220542
v -3.615154 1.549431 5.220542
v -3.615154 1.549431 5.220542
v -3.610557 1.650789 5.276545
v -3.610557 1.650789 5.276545
v -3.610557 1.650789 5.276545
v -3.610557 1.650789 5.276545
v -3.610557 1.650789 5.276545
v -3.610557 1.650789 5.276545
v -3.283977 1.280547 5.558107
v -3.283977 1.280547 5.558107
v -3.283977 1.280547 5.558107
v -3.283977 1.280547 5.558107
v -3.283977 1.280547 5.558107
v -3.283977 1.280547 5.558107
v -3.279940 1.367787 5.623331
v -3.279940 1.367787 5.623331
v -3.279940 1.367787 5.623331
v -3.279940 1.367787 5.623331
v -3.279940 1.367787 5.623331
v -3.279940 1.367787 5.623331
v -3.283395 1.473812 5.656012
v -3.283395 1.473812 5.656012
v -3.283395 1.473812 5.656012
v -3.283395 1.473812 5.656012
v -3.283395 1.473812 5.656012
v -3.283395 1.473812 5.656012
v -3.399119 1.275325 5.560209
v -3.399119 1.275325 5.560209
v -3.399119 1.275325 5.560209
v -3.399119 1.275325 5.560209
v -3.399119 1.275325 5.560209
v -3.399119 1.275325 5.560209
v -3.401339 1.366700 5.628399
v -3.401339 1.366700 5.628399
v -3.401339 1.366700 5.628399
v -3.401339 1.366700 5.628399
v -3.401339 1.366700 5.628399
v -3.401339 1.366700 5.628399
v -3.401339 1.366700 5.628399
v -3.401339 1.366700 5.628399
v -3.398506 1.477509 5.663249
v -3.398506 1.477509 5.663249
v -3.398506 1.477509 5.663249
v -3.398506 1.477509 5.663249
v -3.398506 1.477509 5.663249
v -3.398506 1.477509 5.663249
v -3.509602 1.292397 5.532816
v -3.509602 1.292397 5.532816
v -3.509602 1.292397 5.532816
v -3.509602 1.292397 5.532816
v -3.509602 1.292397 5.532816
v -3.509602 1.292397 5.532816
v -3.517685 1.381131 5.596481
v -3.517685 1.381131 5.596481
v -3.517685 1.381131 5.596481
v -3.517685 1.381131 5.596481
v -3.517685 1.381131 5.596481
v -3.517685 1.381131 5.596481
v -3.509020 1.485990 5.631135
v -3.509020 1.485990 5.631135
v -3.509020 1.485990 5.631135
v -3.509020 1.485990 5.631135
v -3.509020 1.485990 5.631135
v -3.509020 1.485990 5.631135
v -3.099266 0.350157 4.889605
v -3.099266 0.350157 4.889605
v -3.099266 0.350157 4.889605
v -3.099266 0.350157 4.889605
v -3.099266 0.350157 4.889605
v -3.099266 0.350157 4.889605
v -3.011520 1.114089 5.317654
v -3.011520 1.114089 5.317654
v -3.011520 1.114089 5.317654
v -3.011520 1.114089 5.317654
v -3.011520 1.114089 5.317654
v -3.131408 0.158692 4.870990
v -3.131408 0.158692 4.870990
v -3.131408 0.158692 4.870990
v -3.131408 0.158692 4.870990
v -3.131408 0.158692 4.870990
v -3.131408 0.158692 4.870990
v -3.032369 1.130061 5.459043
v -3.032369 1.130061 5.459043
v -3.032369 1.130061 5.459043
v -3.032369 1.130061 5.459043
v -3.580752 0.389277 4.892159
v -3.580752 0.389277 4.892159
v -3.580752 0.389277 4.892159
v -3.580752 0.389277 4.892159
v -3.580752 0.389277 4.892159
v -3.580752 0.389277 4.892159
v -3.580752 0.389277 4.892159
v -3.709165 1.109110 5.231841
v -3.709165 1.109110 5.231841
v -3.709165 1.109110 5.231841
v -3.709165 1.109110 5.231841
v -3.709165 1.109110 5.231841
v -3.619662 0.198331 4.873930
v -3.619662 0.198331 4.873930
v -3.619662 0.198331 4.873930
v -3.619662 0.198331 4.873930
v -3.619662 0.198331 4.873930
v -3.619662 0.198331 4.873930
v -3.742843 1.098024 5.375222
v -3.742843 1.098024 5.375222
v -3.742843 1.098024 5.375222
v -3.742843 1.098024 5.375222
v -3.437680 0.169780 4.953985
v -3.437680 0.169780 4.953985
v -3.437680 0.169780 4.953985
v -3.437680 0.169780 4.953985
v -3.437680 0.169780 4.953985
v -3.437680 0.169780 4.953985
v -3.437680 0.169780 4.953985
v -3.376357 0.155113 4.975589
v -3.376357 0.155113 4.975589
v -3.376357 0.155113 4.975589
v -3.376357 0.155113 4.975589
v -3.376357 0.155113 4.975589
v -3.376357 0.155113 4.975589
v -3.313391 0.158299 4.961779
v -3.313391 0.158299 4.961779
v -3.313391 0.158299 4.961779
v -3.313391 0.158299 4.961779
v -3.313391 0.158299 4.961779
v -3.313391 0.158299 4.961779
v -3.313391 0.158299 4.961779
v -3.211970 1.186614 5.470790
v -3.211970 1.186614 5.470790
v -3.211970 1.186614 5.470790
v -3.211970 1.186614 5.470790
v -3.211970 1.186614 5.470790
v -3.384848 1.184545 5.449668
v -3.384848 1.184545 5.449668
v -3.384848 1.184545 5.449668
v -3.384848 1.184545 5.449668
v -3.384848 1.184545 5.449668
v -3.586132 1.194993 5.424742
v -3.586132 1.194993 5.424742
v -3.586132 1.194993 5.424742
v -3.586132 1.194993 5.424742
v -3.586132 1.194993 5.424742
v -3.238492 0.375855 4.824127
v -3.238492 0.375855 4.824127
v -3.238492 0.375855 4.824127
v -3.238492 0.375855 4.824127
v -3.238492 0.375855 4.824127
v -3.238492 0.375855 4.824127
v -3.238492 0.375855 4.824127
v -3.339607 0.388386 4.794351
v -3.339607 0.388386 4.794351
v -3.339607 0.388386 4.794351
v -3.339607 0.388386 4.794351
v -3.339607 0.388386 4.794351
v -3.339607 0.388386 4.794351
v -3.441527 0.394597 4.811516
v -3.441527 0.394597 4.811516
v -3.441527 0.394597 4.811516
v -3.441527 0.394597 4.811516
v -3.441527 0.394597 4.811516
v -3.441527 0.394597 4.811516
v -3.441527 0.394597 4.811516
v -3.507663 0.973539 5.076059
v -3.507663 0.973539 5.076059
v -3.507663 0.973539 5.076059
v -3.507663 0.973539 5.076059
v -3.507663 0.973539 5.076059
v -3.334735 0.973644 5.087195
v -3.334735 0.973644 5.087195
v -3.334735 0.973644 5.087195
v -3.334735 0.973644 5.087195
v -3.155565 1.011430 5.119640
v -3.155565 1.011430 5.119640
v -3.155565 1.011430 5.119640
v -3.155565 1.011430 5.119640
v -3.114007 0.557216 5.044051
v -3.114007 0.557216 5.044051
v -3.114007 0.557216 5.044051
v -3.114007 0.557216 5.044051
v -3.114007 0.557216 5.044051
v -3.114066 0.660913 5.219498
v -3.114066 0.660913 5.219498
v -3.114066 0.660913 5.219498
v -3.114066 0.660913 5.219498
v -3.114066 0.660913 5.219498
v -3.114066 0.660913 5.219498
v -3.114066 0.660913 5.219498
v -3.029067 1.096354 5.317205
v -3.029067 1.096354 5.317205
v -3.029067 1.096354 5.317205
v -3.029067 1.096354 5.317205
v -3.029067 1.096354 5.317205
v -3.038063 1.096873 5.461607
v -3.038063 1.096873 5.461607
v -3.038063 1.096873 5.461607
v -3.038063 1.096873 5.461607
v -3.038063 1.096873 5.461607
v -3.189270 0.561524 5.364007
v -3.189270 0.561524 5.364007
v -3.189270 0.561524 5.364007
v -3.189270 0.561524 5.364007
v -3.189270 0.561524 5.364007
v -3.189270 0.561524 5.364007
v -3.189270 0.561524 5.364007
v -3.189270 0.561524 5.364007
v -3.135284 0.277624 5.228619
v -3.135284 0.277624 5.228619
v -3.135284 0.277624 5.228619
v -3.135284 0.277624 5.228619
v -3.715250 1.089616 5.379438
v -3.715250 1.089616 5.379438
v -3.715250 1.089616 5.379438
v -3.715250 1.089616 5.379438
v -3.715250 1.089616 5.379438
v -3.602441 0.537787 5.339867
v -3.602441 0.537787 5.339867
v -3.602441 0.537787 5.339867
v -3.602441 0.537787 5.339867
v -3.602441 0.537787 5.339867
v -3.602441 0.537787 5.339867
v -3.602441 0.537787 5.339867
v -3.602441 0.537787 5.339867
v -3.624360 0.323613 5.197921
v -3.624360 0.323613 5.197921
v -3.624360 0.323613 5.197921
v -3.624360 0.323613 5.197921
v -3.708146 1.076514 5.235857
v -3.708146 1.076514 5.235857
v -3.708146 1.076514 5.235857
v -3.708146 1.076514 5.235857
v -3.708146 1.076514 5.235857
v -3.573349 0.697861 5.181977
v -3.573349 0.697861 5.181977
v -3.573349 0.697861 5.181977
v -3.573349 0.697861 5.181977
v -3.573349 0.697861 5.181977
v -3.573349 0.697861 5.181977
v -3.573349 0.697861 5.181977
v -3.558912 0.598875 5.013896
v -3.558912 0.598875 5.013896
v -3.558912 0.598875 5.013896
v -3.558912 0.598875 5.013896
v -3.558912 0.598875 5.013896
v -3.507998 0.890386 5.108898
v -3.507998 0.890386 5.108898
v -3.507998 0.890386 5.108898
v -3.507998 0.890386 5.108898
v -3.458197 0.692213 5.192763
v -3.458197 0.692213 5.192763
v -3.458197 0.692213 5.192763
v -3.458197 0.692213 5.192763
v -3.458197 0.692213 5.192763
v -3.457929 0.623502 5.005802
v -3.457929 0.623502 5.005802
v -3.457929 0.623502 5.005802
v -3.457929 0.623502 5.005802
v -3.457929 0.623502 5.005802
v -3.335064 0.887710 5.117845
v -3.335064 0.887710 5.117845
v -3.343044 0.685506 5.203138
v -3.343044 0.685506 5.203138
v -3.334924 0.616644 5.011642
v -3.334924 0.616644 5.011642
v -3.334924 0.616644 5.011642
v -3.334924 0.616644 5.011642
v -3.334924 0.616644 5.011642
v -3.334924 0.616644 5.011642
v -3.334924 0.616644 5.011642
v -3.165875 0.927607 5.147879
v -3.165875 0.927607 5.147879
v -3.165875 0.927607 5.147879
v -3.165875 0.927607 5.147879
v -3.227896 0.671871 5.211341
v -3.227896 0.671871 5.211341
v -3.227896 0.671871 5.211341
v -3.227896 0.671871 5.211341
v -3.227896 0.671871 5.211341
v -3.213394 0.599959 5.024971
v -3.213394 0.599959 5.024971
v -3.213394 0.599959 5.024971
v -3.213394 0.599959 5.024971
v -3.213394 0.599959 5.024971
v -3.215035 0.901051 5.526722
v -3.215035 0.901051 5.526722
v -3.215035 0.901051 5.526722
v -3.215035 0.901051 5.526722
v -3.262159 0.505008 5.358697
v -3.262159 0.505008 5.358697
v -3.262159 0.505008 5.358697
v -3.262159 0.505008 5.358697
v -3.258695 0.303454 5.246267
v -3.258695 0.303454 5.246267
v -3.258695 0.303454 5.246267
v -3.258695 0.303454 5.246267
v -3.258695 0.303454 5.246267
v -3.258695 0.303454 5.246267
v -3.385677 0.897821 5.498753
v -3.385677 0.897821 5.498753
v -3.372127 0.502453 5.349996
v -3.372127 0.502453 5.349996
v -3.382078 0.313504 5.247735
v -3.382078 0.313504 5.247735
v -3.382078 0.313504 5.247735
v -3.382078 0.313504 5.247735
v -3.382078 0.313504 5.247735
v -3.382078 0.313504 5.247735
v -3.382078 0.313504 5.247735
v -3.552943 0.927981 5.483259
v -3.552943 0.927981 5.483259
v -3.552943 0.927981 5.483259
v -3.552943 0.927981 5.483259
v -3.487282 0.519361 5.344350
v -3.487282 0.519361 5.344350
v -3.487282 0.519361 5.344350
v -3.487282 0.519361 5.344350
v -3.503231 0.326734 5.227988
v -3.503231 0.326734 5.227988
v -3.503231 0.326734 5.227988
v -3.503231 0.326734 5.227988
v -3.503231 0.326734 5.227988
v -3.503231 0.326734 5.227988
v -2.926255 0.318531 5.213093
v -2.926255 0.318531 5.213093
v -2.926255 0.318531 5.213093
v -2.926255 0.318531 5.213093
v -2.892780 0.322440 5.217781
v -2.892780 0.322440 5.217781
v -2.892780 0.322440 5.217781
v -2.892780 0.322440 5.217781
v -2.909755 0.298360 5.359075
v -2.909755 0.298360 5.359075
v -2.909755 0.298360 5.359075
v -2.909755 0.298360 5.359075
v -2.943230 0.294451 5.354387
v -2.943230 0.294451 5.354387
v -2.943230 0.294451 5.354387
v -2.943230 0.294451 5.354387
v -3.841573 0.299530 5.405506
v -3.841573 0.299530 5.405506
v -3.841573 0.299530 5.405506
v -3.841573 0.299530 5.405506
v -3.874902 0.304877 5.401216
v -3.874902 0.304877 5.401216
v -3.874902 0.304877 5.401216
v -3.874902 0.304877 5.401216
v -3.857346 0.299442 5.258058
v -3.857346 0.299442 5.258058
v -3.857346 0.299442 5.258058
v -3.857346 0.299442 5.258058
v -3.824017 0.294095 5.262348
v -3.824017 0.294095 5.262348
v -3.824017 0.294095 5.262348
v -3.824017 0.294095 5.262348
v -3.497866 0.324082 4.145981
v -3.497866 0.324082 4.145981
v -3.497866 0.324082 4.145981
v -3.497866 0.324082 4.145981
v -3.497866 0.324082 4.145981
v -3.617815 0.334279 4.135271
v -3.617815 0.334279 4.135271
v -3.617815 0.334279 4.135271
v -3.617815 0.334279 4.135271
v -3.617815 0.334279 4.135271
v -3.609514 0.520936 3.909854
v -3.609514 0.520936 3.909854
v -3.609514 0.520936 3.909854
v -3.609514 0.520936 3.909854
v -3.609514 0.520936 3.909854
v -3.609514 0.520936 3.909854
v -3.609514 0.520936 3.909854
v -3.429860 0.506698 3.926164
v -3.429860 0.506698 3.926164
v -3.429860 0.506698 3.926164
v -3.429860 0.506698 3.926164
v -3.429860 0.506698 3.926164
v -3.429860 0.506698 3.926164
v -3.148116 0.293299 4.177053
v -3.148116 0.293299 4.177053
v -3.148116 0.293299 4.177053
v -3.148116 0.293299 4.177053
v -3.148116 0.293299 4.177053
v -3.263552 0.302990 4.166848
v -3.263552 0.302990 4.166848
v -3.263552 0.302990 4.166848
v -3.263552 0.302990 4.166848
v -3.263552 0.302990 4.166848
v -3.263200 0.492360 3.937329
v -3.263200 0.492360 3.937329
v -3.263200 0.492360 3.937329
v -3.263200 0.492360 3.937329
v -3.263200 0.492360 3.937329
v -3.263200 0.492360 3.937329
v -3.083550 0.478166 3.953287
v -3.083550 0.478166 3.953287
v -3.083550 0.478166 3.953287
v -3.083550 0.478166 3.953287
v -3.083550 0.478166 3.953287
v -3.083550 0.478166 3.953287
v -2.937792 0.065402 5.127756
v -2.937792 0.065402 5.127756
v -2.937792 0.065402 5.127756
v -2.801633 0.081304 5.146823
v -2.801633 0.081304 5.146823
v -2.801633 0.081304 5.146823
v -2.828006 0.043893 5.366343
v -2.828006 0.043893 5.366343
v -2.828006 0.043893 5.366343
v -2.964164 0.027991 5.347276
v -2.964164 0.027991 5.347276
v -2.964164 0.027991 5.347276
v -3.836940 0.037069 5.456322
v -3.836940 0.037069 5.456322
v -3.836940 0.037069 5.456322
v -3.972505 0.058818 5.438871
v -3.972505 0.058818 5.438871
v -3.972505 0.058818 5.438871
v -3.945230 0.050373 5.216455
v -3.945230 0.050373 5.216455
v -3.945230 0.050373 5.216455
v -3.809664 0.028624 5.233905
v -3.809664 0.028624 5.233905
v -3.809664 0.028624 5.233905
v -3.512264 0.142230 4.038616
v -3.512264 0.142230 4.038616
v -3.512264 0.142230 4.038616
v -3.607256 0.146442 4.030313
v -3.607256 0.146442 4.030313
v -3.607256 0.146442 4.030313
v -3.615703 0.239064 3.758358
v -3.615703 0.239064 3.758358
v -3.615703 0.239064 3.758358
v -3.615703 0.239064 3.758358
v -3.438051 0.232438 3.772922
v -3.438051 0.232438 3.772922
v -3.438051 0.232438 3.772922
v -3.438051 0.232438 3.772922
v -3.165958 0.126804 4.066001
v -3.165958 0.126804 4.066001
v -3.165958 0.126804 4.066001
v -3.255750 0.130699 4.058178
v -3.255750 0.130699 4.058178
v -3.255750 0.130699 4.058178
v -3.269634 0.225946 3.785886
v -3.269634 0.225946 3.785886
v -3.269634 0.225946 3.785886
v -3.269634 0.225946 3.785886
v -3.122541 0.218107 3.798058
v -3.122541 0.218107 3.798058
v -3.122541 0.218107 3.798058
v -3.122541 0.218107 3.798058
v -3.423848 0.436665 3.622282
v -3.423848 0.436665 3.622282
v -3.423848 0.436665 3.622282
v -3.423848 0.436665 3.622282
v -3.423848 0.436665 3.622282
v -3.423167 0.288251 3.573678
v -3.423167 0.288251 3.573678
v -3.423167 0.288251 3.573678
v -3.423167 0.288251 3.573678
v -3.600095 0.295110 3.559193
v -3.600095 0.295110 3.559193
v -3.600095 0.295110 3.559193
v -3.600095 0.295110 3.559193
v -3.595090 0.443438 3.607972
v -3.595090 0.443438 3.607972
v -3.595090 0.443438 3.607972
v -3.595090 0.443438 3.607972
v -3.595090 0.443438 3.607972
v -3.070743 0.422760 3.650738
v -3.070743 0.422760 3.650738
v -3.070743 0.422760 3.650738
v -3.070743 0.422760 3.650738
v -3.070743 0.422760 3.650738
v -3.071004 0.275865 3.601752
v -3.071004 0.275865 3.601752
v -3.071004 0.275865 3.601752
v -3.071004 0.275865 3.601752
v -3.247932 0.282723 3.587268
v -3.247932 0.282723 3.587268
v -3.247932 0.282723 3.587268
v -3.247932 0.282723 3.587268
v -3.242002 0.429360 3.636291
v -3.242002 0.429360 3.636291
v -3.242002 0.429360 3.636291
v -3.242002 0.429360 3.636291
v -3.242002 0.429360 3.636291
v -3.053613 0.201611 4.870345
v -3.053613 0.201611 4.870345
v -3.053613 0.201611 4.870345
v -3.053613 0.201611 4.870345
v -3.053613 0.201611 4.870345
v -3.035851 0.295731 4.887274
v -3.035851 0.295731 4.887274
v -3.035851 0.295731 4.887274
v -3.035851 0.295731 4.887274
v -3.035851 0.295731 4.887274
v -3.012001 1.166056 5.327696
v -3.012001 1.166056 5.327696
v -3.012001 1.166056 5.327696
v -3.012001 1.166056 5.327696
v -3.012001 1.166056 5.327696
v -3.028780 1.180825 5.437391
v -3.028780 1.180825 5.437391
v -3.028780 1.180825 5.437391
v -3.028780 1.180825 5.437391
v -3.028780 1.180825 5.437391
v -3.661931 0.345939 4.894811
v -3.661931 0.345939 4.894811
v -3.661931 0.345939 4.894811
v -3.661931 0.345939 4.894811
v -3.679694 0.251796 4.878046
v -3.679694 0.251796 4.878046
v -3.679694 0.251796 4.878046
v -3.679694 0.251796 4.878046
v -3.679694 0.251796 4.878046
v -3.782934 1.113304 5.352508
v -3.782934 1.113304 5.352508
v -3.782934 1.113304 5.352508
v -3.782934 1.113304 5.352508
v -3.782934 1.113304 5.352508
v -3.720480 1.153640 5.241522
v -3.720480 1.153640 5.241522
v -3.720480 1.153640 5.241522
v -3.720480 1.153640 5.241522
v -3.720480 1.153640 5.241522
v -3.476320 1.199702 5.334350
v -3.476320 1.199702 5.334350
v -3.476320 1.199702 5.334350
v -3.476320 1.199702 5.334350
v -3.476320 1.199702 5.334350
v -3.476320 1.199702 5.334350
v -3.476320 1.199702 5.334350
v -3.486209 1.139021 5.206275
v -3.486209 1.139021 5.206275
v -3.486209 1.139021 5.206275
v -3.486209 1.139021 5.206275
v -3.486209 1.139021 5.206275
v -3.486209 1.139021 5.206275
v -3.376794 1.196137 5.377784
v -3.376794 1.196137 5.377784
v -3.376794 1.196137 5.377784
v -3.376794 1.196137 5.377784
v -3.376794 1.196137 5.377784
v -3.376794 1.196137 5.377784
v -3.351552 1.135570 5.181949
v -3.351552 1.135570 5.181949
v -3.351552 1.135570 5.181949
v -3.351552 1.135570 5.181949
v -3.351552 1.135570 5.181949
v -3.351552 1.135570 5.181949
v -3.351552 1.135570 5.181949
v -3.253829 1.197911 5.365484
v -3.253829 1.197911 5.365484
v -3.253829 1.197911 5.365484
v -3.253829 1.197911 5.365484
v -3.253829 1.197911 5.365484
v -3.253829 1.197911 5.365484
v -3.253829 1.197911 5.365484
v -3.237951 1.148580 5.233699
v -3.237951 1.148580 5.233699
v -3.237951 1.148580 5.233699
v -3.237951 1.148580 5.233699
v -3.237951 1.148580 5.233699
v -3.237951 1.148580 5.233699
v -3.237951 1.148580 5.233699
v -3.353468 0.217106 4.930506
v -3.353468 0.217106 4.930506
v -3.353468 0.217106 4.930506
v -3.353468 0.217106 4.930506
v -3.353468 0.217106 4.930506
v -3.353468 0.217106 4.930506
v -3.353468 0.217106 4.930506
v -3.344663 0.331360 4.845357
v -3.344663 0.331360 4.845357
v -3.344663 0.331360 4.845357
v -3.344663 0.331360 4.845357
v -3.344663 0.331360 4.845357
v -3.372143 0.214280 4.999535
v -3.372143 0.214280 4.999535
v -3.372143 0.214280 4.999535
v -3.372143 0.214280 4.999535
v -3.346804 0.377178 4.872665
v -3.346804 0.377178 4.872665
v -3.346804 0.377178 4.872665
v -3.346804 0.377178 4.872665
v -3.346804 0.377178 4.872665
v -3.346804 0.377178 4.872665
v -3.379838 0.219595 4.928523
v -3.379838 0.219595 4.928523
v -3.379838 0.219595 4.928523
v -3.379838 0.219595 4.928523
v -3.379838 0.219595 4.928523
v -3.379838 0.219595 4.928523
v -3.379838 0.219595 4.928523
v -3.353118 0.332148 4.844765
v -3.353118 0.332148 4.844765
v -3.353118 0.332148 4.844765
v -3.353118 0.332148 4.844765
v -3.353118 0.332148 4.844765
v -3.644388 0.356755 5.172223
v -3.644388 0.356755 5.172223
v -3.644388 0.356755 5.172223
v -3.644388 0.356755 5.172223
v -3.644388 0.356755 5.172223
v -3.644388 0.356755 5.172223
v -3.616559 0.532038 5.055778
v -3.616559 0.532038 5.055778
v -3.616559 0.532038 5.055778
v -3.616559 0.532038 5.055778
v -3.616559 0.532038 5.055778
v -3.616559 0.532038 5.055778
v -3.616559 0.532038 5.055778
v -3.614236 0.575338 5.296818
v -3.614236 0.575338 5.296818
v -3.614236 0.575338 5.296818
v -3.614236 0.575338 5.296818
v -3.614236 0.575338 5.296818
v -3.614236 0.575338 5.296818
v -3.605639 0.655450 5.217644
v -3.605639 0.655450 5.217644
v -3.605639 0.655450 5.217644
v -3.605639 0.655450 5.217644
v -3.700294 1.049059 5.375394
v -3.700294 1.049059 5.375394
v -3.700294 1.049059 5.375394
v -3.700294 1.049059 5.375394
v -3.700294 1.049059 5.375394
v -3.706363 1.027220 5.262621
v -3.706363 1.027220 5.262621
v -3.706363 1.027220 5.262621
v -3.706363 1.027220 5.262621
v -3.706363 1.027220 5.262621
v -3.706363 1.027220 5.262621
v -3.072786 0.481141 5.090973
v -3.072786 0.481141 5.090973
v -3.072786 0.481141 5.090973
v -3.072786 0.481141 5.090973
v -3.072786 0.481141 5.090973
v -3.072786 0.481141 5.090973
v -3.072786 0.481141 5.090973
v -3.100604 0.305625 5.204527
v -3.100604 0.305625 5.204527
v -3.100604 0.305625 5.204527
v -3.100604 0.305625 5.204527
v -3.100604 0.305625 5.204527
v -3.100604 0.305625 5.204527
v -3.115513 0.649109 5.254029
v -3.115513 0.649109 5.254029
v -3.115513 0.649109 5.254029
v -3.115513 0.649109 5.254029
v -3.144526 0.584184 5.327886
v -3.144526 0.584184 5.327886
v -3.144526 0.584184 5.327886
v -3.144526 0.584184 5.327886
v -3.144526 0.584184 5.327886
v -3.144526 0.584184 5.327886
v -3.078244 1.084306 5.328329
v -3.078244 1.084306 5.328329
v -3.078244 1.084306 5.328329
v -3.078244 1.084306 5.328329
v -3.078244 1.084306 5.328329
v -3.078244 1.084306 5.328329
v -3.071303 1.057433 5.449542
v -3.071303 1.057433 5.449542
v -3.071303 1.057433 5.449542
v -3.071303 1.057433 5.449542
v -3.071303 1.057433 5.449542
v -2.856519 0.307043 5.350498
v -2.856519 0.307043 5.350498
v -2.843333 0.325749 5.240737
v -2.843333 0.325749 5.240737
v -2.979491 0.309847 5.221670
v -2.979491 0.309847 5.221670
v -2.992678 0.291141 5.331430
v -2.992678 0.291141 5.331430
v -3.910424 0.308249 5.267453
v -3.910424 0.308249 5.267453
v -3.924062 0.312471 5.378661
v -3.924062 0.312471 5.378661
v -3.788496 0.290723 5.396111
v -3.788496 0.290723 5.396111
v -3.774858 0.286500 5.284903
v -3.774858 0.286500 5.284903
v -3.650931 0.478979 3.964892
v -3.650931 0.478979 3.964892
v -3.650931 0.478979 3.964892
v -3.650931 0.478979 3.964892
v -3.650931 0.478979 3.964892
v -3.650931 0.478979 3.964892
v -3.677956 0.386565 4.074346
v -3.677956 0.386565 4.074346
v -3.677956 0.386565 4.074346
v -3.677956 0.386565 4.074346
v -3.677956 0.386565 4.074346
v -3.438878 0.366138 4.096213
v -3.438878 0.366138 4.096213
v -3.438878 0.366138 4.096213
v -3.438878 0.366138 4.096213
v -3.438878 0.366138 4.096213
v -3.438878 0.366138 4.096213
v -3.411211 0.459408 3.986710
v -3.411211 0.459408 3.986710
v -3.411211 0.459408 3.986710
v -3.411211 0.459408 3.986710
v -3.411211 0.459408 3.986710
v -3.411211 0.459408 3.986710
v -3.306581 0.450869 3.993590
v -3.306581 0.450869 3.993590
v -3.306581 0.450869 3.993590
v -3.306581 0.450869 3.993590
v -3.306581 0.450869 3.993590
v -3.306581 0.450869 3.993590
v -3.313990 0.355785 4.107001
v -3.313990 0.355785 4.107001
v -3.313990 0.355785 4.107001
v -3.313990 0.355785 4.107001
v -3.313990 0.355785 4.107001
v -3.313990 0.355785 4.107001
v -3.074891 0.335878 4.128023
v -3.074891 0.335878 4.128023
v -3.074891 0.335878 4.128023
v -3.074891 0.335878 4.128023
v -3.074891 0.335878 4.128023
v -3.066869 0.431327 4.014897
v -3.066869 0.431327 4.014897
v -3.066869 0.431327 4.014897
v -3.066869 0.431327 4.014897
v -3.066869 0.431327 4.014897
v -3.066869 0.431327 4.014897
v -3.066869 0.431327 4.014897
v -2.821413 0.053245 5.311463
v -2.821413 0.053245 5.311463
v -2.821413 0.053245 5.311463
v -2.821413 0.053245 5.311463
v -2.808226 0.071951 5.201703
v -2.808226 0.071951 5.201703
v -2.808226 0.071951 5.201703
v -2.808226 0.071951 5.201703
v -2.944385 0.056049 5.182636
v -2.944385 0.056049 5.182636
v -2.944385 0.056049 5.182636
v -2.944385 0.056049 5.182636
v -2.957571 0.037343 5.292396
v -2.957571 0.037343 5.292396
v -2.957571 0.037343 5.292396
v -2.957571 0.037343 5.292396
v -3.952049 0.052484 5.272059
v -3.952049 0.052484 5.272059
v -3.952049 0.052484 5.272059
v -3.952049 0.052484 5.272059
v -3.965687 0.056706 5.383267
v -3.965687 0.056706 5.383267
v -3.965687 0.056706 5.383267
v -3.965687 0.056706 5.383267
v -3.830121 0.034957 5.400718
v -3.830121 0.034957 5.400718
v -3.830121 0.034957 5.400718
v -3.830121 0.034957 5.400718
v -3.816483 0.030736 5.289509
v -3.816483 0.030736 5.289509
v -3.816483 0.030736 5.289509
v -3.816483 0.030736 5.289509
v -3.643959 0.219539 3.824553
v -3.643959 0.219539 3.824553
v -3.643959 0.219539 3.824553
v -3.643959 0.219539 3.824553
v -3.657334 0.173279 3.959398
v -3.657334 0.173279 3.959398
v -3.657334 0.173279 3.959398
v -3.657334 0.173279 3.959398
v -3.657334 0.173279 3.959398
v -3.440001 0.163816 3.977176
v -3.440001 0.163816 3.977176
v -3.440001 0.163816 3.977176
v -3.440001 0.163816 3.977176
v -3.426595 0.210467 3.842418
v -3.426595 0.210467 3.842418
v -3.426595 0.210467 3.842418
v -3.426595 0.210467 3.842418
v -3.426595 0.210467 3.842418
v -3.301861 0.205613 3.851779
v -3.301861 0.205613 3.851779
v -3.301861 0.205613 3.851779
v -3.301861 0.205613 3.851779
v -3.301861 0.205613 3.851779
v -3.312027 0.158390 3.986770
v -3.312027 0.158390 3.986770
v -3.312027 0.158390 3.986770
v -3.312027 0.158390 3.986770
v -3.087793 0.148552 4.005044
v -3.087793 0.148552 4.005044
v -3.087793 0.148552 4.005044
v -3.087793 0.148552 4.005044
v -3.087793 0.148552 4.005044
v -3.074333 0.196161 3.870457
v -3.074333 0.196161 3.870457
v -3.074333 0.196161 3.870457
v -3.074333 0.196161 3.870457
v -3.434900 1.299087 5.320045
v -3.434900 1.299087 5.320045
v -3.434900 1.299087 5.320045
v -3.444789 1.260698 5.184835
v -3.444789 1.260698 5.184835
v -3.444789 1.260698 5.184835
v -3.376472 1.291902 5.367122
v -3.376472 1.291902 5.367122
v -3.351230 1.260895 5.167036
v -3.351230 1.260895 5.167036
v -3.298506 1.307418 5.353175
v -3.298506 1.307418 5.353175
v -3.298506 1.307418 5.353175
v -3.282628 1.265736 5.221930
v -3.282628 1.265736 5.221930
v -3.282628 1.265736 5.221930
v -3.582830 0.846529 4.496253
v -3.582830 0.846529 4.496253
v -3.582830 0.846529 4.496253
v -3.582830 0.846529 4.496253
v -3.582830 0.846529 4.496253
v -3.491340 0.838372 4.487943
v -3.491340 0.838372 4.487943
v -3.491340 0.838372 4.487943
v -3.491340 0.838372 4.487943
v -3.491340 0.838372 4.487943
v -3.546430 0.941914 4.595879
v -3.546430 0.941914 4.595879
v -3.546430 0.941914 4.595879
v -3.546430 0.941914 4.595879
v -3.460788 0.936266 4.589734
v -3.460788 0.936266 4.589734
v -3.460788 0.936266 4.589734
v -3.460788 0.936266 4.589734
v -3.460788 0.936266 4.589734
v -3.426384 0.859972 4.510818
v -3.426384 0.859972 4.510818
v -3.426384 0.859972 4.510818
v -3.426384 0.859972 4.510818
v -3.426384 0.859972 4.510818
v -3.426384 0.859972 4.510818
v -3.406368 0.909207 4.559711
v -3.406368 0.909207 4.559711
v -3.406368 0.909207 4.559711
v -3.406368 0.909207 4.559711
v -3.406368 0.909207 4.559711
v -3.406368 0.909207 4.559711
v -3.619890 0.925669 4.572190
v -3.619890 0.925669 4.572190
v -3.619890 0.925669 4.572190
v -3.619890 0.925669 4.572190
v -3.619890 0.925669 4.572190
v -3.619890 0.925669 4.572190
v -3.630944 0.876376 4.525194
v -3.630944 0.876376 4.525194
v -3.630944 0.876376 4.525194
v -3.630944 0.876376 4.525194
v -3.630944 0.876376 4.525194
v -3.630944 0.876376 4.525194
v -3.237288 0.820501 4.469315
v -3.237288 0.820501 4.469315
v -3.237288 0.820501 4.469315
v -3.237288 0.820501 4.469315
v -3.237288 0.820501 4.469315
v -3.150296 0.816731 4.467300
v -3.150296 0.816731 4.467300
v -3.150296 0.816731 4.467300
v -3.150296 0.816731 4.467300
v -3.150296 0.816731 4.467300
v -3.223615 0.919498 4.574060
v -3.223615 0.919498 4.574060
v -3.223615 0.919498 4.574060
v -3.223615 0.919498 4.574060
v -3.125662 0.914655 4.565889
v -3.125662 0.914655 4.565889
v -3.125662 0.914655 4.565889
v -3.125662 0.914655 4.565889
v -3.125662 0.914655 4.565889
v -3.086587 0.839416 4.491271
v -3.086587 0.839416 4.491271
v -3.086587 0.839416 4.491271
v -3.086587 0.839416 4.491271
v -3.086587 0.839416 4.491271
v -3.086587 0.839416 4.491271
v -3.075534 0.888421 4.537692
v -3.075534 0.888421 4.537692
v -3.075534 0.888421 4.537692
v -3.075534 0.888421 4.537692
v -3.075534 0.888421 4.537692
v -3.289078 0.900280 4.552384
v -3.289078 0.900280 4.552384
v -3.289078 0.900280 4.552384
v -3.289078 0.900280 4.552384
v -3.289078 0.900280 4.552384
v -3.289078 0.900280 4.552384
v -3.289078 0.900280 4.552384
v -3.291179 0.849776 4.500933
v -3.291179 0.849776 4.500933
v -3.291179 0.849776 4.500933
v -3.291179 0.849776 4.500933
v -3.291179 0.849776 4.500933
v -3.291179 0.849776 4.500933
v -3.810810 0.700126 5.394022
v -3.810810 0.700126 5.394022
v -3.777497 0.694802 5.398442
v -3.777497 0.694802 5.398442
v -3.793245 0.692586 5.250993
v -3.793245 0.692586 5.250993
v -3.759921 0.687252 5.255331
v -3.759921 0.687252 5.255331
v -3.724438 0.685555 5.389249
v -3.724438 0.685555 5.389249
v -3.710773 0.679719 5.277972
v -3.710773 0.679719 5.277972
v -3.846311 0.701431 5.260297
v -3.846311 0.701431 5.260297
v -3.859945 0.707250 5.371315
v -3.859945 0.707250 5.371315
v -2.946776 0.710912 5.277595
v -2.946776 0.710912 5.277595
v -2.980264 0.706965 5.273015
v -2.980264 0.706965 5.273015
v -2.963839 0.689919 5.419305
v -2.963839 0.689919 5.419305
v -2.997317 0.685986 5.414652
v -2.997317 0.685986 5.414652
v -3.033537 0.698880 5.281832
v -3.033537 0.698880 5.281832
v -3.046773 0.682610 5.391766
v -3.046773 0.682610 5.391766
v -2.910594 0.698572 5.410655
v -2.910594 0.698572 5.410655
v -2.897329 0.714890 5.300486
v -2.897329 0.714890 5.300486
v -3.411806 0.325545 3.452560
v -3.411806 0.325545 3.452560
v -3.411806 0.325545 3.452560
v -3.414064 0.409115 3.478080
v -3.414064 0.409115 3.478080
v -3.414064 0.409115 3.478080
v -3.414064 0.409115 3.478080
v -3.588734 0.332403 3.438075
v -3.588734 0.332403 3.438075
v -3.588734 0.332403 3.438075
v -3.585310 0.415753 3.464060
v -3.585310 0.415753 3.464060
v -3.585310 0.415753 3.464060
v -3.585310 0.415753 3.464060
v -3.059639 0.313482 3.480735
v -3.059639 0.313482 3.480735
v -3.059639 0.313482 3.480735
v -3.060838 0.396942 3.506566
v -3.060838 0.396942 3.506566
v -3.060838 0.396942 3.506566
v -3.060838 0.396942 3.506566
v -3.236566 0.320341 3.466250
v -3.236566 0.320341 3.466250
v -3.236566 0.320341 3.466250
v -3.232084 0.403580 3.492546
v -3.232084 0.403580 3.492546
v -3.232084 0.403580 3.492546
v -3.232084 0.403580 3.492546
v -3.456450 0.979452 4.403784
v -3.456450 0.979452 4.403784
v -3.456450 0.979452 4.403784
v -3.456450 0.979452 4.403784
v -3.553833 0.987505 4.394907
v -3.553833 0.987505 4.394907
v -3.553833 0.987505 4.394907
v -3.553833 0.987505 4.394907
v -3.586808 0.861266 4.521326
v -3.586808 0.861266 4.521326
v -3.586808 0.861266 4.521326
v -3.586808 0.861266 4.521326
v -3.636418 0.897846 4.484955
v -3.636418 0.897846 4.484955
v -3.636418 0.897846 4.484955
v -3.636418 0.897846 4.484955
v -3.636418 0.897846 4.484955
v -3.636418 0.897846 4.484955
v -3.623339 0.961219 4.422410
v -3.623339 0.961219 4.422410
v -3.623339 0.961219 4.422410
v -3.623339 0.961219 4.422410
v -3.623339 0.961219 4.422410
v -3.623339 0.961219 4.422410
v -3.406543 0.943257 4.439730
v -3.406543 0.943257 4.439730
v -3.406543 0.943257 4.439730
v -3.406543 0.943257 4.439730
v -3.406543 0.943257 4.439730
v -3.406543 0.943257 4.439730
v -3.427533 0.880420 4.500923
v -3.427533 0.880420 4.500923
v -3.427533 0.880420 4.500923
v -3.427533 0.880420 4.500923
v -3.427533 0.880420 4.500923
v -3.427533 0.880420 4.500923
v -3.491753 0.853273 4.528789
v -3.491753 0.853273 4.528789
v -3.491753 0.853273 4.528789
v -3.491753 0.853273 4.528789
v -2.973575 0.660150 5.265867
v -2.973575 0.660150 5.265867
v -3.026818 0.651516 5.274487
v -3.026818 0.651516 5.274487
v -3.039997 0.633192 5.384154
v -3.039997 0.633192 5.384154
v -2.903838 0.649116 5.403216
v -2.903838 0.649116 5.403216
v -2.890652 0.667411 5.293501
v -2.890652 0.667411 5.293501
v -2.940099 0.664053 5.270545
v -2.940099 0.664053 5.270545
v -2.957065 0.640385 5.411728
v -2.957065 0.640385 5.411728
v -2.990539 0.636465 5.407033
v -2.990539 0.636465 5.407033
v -3.484721 0.742750 4.502875
v -3.484721 0.742750 4.502875
v -3.484721 0.742750 4.502875
v -3.484721 0.742750 4.502875
v -3.637143 0.777744 4.561049
v -3.637143 0.777744 4.561049
v -3.625251 0.827068 4.644457
v -3.625251 0.827068 4.644457
v -3.625251 0.827068 4.644457
v -3.625251 0.827068 4.644457
v -3.399811 0.812362 4.621012
v -3.399811 0.812362 4.621012
v -3.399811 0.812362 4.621012
v -3.399811 0.812362 4.621012
v -3.399811 0.812362 4.621012
v -3.399811 0.812362 4.621012
v -3.420660 0.763622 4.538536
v -3.420660 0.763622 4.538536
v -3.420660 0.763622 4.538536
v -3.420660 0.763622 4.538536
v -3.420660 0.763622 4.538536
v -3.420660 0.763622 4.538536
v -3.458474 0.841239 4.669436
v -3.458474 0.841239 4.669436
v -3.458474 0.841239 4.669436
v -3.458474 0.841239 4.669436
v -3.550813 0.847263 4.679039
v -3.550813 0.847263 4.679039
v -3.550813 0.847263 4.679039
v -3.550813 0.847263 4.679039
v -3.587531 0.749457 4.513567
v -3.587531 0.749457 4.513567
v -3.587531 0.749457 4.513567
v -3.587531 0.749457 4.513567
v -2.953270 0.759321 5.282994
v -2.953270 0.759321 5.282994
v -2.970430 0.740951 5.425249
v -2.970430 0.740951 5.425249
v -3.003921 0.737033 5.420691
v -3.003921 0.737033 5.420691
v -2.986761 0.755375 5.278439
v -2.986761 0.755375 5.278439
v -3.040050 0.747374 5.287382
v -3.040050 0.747374 5.287382
v -3.053377 0.733061 5.397860
v -3.053377 0.733061 5.397860
v -2.917154 0.749017 5.416399
v -2.917154 0.749017 5.416399
v -2.903825 0.763385 5.305899
v -2.903825 0.763385 5.305899
v -3.802624 0.749690 5.391680
v -3.802624 0.749690 5.391680
v -3.785066 0.740295 5.248888
v -3.785066 0.740295 5.248888
v -3.751753 0.734949 5.253324
v -3.751753 0.734949 5.253324
v -3.769314 0.744362 5.396129
v -3.769314 0.744362 5.396129
v -3.716269 0.735055 5.387051
v -3.716269 0.735055 5.387051
v -3.702625 0.727787 5.276085
v -3.702625 0.727787 5.276085
v -3.838118 0.749522 5.258039
v -3.838118 0.749522 5.258039
v -3.851758 0.756746 5.368971
v -3.851758 0.756746 5.368971
v -3.299055 0.755688 4.525889
v -3.299055 0.755688 4.525889
v -3.299055 0.755688 4.525889
v -3.299055 0.755688 4.525889
v -3.299055 0.755688 4.525889
v -3.299055 0.755688 4.525889
v -3.296120 0.805598 4.610229
v -3.296120 0.805598 4.610229
v -3.296120 0.805598 4.610229
v -3.296120 0.805598 4.610229
v -3.296120 0.805598 4.610229
v -3.296120 0.805598 4.610229
v -3.070680 0.790891 4.586784
v -3.070680 0.790891 4.586784
v -3.070680 0.790891 4.586784
v -3.070680 0.790891 4.586784
v -3.082572 0.741567 4.503376
v -3.082572 0.741567 4.503376
v -3.148030 0.720786 4.467861
v -3.148030 0.720786 4.467861
v -3.148030 0.720786 4.467861
v -3.148030 0.720786 4.467861
v -3.122461 0.819320 4.634491
v -3.122461 0.819320 4.634491
v -3.122461 0.819320 4.634491
v -3.122461 0.819320 4.634491
v -3.225565 0.826045 4.645214
v -3.225565 0.826045 4.645214
v -3.225565 0.826045 4.645214
v -3.225565 0.826045 4.645214
v -3.246886 0.727235 4.478142
v -3.246886 0.727235 4.478142
v -3.246886 0.727235 4.478142
v -3.246886 0.727235 4.478142
v -3.785503 0.644292 5.399413
v -3.785503 0.644292 5.399413
v -3.732431 0.635466 5.390061
v -3.732431 0.635466 5.390061
v -3.718785 0.631006 5.278811
v -3.718785 0.631006 5.278811
v -3.854347 0.652737 5.261330
v -3.854347 0.652737 5.261330
v -3.867991 0.657225 5.372560
v -3.867991 0.657225 5.372560
v -3.818832 0.649645 5.395114
v -3.818832 0.649645 5.395114
v -3.801270 0.643935 5.251931
v -3.801270 0.643935 5.251931
v -3.767941 0.638598 5.256223
v -3.767941 0.638598 5.256223
v -3.119932 0.951447 4.429821
v -3.119932 0.951447 4.429821
v -3.119932 0.951447 4.429821
v -3.119932 0.951447 4.429821
v -3.228080 0.960304 4.420346
v -3.228080 0.960304 4.420346
v -3.228080 0.960304 4.420346
v -3.228080 0.960304 4.420346
v -3.240161 0.831853 4.549250
v -3.240161 0.831853 4.549250
v -3.240161 0.831853 4.549250
v -3.240161 0.831853 4.549250
v -3.293621 0.868882 4.511753
v -3.293621 0.868882 4.511753
v -3.293621 0.868882 4.511753
v -3.293621 0.868882 4.511753
v -3.293621 0.868882 4.511753
v -3.293621 0.868882 4.511753
v -3.290833 0.933464 4.447923
v -3.290833 0.933464 4.447923
v -3.290833 0.933464 4.447923
v -3.290833 0.933464 4.447923
v -3.074038 0.915571 4.464684
v -3.074038 0.915571 4.464684
v -3.074038 0.915571 4.464684
v -3.074038 0.915571 4.464684
v -3.084735 0.851897 4.526578
v -3.084735 0.851897 4.526578
v -3.084735 0.851897 4.526578
v -3.084735 0.851897 4.526578
v -3.084735 0.851897 4.526578
v -3.084735 0.851897 4.526578
v -3.149623 0.824660 4.554893
v -3.149623 0.824660 4.554893
v -3.149623 0.824660 4.554893
v -3.149623 0.824660 4.554893
vn -0.1852 0.8181 0.5444
vn 0.1520 0.8013 0.5787
vn -0.1435 0.9611 0.2359
vn 0.1930 0.9416 0.2760
vn -0.5382 0.5210 0.6625
vn -0.2280 0.5504 0.8032
vn 0.1051 0.5323 0.8400
vn 0.3836 0.4522 0.8052
vn 0.4991 0.6610 0.5603
vn 0.5400 0.8011 0.2581
vn 0.5029 0.8610 -0.0766
vn 0.2321 0.9676 -0.0990
vn -0.1009 0.9856 -0.1356
vn -0.4299 0.8922 -0.1383
vn -0.4949 0.8569 0.1440
vn -0.5358 0.7169 0.4461
vn -0.2872 0.8739 -0.3922
vn -0.2443 0.5922 -0.7679
vn 0.4504 0.8371 -0.3105
vn 0.4652 0.5541 -0.6903
vn -0.5172 -0.1982 -0.8326
vn -0.3538 0.6903 -0.6311
vn -0.4159 0.4721 -0.7773
vn -0.3935 0.7427 -0.5419
vn -0.0633 0.8311 -0.5525
vn 0.2699 0.8132 -0.5157
vn 0.5785 0.6902 -0.4347
vn 0.6228 0.4160 -0.6626
vn 0.5490 0.6470 -0.5292
vn 0.6702 -0.2577 -0.6960
vn 0.2645 -0.2660 -0.9270
vn -0.0738 -0.2471 -0.9662
vn 0.9849 -0.1599 -0.0657
vn 0.9988 0.0444 0.0190
vn 0.9758 -0.2142 0.0436
vn 0.9786 0.0928 0.1838
vn 0.8375 -0.3618 -0.4094
vn 0.9710 -0.0469 -0.2343
vn 0.9176 0.2483 -0.3104
vn 0.8052 0.5675 -0.1717
vn 0.8523 0.4981 0.1598
vn 0.8114 0.3580 0.4621
vn 0.6860 0.1587 0.7101
vn 0.7663 -0.1264 0.6299
vn 0.7544 -0.4353 0.4912
vn 0.6616 -0.6868 0.3008
vn 0.8309 -0.5500 -0.0839
vn 0.8428 -0.5017 -0.1949
vn 0.1677 -0.9832 -0.0716
vn -0.1383 -0.9902 0.0170
vn 0.1555 -0.9722 -0.1748
vn -0.2319 -0.9589 -0.1632
vn 0.3607 -0.9203 0.1514
vn 0.0508 -0.9859 0.1597
vn -0.1809 -0.9755 0.1255
vn -0.4392 -0.8891 0.1286
vn -0.6249 -0.7737 -0.1046
vn -0.7501 -0.6099 -0.2556
vn -0.6096 -0.3850 -0.6930
vn -0.1090 -0.5815 -0.8062
vn 0.2366 -0.5931 -0.7696
vn 0.6853 -0.5032 -0.5265
vn 0.5793 -0.7398 -0.3422
vn 0.4098 -0.8912 -0.1945
vn -0.9798 -0.1029 -0.1713
vn -0.9782 0.2049 -0.0327
vn -0.9582 -0.0495 -0.2818
vn -0.9677 0.1540 -0.1993
vn -0.7803 -0.6095 0.1399
vn -0.8882 -0.3359 0.3134
vn -0.8956 -0.0345 0.4435
vn -0.8030 0.2391 0.5459
vn -0.8496 0.4476 0.2790
vn -0.8087 0.5877 -0.0233
vn -0.6837 0.6479 -0.3359
vn -0.7937 0.3427 -0.5025
vn -0.8945 0.0511 -0.4441
vn -0.7583 -0.2750 -0.5911
vn -0.8279 -0.4105 -0.3822
vn -0.8485 -0.4619 -0.2583
vn 0.0417 -0.5969 0.8012
vn 0.0425 -0.2930 0.9552
vn -0.2794 -0.5786 0.7663
vn -0.2861 -0.2793 0.9166
vn 0.2929 -0.8179 0.4953
vn 0.3972 -0.5612 0.7261
vn 0.4097 -0.2500 0.8773
vn 0.3957 0.0640 0.9161
vn 0.0660 0.1146 0.9912
vn -0.2672 0.1326 0.9545
vn -0.5762 0.1164 0.8090
vn -0.6201 -0.1992 0.7588
vn -0.6062 -0.4994 0.6190
vn -0.4847 -0.7708 0.4134
vn -0.2305 -0.8473 0.4785
vn 0.0379 -0.8605 0.5081
vn -0.1880 0.8196 0.5412
vn 0.1484 0.8001 0.5812
vn -0.1470 0.9600 0.2385
vn 0.1902 0.9431 0.2727
vn -0.4990 0.4998 0.7079
vn -0.2278 0.5503 0.8033
vn 0.1052 0.5324 0.8399
vn 0.4337 0.4686 0.7696
vn 0.4992 0.6610 0.5602
vn 0.5401 0.8010 0.2582
vn 0.5421 0.8398 -0.0311
vn 0.2322 0.9676 -0.0989
vn -0.1008 0.9856 -0.1357
vn -0.3797 0.9086 -0.1739
vn -0.4948 0.8570 0.1440
vn -0.5357 0.7169 0.4462
vn -0.2295 0.7366 -0.6362
vn -0.0484 0.5116 -0.8579
vn 0.4350 0.7050 -0.5601
vn 0.2878 0.4939 -0.8205
vn -0.3450 -0.3517 -0.8702
vn -0.3716 0.7572 -0.5371
vn -0.4150 0.4727 -0.7774
vn -0.3487 0.7811 -0.5180
vn -0.0632 0.8312 -0.5523
vn 0.2697 0.8132 -0.5156
vn 0.5339 0.7334 -0.4207
vn 0.6218 0.4170 -0.6629
vn 0.5518 0.7152 -0.4290
vn 0.4929 -0.3979 -0.7738
vn 0.4663 -0.4128 -0.7824
vn -0.3196 -0.3748 -0.8703
vn 0.9864 -0.1487 -0.0700
vn 0.9990 0.0236 -0.0374
vn 0.9758 -0.2140 0.0440
vn 0.9588 -0.1172 0.2587
vn 0.8271 -0.4087 -0.3859
vn 0.9659 -0.0655 -0.2503
vn 0.9077 0.2338 -0.3484
vn 0.7999 0.5896 -0.1122
vn 0.8522 0.4982 0.1600
vn 0.8113 0.3581 0.4620
vn 0.6916 0.2184 0.6885
vn 0.7691 -0.1193 0.6279
vn 0.7573 -0.4389 0.4836
vn 0.6595 -0.6725 0.3359
vn 0.8266 -0.5543 -0.0973
vn 0.8624 -0.4586 -0.2143
vn 0.0557 -0.9972 0.0491
vn -0.1933 -0.9771 -0.0887
vn 0.2092 -0.9705 -0.1198
vn -0.1483 -0.9642 -0.2200
vn 0.2977 -0.9339 0.1978
vn 0.0550 -0.9863 0.1558
vn -0.1613 -0.9747 0.1545
vn -0.4918 -0.8684 0.0634
vn -0.4642 -0.8460 -0.2625
vn -0.5567 -0.6828 -0.4732
vn -0.5926 -0.4351 -0.6779
vn -0.0896 -0.5723 -0.8151
vn 0.2361 -0.5928 -0.7699
vn 0.7161 -0.4421 -0.5401
vn 0.7315 -0.6773 -0.0790
vn 0.5552 -0.8315 0.0178
vn -0.9801 -0.1024 -0.1698
vn -0.9990 -0.0101 0.0436
vn -0.9576 -0.0403 -0.2854
vn -0.9585 0.1349 -0.2510
vn -0.7849 -0.5935 0.1779
vn -0.8897 -0.3392 0.3055
vn -0.8960 -0.0327 0.4429
vn -0.7974 0.2987 0.5244
vn -0.8495 0.4478 0.2789
vn -0.8087 0.5878 -0.0232
vn -0.6890 0.6699 -0.2764
vn -0.7797 0.3295 -0.5324
vn -0.8894 0.0361 -0.4557
vn -0.7585 -0.3248 -0.5650
vn -0.8376 -0.3662 -0.4054
vn -0.8371 -0.4705 -0.2789
vn 0.0387 -0.5995 0.7994
vn 0.0502 -0.3008 0.9524
vn -0.2819 -0.5761 0.7672
vn -0.2876 -0.2806 0.9157
vn 0.3675 -0.7588 0.5378
vn 0.4007 -0.5576 0.7270
vn 0.4159 -0.2555 0.8728
vn 0.3512 0.1072 0.9301
vn 0.0659 0.1147 0.9912
vn -0.2671 0.1327 0.9545
vn -0.5314 0.1549 0.8328
vn -0.6204 -0.1994 0.7585
vn -0.6125 -0.4914 0.6192
vn -0.5565 -0.7063 0.4375
vn -0.2508 -0.8337 0.4919
vn 0.0482 -0.8539 0.5182
vn -0.4290 0.1422 0.8920
vn 0.8604 -0.2546 -0.4415
vn 0.0956 0.3141 -0.9446
vn 0.3366 0.7134 -0.6147
vn -0.1356 0.1775 -0.9747
vn -0.1235 0.6235 -0.7720
vn 0.3096 0.5040 -0.8063
vn 0.1355 -0.9793 -0.1506
vn 0.1331 -0.6673 -0.7328
vn 0.9819 -0.1778 0.0648
vn -0.6808 -0.2667 -0.6822
vn 0.0424 -0.3671 -0.9292
vn 0.2394 -0.3270 -0.9142
vn 0.1486 0.1885 0.9708
vn -0.1623 0.1913 0.9680
vn -0.0607 0.1686 0.9838
vn -0.3574 -0.8105 0.4642
vn -0.1922 -0.4957 0.8470
vn -0.0975 -0.3534 0.9304
vn 0.1527 -0.8527 0.4995
vn -0.0293 -0.4873 0.8727
vn -0.0656 -0.3534 0.9332
vn 0.2078 -0.8869 0.4126
vn 0.0407 -0.4238 0.9049
vn 0.2485 -0.4032 0.8807
vn 0.2867 0.6575 -0.6968
vn 0.1646 0.9245 -0.3439
vn 0.0195 -0.3892 -0.9209
vn -0.0795 0.6882 -0.7212
vn 0.0685 0.9364 -0.3441
vn 0.0601 -0.3900 -0.9189
vn -0.4292 0.5664 -0.7036
vn -0.2485 0.9091 -0.3344
vn 0.0683 -0.3742 -0.9248
vn 0.4328 0.5743 -0.6949
vn 0.4248 0.8552 -0.2969
vn 0.0451 -0.2509 -0.9670
vn -0.3724 0.6574 -0.6551
vn -0.8066 0.4764 -0.3499
vn -0.6786 -0.0958 -0.7282
vn -0.3159 -0.8539 0.4136
vn -0.1917 -0.5285 0.8270
vn -0.0899 -0.3335 0.9385
vn 0.4593 -0.8278 0.3222
vn 0.6676 -0.2132 0.7133
vn 0.6848 -0.2790 0.6732
vn 0.1175 0.1675 -0.9788
vn 0.4595 0.3499 0.8164
vn -0.1217 0.0373 0.9919
vn -0.2105 0.9251 -0.3160
vn -0.3138 0.4416 0.8406
vn -0.4658 -0.4651 -0.7528
vn 0.4025 0.1933 -0.8948
vn -0.1369 -0.0157 0.9905
vn -0.4025 -0.1933 0.8948
vn -0.1606 -0.9869 0.0178
vn -0.0957 0.1876 0.9776
vn -0.4051 0.0823 0.9106
vn 0.1447 0.1131 -0.9830
vn 0.4051 -0.0823 -0.9106
vn -0.0110 -0.9539 -0.2998
vn -0.1190 -0.4978 0.8591
vn -0.7989 -0.3434 0.4939
vn 0.9683 0.0778 -0.2375
vn -0.0169 -0.9599 -0.2797
vn -0.1191 -0.5421 0.8318
vn -0.8421 -0.2866 0.4569
vn 0.9764 0.0896 -0.1963
vn -0.0129 -0.9553 -0.2954
vn 0.9984 -0.0469 0.0306
vn -0.0137 -0.9626 -0.2707
vn -0.9966 0.0551 -0.0618
vn 0.0970 0.9703 -0.2217
vn 0.0543 0.9812 -0.1851
vn 0.9783 -0.1924 0.0767
vn -0.0282 -0.9603 -0.2776
vn -0.9937 0.0724 -0.0851
vn 0.0946 0.9757 -0.1975
vn 0.6622 -0.4426 0.6046
vn -0.9984 0.0125 -0.0548
vn -0.8474 0.2534 -0.4665
vn -0.0120 -0.9436 -0.3310
vn -0.0125 -0.9366 -0.3502
vn 0.9953 -0.0530 0.0807
vn 0.7368 -0.3459 0.5810
vn -0.9956 0.0225 -0.0910
vn -0.8537 0.2298 -0.4673
vn -0.0127 -0.9454 -0.3256
vn -0.0127 -0.9386 -0.3447
vn 0.9795 -0.1571 0.1261
vn 0.1726 -0.0104 0.9849
vn -0.9795 0.1571 -0.1261
vn -0.1726 0.0104 -0.9849
vn -0.9838 -0.1149 -0.1378
vn -0.1777 0.1255 -0.9760
vn 0.9838 0.1149 0.1378
vn 0.1777 -0.1255 0.9760
vn -0.9887 0.1289 -0.0762
vn 0.9984 0.0100 -0.0557
vn -0.9971 -0.0620 0.0434
vn 0.2471 -0.5868 -0.7711
vn -0.1199 -0.5782 0.8070
vn -0.1213 -0.5819 0.8041
vn 0.9561 -0.1270 0.2640
vn 0.9961 -0.0873 0.0119
vn 0.9469 -0.0649 0.3149
vn 0.9081 0.3607 -0.2129
vn 0.8950 -0.2369 0.3779
vn 0.5515 0.6642 -0.5046
vn -0.9772 -0.1924 0.0899
vn -0.9761 -0.1937 0.0985
vn -0.9892 0.1460 -0.0167
vn -0.8800 -0.1965 0.4324
vn -0.9807 0.1891 0.0502
vn -0.6153 -0.7162 0.3294
vn 0.9617 -0.2451 -0.1226
vn 0.9936 -0.0264 -0.1097
vn -0.9633 -0.0549 -0.2628
vn -0.1535 -0.5435 -0.8253
vn 0.9262 0.3770 -0.0077
vn 0.0017 0.9872 0.1594
vn -0.1854 -0.1156 -0.9758
vn 0.0393 0.9943 0.0995
vn -0.2547 0.9460 0.2005
vn -0.4156 0.2211 0.8823
vn 0.1119 0.9870 -0.1158
vn 0.0475 0.9950 0.0879
vn 0.9972 -0.0741 0.0082
vn 0.4076 0.0639 -0.9109
vn -0.9480 0.3097 -0.0736
vn -0.3750 0.2833 0.8826
vn 0.1540 0.1088 0.9821
vn -0.4708 0.5380 0.6992
vn -0.9848 0.1625 0.0612
vn 0.5263 -0.2061 -0.8249
vn -0.7393 -0.3265 -0.5889
vn 0.6917 0.4191 0.5881
vn 0.1204 0.6521 0.7485
vn -0.7334 -0.1911 -0.6524
vn -0.1125 -0.1609 -0.9805
vn -0.4975 0.4789 0.7233
vn -0.9996 0.0185 0.0227
vn 0.4962 -0.0865 -0.8639
vn -0.9870 0.1609 -0.0051
vn 0.7291 0.4157 0.5437
vn 0.1216 0.5824 0.8037
vn -0.7062 -0.1257 -0.6967
vn -0.1084 -0.0826 -0.9907
vn -0.1723 -0.0139 -0.9849
vn -0.9792 0.1589 -0.1265
vn 0.1717 0.0176 0.9850
vn 0.9799 -0.1543 0.1264
vn 0.4055 -0.1044 -0.9081
vn 0.1219 -0.0625 -0.9906
vn -0.4040 0.1098 0.9082
vn -0.1216 0.0669 0.9903
vn 0.1766 -0.0913 0.9800
vn 0.9840 0.1138 0.1372
vn -0.1774 0.0860 -0.9804
vn -0.9834 -0.1181 -0.1379
vn -0.4029 -0.1615 0.9009
vn -0.1185 -0.1318 0.9842
vn 0.4048 0.1548 -0.9012
vn 0.1191 0.1258 -0.9849
vn 0.0893 0.2931 -0.9519
vn 0.0893 0.2956 -0.9511
vn -0.9947 0.0756 -0.0699
vn 0.9970 -0.0262 0.0732
vn -0.9952 0.0638 -0.0737
vn 0.0525 0.9836 -0.1728
vn 0.9973 -0.0188 0.0712
vn -0.0126 -0.9545 -0.2979
vn -0.9960 0.0877 -0.0172
vn -0.6984 -0.4259 0.5751
vn 0.1190 0.7090 -0.6951
vn 0.7366 0.4661 -0.4901
vn -0.9993 0.0377 -0.0055
vn -0.5228 0.5933 -0.6121
vn 0.4024 0.1939 -0.8947
vn -0.1176 -0.1670 0.9789
vn -0.4024 -0.1936 0.8947
vn -0.1778 0.1261 -0.9759
vn 0.1777 -0.1257 0.9760
vn -0.9838 -0.1150 -0.1378
vn 0.9703 0.0099 -0.2416
vn 0.9389 -0.0425 -0.3416
vn 0.1788 -0.1248 0.9759
vn -0.1802 0.1232 -0.9759
vn -0.4012 -0.1929 0.8954
vn -0.1165 -0.1666 0.9791
vn 0.4001 0.1882 -0.8969
vn 0.1147 0.1638 -0.9798
vn -0.6264 -0.7199 -0.2989
vn 0.2973 -0.5506 -0.7800
vn 0.9909 -0.0118 -0.1343
vn 0.9611 0.2521 0.1131
vn -0.0624 0.0869 -0.9943
vn 0.0803 0.9705 0.2273
vn 0.5322 0.8147 0.2304
vn 0.4167 -0.3769 -0.8273
vn -0.2783 0.9344 0.2222
vn 0.1348 -0.5706 -0.8101
vn -0.0073 0.4448 0.8956
vn 0.9844 0.1126 0.1352
vn -0.9839 -0.1166 -0.1357
vn 0.5176 0.1670 -0.8392
vn 0.5822 -0.0371 0.8122
vn -0.1991 -0.1293 0.9714
vn -0.2386 0.0804 -0.9678
vn 0.9072 0.1091 0.4063
vn -0.0457 0.4182 0.9072
vn -0.8839 0.1502 -0.4428
vn -0.1301 0.0691 0.9891
vn -0.9786 0.1607 -0.1286
vn 0.9794 -0.1559 0.1285
vn -0.4516 0.1279 0.8830
vn 0.4109 -0.0988 -0.9063
vn 0.9988 0.0103 -0.0475
vn 0.2713 0.0041 0.9625
vn -0.4963 0.0621 -0.8659
vn -0.9778 0.1604 0.1349
vn -0.4731 0.3969 0.7865
vn 0.0526 0.9383 -0.3418
vn 0.4155 0.4503 0.7903
vn -0.2216 -0.5713 -0.7903
vn -0.4051 0.0820 0.9106
vn 0.1217 -0.0374 -0.9919
vn 0.4051 -0.0820 -0.9106
vn 0.1726 -0.0107 0.9849
vn -0.1726 0.0106 -0.9849
vn -0.1727 0.0106 -0.9849
vn -0.3631 -0.5785 -0.7304
vn -0.5893 -0.3876 -0.7088
vn -0.1712 0.0093 -0.9852
vn 0.1694 -0.0079 0.9855
vn 0.4065 -0.0825 -0.9099
vn 0.1229 -0.0384 -0.9917
vn -0.4073 0.0881 0.9090
vn -0.1249 0.0413 0.9913
vn -0.9795 0.1572 -0.1261
vn -0.9870 0.1265 0.0994
vn -0.9975 0.0701 -0.0068
vn -0.3480 0.9035 0.2500
vn 0.9984 -0.0216 0.0526
vn 0.6617 -0.4333 0.6119
vn 0.0410 0.9951 -0.0904
vn -0.2564 0.4513 -0.8548
vn 0.0695 0.9623 0.2631
vn 0.5524 0.7985 0.2392
vn -0.7153 -0.4013 0.5721
vn 0.1219 0.7088 -0.6948
vn 0.7145 0.4745 -0.5141
vn 0.7406 -0.3994 0.5403
vn -0.4787 0.6596 -0.5795
vn 0.9820 -0.1299 0.1375
vn -0.1994 -0.1705 0.9650
vn 0.7044 -0.6931 -0.1531
vn 0.3659 0.1799 -0.9131
vn -0.1711 0.6229 -0.7634
vn 0.0550 0.5085 -0.8593
vn 0.0039 0.6408 -0.7677
vn -0.9959 0.0074 -0.0905
vn -0.1657 -0.6359 -0.7538
vn -0.6541 -0.1126 -0.7480
vn 0.0607 -0.3355 -0.9401
vn 0.2360 -0.3362 -0.9117
vn 0.0847 0.0623 0.9945
vn -0.1215 0.1678 0.9783
vn -0.1102 0.1997 0.9736
vn -0.1700 -0.8721 0.4589
vn -0.1117 -0.4684 0.8764
vn -0.1473 -0.3395 0.9290
vn -0.0665 -0.8836 0.4636
vn -0.0586 -0.4728 0.8792
vn -0.1433 -0.3720 0.9171
vn -0.1520 -0.9384 0.3104
vn 0.2968 -0.4613 0.8361
vn 0.6076 -0.3053 0.7332
vn 0.1703 0.6470 -0.7432
vn 0.1342 0.9343 -0.3303
vn 0.2326 -0.2870 -0.9292
vn 0.0721 0.6484 -0.7579
vn 0.0848 0.9388 -0.3340
vn 0.0419 -0.3804 -0.9239
vn -0.1912 0.5078 -0.8400
vn 0.0891 0.8616 -0.4997
vn -0.5972 -0.0994 -0.7959
vn 0.3844 0.5694 -0.7267
vn 0.1185 0.8548 -0.5052
vn 0.7846 -0.0141 -0.6199
vn -0.7870 0.3691 -0.4943
vn -0.8619 0.4296 -0.2694
vn -0.8765 -0.2538 -0.4091
vn -0.0651 -0.9310 0.3591
vn -0.1143 -0.5067 0.8545
vn -0.6543 -0.1863 0.7329
vn 0.7033 -0.6722 0.2312
vn 0.6758 -0.2067 0.7075
vn 0.2139 0.1164 -0.9699
vn 0.1172 0.1675 -0.9789
vn 0.1182 0.3051 0.9450
vn -0.1219 0.0374 0.9918
vn -0.4149 0.9064 -0.0789
vn 0.1198 0.3637 0.9238
vn -0.7433 -0.3002 -0.5978
vn 0.9377 0.3059 0.1648
vn -0.9912 0.0807 -0.1053
vn -0.9285 0.3489 -0.1271
vn 0.9919 0.0408 0.1201
vn -0.0162 -0.9571 -0.2892
vn -0.0974 -0.4896 0.8665
vn -0.8281 -0.3082 0.4682
vn 0.9879 0.0523 -0.1463
vn -0.0254 -0.9517 -0.3061
vn -0.0964 -0.5341 0.8399
vn -0.7973 -0.3474 0.4936
vn 0.8431 0.1767 -0.5078
vn 0.9974 -0.0182 0.0694
vn -0.0150 -0.9622 -0.2719
vn -0.9965 0.0543 -0.0628
vn 0.0588 0.9676 -0.2456
vn 0.0531 0.9815 -0.1839
vn 0.9697 -0.0789 0.2314
vn -0.0138 -0.9583 -0.2856
vn -0.9936 0.0698 -0.0886
vn 0.0529 0.9827 -0.1777
vn 0.6185 -0.4808 0.6215
vn -0.9975 0.0295 -0.0648
vn -0.9002 0.2314 -0.3689
vn -0.0141 -0.9422 -0.3347
vn -0.0096 -0.9348 -0.3549
vn 0.9818 -0.1369 0.1315
vn 0.6572 -0.4211 0.6251
vn -0.9752 0.0244 -0.2202
vn -0.9211 0.1999 -0.3342
vn -0.0143 -0.9444 -0.3284
vn -0.0113 -0.9378 -0.3469
vn -0.9810 0.1634 -0.1042
vn 0.9911 -0.0458 0.1249
vn -0.9867 -0.0959 -0.1314
vn -0.1218 -0.5382 -0.8340
vn -0.0964 -0.5770 0.8110
vn -0.1122 -0.5816 0.8057
vn 0.9877 -0.1308 -0.0856
vn 0.2734 -0.2611 0.9258
vn 0.9600 0.0280 0.2785
vn 0.9829 0.1577 0.0951
vn 0.9862 -0.0554 0.1559
vn 0.9026 0.2968 -0.3118
vn -0.9249 -0.2124 -0.3154
vn -0.1679 0.0363 -0.9851
vn -0.9951 0.0987 -0.0081
vn -0.9670 -0.0118 0.2547
vn -0.9821 0.1713 0.0788
vn -0.8935 -0.4231 0.1506
vn 0.9810 -0.1809 0.0699
vn 0.1446 -0.5783 -0.8029
vn -0.9957 0.0082 -0.0919
vn -0.9531 0.1694 -0.2509
vn 0.9348 0.3545 -0.0201
vn -0.0262 0.9928 0.1169
vn -0.1794 -0.1112 -0.9775
vn -0.0325 0.9873 0.1556
vn -0.0079 0.9039 -0.4277
vn -0.2755 0.9175 -0.2869
vn 0.0699 0.9370 -0.3423
vn 0.1777 0.3754 0.9097
vn 0.9945 -0.0761 0.0725
vn 0.6261 -0.0937 -0.7741
vn -0.9243 0.3795 -0.0401
vn -0.6183 0.0890 0.7809
vn 0.0963 0.1499 0.9840
vn -0.3614 0.6248 0.6921
vn -0.7478 0.5381 0.3888
vn 0.3648 -0.1190 -0.9235
vn 0.9499 -0.3002 -0.0866
vn 0.5961 0.5244 0.6080
vn 0.0969 0.6410 0.7614
vn -0.5647 -0.1183 -0.8168
vn -0.1041 -0.1697 -0.9800
vn -0.4039 0.5595 0.7238
vn 0.9919 0.0650 0.1091
vn 0.3513 0.0028 -0.9363
vn 0.9829 -0.1781 -0.0461
vn 0.5971 0.3842 0.7042
vn 0.0959 0.6017 0.7929
vn -0.5170 -0.0278 -0.8555
vn -0.0234 -0.0064 -0.9997
vn -0.1753 -0.0164 -0.9844
vn -0.9796 0.1544 -0.1284
vn 0.1733 0.0151 0.9848
vn 0.9789 -0.1588 0.1285
vn 0.4024 -0.1072 -0.9092
vn 0.1187 -0.0641 -0.9909
vn -0.4038 0.1096 0.9082
vn -0.1208 0.0662 0.9905
vn 0.1738 -0.0891 0.9807
vn 0.9836 0.1183 0.1360
vn -0.1757 0.0886 -0.9804
vn -0.9842 -0.1141 -0.1354
vn -0.4057 -0.1590 0.9001
vn -0.1215 -0.1303 0.9840
vn 0.1198 0.1264 -0.9847
vn -0.9945 0.0672 -0.0807
vn 0.9959 -0.0134 0.0894
vn -0.9951 0.0596 -0.0791
vn 0.0523 0.9836 -0.1726
vn 0.9957 -0.0015 0.0929
vn 0.9836 -0.1501 -0.0998
vn -0.8425 -0.2907 0.4536
vn 0.1178 0.7089 -0.6954
vn 0.9742 0.1928 -0.1171
vn -0.9983 0.0548 -0.0193
vn -0.8422 0.4165 -0.3423
vn 0.4022 0.1939 -0.8948
vn -0.1178 -0.1670 0.9789
vn -0.4014 -0.1933 0.8953
vn -0.1784 0.1261 -0.9758
vn 0.1768 -0.1260 0.9762
vn -0.9838 -0.1149 -0.1374
vn 0.9912 -0.0168 -0.1314
vn 0.9759 -0.0656 -0.2080
vn 0.1763 -0.1228 0.9766
vn -0.1784 0.1260 -0.9759
vn -0.4014 -0.1927 0.8954
vn -0.1179 -0.1659 0.9791
vn 0.4025 0.1920 -0.8951
vn 0.1174 0.1663 -0.9791
vn 0.9838 0.1150 0.1374
vn 0.6941 0.6633 -0.2797
vn 0.5319 -0.4563 -0.7134
vn 0.9541 -0.1317 -0.2690
vn 0.9594 0.2409 0.1470
vn 0.1190 0.1267 -0.9848
vn 0.0606 0.9739 0.2187
vn 0.4704 0.8571 0.2100
vn -0.4800 0.8226 -0.3049
vn -0.2640 0.9371 0.2285
vn 0.5403 -0.4927 -0.6822
vn -0.4946 0.3332 0.8027
vn 0.9841 0.1169 0.1339
vn -0.9846 -0.1128 -0.1334
vn 0.4044 0.1574 -0.9009
vn -0.1220 -0.1051 0.9869
vn -0.4023 -0.1657 0.9004
vn -0.1791 0.0987 -0.9789
vn 0.1647 -0.0054 0.9863
vn 0.6860 0.2441 0.6855
vn -0.9528 0.2719 -0.1349
vn -0.9791 0.1558 -0.1305
vn 0.9783 -0.1607 0.1308
vn -0.4036 0.1122 0.9080
vn 0.1205 -0.0706 -0.9902
vn 0.4065 -0.0983 -0.9083
vn 0.1733 0.0277 0.9845
vn -0.1685 0.0088 -0.9857
vn -0.9907 0.1140 0.0739
vn -0.2194 0.4635 0.8585
vn 0.1112 0.8644 -0.4904
vn 0.7305 0.3911 0.5598
vn -0.7282 -0.3925 -0.5618
vn 0.1217 -0.0375 -0.9919
vn 0.4056 -0.0822 -0.9103
vn 0.1718 -0.0107 0.9851
vn 0.9794 -0.1572 0.1264
vn -0.1216 -0.5808 -0.8049
vn 0.9763 -0.0728 -0.2038
vn -0.1731 0.0077 -0.9849
vn 0.1717 -0.0114 0.9851
vn 0.4054 -0.0835 -0.9103
vn 0.1215 -0.0391 -0.9918
vn -0.4048 0.0840 0.9105
vn -0.1218 0.0384 0.9918
vn -0.9795 0.1571 -0.1265
vn -0.9919 0.0936 0.0861
vn -0.9967 0.0748 -0.0327
vn -0.2627 0.9183 0.2961
vn 0.9927 -0.0740 0.0955
vn 0.5153 -0.5177 0.6830
vn 0.0869 0.9867 -0.1370
vn 0.6090 0.7881 -0.0900
vn 0.0568 0.9654 0.2546
vn 0.4173 0.8489 0.3243
vn -0.7975 -0.3253 0.5081
vn 0.1193 0.7087 -0.6954
vn 0.9695 0.1991 -0.1431
vn 0.5164 -0.5366 0.6674
vn -0.8545 0.3824 -0.3515
vn 0.9725 -0.1640 0.1652
vt 0.687500 0.562500
vt 0.750000 0.625000
vt 0.687500 0.625000
vt 0.812500 0.562500
vt 0.750000 0.562500
vt 0.687500 0.687500
vt 0.812500 0.687500
vt 0.750000 0.687500
vt 0.625000 0.500000
vt 0.625000 0.562500
vt 0.687500 0.500000
vt 0.812500 0.500000
vt 0.750000 0.500000
vt 0.875000 0.500000
vt 0.875000 0.562500
vt 0.812500 0.625000
vt 0.875000 0.687500
vt 0.875000 0.750000
vt 0.812500 0.750000
vt 0.750000 0.750000
vt 0.687500 0.750000
vt 0.625000 0.750000
vt 0.625000 0.687500
vt 0.625000 0.625000
vt 0.437500 0.812500
vt 0.500000 0.875000
vt 0.437500 0.875000
vt 0.500000 0.812500
vt 0.562500 0.875000
vt 0.437500 0.937500
vt 0.500000 0.937500
vt 0.375000 0.750000
vt 0.375000 0.812500
vt 0.437500 0.750000
vt 0.562500 0.750000
vt 0.500000 0.750000
vt 0.562500 0.812500
vt 0.625000 0.812500
vt 0.625000 0.937500
vt 0.562500 0.937500
vt 0.625000 1.000000
vt 0.562500 1.000000
vt 0.500000 1.000000
vt 0.437500 1.000000
vt 0.375000 1.000000
vt 0.375000 0.937500
vt 0.375000 0.875000
vt 0.437500 0.062500
vt 0.500000 0.125000
vt 0.437500 0.125000
vt 0.562500 0.062500
vt 0.500000 0.062500
vt 0.437500 0.187500
vt 0.562500 0.187500
vt 0.500000 0.187500
vt 0.375000 0.000000
vt 0.375000 0.062500
vt 0.500000 0.000000
vt 0.437500 0.000000
vt 0.562500 0.000000
vt 0.625000 0.000000
vt 0.625000 0.062500
vt 0.562500 0.125000
vt 0.625000 0.187500
vt 0.625000 0.250000
vt 0.562500 0.250000
vt 0.500000 0.250000
vt 0.437500 0.250000
vt 0.375000 0.250000
vt 0.375000 0.187500
vt 0.375000 0.125000
vt 0.187500 0.562500
vt 0.250000 0.625000
vt 0.187500 0.625000
vt 0.312500 0.562500
vt 0.250000 0.562500
vt 0.187500 0.687500
vt 0.312500 0.687500
vt 0.250000 0.687500
vt 0.125000 0.500000
vt 0.125000 0.562500
vt 0.187500 0.500000
vt 0.312500 0.500000
vt 0.250000 0.500000
vt 0.375000 0.500000
vt 0.375000 0.625000
vt 0.312500 0.625000
vt 0.375000 0.687500
vt 0.312500 0.750000
vt 0.250000 0.750000
vt 0.187500 0.750000
vt 0.125000 0.687500
vt 0.125000 0.750000
vt 0.125000 0.625000
vt 0.437500 0.562500
vt 0.500000 0.625000
vt 0.437500 0.625000
vt 0.562500 0.562500
vt 0.500000 0.562500
vt 0.437500 0.687500
vt 0.562500 0.687500
vt 0.500000 0.687500
vt 0.375000 0.562500
vt 0.437500 0.500000
vt 0.562500 0.500000
vt 0.500000 0.500000
vt 0.562500 0.625000
vt 0.437500 0.312500
vt 0.500000 0.375000
vt 0.437500 0.375000
vt 0.562500 0.312500
vt 0.500000 0.312500
vt 0.437500 0.437500
vt 0.562500 0.437500
vt 0.500000 0.437500
vt 0.375000 0.312500
vt 0.625000 0.312500
vt 0.562500 0.375000
vt 0.625000 0.437500
vt 0.375000 0.437500
vt 0.375000 0.375000
vt 0.875000 0.625000
vt 0.625000 0.875000
vt 0.625000 0.125000
vt 0.625000 0.375000
vt 0.000000 0.000000
s 0
usemtl Material.001
f 1661/1381/1193 1690/1382/1193 1682/1383/1193
f 1672/1384/1194 1687/1382/1194 1665/1385/1194
f 1686/1382/1195 1699/1386/1195 1679/1383/1195
f 1683/1382/1196 1710/1387/1196 1703/1388/1196
f 1418/1389/1197 1662/1381/1197 1581/1390/1197
f 1637/1391/1198 1668/1385/1198 1664/1381/1198
f 1628/1392/1199 1669/1385/1199 1632/1393/1199
f 1443/1394/1200 1675/1384/1200 1626/1392/1200
f 1623/1395/1201 1695/1396/1201 1671/1384/1201
f 1692/1396/1202 1613/1397/1202 1709/1387/1202
f 1713/1387/1203 1455/1398/1203 1570/1399/1203
f 1707/1388/1204 1572/1399/1204 1566/1400/1204
f 1706/1388/1205 1561/1401/1205 1702/1386/1205
f 1700/1386/1206 1430/1402/1206 1591/1403/1206
f 1677/1383/1207 1587/1403/1207 1583/1404/1207
f 1576/1390/1208 1680/1383/1208 1584/1404/1208
f 1718/1405/1209 1739/1406/1209 1737/1407/1209
f 1727/1408/1210 1749/1409/1210 1743/1406/1210
f 1738/1406/1211 1755/1410/1211 1736/1407/1211
f 1748/1409/1212 1764/1411/1212 1742/1406/1212
f 1439/1412/1213 1717/1405/1213 1608/1413/1213
f 1543/1414/1214 1723/1408/1214 1720/1405/1214
f 1532/1415/1215 1725/1408/1215 1538/1416/1215
s 1
f 1433/1402/1216 1729/1417/1216 1531/1415/1216
s 0
f 1565/1418/1217 1747/1409/1217 1731/1417/1217
f 1746/1409/1218 1575/1419/1218 1768/1420/1218
f 1766/1420/1219 1456/1421/1219 1525/1422/1219
f 1762/1411/1220 1526/1422/1220 1521/1423/1220
f 1760/1411/1221 1516/1424/1221 1757/1410/1221
f 1754/1410/1222 1462/1425/1222 1596/1426/1222
f 1602/1427/1223 1756/1410/1223 1597/1426/1223
f 1719/1405/1224 1603/1427/1224 1609/1413/1224
f 1771/1428/1225 1795/1429/1225 1790/1430/1225
f 1783/1431/1226 1797/1429/1226 1779/1432/1226
f 1799/1429/1227 1809/1433/1227 1792/1430/1227
f 1800/1429/1228 1821/1434/1228 1815/1435/1228
f 1459/1436/1229 1777/1428/1229 1476/1437/1229
f 1517/1438/1230 1775/1428/1230 1513/1439/1230
f 1523/1440/1231 1781/1432/1231 1519/1438/1231
f 1454/1441/1232 1787/1431/1232 1522/1440/1232
f 1612/1442/1233 1805/1443/1233 1785/1431/1233
f 1808/1443/1234 1622/1444/1234 1823/1434/1234
f 1825/1434/1235 1442/1445/1235 1544/1446/1235
f 1819/1435/1236 1546/1446/1236 1550/1447/1236
f 1818/1435/1237 1555/1448/1237 1814/1433/1237
f 1812/1433/1238 1446/1449/1238 1466/1450/1238
f 1793/1430/1239 1463/1450/1239 1470/1451/1239
f 1473/1437/1240 1789/1430/1240 1468/1451/1240
f 1830/1452/1241 1858/1453/1241 1851/1454/1241
f 1842/1455/1242 1857/1453/1242 1835/1456/1242
f 1855/1453/1243 1869/1457/1243 1849/1454/1243
f 1853/1453/1244 1879/1458/1244 1875/1459/1244
f 1447/1460/1245 1831/1452/1245 1467/1461/1245
f 1491/1462/1246 1836/1456/1246 1833/1452/1246
f 1482/1463/1247 1839/1456/1247 1487/1464/1247
f 1426/1465/1248 1845/1455/1248 1480/1463/1248
f 1841/1455/1249 1653/1466/1249 1863/1467/1249
f 1861/1467/1250 1648/1468/1250 1878/1458/1250
f 1647/1468/1251 1605/1469/1251 1876/1458/1251
f 1873/1459/1252 1607/1469/1252 1599/1470/1252
f 1870/1459/1253 1594/1471/1253 1866/1457/1253
f 1477/1472/1254 1592/1471/1254 1460/1473/1254
f 1847/1454/1255 1475/1472/1255 1469/1474/1255
f 1827/1452/1256 1471/1474/1256 1465/1461/1256
f 1881/1475/1257 1909/1476/1257 1902/1477/1257
f 1893/1478/1258 1910/1476/1258 1887/1479/1258
f 1905/1476/1259 1919/1480/1259 1900/1477/1259
f 1907/1476/1260 1931/1481/1260 1927/1482/1260
f 1423/1465/1261 1884/1475/1261 1657/1483/1261
f 1507/1484/1262 1890/1479/1262 1886/1475/1262
f 1498/1485/1263 1891/1479/1263 1502/1486/1263
f 1419/1389/1264 1897/1478/1264 1496/1485/1264
f 1578/1390/1265 1918/1487/1265 1895/1478/1265
f 1915/1487/1266 1588/1403/1266 1933/1481/1266
f 1935/1481/1267 1431/1402/1267 1528/1415/1267
f 1929/1482/1268 1529/1415/1268 1536/1416/1268
f 1923/1480/1269 1534/1416/1269 1540/1414/1269
f 1925/1480/1270 1436/1412/1270 1645/1468/1270
f 1899/1477/1271 1642/1468/1271 1649/1466/1271
f 1654/1483/1272 1903/1477/1272 1651/1466/1272
f 1941/1488/1273 1965/1489/1273 1959/1490/1273
f 1954/1491/1274 1963/1489/1274 1947/1492/1274
f 1966/1489/1275 1979/1493/1275 1960/1490/1275
f 1964/1489/1276 1992/1494/1276 1985/1495/1276
f 1451/1449/1277 1938/1488/1277 1493/1496/1277
f 1559/1448/1278 1946/1492/1278 1939/1488/1278
f 1548/1446/1279 1943/1492/1279 1552/1447/1279
f 1444/1445/1280 1949/1491/1280 1547/1446/1280
f 1631/1497/1281 1971/1498/1281 1952/1491/1281
f 1972/1498/1282 1641/1499/1282 1989/1494/1282
s 1
f 1987/1494/1283 1421/1389/1283 1499/1485/1283
s 0
f 1981/1495/1284 1500/1485/1284 1504/1486/1284
s 1
f 1984/1495/1285 1511/1484/1285 1978/1493/1285
s 0
f 1976/1493/1286 1428/1465/1286 1483/1500/1286
f 1956/1490/1287 1484/1500/1287 1489/1501/1287
f 1494/1496/1288 1955/1490/1288 1488/1501/1288
f 1660/1381/1289 1666/1385/1289 1688/1382/1289
f 1673/1384/1290 1696/1396/1290 1689/1382/1290
f 1684/1382/1291 1704/1388/1291 1698/1386/1291
f 1685/1382/1292 1693/1396/1292 1711/1387/1292
f 1420/1389/1293 1636/1391/1293 1663/1381/1293
f 1638/1391/1294 1633/1393/1294 1670/1385/1294
f 1627/1392/1295 1676/1384/1295 1667/1385/1295
f 1441/1394/1296 1625/1395/1296 1674/1384/1296
f 1621/1395/1297 1619/1502/1297 1694/1396/1297
f 1691/1396/1298 1616/1502/1298 1610/1397/1298
f 1712/1387/1299 1615/1397/1299 1453/1398/1299
f 1705/1388/1300 1714/1387/1300 1571/1399/1300
f 1708/1388/1301 1567/1400/1301 1562/1401/1301
f 1701/1386/1302 1560/1401/1302 1432/1402/1302
f 1678/1383/1303 1697/1386/1303 1589/1403/1303
f 1579/1390/1304 1659/1381/1304 1681/1383/1304
f 1721/1405/1305 1724/1408/1305 1741/1406/1305
f 1728/1408/1306 1733/1417/1306 1751/1409/1306
f 1740/1406/1307 1761/1411/1307 1758/1410/1307
f 1750/1409/1308 1770/1420/1308 1765/1411/1308
f 1438/1412/1309 1541/1414/1309 1716/1405/1309
f 1542/1414/1310 1537/1416/1310 1722/1408/1310
f 1533/1415/1311 1732/1417/1311 1726/1408/1311
f 1434/1402/1312 1563/1418/1312 1730/1417/1312
f 1564/1418/1313 1569/1503/1313 1745/1409/1313
f 1744/1409/1314 1568/1503/1314 1574/1419/1314
f 1767/1420/1315 1573/1419/1315 1457/1421/1315
f 1763/1411/1316 1769/1420/1316 1527/1422/1316
f 1759/1411/1317 1520/1423/1317 1515/1424/1317
f 1753/1410/1318 1514/1424/1318 1461/1425/1318
f 1601/1427/1319 1735/1407/1319 1752/1410/1319
f 1715/1405/1320 1734/1407/1320 1600/1427/1320
f 1772/1428/1321 1778/1432/1321 1796/1429/1321
f 1784/1431/1322 1803/1443/1322 1798/1429/1322
f 1801/1429/1323 1816/1435/1323 1810/1433/1323
f 1802/1429/1324 1806/1443/1324 1822/1434/1324
f 1458/1436/1325 1512/1439/1325 1774/1428/1325
f 1518/1438/1326 1780/1432/1326 1776/1428/1326
f 1524/1440/1327 1788/1431/1327 1782/1432/1327
f 1452/1441/1328 1614/1442/1328 1786/1431/1328
f 1611/1442/1329 1617/1504/1329 1804/1443/1329
f 1807/1443/1330 1618/1504/1330 1620/1444/1330
f 1824/1434/1331 1624/1444/1331 1440/1445/1331
f 1817/1435/1332 1826/1434/1332 1545/1446/1332
f 1820/1435/1333 1551/1447/1333 1556/1448/1333
f 1813/1433/1334 1554/1448/1334 1448/1449/1334
f 1794/1430/1335 1811/1433/1335 1464/1450/1335
f 1474/1437/1336 1773/1428/1336 1791/1430/1336
f 1829/1452/1337 1834/1456/1337 1856/1453/1337
f 1843/1455/1338 1864/1467/1338 1859/1453/1338
f 1852/1453/1339 1874/1459/1339 1868/1457/1339
f 1854/1453/1340 1862/1467/1340 1880/1458/1340
f 1449/1460/1341 1490/1462/1341 1832/1452/1341
f 1492/1462/1342 1486/1464/1342 1838/1456/1342
f 1481/1463/1343 1846/1455/1343 1837/1456/1343
s 1
f 1424/1465/1344 1658/1483/1344 1844/1455/1344
s 0
f 1840/1455/1345 1656/1483/1345 1652/1466/1345
s 1
f 1860/1467/1346 1650/1466/1346 1644/1468/1346
s 0
f 1646/1468/1347 1437/1412/1347 1604/1469/1347
f 1871/1459/1348 1877/1458/1348 1606/1469/1348
f 1872/1459/1349 1598/1470/1349 1595/1471/1349
f 1478/1472/1350 1865/1457/1350 1593/1471/1350
f 1848/1454/1351 1867/1457/1351 1479/1472/1351
f 1828/1452/1352 1850/1454/1352 1472/1474/1352
f 1882/1475/1353 1888/1479/1353 1911/1476/1353
f 1894/1478/1354 1916/1487/1354 1912/1476/1354
f 1906/1476/1355 1926/1482/1355 1920/1480/1355
f 1908/1476/1356 1913/1487/1356 1932/1481/1356
f 1425/1465/1357 1506/1484/1357 1885/1475/1357
f 1508/1484/1358 1503/1486/1358 1892/1479/1358
f 1497/1485/1359 1898/1478/1359 1889/1479/1359
s 1
f 1417/1389/1360 1580/1390/1360 1896/1478/1360
s 0
f 1577/1390/1361 1585/1404/1361 1917/1487/1361
f 1914/1487/1362 1582/1404/1362 1586/1403/1362
f 1934/1481/1363 1590/1403/1363 1429/1402/1363
f 1930/1482/1364 1936/1481/1364 1530/1415/1364
f 1924/1480/1365 1928/1482/1365 1535/1416/1365
f 1922/1480/1366 1539/1414/1366 1435/1412/1366
f 1901/1477/1367 1921/1480/1367 1643/1468/1367
f 1655/1483/1368 1883/1475/1368 1904/1477/1368
f 1942/1488/1369 1948/1492/1369 1967/1489/1369
f 1953/1491/1370 1973/1498/1370 1961/1489/1370
f 1968/1489/1371 1986/1495/1371 1980/1493/1371
f 1962/1489/1372 1974/1498/1372 1991/1494/1372
f 1450/1449/1373 1557/1448/1373 1937/1488/1373
f 1558/1448/1374 1553/1447/1374 1944/1492/1374
f 1549/1446/1375 1951/1491/1375 1945/1492/1375
s 1
f 1445/1445/1376 1629/1497/1376 1950/1491/1376
s 0
f 1630/1497/1377 1634/1505/1377 1969/1498/1377
f 1970/1498/1378 1635/1505/1378 1640/1499/1378
s 1
f 1988/1494/1379 1639/1499/1379 1422/1389/1379
s 0
f 1983/1495/1380 1990/1494/1380 1501/1485/1380
f 1982/1495/1381 1505/1486/1381 1510/1484/1381
f 1975/1493/1382 1509/1484/1382 1427/1465/1382
f 1958/1490/1383 1977/1493/1383 1485/1500/1383
f 1495/1496/1384 1940/1488/1384 1957/1490/1384
usemtl 
f 2069/1506/1385 2141/1506/1385 2238/1506/1385
f 2101/1506/1386 2117/1506/1386 2197/1506/1386
f 2331/1506/1387 2251/1506/1387 2255/1506/1387
f 2489/1506/1388 1999/1506/1388 2100/1506/1388
f 2464/1506/1389 2023/1506/1389 2451/1506/1389
f 2473/1506/1390 2092/1506/1390 2463/1506/1390
f 2491/1506/1391 2097/1506/1391 2474/1506/1391
f 2660/1506/1392 2336/1506/1392 2672/1506/1392
f 2502/1506/1393 2081/1506/1393 2077/1506/1393
f 2525/1506/1394 2083/1506/1394 2513/1506/1394
f 2156/1506/1395 2093/1506/1395 2172/1506/1395
f 2095/1506/1396 2187/1506/1396 2175/1506/1396
f 2099/1506/1397 2200/1506/1397 2187/1506/1397
f 2124/1506/1398 2059/1506/1398 2213/1506/1398
f 2060/1506/1399 2226/1506/1399 2214/1506/1399
f 2065/1506/1400 2239/1506/1400 2226/1506/1400
f 2233/1506/1401 2039/1506/1401 2048/1506/1401
f 2231/1506/1402 2241/1506/1402 2244/1506/1402
f 2225/1506/1403 2243/1506/1403 2228/1506/1403
f 2052/1506/1404 2232/1506/1404 2047/1506/1404
f 2216/1506/1405 2230/1506/1405 2219/1506/1405
f 2218/1506/1406 2225/1506/1406 2228/1506/1406
f 2007/1506/1407 2223/1506/1407 2054/1506/1407
f 2133/1506/1408 2221/1506/1408 2136/1506/1408
f 2132/1506/1409 2212/1506/1409 2218/1506/1409
f 2193/1506/1410 2073/1506/1410 2078/1506/1410
f 2191/1506/1411 2203/1506/1411 2207/1506/1411
f 2186/1506/1412 2205/1506/1412 2189/1506/1412
f 2086/1506/1413 2194/1506/1413 2079/1506/1413
f 2178/1506/1414 2192/1506/1414 2182/1506/1414
f 2180/1506/1415 2186/1506/1415 2189/1506/1415
f 2018/1506/1416 2184/1506/1416 2088/1506/1416
f 2169/1506/1417 2177/1506/1417 2181/1506/1417
f 2166/1506/1418 2174/1506/1418 2180/1506/1418
f 2209/1506/1419 1996/1506/1419 2075/1506/1419
f 2202/1506/1420 2106/1506/1420 2206/1506/1420
f 2199/1506/1421 2115/1506/1421 2205/1506/1421
f 2537/1506/1422 2016/1506/1422 2436/1506/1422
f 2535/1506/1423 2163/1506/1423 2167/1506/1423
f 2558/1506/1424 2162/1506/1424 2548/1506/1424
f 2248/1506/1425 2029/1506/1425 2041/1506/1425
f 2246/1506/1426 2150/1506/1426 2153/1506/1426
f 2237/1506/1427 2149/1506/1427 2243/1506/1427
f 2574/1506/1428 2006/1506/1428 2418/1506/1428
f 2572/1506/1429 2128/1506/1429 2134/1506/1429
f 2593/1506/1430 2126/1506/1430 2583/1506/1430
f 2252/1506/1431 2940/1506/1431 2256/1506/1431
f 2089/1506/1432 2974/1506/1432 2020/1506/1432
f 2269/1506/1433 3056/1506/1433 2273/1506/1433
f 2793/1506/1434 3092/1506/1434 2810/1506/1434
f 3036/1506/1435 2076/1506/1435 1998/1506/1435
f 2441/1506/1436 2975/1506/1436 2027/1506/1436
f 2665/1506/1437 2254/1506/1437 2599/1506/1437
f 2338/1506/1438 2260/1506/1438 2264/1506/1438
f 2674/1506/1439 2263/1506/1439 2603/1506/1439
f 2678/1506/1440 2350/1506/1440 2690/1506/1440
f 2344/1506/1441 2268/1506/1441 2272/1506/1441
f 2682/1506/1442 2271/1506/1442 2607/1506/1442
f 2349/1506/1443 2276/1506/1443 2280/1506/1443
f 2689/1506/1444 2279/1506/1444 2611/1506/1444
f 2704/1506/1445 2357/1506/1445 2361/1506/1445
f 2291/1506/1446 2353/1506/1446 2286/1506/1446
f 2699/1506/1447 2289/1506/1447 2621/1506/1447
f 2707/1506/1448 2302/1506/1448 2630/1506/1448
f 2709/1506/1449 2375/1506/1449 2723/1506/1449
f 2314/1506/1450 2367/1506/1450 2309/1506/1450
f 2716/1506/1451 2311/1506/1451 2645/1506/1451
f 2725/1506/1452 2322/1506/1452 2657/1506/1452
f 2388/1506/1453 2861/1506/1453 2384/1506/1453
f 2363/1506/1454 2381/1506/1454 2299/1506/1454
f 2357/1506/1455 2384/1506/1455 2361/1506/1455
f 2392/1506/1456 2358/1506/1456 2292/1506/1456
f 2383/1506/1457 2296/1506/1457 2303/1506/1457
f 2382/1506/1458 2872/1506/1458 2394/1506/1458
f 2377/1506/1459 2400/1506/1459 2326/1506/1459
f 2406/1506/1460 2375/1506/1460 2371/1506/1460
f 2412/1506/1461 2373/1506/1461 2315/1506/1461
f 2323/1506/1462 2414/1506/1462 2319/1506/1462
f 2306/1506/1463 2721/1506/1463 2650/1506/1463
f 2713/1506/1464 2642/1506/1464 2638/1506/1464
f 2318/1506/1465 2711/1506/1465 2636/1506/1465
f 2723/1506/1466 2714/1506/1466 2709/1506/1466
f 2365/1506/1467 2714/1506/1467 2718/1506/1467
f 2705/1506/1468 2623/1506/1468 2701/1506/1468
f 2283/1506/1469 2702/1506/1469 2627/1506/1469
f 2697/1506/1470 2617/1506/1470 2694/1506/1470
f 2294/1506/1471 2693/1506/1471 2615/1506/1471
f 2704/1506/1472 2695/1506/1472 2691/1506/1472
f 2351/1506/1473 2695/1506/1473 2700/1506/1473
f 2687/1506/1474 2608/1506/1474 2683/1506/1474
f 2267/1506/1475 2686/1506/1475 2609/1506/1475
f 2679/1506/1476 2604/1506/1476 2675/1506/1476
f 2275/1506/1477 2677/1506/1477 2605/1506/1477
f 2690/1506/1440 2681/1506/1440 2678/1506/1440
f 2343/1506/1440 2685/1506/1440 2340/1506/1440
f 2671/1506/1478 2600/1506/1478 2667/1506/1478
f 2250/1506/1479 2669/1506/1479 2601/1506/1479
f 2663/1506/1480 2596/1506/1480 2659/1506/1480
f 2259/1506/1481 2662/1506/1481 2597/1506/1481
f 2612/1506/1482 2902/1506/1482 2908/1506/1482
f 2551/1506/1483 3005/1506/1483 2556/1506/1483
f 2585/1506/1484 2989/1506/1484 2591/1506/1484
f 2031/1506/1485 2948/1506/1485 2042/1506/1485
f 2308/1506/1486 3072/1506/1486 2313/1506/1486
f 2285/1506/1487 2900/1506/1487 2290/1506/1487
f 2587/1506/1488 2581/1506/1488 2575/1506/1488
f 2111/1506/1489 2589/1506/1489 2578/1506/1489
f 2582/1506/1490 2564/1506/1490 2576/1506/1490
f 2112/1506/1491 2566/1506/1491 2104/1506/1491
f 2562/1506/1492 2415/1506/1492 2420/1506/1492
f 1995/1506/1493 2568/1506/1493 2423/1506/1493
f 2560/1506/1494 2541/1506/1494 2552/1506/1494
f 2143/1506/1495 2553/1506/1495 2545/1506/1495
f 2542/1506/1496 2539/1506/1496 2529/1506/1496
f 2145/1506/1497 2531/1506/1497 2151/1506/1497
f 2538/1506/1498 2439/1506/1498 2528/1506/1498
f 2028/1506/1499 2533/1506/1499 2442/1506/1499
f 2516/1506/1500 2510/1506/1500 2506/1506/1500
f 2046/1506/1501 2518/1506/1501 2508/1506/1501
f 2511/1506/1502 2496/1506/1502 2509/1506/1502
f 2044/1506/1503 2494/1506/1503 2049/1506/1503
f 2672/1506/1392 2664/1506/1392 2660/1506/1392
f 2330/1506/1392 2668/1506/1392 2327/1506/1392
f 2481/1506/1504 2740/1506/1504 2737/1506/1504
f 2063/1506/1505 2485/1506/1505 2467/1506/1505
f 2478/1506/1506 2730/1506/1506 2736/1506/1506
f 2062/1506/1507 2458/1506/1507 2067/1506/1507
f 2455/1506/1508 2453/1506/1508 2445/1506/1508
f 2068/1506/1509 2447/1506/1509 2032/1506/1509
f 2426/1506/1510 2480/1506/1510 2431/1506/1510
f 2056/1506/1511 2432/1506/1511 2483/1506/1511
f 2720/1506/1512 2654/1506/1512 2647/1506/1512
s 1
f 2477/1506/1513 2742/1506/1513 2493/1506/1513
s 0
f 2456/1506/1514 2732/1506/1514 2466/1506/1514
f 2470/1506/1515 2729/1506/1515 2460/1506/1515
f 2471/1506/1516 2738/1506/1516 2734/1506/1516
f 2972/1506/1517 2775/1506/1517 2953/1506/1517
f 2912/1506/1518 2782/1506/1518 2779/1506/1518
f 2946/1506/1519 2765/1506/1519 2966/1506/1519
f 2917/1506/1520 2762/1506/1520 2921/1506/1520
f 2769/1506/1521 2968/1506/1521 2955/1506/1521
f 2970/1506/1522 2755/1506/1522 2974/1506/1522
f 2783/1506/1523 2976/1506/1523 2950/1506/1523
f 2978/1506/1524 2752/1506/1524 2948/1506/1524
f 3038/1506/1525 2819/1506/1525 3017/1506/1525
f 3082/1506/1526 2825/1506/1526 2822/1506/1526
f 3030/1506/1527 2808/1506/1527 3028/1506/1527
f 3084/1506/1528 2807/1506/1528 3087/1506/1528
f 3024/1506/1529 2800/1506/1529 3034/1506/1529
f 2803/1506/1530 3040/1506/1530 3036/1506/1530
f 2826/1506/1531 3042/1506/1531 3016/1506/1531
f 2790/1506/1532 3032/1506/1532 3044/1506/1532
f 2833/1506/1533 3008/1506/1533 2997/1506/1533
f 3053/1506/1534 2841/1506/1534 3051/1506/1534
f 2831/1506/1535 3004/1506/1535 3001/1506/1535
f 3049/1506/1536 2837/1506/1536 3047/1506/1536
f 2840/1506/1537 2999/1506/1537 3006/1506/1537
f 2836/1506/1538 2998/1506/1538 3000/1506/1538
f 2844/1506/1539 2995/1506/1539 3010/1506/1539
f 2830/1506/1540 3002/1506/1540 2996/1506/1540
f 2849/1506/1541 2992/1506/1541 2981/1506/1541
f 2937/1506/1542 2857/1506/1542 2935/1506/1542
f 2847/1506/1543 2988/1506/1543 2985/1506/1543
f 2933/1506/1544 2853/1506/1544 2931/1506/1544
f 2856/1506/1545 2983/1506/1545 2990/1506/1545
f 2852/1506/1546 2982/1506/1546 2984/1506/1546
f 2860/1506/1547 2979/1506/1547 2994/1506/1547
f 2846/1506/1548 2986/1506/1548 2980/1506/1548
f 2867/1506/1549 2869/1506/1549 2873/1506/1549
f 2877/1506/1550 2887/1506/1550 2881/1506/1550
f 2409/1506/1551 2888/1506/1551 2884/1506/1551
f 2404/1506/1552 2879/1506/1552 2397/1506/1552
f 2390/1506/1553 2874/1506/1553 2870/1506/1553
s 1
f 2398/1506/1554 2886/1506/1554 2413/1506/1554
s 0
f 2386/1506/1555 2865/1506/1555 2379/1506/1555
f 2406/1506/1556 2875/1506/1556 2402/1506/1556
f 2499/1506/1557 3021/1506/1557 3011/1506/1557
f 2646/1506/1558 3071/1506/1558 3077/1506/1558
f 2325/1506/1559 3068/1506/1559 3064/1506/1559
f 2658/1506/1560 3062/1506/1560 3086/1506/1560
f 2640/1506/1561 3075/1506/1561 3081/1506/1561
f 3066/1506/1562 2637/1506/1562 3079/1506/1562
f 2254/1506/1563 2938/1506/1563 2599/1506/1563
f 2261/1506/1564 2944/1506/1564 2265/1506/1564
f 2263/1506/1565 2934/1506/1565 2603/1506/1565
f 2601/1506/1566 2929/1506/1566 2250/1506/1566
f 2597/1506/1567 2941/1506/1567 2259/1506/1567
f 2602/1506/1568 2931/1506/1568 2600/1506/1568
f 2811/1506/1569 3027/1506/1569 2805/1506/1569
f 2772/1506/1570 2963/1506/1570 2763/1506/1570
f 2941/1506/1571 2858/1506/1571 2849/1506/1571
f 2929/1506/1572 2854/1506/1572 2847/1506/1572
f 2934/1506/1573 2851/1506/1573 2856/1506/1573
f 2944/1506/1574 2850/1506/1574 2852/1506/1574
f 2938/1506/1575 2845/1506/1575 2860/1506/1575
f 2940/1506/1576 2848/1506/1576 2846/1506/1576
f 2598/1506/1480 2935/1506/1480 2596/1506/1480
f 2906/1506/1577 2745/1506/1577 2785/1506/1577
s 1
f 3029/1506/1578 2417/1506/1578 2005/1506/1578
s 0
f 2421/1506/1579 3027/1506/1579 3023/1506/1579
f 2430/1506/1580 2993/1506/1580 2425/1506/1580
f 2980/1506/1581 2120/1506/1581 2003/1506/1581
f 2892/1506/1582 2756/1506/1582 2761/1506/1582
f 2915/1506/1583 2759/1506/1583 2770/1506/1583
f 2750/1506/1584 2924/1506/1584 2767/1506/1584
f 2895/1506/1585 2777/1506/1585 2754/1506/1585
f 2037/1506/1586 2964/1506/1586 2522/1506/1586
f 2072/1506/1587 3019/1506/1587 2501/1506/1587
f 2859/1506/1588 2991/1506/1588 2857/1506/1588
f 2855/1506/1589 2987/1506/1589 2853/1506/1589
s 1
f 2429/1506/1590 2979/1506/1590 2002/1506/1590
s 0
f 2984/1506/1591 2013/1506/1591 2125/1506/1591
f 2595/1506/1592 2983/1506/1592 2123/1506/1592
f 2985/1506/1593 2590/1506/1593 2119/1506/1593
f 2981/1506/1594 2434/1506/1594 2011/1506/1594
f 2957/1506/1595 2085/1506/1595 2523/1506/1595
f 2449/1506/1596 3009/1506/1596 2444/1506/1596
f 2996/1506/1597 2142/1506/1597 2035/1506/1597
f 2843/1506/1598 3007/1506/1598 2841/1506/1598
f 2839/1506/1599 3003/1506/1599 2837/1506/1599
f 3010/1506/1600 2033/1506/1600 2448/1506/1600
f 3000/1506/1601 2025/1506/1601 2159/1506/1601
f 3006/1506/1602 2158/1506/1602 2559/1506/1602
f 3001/1506/1603 2555/1506/1603 2140/1506/1603
f 2997/1506/1604 2452/1506/1604 2024/1506/1604
f 2438/1506/1605 2949/1506/1605 2440/1506/1605
f 2952/1506/1606 2017/1506/1606 2971/1506/1606
f 2746/1506/1607 2928/1506/1607 2751/1506/1607
f 2422/1506/1608 3033/1506/1608 1994/1506/1608
f 3014/1506/1609 2050/1506/1609 2500/1506/1609
f 2271/1506/1610 3054/1506/1610 2607/1506/1610
f 2277/1506/1611 3060/1506/1611 2281/1506/1611
f 2279/1506/1612 3050/1506/1612 2611/1506/1612
f 2609/1506/1613 3045/1506/1613 2267/1506/1613
s 1
f 2605/1506/1614 3057/1506/1615 2275/1506/1614
s 0
f 2610/1506/1474 3047/1506/1474 2608/1506/1474
f 3044/1506/1616 2009/1506/1616 2055/1506/1616
f 2520/1506/1617 2958/1506/1617 2527/1506/1617
f 3057/1506/1618 2842/1506/1618 2833/1506/1618
f 3045/1506/1619 2838/1506/1619 2831/1506/1619
f 3050/1506/1620 2835/1506/1620 2840/1506/1620
f 3060/1506/1621 2834/1506/1621 2836/1506/1621
f 3054/1506/1622 2829/1506/1622 2844/1506/1622
f 3056/1506/1623 2832/1506/1623 2830/1506/1623
f 2606/1506/1624 3051/1506/1624 2604/1506/1624
f 2781/1506/1625 2954/1506/1625 2778/1506/1625
f 2820/1506/1626 3012/1506/1626 3022/1506/1626
f 3067/1506/1627 2818/1506/1627 2797/1506/1627
f 2655/1506/1628 3089/1506/1628 2648/1506/1628
f 2649/1506/1629 3093/1506/1629 2305/1506/1629
f 2789/1506/1630 3096/1506/1630 2794/1506/1630
f 3078/1506/1631 2788/1506/1631 2828/1506/1631
f 3064/1506/1632 2799/1506/1632 2804/1506/1632
f 2814/1506/1633 3063/1506/1633 2801/1506/1633
f 2622/1506/1634 2899/1506/1634 2905/1506/1634
f 2304/1506/1635 2896/1506/1635 2892/1506/1635
f 2631/1506/1636 2891/1506/1636 2914/1506/1636
f 2626/1506/1637 2925/1506/1637 2282/1506/1637
f 2297/1506/1638 2910/1506/1638 2893/1506/1638
f 2632/1506/1639 2919/1506/1639 2624/1506/1639
f 2069/1506/1640 2034/1506/1640 2141/1506/1640
f 2101/1506/1641 2000/1506/1641 2117/1506/1641
f 2331/1506/1387 2328/1506/1387 2251/1506/1387
f 2492/1506/1642 2428/1506/1642 2001/1506/1642
f 2462/1506/1643 2091/1506/1643 2021/1506/1643
f 2475/1506/1644 2098/1506/1644 2094/1506/1644
f 2490/1506/1645 2102/1506/1645 2096/1506/1645
f 2660/1506/1392 2333/1506/1392 2336/1506/1392
f 2503/1506/1646 2512/1506/1646 2082/1506/1646
f 2524/1506/1647 2090/1506/1647 2080/1506/1647
f 2156/1506/1648 2022/1506/1648 2093/1506/1648
f 2095/1506/1649 2099/1506/1649 2187/1506/1649
f 2099/1506/1650 2103/1506/1650 2200/1506/1650
f 2124/1506/1651 2012/1506/1651 2059/1506/1651
f 2060/1506/1652 2065/1506/1652 2226/1506/1652
f 2065/1506/1653 2070/1506/1653 2239/1506/1653
f 2235/1506/1654 2247/1506/1654 2040/1506/1654
f 2229/1506/1655 2227/1506/1655 2240/1506/1655
f 2225/1506/1656 2237/1506/1656 2243/1506/1656
f 2053/1506/1657 2222/1506/1657 2234/1506/1657
f 2215/1506/1658 2227/1506/1658 2229/1506/1658
f 2218/1506/1659 2212/1506/1659 2225/1506/1659
f 2008/1506/1660 2137/1506/1660 2224/1506/1660
f 2131/1506/1661 2217/1506/1661 2220/1506/1661
f 2130/1506/1662 2122/1506/1662 2211/1506/1662
f 2195/1506/1663 2208/1506/1663 2074/1506/1663
f 2190/1506/1664 2188/1506/1664 2201/1506/1664
f 2186/1506/1665 2199/1506/1665 2205/1506/1665
f 2087/1506/1666 2183/1506/1666 2196/1506/1666
f 2176/1506/1667 2188/1506/1667 2190/1506/1667
f 2180/1506/1668 2174/1506/1668 2186/1506/1668
f 2019/1506/1669 2171/1506/1669 2185/1506/1669
f 2170/1506/1670 2165/1506/1670 2179/1506/1670
f 2164/1506/1671 2157/1506/1671 2173/1506/1671
f 2210/1506/1672 2108/1506/1672 1997/1506/1672
f 2204/1506/1673 2114/1506/1673 2107/1506/1673
f 2198/1506/1674 2118/1506/1674 2113/1506/1674
f 2536/1506/1675 2168/1506/1675 2014/1506/1675
f 2534/1506/1676 2547/1506/1676 2161/1506/1676
f 2557/1506/1677 2155/1506/1677 2160/1506/1677
f 2249/1506/1678 2154/1506/1678 2030/1506/1678
f 2245/1506/1679 2242/1506/1679 2148/1506/1679
f 2236/1506/1680 2139/1506/1680 2147/1506/1680
f 2573/1506/1681 2135/1506/1681 2004/1506/1681
f 2571/1506/1682 2584/1506/1682 2127/1506/1682
f 2594/1506/1683 2121/1506/1683 2129/1506/1683
f 2252/1506/1684 2930/1506/1684 2940/1506/1684
f 2089/1506/1685 2970/1506/1685 2974/1506/1685
f 2269/1506/1686 3046/1506/1686 3056/1506/1686
f 2791/1506/1687 3094/1506/1687 3090/1506/1687
f 3036/1506/1688 3040/1506/1688 2076/1506/1688
f 2443/1506/1689 2950/1506/1689 2976/1506/1689
f 2666/1506/1690 2332/1506/1690 2257/1506/1690
f 2338/1506/1438 2335/1506/1438 2260/1506/1438
f 2673/1506/1691 2337/1506/1691 2262/1506/1691
f 2678/1506/1440 2347/1506/1440 2350/1506/1440
f 2344/1506/1441 2341/1506/1441 2268/1506/1441
f 2680/1506/1692 2342/1506/1692 2270/1506/1692
f 2349/1506/1443 2346/1506/1443 2276/1506/1443
f 2688/1506/1693 2348/1506/1693 2278/1506/1693
f 2704/1506/1694 2691/1506/1694 2357/1506/1694
f 2291/1506/1695 2356/1506/1695 2353/1506/1695
f 2698/1506/1696 2355/1506/1696 2287/1506/1696
f 2706/1506/1697 2364/1506/1697 2300/1506/1697
f 2709/1506/1698 2371/1506/1698 2375/1506/1698
f 2314/1506/1699 2370/1506/1699 2367/1506/1699
f 2717/1506/1700 2369/1506/1700 2312/1506/1700
f 2726/1506/1701 2376/1506/1701 2324/1506/1701
f 2388/1506/1453 2868/1506/1453 2861/1506/1453
f 2362/1506/1702 2387/1506/1702 2380/1506/1702
f 2357/1506/1703 2388/1506/1703 2384/1506/1703
f 2396/1506/1704 2391/1506/1704 2360/1506/1704
f 2383/1506/1705 2395/1506/1705 2296/1506/1705
f 2382/1506/1706 2866/1506/1706 2872/1506/1706
f 2378/1506/1707 2405/1506/1707 2401/1506/1707
f 2406/1506/1708 2402/1506/1708 2375/1506/1708
f 2411/1506/1709 2408/1506/1709 2372/1506/1709
f 2323/1506/1710 2399/1506/1710 2414/1506/1710
f 2307/1506/1711 2366/1506/1711 2722/1506/1711
f 2712/1506/1712 2715/1506/1712 2641/1506/1712
f 2316/1506/1713 2374/1506/1713 2710/1506/1713
f 2723/1506/1714 2718/1506/1714 2714/1506/1714
f 2365/1506/1715 2368/1506/1715 2714/1506/1715
f 2708/1506/1716 2633/1506/1716 2625/1506/1716
f 2284/1506/1717 2352/1506/1717 2703/1506/1717
f 2696/1506/1718 2618/1506/1718 2613/1506/1718
f 2293/1506/1719 2359/1506/1719 2692/1506/1719
f 2704/1506/1720 2700/1506/1720 2695/1506/1720
f 2351/1506/1721 2354/1506/1721 2695/1506/1721
f 2687/1506/1474 2610/1506/1474 2608/1506/1474
f 2266/1506/1693 2339/1506/1693 2684/1506/1693
f 2679/1506/1476 2606/1506/1476 2604/1506/1476
f 2274/1506/1692 2345/1506/1692 2676/1506/1692
f 2690/1506/1440 2685/1506/1440 2681/1506/1440
f 2343/1506/1440 2681/1506/1440 2685/1506/1440
f 2671/1506/1478 2602/1506/1478 2600/1506/1478
f 2253/1506/1691 2329/1506/1691 2670/1506/1691
f 2663/1506/1480 2598/1506/1480 2596/1506/1480
f 2258/1506/1690 2334/1506/1690 2661/1506/1690
f 2614/1506/1722 2619/1506/1722 2903/1506/1722
f 2551/1506/1723 3003/1506/1723 3005/1506/1723
f 2585/1506/1724 2987/1506/1724 2989/1506/1724
f 2031/1506/1725 2978/1506/1725 2948/1506/1725
f 2308/1506/1726 3096/1506/1726 3072/1506/1726
f 2285/1506/1727 2928/1506/1727 2900/1506/1727
f 2586/1506/1728 2592/1506/1728 2579/1506/1728
s 1
f 2109/1506/1729 2116/1506/1729 2588/1506/1729
s 0
f 2580/1506/1730 2570/1506/1730 2563/1506/1730
f 2110/1506/1731 2577/1506/1731 2565/1506/1731
f 2562/1506/1732 2569/1506/1732 2415/1506/1732
f 1993/1506/1733 2105/1506/1733 2567/1506/1733
f 2561/1506/1734 2549/1506/1734 2543/1506/1734
f 2146/1506/1735 2138/1506/1735 2554/1506/1735
f 2544/1506/1736 2550/1506/1736 2540/1506/1736
f 2144/1506/1737 2546/1506/1737 2530/1506/1737
f 2538/1506/1738 2437/1506/1738 2439/1506/1738
f 2026/1506/1739 2152/1506/1739 2532/1506/1739
f 2519/1506/1740 2526/1506/1740 2514/1506/1740
f 2043/1506/1741 2036/1506/1741 2517/1506/1741
f 2515/1506/1742 2505/1506/1742 2498/1506/1742
f 2045/1506/1743 2507/1506/1743 2495/1506/1743
f 2672/1506/1392 2668/1506/1392 2664/1506/1392
f 2330/1506/1392 2664/1506/1392 2668/1506/1392
s 1
f 2481/1506/1744 2487/1506/1744 2740/1506/1744
s 0
f 2061/1506/1745 2057/1506/1745 2484/1506/1745
f 2479/1506/1746 2465/1506/1746 2731/1506/1746
f 2064/1506/1747 2468/1506/1747 2459/1506/1747
f 2454/1506/1748 2461/1506/1748 2450/1506/1748
f 2066/1506/1749 2457/1506/1749 2446/1506/1749
f 2427/1506/1750 2488/1506/1750 2482/1506/1750
f 2058/1506/1751 2010/1506/1751 2433/1506/1751
f 2719/1506/1752 2724/1506/1752 2652/1506/1752
f 2476/1506/1753 2735/1506/1753 2741/1506/1753
f 2456/1506/1754 2727/1506/1754 2732/1506/1754
f 2469/1506/1755 2733/1506/1755 2728/1506/1755
f 2472/1506/1756 2486/1506/1756 2739/1506/1756
f 2973/1506/1757 2753/1506/1757 2776/1506/1757
f 2907/1506/1758 2901/1506/1758 2780/1506/1758
f 2947/1506/1759 2749/1506/1759 2766/1506/1759
f 2918/1506/1760 2773/1506/1760 2764/1506/1760
f 2768/1506/1761 2758/1506/1761 2967/1506/1761
f 2970/1506/1762 2760/1506/1762 2755/1506/1762
f 2784/1506/1763 2744/1506/1763 2977/1506/1763
f 2978/1506/1764 2747/1506/1764 2752/1506/1764
f 3037/1506/1765 2796/1506/1765 2817/1506/1765
f 3080/1506/1766 3074/1506/1766 2823/1506/1766
f 3031/1506/1767 2792/1506/1767 2809/1506/1767
f 3083/1506/1768 2812/1506/1768 2806/1506/1768
f 3026/1506/1769 2815/1506/1769 2802/1506/1769
f 2803/1506/1770 2798/1506/1770 3040/1506/1770
f 2827/1506/1771 2787/1506/1771 3043/1506/1771
f 2790/1506/1772 2795/1506/1772 3032/1506/1772
f 2833/1506/1773 2842/1506/1773 3008/1506/1773
f 3053/1506/1774 2843/1506/1774 2841/1506/1774
f 2831/1506/1775 2838/1506/1775 3004/1506/1775
f 3049/1506/1776 2839/1506/1776 2837/1506/1776
f 2840/1506/1777 2835/1506/1777 2999/1506/1777
f 2836/1506/1778 2834/1506/1778 2998/1506/1778
f 2844/1506/1779 2829/1506/1779 2995/1506/1779
f 2830/1506/1780 2832/1506/1780 3002/1506/1780
f 2849/1506/1781 2858/1506/1781 2992/1506/1781
f 2937/1506/1782 2859/1506/1782 2857/1506/1782
f 2847/1506/1783 2854/1506/1783 2988/1506/1783
f 2933/1506/1784 2855/1506/1784 2853/1506/1784
f 2856/1506/1785 2851/1506/1785 2983/1506/1785
f 2852/1506/1786 2850/1506/1786 2982/1506/1786
f 2860/1506/1547 2845/1506/1547 2979/1506/1547
f 2846/1506/1787 2848/1506/1787 2986/1506/1787
f 2867/1506/1549 2863/1506/1549 2869/1506/1549
f 2877/1506/1550 2883/1506/1550 2887/1506/1550
f 2407/1506/1788 2410/1506/1788 2885/1506/1788
f 2403/1506/1789 2876/1506/1789 2878/1506/1789
f 2389/1506/1790 2393/1506/1790 2871/1506/1790
f 2398/1506/1791 2880/1506/1791 2886/1506/1791
f 2385/1506/1792 2862/1506/1792 2864/1506/1792
f 2406/1506/1556 2882/1506/1556 2875/1506/1556
f 2497/1506/1793 2504/1506/1793 3020/1506/1793
f 2644/1506/1794 2310/1506/1794 3069/1506/1794
f 2325/1506/1795 2320/1506/1795 3068/1506/1795
f 2656/1506/1796 2321/1506/1796 3061/1506/1796
f 2639/1506/1797 2643/1506/1797 3073/1506/1797
f 3065/1506/1798 2317/1506/1798 2635/1506/1798
f 2254/1506/1799 2939/1506/1799 2938/1506/1799
f 2261/1506/1800 2942/1506/1800 2944/1506/1800
f 2263/1506/1801 2943/1506/1801 2934/1506/1801
f 2601/1506/1802 2932/1506/1802 2929/1506/1802
f 2597/1506/1803 2936/1506/1803 2941/1506/1803
f 2602/1506/1804 2933/1506/1804 2931/1506/1804
f 2811/1506/1805 3023/1506/1805 3027/1506/1805
f 2771/1506/1806 2960/1506/1806 2962/1506/1806
f 2941/1506/1807 2936/1506/1807 2858/1506/1807
f 2929/1506/1808 2932/1506/1808 2854/1506/1808
f 2934/1506/1809 2943/1506/1809 2851/1506/1809
f 2944/1506/1810 2942/1506/1810 2850/1506/1810
f 2938/1506/1811 2939/1506/1811 2845/1506/1811
f 2940/1506/1812 2930/1506/1812 2848/1506/1812
f 2598/1506/1813 2937/1506/1813 2935/1506/1813
f 2904/1506/1814 2898/1506/1814 2743/1506/1814
f 3030/1506/1815 3028/1506/1815 2419/1506/1815
f 2421/1506/1816 2416/1506/1816 3027/1506/1816
f 2430/1506/1817 2991/1506/1817 2993/1506/1817
f 2980/1506/1818 2986/1506/1818 2120/1506/1818
f 2892/1506/1819 2896/1506/1819 2756/1506/1819
f 2913/1506/1820 2890/1506/1820 2757/1506/1820
f 2748/1506/1821 2926/1506/1821 2922/1506/1821
f 2894/1506/1822 2911/1506/1822 2774/1506/1822
f 2038/1506/1823 2945/1506/1823 2965/1506/1823
f 2071/1506/1824 3039/1506/1824 3018/1506/1824
f 2859/1506/1825 2993/1506/1825 2991/1506/1825
f 2855/1506/1826 2989/1506/1826 2987/1506/1826
f 2429/1506/1827 2994/1506/1827 2979/1506/1827
f 2984/1506/1828 2982/1506/1828 2013/1506/1828
f 2595/1506/1829 2990/1506/1829 2983/1506/1829
f 2985/1506/1830 2988/1506/1830 2590/1506/1830
f 2981/1506/1831 2992/1506/1831 2434/1506/1831
f 2956/1506/1832 2969/1506/1832 2084/1506/1832
f 2449/1506/1833 3007/1506/1833 3009/1506/1833
f 2996/1506/1540 3002/1506/1540 2142/1506/1540
f 2843/1506/1834 3009/1506/1834 3007/1506/1834
f 2839/1506/1835 3005/1506/1835 3003/1506/1835
f 3010/1506/1836 2995/1506/1836 2033/1506/1836
f 3000/1506/1837 2998/1506/1837 2025/1506/1837
f 3006/1506/1838 2999/1506/1838 2158/1506/1838
f 3001/1506/1839 3004/1506/1839 2555/1506/1839
f 2997/1506/1840 3008/1506/1840 2452/1506/1840
f 2438/1506/1841 2954/1506/1841 2949/1506/1841
f 2951/1506/1842 2435/1506/1842 2015/1506/1842
f 2746/1506/1843 2900/1506/1843 2928/1506/1843
s 1
f 2424/1506/1844 3025/1506/1844 3035/1506/1844
s 0
f 3015/1506/1845 3041/1506/1845 2051/1506/1845
f 2271/1506/1610 3055/1506/1610 3054/1506/1610
f 2277/1506/1846 3058/1506/1846 3060/1506/1846
f 2279/1506/1847 3059/1506/1847 3050/1506/1847
f 2609/1506/1848 3048/1506/1848 3045/1506/1848
s 1
f 2605/1506/1614 3052/1506/1615 3057/1506/1615
s 0
f 2610/1506/1849 3049/1506/1849 3047/1506/1849
f 3044/1506/1850 3032/1506/1850 2009/1506/1850
f 2521/1506/1851 2961/1506/1851 2959/1506/1851
f 3057/1506/1852 3052/1506/1852 2842/1506/1852
f 3045/1506/1853 3048/1506/1853 2838/1506/1853
f 3050/1506/1854 3059/1506/1854 2835/1506/1854
f 3060/1506/1855 3058/1506/1855 2834/1506/1855
f 3054/1506/1856 3055/1506/1856 2829/1506/1856
f 3056/1506/1857 3046/1506/1857 2832/1506/1857
f 2606/1506/1858 3053/1506/1858 3051/1506/1858
f 2781/1506/1859 2949/1506/1859 2954/1506/1859
f 2821/1506/1860 2824/1506/1860 3013/1506/1860
f 3066/1506/1861 3079/1506/1861 2816/1506/1861
f 2653/1506/1862 3085/1506/1862 3088/1506/1862
f 2651/1506/1863 3091/1506/1863 3095/1506/1863
f 2789/1506/1864 3072/1506/1864 3096/1506/1864
f 3076/1506/1865 3070/1506/1865 2786/1506/1865
f 3064/1506/1866 3068/1506/1866 2799/1506/1866
f 2813/1506/1867 3086/1506/1867 3062/1506/1867
f 2620/1506/1868 2288/1506/1868 2897/1506/1868
f 2304/1506/1869 2298/1506/1869 2896/1506/1869
f 2629/1506/1870 2301/1506/1870 2889/1506/1870
f 2628/1506/1871 2923/1506/1871 2927/1506/1871
f 2295/1506/1872 2616/1506/1872 2909/1506/1872
f 2634/1506/1873 2916/1506/1873 2920/1506/1873
